company,ticker,cik,period_end,cash,current_assets,total_assets,inventory,receivables,current_liabilities,total_liabilities,equity,working_capital,current_ratio,debt_to_equity,debt_to_assets,cash_ratio
Apple Inc.,AAPL,320193,9/29/2007,9352000000,,,,,,,,,,,,
Apple Inc.,AAPL,320193,6/28/2008,9373000000,,,,,,,,,,,,
Apple Inc.,AAPL,320193,9/27/2008,11875000000,32311000000,39572000000,509000000,2422000000,14092000000,18542000000,21030000000,18219000000,2.292861198,0.88169282,0.468563631,0.842676696
Apple Inc.,AAPL,320193,12/27/2008,7236000000,,,,,,,,,,,,
Apple Inc.,AAPL,320193,3/28/2009,4466000000,,,,,,,,,,,,
Apple Inc.,AAPL,320193,6/27/2009,5605000000,35170000000,48140000000,380000000,2686000000,16661000000,22252000000,25888000000,18509000000,2.110917712,0.859548826,0.462235147,0.336414381
Apple Inc.,AAPL,320193,9/26/2009,5263000000,31555000000,47501000000,455000000,3361000000,11506000000,15861000000,31640000000,20049000000,2.742482183,0.501295828,0.33390876,0.457413523
Apple Inc.,AAPL,320193,12/26/2009,7609000000,33332000000,53926000000,576000000,3090000000,13097000000,18158000000,35768000000,20235000000,2.545010308,0.507660479,0.336720691,0.580972742
Apple Inc.,AAPL,320193,3/27/2010,10018000000,32336000000,57057000000,638000000,2886000000,12229000000,17709000000,39348000000,20107000000,2.644206395,0.450060994,0.310373837,0.819200262
Apple Inc.,AAPL,320193,6/26/2010,9705000000,36033000000,64725000000,942000000,3447000000,15612000000,21614000000,43111000000,20421000000,2.308032283,0.501356962,0.333935883,0.621637202
Apple Inc.,AAPL,320193,9/25/2010,11261000000,41678000000,75183000000,1051000000,5510000000,20722000000,27392000000,47791000000,20956000000,2.011292346,0.573162311,0.364337683,0.543432101
Apple Inc.,AAPL,320193,12/25/2010,10734000000,43927000000,86742000000,885000000,6027000000,23795000000,32076000000,54666000000,20132000000,1.846060097,0.586763253,0.369786263,0.451103173
Apple Inc.,AAPL,320193,3/26/2011,15978000000,46997000000,94904000000,930000000,5798000000,24327000000,33427000000,61477000000,22670000000,1.931886381,0.543731802,0.352219085,0.656801085
Apple Inc.,AAPL,320193,6/25/2011,12091000000,46898000000,1.06758E+11,889000000,6102000000,26859000000,37415000000,69343000000,20039000000,1.746081388,0.539564195,0.350465539,0.45016568
Apple Inc.,AAPL,320193,9/24/2011,9815000000,44988000000,1.16371E+11,776000000,5369000000,27970000000,39756000000,76615000000,17018000000,1.608437612,0.518906219,0.341631506,0.350911691
Apple Inc.,AAPL,320193,12/31/2011,10310000000,54771000000,1.38681E+11,1236000000,8930000000,34607000000,48627000000,90054000000,20164000000,1.582656688,0.539976014,0.350639237,0.297916606
Apple Inc.,AAPL,320193,3/31/2012,10121000000,50712000000,1.50934E+11,1102000000,7042000000,32036000000,48436000000,1.02498E+11,18676000000,1.58296916,0.472555562,0.320908477,0.315925833
Apple Inc.,AAPL,320193,6/30/2012,7945000000,51943000000,1.62896E+11,1122000000,7657000000,33060000000,51150000000,1.11746E+11,18883000000,1.571173624,0.457734505,0.314004027,0.240320629
Apple Inc.,AAPL,320193,9/29/2012,10746000000,57653000000,1.76064E+11,791000000,10930000000,38542000000,57854000000,1.1821E+11,19111000000,1.495848685,0.489417139,0.328596419,0.278812724
Apple Inc.,AAPL,320193,12/29/2012,16154000000,72348000000,1.96088E+11,1455000000,11598000000,46879000000,68742000000,1.27346E+11,25469000000,1.543292306,0.539804941,0.350567092,0.344589262
Apple Inc.,AAPL,320193,3/30/2013,12053000000,63337000000,1.94743E+11,1245000000,7084000000,35508000000,59253000000,1.3549E+11,27829000000,1.783738876,0.437323788,0.304262541,0.339444632
Apple Inc.,AAPL,320193,6/29/2013,11248000000,68219000000,1.99856E+11,1697000000,8839000000,36319000000,76502000000,1.23354E+11,31900000000,1.878328148,0.620182564,0.382785606,0.309700157
Apple Inc.,AAPL,320193,9/28/2013,14259000000,73286000000,2.07E+11,1764000000,13102000000,43658000000,83451000000,1.23549E+11,29628000000,1.678638508,0.675448607,0.403144928,0.326606807
Apple Inc.,AAPL,320193,12/28/2013,14077000000,80347000000,2.25184E+11,2122000000,14200000000,53769000000,95500000000,1.29684E+11,26578000000,1.494299689,0.736405416,0.424097627,0.261805129
Apple Inc.,AAPL,320193,3/29/2014,18949000000,70541000000,2.05989E+11,1829000000,9700000000,43208000000,85810000000,1.20179E+11,27333000000,1.632591187,0.714018256,0.416575642,0.438553046
Apple Inc.,AAPL,320193,6/28/2014,12977000000,67949000000,2.2252E+11,1594000000,10788000000,46205000000,1.0158E+11,1.2094E+11,21744000000,1.47059842,0.839920622,0.456498292,0.28085705
Apple Inc.,AAPL,320193,9/27/2014,13844000000,68531000000,2.31839E+11,2111000000,17460000000,63448000000,1.20292E+11,1.11547E+11,5083000000,1.080112848,1.078397447,0.518860071,0.218194427
Apple Inc.,AAPL,320193,12/27/2014,19478000000,83403000000,2.61894E+11,2283000000,16709000000,73611000000,1.38566E+11,1.23328E+11,9792000000,1.133023597,1.123556694,0.529091923,0.264607192
Apple Inc.,AAPL,320193,3/28/2015,14489000000,67891000000,2.61194E+11,2396000000,10905000000,58729000000,1.32188E+11,1.29006E+11,9162000000,1.1560047,1.024665519,0.506091258,0.246709462
Apple Inc.,AAPL,320193,6/27/2015,15319000000,70953000000,2.73151E+11,2042000000,10370000000,65285000000,1.47474E+11,1.25677E+11,5668000000,1.086819331,1.173436667,0.539899177,0.234648081
Apple Inc.,AAPL,320193,9/26/2015,21120000000,89378000000,2.90479E+11,2349000000,16849000000,80610000000,1.71124E+11,1.19355E+11,8768000000,1.108770624,1.433739684,0.589109712,0.262002233
Apple Inc.,AAPL,320193,12/26/2015,16689000000,76219000000,2.93284E+11,2451000000,12953000000,76092000000,1.65017E+11,1.28267E+11,127000000,1.001669032,1.286511729,0.562652582,0.219326605
Apple Inc.,AAPL,320193,3/26/2016,21514000000,87592000000,3.05277E+11,2281000000,12229000000,68265000000,1.7482E+11,1.30457E+11,19327000000,1.283117264,1.34005841,0.57266024,0.315154179
Apple Inc.,AAPL,320193,6/25/2016,18237000000,93761000000,3.05602E+11,1831000000,11714000000,71486000000,1.79061E+11,1.26541E+11,22275000000,1.311599474,1.415043346,0.585928757,0.255112889
Apple Inc.,AAPL,320193,9/24/2016,20484000000,1.06869E+11,3.21686E+11,2132000000,15754000000,79006000000,1.93437E+11,1.28249E+11,27863000000,1.352669418,1.508292462,0.601322408,0.259271448
Apple Inc.,AAPL,320193,12/31/2016,16371000000,1.03332E+11,3.31141E+11,2712000000,14057000000,84130000000,1.98751E+11,1.3239E+11,19202000000,1.228242006,1.501253871,0.600200519,0.194591703
Apple Inc.,AAPL,320193,4/1/2017,15157000000,1.0199E+11,3.34532E+11,2910000000,11579000000,73342000000,2.0045E+11,1.34082E+11,28648000000,1.390608383,1.494980683,0.599195294,0.20666194
Apple Inc.,AAPL,320193,7/1/2017,18571000000,1.12875E+11,3.45173E+11,3146000000,12399000000,81302000000,2.12748E+11,1.32425E+11,31573000000,1.38834223,1.606554654,0.6163518,0.228419965
Apple Inc.,AAPL,320193,9/30/2017,20289000000,1.28645E+11,3.75319E+11,4855000000,17874000000,1.00814E+11,2.41272E+11,1.34047E+11,27831000000,1.276062848,1.799906003,0.642845153,0.20125181
Apple Inc.,AAPL,320193,12/30/2017,27491000000,1.4381E+11,4.06794E+11,4421000000,23440000000,1.15788E+11,2.66595E+11,1.40199E+11,28022000000,1.242011262,1.901547087,0.655356274,0.237425295
Apple Inc.,AAPL,320193,3/31/2018,45059000000,1.30053E+11,3.67502E+11,7662000000,14324000000,89320000000,2.40624E+11,1.26878E+11,40733000000,1.456034483,1.896498999,0.65475562,0.504467085
Apple Inc.,AAPL,320193,6/30/2018,31971000000,1.15761E+11,3.49197E+11,5936000000,14104000000,88548000000,2.34248E+11,1.14949E+11,27213000000,1.307324841,2.037842869,0.670819051,0.361058409
Apple Inc.,AAPL,320193,9/29/2018,25913000000,1.31339E+11,3.65725E+11,3956000000,23186000000,1.15929E+11,2.58578E+11,1.07147E+11,15410000000,1.132926188,2.413301352,0.707028505,0.223524744
Apple Inc.,AAPL,320193,12/29/2018,44771000000,1.40828E+11,3.73719E+11,4988000000,18077000000,1.08283E+11,2.55827E+11,1.17892E+11,32545000000,1.300555027,2.170011536,0.684543735,0.41346287
Apple Inc.,AAPL,320193,3/30/2019,37988000000,1.23346E+11,3.41998E+11,4884000000,15085000000,93772000000,2.36138E+11,1.0586E+11,29574000000,1.31538199,2.23066314,0.690466026,0.405110267
Apple Inc.,AAPL,320193,6/29/2019,50530000000,1.34973E+11,3.22239E+11,3355000000,14148000000,89704000000,2.25783E+11,96456000000,45269000000,1.504648622,2.340787509,0.700669379,0.563297066
Apple Inc.,AAPL,320193,9/28/2019,48844000000,1.62819E+11,3.38516E+11,4106000000,22926000000,1.05718E+11,2.48028E+11,90488000000,57101000000,1.540125617,2.741004332,0.732692103,0.462021605
Apple Inc.,AAPL,320193,12/28/2019,39771000000,1.63231E+11,3.40618E+11,4097000000,20970000000,1.02161E+11,2.51087E+11,89531000000,61070000000,1.597781932,2.80446996,0.737151296,0.389297286
Apple Inc.,AAPL,320193,3/28/2020,40174000000,1.43753E+11,3.204E+11,3334000000,15722000000,96094000000,2.41975E+11,78425000000,47659000000,1.495962287,3.085431941,0.75522784,0.418069807
Apple Inc.,AAPL,320193,6/27/2020,33383000000,1.40065E+11,3.17344E+11,3978000000,17882000000,95318000000,2.45062E+11,72282000000,44747000000,1.469449632,3.390359979,0.772228244,0.350227659
Apple Inc.,AAPL,320193,9/26/2020,38016000000,1.43713E+11,3.23888E+11,4061000000,16120000000,1.05392E+11,2.58549E+11,65339000000,38321000000,1.363604448,3.95703944,0.798266685,0.36071049
Apple Inc.,AAPL,320193,12/26/2020,36010000000,1.54106E+11,3.54054E+11,4973000000,27101000000,1.32507E+11,2.8783E+11,66224000000,21599000000,1.163002709,4.346309495,0.812955086,0.271759228
Apple Inc.,AAPL,320193,3/27/2021,38466000000,1.21465E+11,3.37158E+11,5219000000,18503000000,1.06385E+11,2.6798E+11,69178000000,15080000000,1.141749307,3.8737749,0.794820233,0.36157353
Apple Inc.,AAPL,320193,6/26/2021,34050000000,1.14423E+11,3.2984E+11,5178000000,17475000000,1.07754E+11,2.6556E+11,64280000000,6669000000,1.061890974,4.13130056,0.805117633,0.31599755
Apple Inc.,AAPL,320193,9/25/2021,34940000000,1.34836E+11,3.51002E+11,6580000000,26278000000,1.25481E+11,2.87912E+11,63090000000,9355000000,1.07455312,4.563512443,0.820257434,0.27844853
Apple Inc.,AAPL,320193,12/25/2021,37119000000,1.53154E+11,3.81191E+11,5876000000,30213000000,1.47574E+11,3.09259E+11,71932000000,5580000000,1.037811539,4.299324362,0.811296699,0.251528047
Apple Inc.,AAPL,320193,3/26/2022,28098000000,1.1818E+11,3.50662E+11,5460000000,20815000000,1.27508E+11,2.83263E+11,67399000000,-9328000000,0.926843806,4.202777489,0.807794971,0.220362644
Apple Inc.,AAPL,320193,6/25/2022,27502000000,1.12292E+11,3.36309E+11,5433000000,21803000000,1.29873E+11,2.78202E+11,58107000000,-17581000000,0.864629292,4.787753627,0.827221395,0.21176072
Apple Inc.,AAPL,320193,9/24/2022,23646000000,1.35405E+11,3.52755E+11,4946000000,28184000000,1.53982E+11,3.02083E+11,50672000000,-18577000000,0.879356029,5.961536943,0.85635356,0.153563404
Apple Inc.,AAPL,320193,12/31/2022,20535000000,1.28777E+11,3.46747E+11,6820000000,23752000000,1.37286E+11,2.9002E+11,56727000000,-8509000000,0.9380199,5.112556631,0.836402334,0.149578253
Apple Inc.,AAPL,320193,4/1/2023,24687000000,1.12913E+11,3.3216E+11,7482000000,17936000000,1.20075E+11,2.70002E+11,62158000000,-7162000000,0.940353945,4.343801281,0.812867293,0.205596502
Apple Inc.,AAPL,320193,7/1/2023,28408000000,1.22659E+11,3.35038E+11,7351000000,19549000000,1.24963E+11,2.74764E+11,60274000000,-2304000000,0.981562543,4.558582473,0.820098019,0.22733129
Apple Inc.,AAPL,320193,9/30/2023,29965000000,1.43566E+11,3.52583E+11,6331000000,29508000000,1.45308E+11,2.90437E+11,62146000000,-1742000000,0.988011672,4.673462492,0.823740793,0.206217139
Apple Inc.,AAPL,320193,12/30/2023,40760000000,1.43692E+11,3.53514E+11,6511000000,23194000000,1.33973E+11,2.79414E+11,74100000000,9719000000,1.072544468,3.770769231,0.790390197,0.304240407
Apple Inc.,AAPL,320193,3/30/2024,32695000000,1.28416E+11,3.37411E+11,6232000000,21837000000,1.23822E+11,2.63217E+11,74194000000,4594000000,1.037101646,3.547685797,0.78010794,0.264048392
Apple Inc.,AAPL,320193,6/29/2024,25565000000,1.25435E+11,3.31612E+11,6165000000,22795000000,1.31624E+11,2.64904E+11,66708000000,-6189000000,0.9529797,3.971097919,0.798837195,0.194227497
Apple Inc.,AAPL,320193,9/28/2024,29943000000,1.52987E+11,3.6498E+11,7286000000,33410000000,1.76392E+11,3.0803E+11,56950000000,-23405000000,0.867312577,5.408779631,0.843964053,0.169752596
Apple Inc.,AAPL,320193,12/28/2024,30299000000,1.3324E+11,3.44085E+11,6911000000,29639000000,1.44365E+11,2.77327E+11,66758000000,-11125000000,0.922938385,4.154213727,0.805983987,0.20987774
Apple Inc.,AAPL,320193,3/29/2025,28162000000,1.18674E+11,3.31233E+11,6269000000,26136000000,1.44571E+11,2.64437E+11,66796000000,-25897000000,0.820870022,3.958874783,0.798341349,0.19479702
Apple Inc.,AAPL,320193,6/28/2025,36269000000,1.22491E+11,3.31495E+11,5925000000,27557000000,1.4112E+11,2.65665E+11,65830000000,-18629000000,0.86799178,4.035622057,0.801414803,0.25700822
Apple Inc.,AAPL,320193,9/27/2025,35934000000,1.47957E+11,3.59241E+11,5718000000,39777000000,1.65631E+11,2.85508E+11,73733000000,-17674000000,0.893292922,3.872187487,0.794753383,0.216952141
Apple Inc.,AAPL,320193,12/27/2025,45317000000,1.58104E+11,3.79297E+11,5875000000,39921000000,1.62367E+11,2.91107E+11,88190000000,-4263000000,0.973744665,3.300907132,0.767490911,0.279102281
Apple Inc.,AAPL,320193,3/28/2026,45572000000,1.44114E+11,3.71082E+11,6747000000,30339000000,1.34641E+11,2.64591E+11,1.06491E+11,9473000000,1.070357469,2.484632504,0.713025692,0.338470451
ADVANCED MICRO DEVICES INC,AMD,2488,12/27/2008,933000000,,,,,,,,,,,,
ADVANCED MICRO DEVICES INC,AMD,2488,6/27/2009,1979000000,,,,,,,,,,,,
ADVANCED MICRO DEVICES INC,AMD,2488,9/26/2009,1847000000,,,,,,,,,,,,
ADVANCED MICRO DEVICES INC,AMD,2488,12/26/2009,1657000000,4275000000,9078000000,567000000,745000000,2210000000,,648000000,2065000000,1.93438914,,,0.749773756
ADVANCED MICRO DEVICES INC,AMD,2488,3/27/2010,642000000,,,,,,,,,,,,
ADVANCED MICRO DEVICES INC,AMD,2488,6/26/2010,1084000000,3313000000,4955000000,581000000,725000000,1630000000,,752000000,1683000000,2.032515337,,,0.665030675
ADVANCED MICRO DEVICES INC,AMD,2488,9/25/2010,620000000,3212000000,4595000000,622000000,765000000,1665000000,,614000000,1547000000,1.929129129,,,0.372372372
ADVANCED MICRO DEVICES INC,AMD,2488,12/25/2010,606000000,3594000000,4964000000,632000000,968000000,1674000000,,1013000000,1920000000,2.146953405,,,0.362007168
ADVANCED MICRO DEVICES INC,AMD,2488,4/2/2011,602000000,3411000000,5209000000,648000000,797000000,1375000000,,1558000000,2036000000,2.480727273,,,0.437818182
ADVANCED MICRO DEVICES INC,AMD,2488,7/2/2011,554000000,3438000000,5224000000,642000000,759000000,1312000000,,1641000000,2126000000,2.620426829,,,0.422256098
ADVANCED MICRO DEVICES INC,AMD,2488,10/1/2011,625000000,3412000000,5236000000,540000000,908000000,1855000000,,1744000000,1557000000,1.8393531,,,0.336927224
ADVANCED MICRO DEVICES INC,AMD,2488,12/31/2011,869000000,3229000000,4954000000,476000000,919000000,1774000000,,1590000000,1455000000,1.820180383,,,0.489853439
ADVANCED MICRO DEVICES INC,AMD,2488,3/31/2012,1193000000,3195000000,4988000000,585000000,962000000,2347000000,,1052000000,848000000,1.361312314,,,0.508308479
ADVANCED MICRO DEVICES INC,AMD,2488,6/30/2012,1015000000,3233000000,5041000000,833000000,744000000,2352000000,,1117000000,881000000,1.37457483,,,0.431547619
ADVANCED MICRO DEVICES INC,AMD,2488,9/29/2012,776000000,2815000000,4612000000,744000000,683000000,1555000000,,989000000,1260000000,1.810289389,,,0.49903537
ADVANCED MICRO DEVICES INC,AMD,2488,12/29/2012,549000000,2265000000,4000000000,562000000,630000000,1397000000,,538000000,868000000,1.621331424,,,0.392984968
ADVANCED MICRO DEVICES INC,AMD,2488,3/30/2013,441000000,2338000000,3797000000,613000000,645000000,1321000000,,415000000,1017000000,1.76987131,,,0.333838002
ADVANCED MICRO DEVICES INC,AMD,2488,6/29/2013,334000000,2458000000,3897000000,711000000,670000000,1451000000,,359000000,1007000000,1.694004135,,,0.230186079
ADVANCED MICRO DEVICES INC,AMD,2488,9/28/2013,543000000,2939000000,4317000000,922000000,873000000,1762000000,,434000000,1177000000,1.667990919,,,0.308172531
ADVANCED MICRO DEVICES INC,AMD,2488,12/28/2013,869000000,2884000000,4337000000,884000000,832000000,1618000000,,544000000,1266000000,1.782447466,,,0.537082818
ADVANCED MICRO DEVICES INC,AMD,2488,3/29/2014,554000000,2690000000,4108000000,869000000,840000000,1384000000,,511000000,1306000000,1.943641618,,,0.400289017
ADVANCED MICRO DEVICES INC,AMD,2488,6/28/2014,503000000,2932000000,4246000000,960000000,872000000,1505000000,,501000000,1427000000,1.948172757,,,0.334219269
ADVANCED MICRO DEVICES INC,AMD,2488,9/27/2014,640000000,3020000000,4325000000,897000000,973000000,1566000000,,535000000,1454000000,1.928480204,,,0.408684547
ADVANCED MICRO DEVICES INC,AMD,2488,12/27/2014,805000000,2736000000,3767000000,685000000,818000000,1440000000,,187000000,1296000000,1.9,,,0.559027778
ADVANCED MICRO DEVICES INC,AMD,2488,3/28/2015,677000000,2497000000,3428000000,688000000,771000000,1292000000,,17000000,1205000000,1.932662539,,,0.523993808
ADVANCED MICRO DEVICES INC,AMD,2488,6/27/2015,829000000,2451000000,3381000000,799000000,687000000,1399000000,,-141000000,1052000000,1.75196569,,,0.592566119
ADVANCED MICRO DEVICES INC,AMD,2488,9/26/2015,755000000,2466000000,3229000000,761000000,648000000,1449000000,,-336000000,1017000000,1.701863354,,,0.521048999
ADVANCED MICRO DEVICES INC,AMD,2488,12/26/2015,785000000,2320000000,3084000000,678000000,533000000,1403000000,,-412000000,917000000,1.65359943,,,0.559515324
ADVANCED MICRO DEVICES INC,AMD,2488,3/26/2016,716000000,2226000000,2981000000,675000000,508000000,1328000000,,-503000000,898000000,1.676204819,,,0.539156627
ADVANCED MICRO DEVICES INC,AMD,2488,6/25/2016,957000000,2506000000,3316000000,743000000,671000000,1581000000,,-413000000,925000000,1.585072739,,,0.605313093
ADVANCED MICRO DEVICES INC,AMD,2488,9/24/2016,1258000000,2824000000,3616000000,772000000,640000000,1473000000,,385000000,1351000000,1.917175832,,,0.854039375
ADVANCED MICRO DEVICES INC,AMD,2488,12/31/2016,1264000000,2530000000,3321000000,751000000,311000000,1346000000,,416000000,1184000000,1.879643388,,,0.939078752
ADVANCED MICRO DEVICES INC,AMD,2488,4/1/2017,722000000,2498000000,3299000000,839000000,494000000,1372000000,,409000000,1126000000,1.820699708,,,0.526239067
ADVANCED MICRO DEVICES INC,AMD,2488,7/1/2017,760000000,2511000000,3370000000,833000000,614000000,1449000000,,417000000,1062000000,1.732919255,,,0.524499655
ADVANCED MICRO DEVICES INC,AMD,2488,9/30/2017,879000000,2699000000,3586000000,794000000,771000000,1591000000,,520000000,1108000000,1.696417348,,,0.552482715
ADVANCED MICRO DEVICES INC,AMD,2488,12/30/2017,1185000000,2634000000,3552000000,694000000,454000000,1513000000,,596000000,1121000000,1.740912095,,,0.783212161
ADVANCED MICRO DEVICES INC,AMD,2488,3/31/2018,1045000000,2751000000,3763000000,715000000,738000000,1697000000,,715000000,1054000000,1.621096052,,,0.615792575
ADVANCED MICRO DEVICES INC,AMD,2488,6/30/2018,948000000,3099000000,4103000000,750000000,1118000000,1868000000,,879000000,1231000000,1.658993576,,,0.507494647
ADVANCED MICRO DEVICES INC,AMD,2488,9/29/2018,1046000000,3314000000,4347000000,738000000,1207000000,1878000000,,1125000000,1436000000,1.764643237,,,0.556975506
ADVANCED MICRO DEVICES INC,AMD,2488,12/29/2018,1078000000,3540000000,4556000000,845000000,1235000000,1984000000,,1266000000,1556000000,1.784274194,,,0.543346774
ADVANCED MICRO DEVICES INC,AMD,2488,3/30/2019,978000000,3677000000,4931000000,955000000,1241000000,1764000000,,1788000000,1913000000,2.08446712,,,0.554421769
ADVANCED MICRO DEVICES INC,AMD,2488,6/29/2019,963000000,3754000000,5102000000,1015000000,1333000000,1804000000,,1901000000,1950000000,2.080931264,,,0.533813747
ADVANCED MICRO DEVICES INC,AMD,2488,9/28/2019,1156000000,3912000000,5253000000,1040000000,1393000000,1864000000,,2176000000,2048000000,2.098712446,,,0.620171674
ADVANCED MICRO DEVICES INC,AMD,2488,12/28/2019,1466000000,4597000000,6028000000,982000000,1859000000,2359000000,,2827000000,2238000000,1.948707079,,,0.621449767
ADVANCED MICRO DEVICES INC,AMD,2488,3/28/2020,1330000000,4390000000,5864000000,1056000000,1691000000,1985000000,,3037000000,2405000000,2.211586902,,,0.670025189
ADVANCED MICRO DEVICES INC,AMD,2488,6/27/2020,1775000000,5109000000,6583000000,1324000000,1789000000,2434000000,,3305000000,2675000000,2.099013969,,,0.72925226
ADVANCED MICRO DEVICES INC,AMD,2488,9/26/2020,1296000000,5500000000,7023000000,1292000000,2134000000,2417000000,,3867000000,3083000000,2.2755482,,,0.536201903
ADVANCED MICRO DEVICES INC,AMD,2488,12/26/2020,1595000000,6143000000,8962000000,1399000000,2066000000,2417000000,,5837000000,3726000000,2.541580472,,,0.659908978
ADVANCED MICRO DEVICES INC,AMD,2488,3/27/2021,1763000000,7197000000,10047000000,1653000000,2178000000,2864000000,,6477000000,4333000000,2.512918994,,,0.615572626
ADVANCED MICRO DEVICES INC,AMD,2488,6/26/2021,2623000000,7818000000,10691000000,1765000000,2020000000,2892000000,,7065000000,4926000000,2.703319502,,,0.906984786
ADVANCED MICRO DEVICES INC,AMD,2488,9/25/2021,2440000000,7988000000,11153000000,1902000000,2224000000,3564000000,,7136000000,4424000000,2.241301908,,,0.684624018
ADVANCED MICRO DEVICES INC,AMD,2488,12/25/2021,2535000000,8583000000,12419000000,1955000000,2706000000,4240000000,,7497000000,4343000000,2.024292453,,,0.597877358
ADVANCED MICRO DEVICES INC,AMD,2488,3/26/2022,4740000000,13369000000,66915000000,2431000000,3677000000,5581000000,,55333000000,7788000000,2.395448844,,,0.849310159
ADVANCED MICRO DEVICES INC,AMD,2488,6/25/2022,4964000000,13462000000,67502000000,2648000000,4050000000,5523000000,,55169000000,7939000000,2.437443418,,,0.898786891
ADVANCED MICRO DEVICES INC,AMD,2488,9/24/2022,3398000000,14420000000,67811000000,3369000000,4336000000,6691000000,,54542000000,7729000000,2.155133762,,,0.507846361
ADVANCED MICRO DEVICES INC,AMD,2488,12/31/2022,4835000000,15019000000,67580000000,3771000000,4126000000,6369000000,,54750000000,8650000000,2.358140995,,,0.759145863
ADVANCED MICRO DEVICES INC,AMD,2488,4/1/2023,3825000000,15658000000,67634000000,4235000000,4040000000,6577000000,,54694000000,9081000000,2.380720693,,,0.581572145
ADVANCED MICRO DEVICES INC,AMD,2488,7/1/2023,3841000000,16505000000,67967000000,4567000000,4312000000,7572000000,,55136000000,8933000000,2.179741152,,,0.507263603
ADVANCED MICRO DEVICES INC,AMD,2488,9/30/2023,3561000000,16688000000,67626000000,4445000000,5054000000,7627000000,,54970000000,9061000000,2.188016258,,,0.466893929
ADVANCED MICRO DEVICES INC,AMD,2488,12/30/2023,3933000000,16768000000,67885000000,4351000000,5376000000,6689000000,,55892000000,10079000000,2.506802213,,,0.587980266
ADVANCED MICRO DEVICES INC,AMD,2488,3/30/2024,4190000000,17084000000,67895000000,4652000000,5038000000,6474000000,,56198000000,10610000000,2.638863145,,,0.647204201
ADVANCED MICRO DEVICES INC,AMD,2488,6/29/2024,4113000000,17465000000,67886000000,4991000000,5749000000,6195000000,,56538000000,11270000000,2.81920904,,,0.663922518
ADVANCED MICRO DEVICES INC,AMD,2488,9/28/2024,3897000000,18735000000,69636000000,5374000000,7241000000,7500000000,,56985000000,11235000000,2.498,,,0.5196
ADVANCED MICRO DEVICES INC,AMD,2488,12/28/2024,3787000000,19049000000,69226000000,5734000000,6192000000,7281000000,,57568000000,11768000000,2.616261503,,,0.520120863
ADVANCED MICRO DEVICES INC,AMD,2488,3/29/2025,6049000000,21595000000,71550000000,6416000000,5443000000,7703000000,,57881000000,13892000000,2.8034532,,,0.785278463
ADVANCED MICRO DEVICES INC,AMD,2488,6/28/2025,4442000000,24519000000,74820000000,6677000000,5115000000,9843000000,,59665000000,14676000000,2.491008839,,,0.451285177
ADVANCED MICRO DEVICES INC,AMD,2488,9/27/2025,4808000000,27000000000,76891000000,7313000000,6201000000,11700000000,,60790000000,15300000000,2.307692308,,,0.410940171
ADVANCED MICRO DEVICES INC,AMD,2488,12/27/2025,5539000000,26947000000,76926000000,7920000000,6315000000,9455000000,,62999000000,17492000000,2.850026441,,,0.585827604
ADVANCED MICRO DEVICES INC,AMD,2488,3/28/2026,5585000000,28628000000,79642000000,8045000000,6035000000,10506000000,,64462000000,18122000000,2.724919094,,,0.53160099
AMAZON COM INC,AMZN,1018724,6/30/2007,1004000000,,,,,,,,,,,,
AMAZON COM INC,AMZN,1018724,9/30/2007,1366000000,,,,,,,,,,,,
AMAZON COM INC,AMZN,1018724,12/31/2007,2539000000,,,,,,,,,,,,
AMAZON COM INC,AMZN,1018724,3/31/2008,1496000000,,,,,,,,,,,,
AMAZON COM INC,AMZN,1018724,6/30/2008,1548000000,,,,,,,,,,,,
AMAZON COM INC,AMZN,1018724,9/30/2008,1650000000,,,,,,,,,,,,
AMAZON COM INC,AMZN,1018724,12/31/2008,2769000000,6157000000,8314000000,1399000000,827000000,4746000000,,2672000000,1411000000,1.297302992,,,0.583438685
AMAZON COM INC,AMZN,1018724,3/31/2009,1701000000,,,,,,,,,,,,
AMAZON COM INC,AMZN,1018724,6/30/2009,1936000000,5304000000,7675000000,1325000000,584000000,3636000000,,3256000000,1668000000,1.458745875,,,0.532453245
AMAZON COM INC,AMZN,1018724,9/30/2009,2514000000,6369000000,8972000000,1617000000,671000000,4537000000,,3585000000,1832000000,1.403791051,,,0.554110646
AMAZON COM INC,AMZN,1018724,12/31/2009,3444000000,9797000000,13813000000,2171000000,988000000,7364000000,,5257000000,2433000000,1.330391092,,,0.467680608
AMAZON COM INC,AMZN,1018724,3/31/2010,1844000000,7964000000,12042000000,1820000000,815000000,5193000000,,5618000000,2771000000,1.533602927,,,0.355093395
AMAZON COM INC,AMZN,1018724,6/30/2010,1629000000,8118000000,12397000000,1940000000,805000000,5250000000,,5857000000,2868000000,1.546285714,,,0.310285714
AMAZON COM INC,AMZN,1018724,9/30/2010,1539000000,9559000000,14162000000,2515000000,959000000,6375000000,,6397000000,3184000000,1.49945098,,,0.241411765
AMAZON COM INC,AMZN,1018724,12/31/2010,3777000000,13747000000,18797000000,3202000000,1587000000,10372000000,,6864000000,3375000000,1.325395295,,,0.36415349
AMAZON COM INC,AMZN,1018724,3/31/2011,2641000000,11288000000,16882000000,2888000000,1304000000,7730000000,,7347000000,3558000000,1.460284605,,,0.341655886
AMAZON COM INC,AMZN,1018724,6/30/2011,2047000000,11279000000,17941000000,3229000000,1438000000,8045000000,,7765000000,3234000000,1.401988813,,,0.254443754
AMAZON COM INC,AMZN,1018724,9/30/2011,2823000000,11904000000,19054000000,3770000000,1496000000,8978000000,,7766000000,2926000000,1.325907775,,,0.314435286
AMAZON COM INC,AMZN,1018724,12/31/2011,5269000000,17490000000,25278000000,4992000000,2571000000,14896000000,,7757000000,2594000000,1.174140709,,,0.353719119
AMAZON COM INC,AMZN,1018724,3/31/2012,2288000000,12154000000,20339000000,4255000000,1813000000,10488000000,,7271000000,1666000000,1.158848207,,,0.218154081
AMAZON COM INC,AMZN,1018724,6/30/2012,2335000000,11793000000,21022000000,4380000000,2035000000,10964000000,,7505000000,829000000,1.075611091,,,0.212969719
AMAZON COM INC,AMZN,1018724,9/30/2012,2980000000,13118000000,22834000000,5065000000,2392000000,12605000000,,7553000000,513000000,1.040698136,,,0.236414121
AMAZON COM INC,AMZN,1018724,12/31/2012,8084000000,21296000000,32555000000,6031000000,3364000000,19002000000,,8192000000,2294000000,1.120724134,,,0.425428902
AMAZON COM INC,AMZN,1018724,3/31/2013,4481000000,16313000000,28377000000,5395000000,2516000000,14332000000,,8432000000,1981000000,1.13822216,,,0.312656991
AMAZON COM INC,AMZN,1018724,6/30/2013,3704000000,16285000000,29623000000,5420000000,2861000000,14735000000,,8733000000,1550000000,1.10519172,,,0.251374279
AMAZON COM INC,AMZN,1018724,9/30/2013,3872000000,17334000000,31861000000,6068000000,3057000000,16135000000,,9087000000,1199000000,1.074310505,,,0.239975209
AMAZON COM INC,AMZN,1018724,12/31/2013,8658000000,24625000000,40159000000,7411000000,4767000000,22980000000,,9746000000,1645000000,1.071583986,,,0.376762402
AMAZON COM INC,AMZN,1018724,3/31/2014,5074000000,19327000000,36364000000,6716000000,3945000000,18357000000,,10328000000,970000000,1.052840878,,,0.27640682
AMAZON COM INC,AMZN,1018724,6/30/2014,5057000000,18755000000,37898000000,6644000000,4125000000,18751000000,,10602000000,4000000,1.000213322,,,0.269692283
AMAZON COM INC,AMZN,1018724,9/30/2014,5258000000,18572000000,40419000000,7316000000,4373000000,20842000000,,10336000000,-2270000000,0.891085309,,,0.252279052
AMAZON COM INC,AMZN,1018724,12/31/2014,14557000000,31327000000,54505000000,8299000000,5612000000,28089000000,,10741000000,3238000000,1.115276443,,,0.518245577
AMAZON COM INC,AMZN,1018724,3/31/2015,10237000000,25922000000,50075000000,7369000000,4772000000,23177000000,,10873000000,2745000000,1.118436381,,,0.44168788
AMAZON COM INC,AMZN,1018724,6/30/2015,10269000000,26391000000,52440000000,7470000000,4920000000,23912000000,,11768000000,2479000000,1.103671797,,,0.429449649
AMAZON COM INC,AMZN,1018724,9/30/2015,10709000000,28849000000,56230000000,8981000000,5440000000,26657000000,,12430000000,2192000000,1.082229808,,,0.401733128
AMAZON COM INC,AMZN,1018724,12/31/2015,15890000000,35705000000,64747000000,10243000000,5654000000,33887000000,,13384000000,1818000000,1.053648892,,,0.468911382
AMAZON COM INC,AMZN,1018724,3/31/2016,12470000000,30513000000,61128000000,9582000000,5072000000,28187000000,,14756000000,2326000000,1.082520311,,,0.442402526
AMAZON COM INC,AMZN,1018724,6/30/2016,12521000000,32220000000,65076000000,9588000000,6092000000,29587000000,,16538000000,2633000000,1.088991787,,,0.423192618
AMAZON COM INC,AMZN,1018724,9/30/2016,13656000000,35609000000,70897000000,10696000000,6566000000,33498000000,,17782000000,2111000000,1.063018688,,,0.407666129
AMAZON COM INC,AMZN,1018724,12/31/2016,19334000000,45781000000,83402000000,11461000000,8339000000,43816000000,,19285000000,1965000000,1.044846631,,,0.441254336
AMAZON COM INC,AMZN,1018724,3/31/2017,15440000000,39460000000,80969000000,10600000000,7329000000,37399000000,,21674000000,2061000000,1.055108425,,,0.412845263
AMAZON COM INC,AMZN,1018724,6/30/2017,13203000000,41007000000,87781000000,11510000000,8046000000,40520000000,,23214000000,487000000,1.012018756,,,0.325839092
AMAZON COM INC,AMZN,1018724,9/30/2017,12767000000,48578000000,1.15267E+11,13711000000,10557000000,47072000000,,24658000000,1506000000,1.031993542,,,0.271222808
AMAZON COM INC,AMZN,1018724,12/31/2017,20522000000,60197000000,1.3131E+11,16047000000,13164000000,57883000000,,27709000000,2314000000,1.039977195,,,0.354542785
AMAZON COM INC,AMZN,1018724,3/31/2018,16676000000,50829000000,1.26362E+11,13840000000,12026000000,48045000000,,31463000000,2784000000,1.057945676,,,0.347091269
AMAZON COM INC,AMZN,1018724,6/30/2018,19823000000,54481000000,1.341E+11,14824000000,12607000000,50801000000,,34995000000,3680000000,1.072439519,,,0.390208854
AMAZON COM INC,AMZN,1018724,9/30/2018,20425000000,59885000000,1.43695E+11,15862000000,14258000000,55324000000,,39125000000,4561000000,1.082441617,,,0.369188779
AMAZON COM INC,AMZN,1018724,12/31/2018,31750000000,75101000000,1.62648E+11,17174000000,16677000000,68391000000,,43549000000,6710000000,1.098112325,,,0.464242371
AMAZON COM INC,AMZN,1018724,3/31/2019,23115000000,69431000000,1.78102E+11,16432000000,15979000000,63695000000,,48410000000,5736000000,1.090054164,,,0.362901327
AMAZON COM INC,AMZN,1018724,6/30/2019,22616000000,76790000000,1.91351E+11,18580000000,16747000000,69678000000,,53061000000,7112000000,1.10206952,,,0.324578777
AMAZON COM INC,AMZN,1018724,9/30/2019,23255000000,79054000000,1.99099E+11,18766000000,16887000000,72136000000,,56508000000,6918000000,1.095902185,,,0.322377176
AMAZON COM INC,AMZN,1018724,12/31/2019,36092000000,96334000000,2.25248E+11,20497000000,20816000000,87812000000,,62060000000,8522000000,1.097048239,,,0.41101444
AMAZON COM INC,AMZN,1018724,3/31/2020,27201000000,85985000000,2.21238E+11,18857000000,17836000000,79711000000,,65272000000,6274000000,1.078709337,,,0.341245248
AMAZON COM INC,AMZN,1018724,6/30/2020,37466000000,1.10908E+11,2.58314E+11,19599000000,19918000000,93896000000,,73728000000,17012000000,1.181179177,,,0.399015933
AMAZON COM INC,AMZN,1018724,9/30/2020,29930000000,1.12969E+11,2.82179E+11,23735000000,20832000000,1.01912E+11,,82775000000,11057000000,1.108495565,,,0.293684748
AMAZON COM INC,AMZN,1018724,12/31/2020,42122000000,1.32733E+11,3.21195E+11,23795000000,24542000000,1.26385E+11,,93404000000,6348000000,1.05022748,,,0.333283222
AMAZON COM INC,AMZN,1018724,3/31/2021,33834000000,1.21408E+11,3.23077E+11,23849000000,24289000000,1.15404E+11,,1.0332E+11,6004000000,1.052025926,,,0.293178746
AMAZON COM INC,AMZN,1018724,6/30/2021,40380000000,1.40848E+11,3.60319E+11,24119000000,26835000000,1.17792E+11,,1.14803E+11,23056000000,1.195734855,,,0.342807661
AMAZON COM INC,AMZN,1018724,9/30/2021,29944000000,1.38531E+11,3.82406E+11,30933000000,28610000000,1.23994E+11,,1.20564E+11,14537000000,1.117239544,,,0.241495556
AMAZON COM INC,AMZN,1018724,12/31/2021,36220000000,1.6158E+11,4.20549E+11,32640000000,32891000000,1.42266E+11,,1.38245E+11,19314000000,1.135759774,,,0.254593508
AMAZON COM INC,AMZN,1018724,3/31/2022,36393000000,1.33876E+11,4.10767E+11,34987000000,32504000000,1.39508E+11,,1.34001E+11,-5632000000,0.959629555,,,0.26086676
AMAZON COM INC,AMZN,1018724,6/30/2022,37478000000,1.33667E+11,4.19728E+11,38153000000,34804000000,1.40291E+11,,1.31402E+11,-6624000000,0.952783856,,,0.267144721
AMAZON COM INC,AMZN,1018724,9/30/2022,34947000000,1.31463E+11,4.28362E+11,36647000000,36154000000,1.40363E+11,,1.37489E+11,-8900000000,0.936592977,,,0.24897587
AMAZON COM INC,AMZN,1018724,12/31/2022,53888000000,1.46791E+11,4.62675E+11,34405000000,42360000000,1.55393E+11,,1.46043E+11,-8602000000,0.944643581,,,0.346785248
AMAZON COM INC,AMZN,1018724,3/31/2023,49343000000,1.36221E+11,4.64378E+11,34170000000,37646000000,1.4757E+11,,1.54526E+11,-11349000000,0.923094125,,,0.334370129
AMAZON COM INC,AMZN,1018724,6/30/2023,49529000000,1.40482E+11,4.77607E+11,36587000000,39925000000,1.48238E+11,,1.68602E+11,-7756000000,0.947678733,,,0.334118107
AMAZON COM INC,AMZN,1018724,9/30/2023,49605000000,1.42995E+11,4.86883E+11,35406000000,43420000000,1.45214E+11,,1.82973E+11,-2219000000,0.984719104,,,0.341599295
AMAZON COM INC,AMZN,1018724,12/31/2023,73387000000,1.72351E+11,5.27854E+11,33318000000,52253000000,1.64917E+11,,2.01875E+11,7434000000,1.045077221,,,0.444993542
AMAZON COM INC,AMZN,1018724,3/31/2024,72852000000,1.63989E+11,5.30969E+11,31147000000,47768000000,1.52965E+11,,2.16661E+11,11024000000,1.072068774,,,0.476265812
AMAZON COM INC,AMZN,1018724,6/30/2024,71178000000,1.73307E+11,5.54818E+11,34109000000,50106000000,1.58172E+11,,2.36447E+11,15135000000,1.095686974,,,0.450003793
AMAZON COM INC,AMZN,1018724,9/30/2024,75091000000,1.75792E+11,5.84626E+11,36103000000,51638000000,1.61477E+11,,2.59151E+11,14315000000,1.088650396,,,0.465025979
AMAZON COM INC,AMZN,1018724,12/31/2024,78779000000,1.90867E+11,6.24894E+11,34214000000,55451000000,1.79431E+11,,2.8597E+11,11436000000,1.063734806,,,0.439048994
AMAZON COM INC,AMZN,1018724,3/31/2025,66207000000,1.84645E+11,6.43256E+11,35864000000,54216000000,1.76171E+11,,3.05867E+11,8474000000,1.048100993,,,0.375811002
AMAZON COM INC,AMZN,1018724,6/30/2025,57741000000,1.9142E+11,6.8217E+11,40825000000,57415000000,1.86921E+11,,3.33775E+11,4499000000,1.024068992,,,0.308905901
AMAZON COM INC,AMZN,1018724,9/30/2025,66922000000,1.96866E+11,7.27921E+11,41494000000,61175000000,1.95196E+11,,3.69631E+11,1670000000,1.008555503,,,0.34284514
AMAZON COM INC,AMZN,1018724,12/31/2025,86810000000,2.29083E+11,8.18042E+11,38325000000,67729000000,2.18005E+11,,4.11065E+11,11078000000,1.050815348,,,0.398201876
AMAZON COM INC,AMZN,1018724,3/31/2026,1.01816E+11,2.55155E+11,9.1663E+11,36534000000,75532000000,2.16756E+11,,4.41914E+11,38399000000,1.177153112,,,0.469726328
ALPHABET INC.,GOOGL,1652044,9/30/2014,15605000000,,,,,,,,,,,,
ALPHABET INC.,GOOGL,1652044,12/31/2014,18347000000,79978000000,1.30426E+11,,9383000000,16805000000,,1.0386E+11,63173000000,4.759178816,,,1.091758405
ALPHABET INC.,GOOGL,1652044,3/31/2015,16976000000,,,,,,,,,,,,
ALPHABET INC.,GOOGL,1652044,6/30/2015,18453000000,,,,,,,,,,,,
ALPHABET INC.,GOOGL,1652044,9/30/2015,18068000000,88103000000,1.44281E+11,,9749000000,18457000000,,1.16241E+11,69646000000,4.773419299,,,0.978923985
ALPHABET INC.,GOOGL,1652044,12/31/2015,16549000000,90114000000,1.47461E+11,491000000,11556000000,19310000000,27130000000,1.20331E+11,70804000000,4.666701191,0.225461436,0.183980849,0.85701709
ALPHABET INC.,GOOGL,1652044,3/31/2016,15111000000,90955000000,1.49747E+11,,10818000000,17684000000,26178000000,1.23569E+11,73271000000,5.143349921,0.21184925,0.174814854,0.854501244
ALPHABET INC.,GOOGL,1652044,6/30/2016,13627000000,94238000000,1.54292E+11,,11686000000,17341000000,26413000000,1.27879E+11,76897000000,5.434404014,0.206546814,0.171188396,0.7858255
ALPHABET INC.,GOOGL,1652044,9/30/2016,9406000000,98546000000,1.59948E+11,559000000,11979000000,14323000000,25845000000,1.34103E+11,84223000000,6.880262515,0.192724995,0.161583765,0.656705997
ALPHABET INC.,GOOGL,1652044,12/31/2016,12918000000,1.05408E+11,1.67497E+11,268000000,14137000000,16756000000,28461000000,1.39036E+11,88652000000,6.290761518,0.204702379,0.169919461,0.77094772
ALPHABET INC.,GOOGL,1652044,3/31/2017,18132000000,1.08794E+11,1.72756E+11,280000000,12913000000,15256000000,27807000000,1.44949E+11,93538000000,7.131227058,0.191839889,0.160961124,1.188515994
ALPHABET INC.,GOOGL,1652044,6/30/2017,15711000000,1.12386E+11,1.78621E+11,398000000,14003000000,18685000000,30335000000,1.48286E+11,93701000000,6.014771207,0.204570897,0.169828856,0.840834894
ALPHABET INC.,GOOGL,1652044,9/30/2017,10581000000,1.19345E+11,1.89536E+11,765000000,15295000000,20693000000,32436000000,1.571E+11,98652000000,5.767409269,0.206467218,0.171133716,0.511332335
ALPHABET INC.,GOOGL,1652044,12/31/2017,10715000000,1.24308E+11,1.97295E+11,749000000,18336000000,24183000000,44793000000,1.52502E+11,1.00125E+11,5.140305173,0.293720738,0.227035657,0.443079849
ALPHABET INC.,GOOGL,1652044,3/31/2018,12658000000,1.23761E+11,2.06935E+11,636000000,16777000000,25394000000,46110000000,1.60825E+11,98367000000,4.873631567,0.286709156,0.222823592,0.498464204
ALPHABET INC.,GOOGL,1652044,6/30/2018,14148000000,1.24157E+11,2.1161E+11,698000000,17043000000,29903000000,49610000000,1.62E+11,94254000000,4.151991439,0.306234568,0.234440716,0.473129786
ALPHABET INC.,GOOGL,1652044,9/30/2018,13443000000,1.29702E+11,2.21538E+11,1212000000,17897000000,31301000000,51698000000,1.6984E+11,98401000000,4.143701479,0.304392369,0.233359514,0.429475097
ALPHABET INC.,GOOGL,1652044,12/31/2018,16701000000,1.35676E+11,2.32792E+11,1107000000,20838000000,34620000000,55164000000,1.77628E+11,1.01056E+11,3.919006355,0.310559146,0.236966906,0.482409012
ALPHABET INC.,GOOGL,1652044,3/31/2019,19148000000,1.38207E+11,2.45349E+11,1053000000,19149000000,34910000000,61877000000,1.83472E+11,1.03297E+11,3.95895159,0.337255821,0.252199927,0.548496133
ALPHABET INC.,GOOGL,1652044,6/30/2019,16587000000,1.47437E+11,2.57101E+11,964000000,20965000000,37000000000,64909000000,1.92192E+11,1.10437E+11,3.984783784,0.337729978,0.252464985,0.448297297
ALPHABET INC.,GOOGL,1652044,9/30/2019,16032000000,1.48358E+11,2.63044E+11,1401000000,20889000000,39224000000,68075000000,1.94969E+11,1.09134E+11,3.782327147,0.349158071,0.258797007,0.408729349
ALPHABET INC.,GOOGL,1652044,12/31/2019,18498000000,1.52578E+11,2.75909E+11,999000000,25326000000,45221000000,74467000000,2.01442E+11,1.07357E+11,3.374051879,0.369669682,0.269896959,0.409057739
ALPHABET INC.,GOOGL,1652044,3/31/2020,19644000000,1.47018E+11,2.73403E+11,889000000,21825000000,40189000000,69744000000,2.03659E+11,1.06829E+11,3.65816517,0.34245479,0.255095957,0.488790465
ALPHABET INC.,GOOGL,1652044,6/30/2020,17742000000,1.49069E+11,2.78492E+11,815000000,21201000000,43658000000,71170000000,2.07322E+11,1.05411E+11,3.414471575,0.34328243,0.255554917,0.406386
ALPHABET INC.,GOOGL,1652044,9/30/2020,20129000000,1.64369E+11,2.99243E+11,835000000,24925000000,48200000000,86323000000,2.1292E+11,1.16169E+11,3.410145228,0.405424573,0.288471242,0.417614108
ALPHABET INC.,GOOGL,1652044,12/31/2020,26465000000,1.74296E+11,3.19616E+11,728000000,30930000000,56834000000,97072000000,2.22544E+11,1.17462E+11,3.066755815,0.436192393,0.303714457,0.465654362
ALPHABET INC.,GOOGL,1652044,3/31/2021,26622000000,1.72137E+11,3.27095E+11,888000000,28006000000,55453000000,97082000000,2.30013E+11,1.16684E+11,3.104196346,0.422071796,0.296800624,0.480082232
ALPHABET INC.,GOOGL,1652044,6/30/2021,23630000000,1.75697E+11,3.35387E+11,907000000,31967000000,55741000000,97822000000,2.37565E+11,1.19956E+11,3.152024542,0.41176941,0.291669027,0.423924939
ALPHABET INC.,GOOGL,1652044,9/30/2021,23719000000,1.8411E+11,3.47403E+11,1278000000,34047000000,61782000000,1.02836E+11,2.44567E+11,1.22328E+11,2.979994173,0.420481913,0.296013563,0.383914409
ALPHABET INC.,GOOGL,1652044,12/31/2021,20945000000,1.88143E+11,3.59268E+11,1170000000,39304000000,64254000000,1.07633E+11,2.51635E+11,1.23889E+11,2.928113425,0.427734616,0.299589721,0.325971924
ALPHABET INC.,GOOGL,1652044,3/31/2022,20886000000,1.77853E+11,3.57096E+11,1369000000,34703000000,61948000000,1.03092E+11,2.54004E+11,1.15905E+11,2.871004714,0.405867624,0.288695477,0.337153742
ALPHABET INC.,GOOGL,1652044,6/30/2022,17936000000,1.72371E+11,3.55185E+11,1980000000,35707000000,61354000000,99766000000,2.55419E+11,1.11017E+11,2.809450077,0.390597411,0.280884609,0.292336278
ALPHABET INC.,GOOGL,1652044,9/30/2022,21984000000,1.66109E+11,3.58255E+11,3156000000,34697000000,65979000000,1.04629E+11,2.53626E+11,1.0013E+11,2.517604086,0.412532627,0.292051751,0.333196926
ALPHABET INC.,GOOGL,1652044,12/31/2022,21879000000,1.64795E+11,3.65264E+11,2670000000,40258000000,69300000000,1.0912E+11,2.56144E+11,95495000000,2.377994228,0.426010369,0.298742827,0.315714286
ALPHABET INC.,GOOGL,1652044,3/31/2023,25924000000,1.61985E+11,3.69491E+11,2315000000,36036000000,68854000000,1.08597E+11,2.60894E+11,93131000000,2.352586633,0.416249511,0.29390973,0.376506812
ALPHABET INC.,GOOGL,1652044,6/30/2023,25929000000,1.68788E+11,3.83044E+11,2231000000,38804000000,77709000000,1.15903E+11,2.67141E+11,91079000000,2.172052143,0.433864513,0.302584037,0.333667915
ALPHABET INC.,GOOGL,1652044,9/30/2023,30702000000,1.7631E+11,3.96711E+11,2957000000,41020000000,86295000000,1.23509E+11,2.73202E+11,90015000000,2.043107944,0.452079414,0.311332431,0.355779593
ALPHABET INC.,GOOGL,1652044,12/31/2023,24048000000,1.7153E+11,4.02392E+11,,47964000000,81814000000,1.19013E+11,2.83379E+11,89716000000,2.096584937,0.419978192,0.295763832,0.293935023
ALPHABET INC.,GOOGL,1652044,3/31/2024,24493000000,1.65471E+11,4.0735E+11,,44552000000,76997000000,1.14506E+11,2.92844E+11,88474000000,2.149057755,0.391013645,0.281099791,0.318103303
ALPHABET INC.,GOOGL,1652044,6/30/2024,27225000000,1.61995E+11,4.1477E+11,,47087000000,77913000000,1.14017E+11,3.00753E+11,84082000000,2.079178058,0.379105113,0.274892109,0.349428208
ALPHABET INC.,GOOGL,1652044,9/30/2024,19959000000,1.57541E+11,4.30266E+11,,49104000000,80803000000,1.16147E+11,3.14119E+11,76738000000,1.949692462,0.369754774,0.269942315,0.247008156
ALPHABET INC.,GOOGL,1652044,12/31/2024,23466000000,1.63711E+11,4.50256E+11,,52340000000,89122000000,1.25172E+11,3.25084E+11,74589000000,1.836931397,0.385045096,0.278001848,0.263301991
ALPHABET INC.,GOOGL,1652044,3/31/2025,23264000000,1.62052E+11,4.75374E+11,,51000000000,91654000000,1.30107E+11,3.45267E+11,70398000000,1.768084317,0.376830105,0.273693976,0.253824165
ALPHABET INC.,GOOGL,1652044,6/30/2025,21036000000,1.66216E+11,5.02053E+11,,55048000000,87310000000,1.39137E+11,3.62916E+11,78906000000,1.903745275,0.383386238,0.277136079,0.240934601
ALPHABET INC.,GOOGL,1652044,9/30/2025,23090000000,1.73947E+11,5.36469E+11,,57148000000,99550000000,1.49602E+11,3.86867E+11,74397000000,1.747332998,0.386701373,0.278864203,0.231943747
ALPHABET INC.,GOOGL,1652044,12/31/2025,30708000000,2.06038E+11,5.95281E+11,,62886000000,1.02745E+11,1.80016E+11,4.15265E+11,1.03293E+11,2.005333593,0.433496683,0.302405083,0.298875858
ALPHABET INC.,GOOGL,1652044,3/31/2026,38063000000,2.13753E+11,7.03919E+11,,62999000000,1.11188E+11,2.25173E+11,4.78746E+11,1.02565E+11,1.922446667,0.470339178,0.319884816,0.342330108
JPMORGAN CHASE & CO,JPM,19617,6/30/2008,,,,,,,,1.33176E+11,,,,,
JPMORGAN CHASE & CO,JPM,19617,12/31/2008,,,2.17505E+12,,,,2.00817E+12,1.66884E+11,,,12.03331656,0.923273559,
JPMORGAN CHASE & CO,JPM,19617,6/30/2009,,,2.02664E+12,,,,1.87188E+12,1.54766E+11,,,12.09487872,0.923634268,
JPMORGAN CHASE & CO,JPM,19617,9/30/2009,,,2.04101E+12,,,,1.87876E+12,1.62253E+11,,,11.57917573,0.920503535,
JPMORGAN CHASE & CO,JPM,19617,12/31/2009,,,2.11967E+12,,,,1.95883E+12,1.60845E+11,,,12.17835805,0.924118013,
JPMORGAN CHASE & CO,JPM,19617,3/31/2010,,,2.1358E+12,,,,1.97108E+12,1.64721E+11,,,11.96614275,0.922876061,
JPMORGAN CHASE & CO,JPM,19617,6/30/2010,,,2.01402E+12,,,,1.8429E+12,1.7112E+11,,,10.7696295,0.915035558,
JPMORGAN CHASE & CO,JPM,19617,9/30/2010,,,2.1416E+12,,,,1.96777E+12,1.7383E+11,,,11.32005408,0.918831525,
JPMORGAN CHASE & CO,JPM,19617,12/31/2010,,,2.11761E+12,,,,1.9415E+12,1.76106E+11,,,11.0246045,0.916837182,
JPMORGAN CHASE & CO,JPM,19617,3/31/2011,,,2.19816E+12,,,,2.01756E+12,1.80598E+11,,,11.1715689,0.917841323,
JPMORGAN CHASE & CO,JPM,19617,6/30/2011,,,2.24676E+12,,,,2.06389E+12,1.82879E+11,,,11.28552212,0.918603378,
JPMORGAN CHASE & CO,JPM,19617,9/30/2011,,,2.28924E+12,,,,2.10695E+12,1.82287E+11,,,11.55843807,0.920372263,
JPMORGAN CHASE & CO,JPM,19617,12/31/2011,,,2.26579E+12,,,,2.08222E+12,1.83573E+11,,,11.34273014,0.918980648,
JPMORGAN CHASE & CO,JPM,19617,3/31/2012,,,2.32016E+12,,,,2.1306E+12,1.89728E+11,,,11.22977104,0.918298017,
JPMORGAN CHASE & CO,JPM,19617,6/30/2012,,,2.29015E+12,,,,2.09857E+12,1.91572E+11,,,10.95449231,0.916349438,
JPMORGAN CHASE & CO,JPM,19617,9/30/2012,,,2.32128E+12,,,,2.12159E+12,1.99693E+11,,,10.62426324,0.913973043,
JPMORGAN CHASE & CO,JPM,19617,12/31/2012,,,2.35914E+12,,,,2.15507E+12,2.04069E+11,,,10.5605065,0.9134986,
JPMORGAN CHASE & CO,JPM,19617,3/31/2013,,,2.38935E+12,,,,2.18226E+12,2.07086E+11,,,10.53795525,0.91332953,
JPMORGAN CHASE & CO,JPM,19617,6/30/2013,,,2.43949E+12,,,,2.23026E+12,2.09239E+11,,,10.65888768,0.914228524,
JPMORGAN CHASE & CO,JPM,19617,9/30/2013,,,2.46331E+12,,,,2.25664E+12,2.0667E+11,,,10.91904485,0.91610066,
JPMORGAN CHASE & CO,JPM,19617,12/31/2013,,,2.41569E+12,,,,2.20451E+12,2.11178E+11,,,10.43911298,0.912580634,
JPMORGAN CHASE & CO,JPM,19617,3/31/2014,,,2.47665E+12,,,,2.25733E+12,2.19655E+11,,,10.27671121,0.911445299,
JPMORGAN CHASE & CO,JPM,19617,6/30/2014,,,2.52E+12,,,,2.29302E+12,2.27314E+11,,,10.08746492,0.90993117,
JPMORGAN CHASE & CO,JPM,19617,9/30/2014,,,2.52666E+12,,,,2.29573E+12,2.31277E+11,,,9.926313468,0.908603668,
JPMORGAN CHASE & CO,JPM,19617,12/31/2014,,,2.57277E+12,,,,2.34105E+12,2.31727E+11,,,10.10260349,0.909931036,
JPMORGAN CHASE & CO,JPM,19617,3/31/2015,,,2.57662E+12,,,,2.34128E+12,2.35864E+11,,,9.926415222,0.908665193,
JPMORGAN CHASE & CO,JPM,19617,6/30/2015,,,2.4491E+12,,,,2.20839E+12,2.41205E+11,,,9.155672561,0.901717285,
JPMORGAN CHASE & CO,JPM,19617,9/30/2015,,,2.41664E+12,,,,2.17139E+12,2.45728E+11,,,8.836571331,0.898519222,
JPMORGAN CHASE & CO,JPM,19617,12/31/2015,,,2.3517E+12,,,,2.10413E+12,2.47573E+11,,,8.499008373,0.894725853,
JPMORGAN CHASE & CO,JPM,19617,3/31/2016,,,2.42381E+12,,,,2.17365E+12,2.50157E+11,,,8.689147216,0.896791743,
JPMORGAN CHASE & CO,JPM,19617,6/30/2016,,,2.4661E+12,,,,2.21367E+12,2.52423E+11,,,8.769696105,0.897642671,
JPMORGAN CHASE & CO,JPM,19617,9/30/2016,,,2.52103E+12,,,,2.2667E+12,2.54331E+11,,,8.912393692,0.899116194,
JPMORGAN CHASE & CO,JPM,19617,12/31/2016,3.91154E+11,,2.49097E+12,,,,2.23678E+12,2.5419E+11,,,8.799645934,0.897955497,
JPMORGAN CHASE & CO,JPM,19617,3/31/2017,4.61886E+11,,2.54629E+12,,,,2.29043E+12,2.55863E+11,,,8.951771065,0.899515373,
JPMORGAN CHASE & CO,JPM,19617,6/30/2017,4.50526E+11,,2.56317E+12,,,,2.30469E+12,2.58483E+11,,,8.916218862,0.89915511,
JPMORGAN CHASE & CO,JPM,19617,9/30/2017,4.59156E+11,,2.56307E+12,,,,2.30469E+12,2.58382E+11,,,8.919708029,0.899190581,
JPMORGAN CHASE & CO,JPM,19617,12/31/2017,4.31304E+11,,2.5336E+12,,,,2.27791E+12,2.55693E+11,,,8.908757768,0.899079176,
JPMORGAN CHASE & CO,JPM,19617,3/31/2018,4.14812E+11,,2.60979E+12,,,,2.35358E+12,2.56201E+11,,,9.186474682,0.901830611,
JPMORGAN CHASE & CO,JPM,19617,6/30/2018,4.0518E+11,,2.59005E+12,,,,2.33259E+12,2.57458E+11,,,9.060087471,0.900597286,
JPMORGAN CHASE & CO,JPM,19617,9/30/2018,4.19097E+11,,2.61518E+12,,,,2.35623E+12,2.58956E+11,,,9.098947312,0.900979778,
JPMORGAN CHASE & CO,JPM,19617,12/31/2018,,,2.62253E+12,,,,2.36602E+12,2.56515E+11,,,9.223698419,0.902188038,
JPMORGAN CHASE & CO,JPM,19617,3/31/2019,,,2.73719E+12,,,,2.47735E+12,2.59837E+11,,,9.534250318,0.905071555,
JPMORGAN CHASE & CO,JPM,19617,6/30/2019,,,2.72738E+12,,,,2.46416E+12,2.63215E+11,,,9.361791691,0.903491594,
JPMORGAN CHASE & CO,JPM,19617,9/30/2019,,,2.76466E+12,,,,2.50031E+12,2.64348E+11,,,9.458414666,0.904383214,
JPMORGAN CHASE & CO,JPM,19617,12/31/2019,,,2.68738E+12,,,,2.42605E+12,2.6133E+11,,,9.283469177,0.902756552,
JPMORGAN CHASE & CO,JPM,19617,3/31/2020,,,3.13853E+12,,,,2.87817E+12,2.61262E+11,,,11.01640882,0.917043648,
JPMORGAN CHASE & CO,JPM,19617,6/30/2020,,,3.21264E+12,,,,2.94865E+12,2.64466E+11,,,11.14944454,0.917826537,
JPMORGAN CHASE & CO,JPM,19617,9/30/2020,,,3.24506E+12,,,,2.97496E+12,2.71113E+11,,,10.97314773,0.916766434,
JPMORGAN CHASE & CO,JPM,19617,12/31/2020,,,3.38476E+12,,,,3.1054E+12,2.79354E+11,,,11.11637206,0.917467044,
JPMORGAN CHASE & CO,JPM,19617,3/31/2021,,,3.68934E+12,,,,3.40862E+12,2.80714E+11,,,12.14268615,0.923912054,
JPMORGAN CHASE & CO,JPM,19617,6/30/2021,,,3.68426E+12,,,,3.39787E+12,2.86386E+11,,,11.86465121,0.922267617,
JPMORGAN CHASE & CO,JPM,19617,9/30/2021,,,3.75758E+12,,,,3.46754E+12,2.90041E+11,,,11.95532701,0.922811674,
JPMORGAN CHASE & CO,JPM,19617,12/31/2021,,,3.74357E+12,,,,3.44944E+12,2.94127E+11,,,11.72772306,0.921431351,
JPMORGAN CHASE & CO,JPM,19617,3/31/2022,,,3.95469E+12,,,,3.66879E+12,2.85899E+11,,,12.83246181,0.927706289,
JPMORGAN CHASE & CO,JPM,19617,6/30/2022,,,3.84131E+12,,,,3.55517E+12,2.86143E+11,,,12.4244556,0.925509084,
JPMORGAN CHASE & CO,JPM,19617,9/30/2022,,,3.77388E+12,,,,3.48587E+12,2.88018E+11,,,12.10294495,0.923681279,
JPMORGAN CHASE & CO,JPM,19617,12/31/2022,,,3.66574E+12,,,,3.37341E+12,2.92332E+11,,,11.53965697,0.920253002,
JPMORGAN CHASE & CO,JPM,19617,3/31/2023,,,3.74431E+12,,,,3.44122E+12,3.03082E+11,,,11.35409889,0.919055205,
JPMORGAN CHASE & CO,JPM,19617,6/30/2023,,,3.86824E+12,,,,3.55572E+12,3.12516E+11,,,11.37773426,0.91920977,
JPMORGAN CHASE & CO,JPM,19617,9/30/2023,,,3.89833E+12,,,,3.58096E+12,3.17371E+11,,,11.28320483,0.918588022,
JPMORGAN CHASE & CO,JPM,19617,12/31/2023,,,3.87539E+12,,,,3.54752E+12,3.27878E+11,,,10.81961888,0.915394903,
JPMORGAN CHASE & CO,JPM,19617,3/31/2024,,,4.09073E+12,,,,3.75409E+12,3.36637E+11,,,11.15174505,0.917707293,
JPMORGAN CHASE & CO,JPM,19617,6/30/2024,,,4.143E+12,,,,3.80245E+12,3.40552E+11,,,11.16555181,0.917800687,
JPMORGAN CHASE & CO,JPM,19617,9/30/2024,,,4.21005E+12,,,,3.86421E+12,3.45836E+11,,,11.1735389,0.917854618,
JPMORGAN CHASE & CO,JPM,19617,12/31/2024,,,4.00281E+12,,,,3.65806E+12,3.44758E+11,,,10.6105036,0.913871092,
JPMORGAN CHASE & CO,JPM,19617,3/31/2025,,,4.35786E+12,,,,4.00644E+12,3.5142E+11,,,11.40070571,0.919359428,
JPMORGAN CHASE & CO,JPM,19617,6/30/2025,,,4.55248E+12,,,,4.19556E+12,3.56924E+11,,,11.75476572,0.921597933,
JPMORGAN CHASE & CO,JPM,19617,9/30/2025,,,4.56021E+12,,,,4.19999E+12,3.60212E+11,,,11.65978091,0.921009691,
JPMORGAN CHASE & CO,JPM,19617,12/31/2025,,,4.4249E+12,,,,4.06246E+12,3.62438E+11,,,11.2087088,0.918091256,
JPMORGAN CHASE & CO,JPM,19617,3/31/2026,,,4.90048E+12,,,,4.53644E+12,3.64038E+11,,,12.46143809,0.925713732,
"Meta Platforms, Inc.",META,1326801,12/31/2010,1785000000,,,,,,,,,,,,
"Meta Platforms, Inc.",META,1326801,6/30/2011,1131000000,,,,,,,,,,,,
"Meta Platforms, Inc.",META,1326801,9/30/2011,906000000,,,,,,,,,,,,
"Meta Platforms, Inc.",META,1326801,12/31/2011,1512000000,4604000000,6331000000,,547000000,899000000,1432000000,4899000000,3705000000,5.121245829,0.292304552,0.226188596,1.681868743
"Meta Platforms, Inc.",META,1326801,3/31/2012,1282000000,,,,,,,,,,,,
"Meta Platforms, Inc.",META,1326801,6/30/2012,2098000000,11967000000,14928000000,,578000000,1034000000,1619000000,13309000000,10933000000,11.57350097,0.121647006,0.108453912,2.02901354
"Meta Platforms, Inc.",META,1326801,9/30/2012,2478000000,12285000000,16038000000,,635000000,1080000000,1864000000,14174000000,11205000000,11.375,0.131508396,0.116223968,2.294444444
"Meta Platforms, Inc.",META,1326801,12/31/2012,2384000000,11267000000,15103000000,,719000000,1052000000,3348000000,11755000000,10215000000,10.71007605,0.284814972,0.221677812,2.266159696
"Meta Platforms, Inc.",META,1326801,3/31/2013,2325000000,11042000000,15163000000,,659000000,1063000000,3339000000,11824000000,9979000000,10.38758231,0.282391746,0.220207083,2.187206021
"Meta Platforms, Inc.",META,1326801,6/30/2013,3001000000,11421000000,15724000000,,775000000,1080000000,3375000000,12349000000,10341000000,10.575,0.273301482,0.214640041,2.778703704
"Meta Platforms, Inc.",META,1326801,9/30/2013,3100000000,10549000000,14933000000,,872000000,984000000,1885000000,13048000000,9565000000,10.72052846,0.144466585,0.126230496,3.150406504
"Meta Platforms, Inc.",META,1326801,12/31/2013,3323000000,13070000000,17895000000,,1109000000,1100000000,2425000000,15470000000,11970000000,11.88181818,0.15675501,0.135512713,3.020909091
"Meta Platforms, Inc.",META,1326801,3/31/2014,2998000000,14060000000,19028000000,,1006000000,1037000000,2291000000,16737000000,13023000000,13.55834137,0.136882356,0.120401514,2.891031823
"Meta Platforms, Inc.",META,1326801,6/30/2014,4384000000,15557000000,20769000000,,1190000000,1214000000,2423000000,18346000000,14343000000,12.81466227,0.132072386,0.116664259,3.611202636
"Meta Platforms, Inc.",META,1326801,9/30/2014,8999000000,16115000000,24188000000,,1363000000,1234000000,2950000000,21238000000,14881000000,13.05915721,0.138901968,0.121961303,7.292544571
"Meta Platforms, Inc.",META,1326801,12/31/2014,4315000000,13670000000,40184000000,,1678000000,1424000000,4088000000,36096000000,12246000000,9.599719101,0.113253546,0.101732033,3.030196629
"Meta Platforms, Inc.",META,1326801,3/31/2015,3419000000,15004000000,42007000000,,1508000000,1746000000,4506000000,37501000000,13258000000,8.593356243,0.120156796,0.107267836,1.958190149
"Meta Platforms, Inc.",META,1326801,6/30/2015,5123000000,16951000000,44130000000,,1815000000,1881000000,4678000000,39452000000,15070000000,9.011695906,0.11857447,0.106004985,2.723551302
"Meta Platforms, Inc.",META,1326801,9/30/2015,4308000000,19139000000,46469000000,,2010000000,1792000000,5049000000,41420000000,17347000000,10.68024554,0.121897634,0.108653081,2.404017857
"Meta Platforms, Inc.",META,1326801,12/31/2015,4907000000,21652000000,49407000000,,2559000000,1925000000,5189000000,44218000000,19727000000,11.24779221,0.1173504,0.105025604,2.549090909
"Meta Platforms, Inc.",META,1326801,3/31/2016,6456000000,23812000000,52075000000,,2348000000,1809000000,4925000000,47150000000,22003000000,13.16307352,0.104453871,0.094575132,3.568822554
"Meta Platforms, Inc.",META,1326801,6/30/2016,5108000000,27010000000,55739000000,,2801000000,2211000000,5356000000,50383000000,24799000000,12.21619177,0.106305698,0.096090708,2.310266848
"Meta Platforms, Inc.",META,1326801,9/30/2016,6038000000,30328000000,59674000000,,3070000000,2595000000,5559000000,54115000000,27733000000,11.68709056,0.102725677,0.093156148,2.326782274
"Meta Platforms, Inc.",META,1326801,12/31/2016,8903000000,34401000000,64961000000,,3993000000,2875000000,5767000000,59194000000,31526000000,11.96556522,0.097425415,0.088776343,3.096695652
"Meta Platforms, Inc.",META,1326801,3/31/2017,7104000000,36930000000,68714000000,,3415000000,2928000000,6526000000,62188000000,34002000000,12.61270492,0.10493986,0.094973368,2.426229508
"Meta Platforms, Inc.",META,1326801,6/30/2017,6252000000,40804000000,73843000000,,3897000000,3315000000,7362000000,66481000000,37489000000,12.30889894,0.110738406,0.099698008,1.885972851
"Meta Platforms, Inc.",META,1326801,9/30/2017,7201000000,44203000000,78998000000,,4424000000,3305000000,7790000000,71208000000,40898000000,13.37458396,0.10939782,0.098610091,2.17881997
"Meta Platforms, Inc.",META,1326801,12/31/2017,8079000000,48563000000,84524000000,,5832000000,3760000000,10177000000,74347000000,44803000000,12.91569149,0.136885147,0.120403672,2.148670213
"Meta Platforms, Inc.",META,1326801,3/31/2018,12082000000,50412000000,88945000000,,5115000000,5086000000,11325000000,77620000000,45326000000,9.911915061,0.145903118,0.127325876,2.3755407
"Meta Platforms, Inc.",META,1326801,6/30/2018,11552000000,49833000000,90291000000,,5590000000,4670000000,10909000000,79382000000,45163000000,10.67087794,0.137424101,0.120820458,2.47366167
"Meta Platforms, Inc.",META,1326801,9/30/2018,9637000000,49147000000,92452000000,,6058000000,5462000000,12110000000,80342000000,43685000000,8.997986086,0.150730627,0.13098689,1.764372025
"Meta Platforms, Inc.",META,1326801,12/31/2018,10019000000,50480000000,97334000000,,7587000000,7017000000,13207000000,84127000000,43463000000,7.193957532,0.156988838,0.135687427,1.427818156
"Meta Platforms, Inc.",META,1326801,3/31/2019,11076000000,53300000000,1.09477E+11,,6475000000,9908000000,22961000000,86516000000,43392000000,5.37949132,0.265395996,0.209733551,1.117884538
"Meta Platforms, Inc.",META,1326801,6/30/2019,13877000000,57961000000,1.17006E+11,,7513000000,12979000000,28244000000,88762000000,44982000000,4.465752369,0.318199229,0.24138933,1.069188689
"Meta Platforms, Inc.",META,1326801,9/30/2019,15979000000,62079000000,1.24418E+11,,7673000000,13328000000,30419000000,93999000000,48751000000,4.657788115,0.323609826,0.244490347,1.198904562
"Meta Platforms, Inc.",META,1326801,12/31/2019,19079000000,66225000000,1.33376E+11,,9518000000,15053000000,32322000000,1.01054E+11,51172000000,4.399455258,0.319848794,0.242337452,1.267454992
"Meta Platforms, Inc.",META,1326801,3/31/2020,23618000000,69349000000,1.38371E+11,,7289000000,15069000000,33067000000,1.05304E+11,54280000000,4.60209702,0.314014662,0.238973484,1.567323645
"Meta Platforms, Inc.",META,1326801,6/30/2020,21045000000,68130000000,1.39691E+11,,7483000000,11308000000,29244000000,1.10447E+11,56822000000,6.024938097,0.264778582,0.209347775,1.861071808
"Meta Platforms, Inc.",META,1326801,9/30/2020,11617000000,65799000000,1.46437E+11,,8024000000,11944000000,28706000000,1.17731E+11,53855000000,5.508958473,0.243827029,0.196029692,0.972622237
"Meta Platforms, Inc.",META,1326801,12/31/2020,17576000000,75670000000,1.59316E+11,,11335000000,14981000000,31026000000,1.2829E+11,60689000000,5.051064682,0.2418427,0.194745035,1.173219411
"Meta Platforms, Inc.",META,1326801,3/31/2021,19513000000,77322000000,1.63523E+11,,10276000000,12717000000,29866000000,1.33657E+11,64605000000,6.080207596,0.223452569,0.182640974,1.534402768
"Meta Platforms, Inc.",META,1326801,6/30/2021,16186000000,80697000000,1.70609E+11,,11698000000,14874000000,32382000000,1.38227E+11,65823000000,5.425373134,0.234266822,0.189802414,1.088207611
"Meta Platforms, Inc.",META,1326801,9/30/2021,14496000000,75421000000,1.69585E+11,,12088000000,17812000000,36225000000,1.3336E+11,57609000000,4.23428026,0.271633173,0.213609694,0.813833371
"Meta Platforms, Inc.",META,1326801,12/31/2021,16601000000,66666000000,1.65987E+11,,14039000000,21135000000,41108000000,1.24879E+11,45531000000,3.154293825,0.329182649,0.247657949,0.785474332
"Meta Platforms, Inc.",META,1326801,3/31/2022,14886000000,59265000000,1.64218E+11,,11390000000,21086000000,40990000000,1.23228E+11,38179000000,2.810632647,0.33263544,0.249607229,0.705966044
"Meta Platforms, Inc.",META,1326801,6/30/2022,12681000000,55987000000,1.69779E+11,,11525000000,22217000000,44012000000,1.25767E+11,33770000000,2.520007202,0.349948715,0.259231118,0.570779133
"Meta Platforms, Inc.",META,1326801,9/30/2022,14308000000,58315000000,1.78894E+11,,11227000000,22687000000,54800000000,1.24094E+11,35628000000,2.570414775,0.441600722,0.306326652,0.630669546
"Meta Platforms, Inc.",META,1326801,12/31/2022,14681000000,59549000000,1.85727E+11,,13466000000,27026000000,60014000000,1.25713E+11,32523000000,2.203396729,0.477388973,0.323130186,0.543217642
"Meta Platforms, Inc.",META,1326801,3/31/2023,11551000000,52483000000,1.84491E+11,,11044000000,25381000000,59696000000,1.24795E+11,27102000000,2.067806627,0.478352498,0.32357134,0.455104212
"Meta Platforms, Inc.",META,1326801,6/30/2023,28785000000,69560000000,2.06688E+11,,12511000000,29921000000,72655000000,1.34033E+11,39639000000,2.32478861,0.542067998,0.351520166,0.962033355
"Meta Platforms, Inc.",META,1326801,9/30/2023,36890000000,78378000000,2.16274E+11,,12944000000,30531000000,73401000000,1.42873E+11,47847000000,2.567161246,0.513749974,0.339388923,1.208280109
"Meta Platforms, Inc.",META,1326801,12/31/2023,41862000000,85365000000,2.29623E+11,,16169000000,31960000000,76455000000,1.53168E+11,53405000000,2.670994994,0.499157788,0.332958806,1.309824781
"Meta Platforms, Inc.",META,1326801,3/31/2024,32307000000,75330000000,2.22844E+11,,13430000000,28101000000,73315000000,1.49529E+11,47229000000,2.68068752,0.490306228,0.328996966,1.149674389
"Meta Platforms, Inc.",META,1326801,6/30/2024,32045000000,76431000000,2.30238E+11,,14505000000,27004000000,73475000000,1.56763E+11,49427000000,2.830358465,0.46870116,0.319126295,1.186676048
"Meta Platforms, Inc.",META,1326801,9/30/2024,43852000000,91067000000,2.56408E+11,,14700000000,33330000000,91879000000,1.64529E+11,57737000000,2.732283228,0.558436507,0.358331253,1.315691569
"Meta Platforms, Inc.",META,1326801,12/31/2024,43889000000,1.00045E+11,2.76054E+11,,16994000000,33596000000,93417000000,1.82637E+11,66449000000,2.977884272,0.511490005,0.338401182,1.306375759
"Meta Platforms, Inc.",META,1326801,3/31/2025,28750000000,90227000000,2.80213E+11,,14514000000,33890000000,95184000000,1.85029E+11,56337000000,2.662348775,0.514427468,0.339684454,0.848332842
"Meta Platforms, Inc.",META,1326801,6/30/2025,12005000000,73613000000,2.94744E+11,,16561000000,37305000000,99674000000,1.9507E+11,36308000000,1.97327436,0.510965295,0.33817143,0.321806728
"Meta Platforms, Inc.",META,1326801,9/30/2025,10187000000,73118000000,3.03844E+11,,17297000000,36958000000,1.09778E+11,1.94066E+11,36160000000,1.978407923,0.565673534,0.361297245,0.27563721
"Meta Platforms, Inc.",META,1326801,12/31/2025,35873000000,1.08722E+11,3.66021E+11,,19769000000,41836000000,1.48778E+11,2.17243E+11,66886000000,2.598766612,0.684846002,0.406473945,0.857467253
"Meta Platforms, Inc.",META,1326801,3/31/2026,23426000000,1.09765E+11,3.9525E+11,,17470000000,46753000000,1.51569E+11,2.43681E+11,63012000000,2.34776378,0.621997612,0.383476281,0.501058756
MICROSOFT CORPORATION,MSFT,789019,6/30/2008,10339000000,,,,,,,,,,,,
MICROSOFT CORPORATION,MSFT,789019,9/30/2008,9004000000,,,,,,,33594000000,,,,,
MICROSOFT CORPORATION,MSFT,789019,12/31/2008,8346000000,,,,,,,34478000000,,,,,
MICROSOFT CORPORATION,MSFT,789019,3/31/2009,7285000000,,,,,,,36943000000,,,,,
MICROSOFT CORPORATION,MSFT,789019,6/30/2009,6076000000,49280000000,77888000000,717000000,11192000000,27034000000,,39558000000,22246000000,1.822889694,,,0.224754013
MICROSOFT CORPORATION,MSFT,789019,9/30/2009,8823000000,52231000000,81612000000,1150000000,8587000000,28761000000,,41212000000,23470000000,1.816035604,,,0.306769584
MICROSOFT CORPORATION,MSFT,789019,12/31/2009,9422000000,52487000000,82096000000,589000000,11196000000,25715000000,,44283000000,26772000000,2.041104414,,,0.366400933
MICROSOFT CORPORATION,MSFT,789019,3/31/2010,8155000000,54518000000,84910000000,501000000,9137000000,26424000000,,45710000000,28094000000,2.063200121,,,0.308620951
MICROSOFT CORPORATION,MSFT,789019,6/30/2010,5505000000,55676000000,86113000000,740000000,13014000000,26147000000,39938000000,46175000000,29529000000,2.129345623,0.864926909,0.463785956,0.210540406
MICROSOFT CORPORATION,MSFT,789019,9/30/2010,8161000000,59581000000,91540000000,1242000000,9646000000,25857000000,44598000000,46942000000,33724000000,2.3042503,0.950066039,0.487196854,0.315620528
MICROSOFT CORPORATION,MSFT,789019,12/31/2010,4023000000,59684000000,92306000000,861000000,12874000000,24312000000,43825000000,48481000000,35372000000,2.454919381,0.903962377,0.474779538,0.16547384
MICROSOFT CORPORATION,MSFT,789019,3/31/2011,7021000000,66263000000,99727000000,1056000000,10033000000,24042000000,46275000000,53452000000,42221000000,2.756135097,0.865730001,0.464016766,0.292030613
MICROSOFT CORPORATION,MSFT,789019,6/30/2011,9610000000,74918000000,1.08704E+11,1372000000,14987000000,28774000000,51621000000,57083000000,46144000000,2.60366998,0.90431477,0.474876729,0.333982067
MICROSOFT CORPORATION,MSFT,789019,9/30/2011,12881000000,75271000000,1.07415E+11,2270000000,10153000000,25543000000,48024000000,59391000000,49728000000,2.946834749,0.808607365,0.447088395,0.504286889
MICROSOFT CORPORATION,MSFT,789019,12/31/2011,10610000000,,,,,,,64121000000,,,,,
MICROSOFT CORPORATION,MSFT,789019,3/31/2012,6388000000,76860000000,1.1801E+11,1412000000,10961000000,26170000000,49351000000,68659000000,50690000000,2.936950707,0.718784136,0.418193373,0.244096293
MICROSOFT CORPORATION,MSFT,789019,6/30/2012,6938000000,85084000000,1.21271E+11,1137000000,15780000000,32688000000,54908000000,66363000000,52396000000,2.602912384,0.827388756,0.452771066,0.212249143
MICROSOFT CORPORATION,MSFT,789019,9/30/2012,5036000000,84051000000,1.21876E+11,1624000000,9871000000,31402000000,53040000000,68836000000,52649000000,2.676612955,0.77052705,0.435196429,0.160371951
MICROSOFT CORPORATION,MSFT,789019,12/31/2012,6017000000,89574000000,1.28683E+11,1661000000,14317000000,31910000000,56107000000,72576000000,57664000000,2.807082419,0.773079255,0.436009418,0.188561579
MICROSOFT CORPORATION,MSFT,789019,3/31/2013,5240000000,93524000000,1.34105E+11,2133000000,11991000000,31929000000,57417000000,76688000000,61595000000,2.929123994,0.748709055,0.428149584,0.164114128
MICROSOFT CORPORATION,MSFT,789019,6/30/2013,3804000000,1.01466E+11,1.42431E+11,1938000000,17486000000,37417000000,63487000000,78944000000,64049000000,2.711762033,0.804202979,0.445738638,0.101665019
MICROSOFT CORPORATION,MSFT,789019,9/30/2013,4023000000,99450000000,1.42348E+11,2613000000,11007000000,34623000000,60707000000,81641000000,64827000000,2.872368079,0.743584718,0.426468935,0.116194437
MICROSOFT CORPORATION,MSFT,789019,12/31/2013,10059000000,1.0687E+11,1.53543E+11,1594000000,15986000000,33742000000,68443000000,85100000000,73128000000,3.167269279,0.80426557,0.445757866,0.298115109
MICROSOFT CORPORATION,MSFT,789019,3/31/2014,11572000000,1.09006E+11,1.56119E+11,1920000000,13497000000,33903000000,68695000000,87424000000,75103000000,3.21523169,0.78576821,0.44001691,0.341326726
MICROSOFT CORPORATION,MSFT,789019,6/30/2014,8669000000,1.14246E+11,1.72384E+11,2660000000,19544000000,45625000000,82600000000,89784000000,68621000000,2.504021918,0.919985744,0.479162799,0.190005479
MICROSOFT CORPORATION,MSFT,789019,9/30/2014,6302000000,1.12439E+11,1.69656E+11,3141000000,12887000000,44694000000,79486000000,90170000000,67745000000,2.515751555,0.881512698,0.468512755,0.141003267
MICROSOFT CORPORATION,MSFT,789019,12/31/2014,6426000000,1.16362E+11,1.74848E+11,2053000000,16186000000,47415000000,82969000000,91879000000,68947000000,2.454117895,0.90302463,0.474520727,0.135526732
MICROSOFT CORPORATION,MSFT,789019,3/31/2015,7414000000,1.18398E+11,1.76683E+11,2469000000,12427000000,40748000000,86551000000,90132000000,77650000000,2.905615,0.960269383,0.489866031,0.18194758
MICROSOFT CORPORATION,MSFT,789019,6/30/2015,5595000000,1.24712E+11,1.76223E+11,2902000000,17908000000,49858000000,96140000000,80083000000,74854000000,2.501343816,1.200504477,0.545558752,0.112218701
MICROSOFT CORPORATION,MSFT,789019,9/30/2015,5431000000,1.21656E+11,1.72896E+11,3816000000,11444000000,49399000000,95451000000,77445000000,72257000000,2.462721917,1.232500484,0.552071766,0.109941497
MICROSOFT CORPORATION,MSFT,789019,12/31/2015,7185000000,1.27812E+11,1.80098E+11,2702000000,14507000000,42643000000,1.03318E+11,76780000000,85169000000,2.997256291,1.345636885,0.573676554,0.168491898
MICROSOFT CORPORATION,MSFT,789019,3/31/2016,7170000000,1.28421E+11,1.81869E+11,2450000000,12247000000,44354000000,1.07063E+11,74806000000,84067000000,2.895364567,1.431208727,0.588681963,0.161653966
MICROSOFT CORPORATION,MSFT,789019,6/30/2016,6510000000,1.3966E+11,1.93468E+11,2251000000,18277000000,59357000000,1.21471E+11,71997000000,80303000000,2.352881716,1.687167521,0.627860938,0.109675354
MICROSOFT CORPORATION,MSFT,789019,9/30/2016,13928000000,1.57909E+11,2.12524E+11,3122000000,11129000000,58810000000,1.42152E+11,82462000000,99099000000,2.685070566,1.723848561,0.668875045,0.236830471
MICROSOFT CORPORATION,MSFT,789019,12/31/2016,8468000000,1.44949E+11,2.2461E+11,1961000000,14343000000,70787000000,1.55801E+11,81829000000,74162000000,2.047678246,1.903982696,0.693651218,0.119626485
MICROSOFT CORPORATION,MSFT,789019,3/31/2017,6713000000,1.46313E+11,2.25017E+11,1979000000,12882000000,52005000000,1.55288E+11,83491000000,94308000000,2.813441015,1.859936999,0.690116747,0.129083742
MICROSOFT CORPORATION,MSFT,789019,6/30/2017,7663000000,1.62696E+11,2.50312E+11,2181000000,22431000000,55745000000,1.62601E+11,87711000000,1.06951E+11,2.918575657,1.853826772,0.649593308,0.137465244
MICROSOFT CORPORATION,MSFT,789019,9/30/2017,6884000000,1.61031E+11,2.49097E+11,3211000000,14561000000,51615000000,1.5945E+11,89647000000,1.09416E+11,3.119848881,1.778642899,0.640112085,0.133372082
MICROSOFT CORPORATION,MSFT,789019,12/31/2017,12859000000,1.67633E+11,2.56003E+11,2003000000,18428000000,58099000000,1.77643E+11,78360000000,1.09534E+11,2.885299231,2.26701123,0.693909837,0.221329111
MICROSOFT CORPORATION,MSFT,789019,3/31/2018,9221000000,1.56659E+11,2.45497E+11,2084000000,17208000000,46133000000,1.66258E+11,79239000000,1.10526E+11,3.395812108,2.098183975,0.677230272,0.199878612
MICROSOFT CORPORATION,MSFT,789019,6/30/2018,11946000000,1.69662E+11,2.58848E+11,2662000000,26481000000,58488000000,1.7613E+11,82718000000,1.11174E+11,2.900800164,2.129282623,0.68043794,0.204247025
MICROSOFT CORPORATION,MSFT,789019,9/30/2018,15137000000,1.64195E+11,2.57619E+11,3614000000,17390000000,56277000000,1.71652E+11,85967000000,1.07918E+11,2.917621764,1.996719672,0.666301787,0.268973115
MICROSOFT CORPORATION,MSFT,789019,12/31/2018,6638000000,1.56874E+11,2.58859E+11,1961000000,19680000000,50318000000,1.66731E+11,92128000000,1.06556E+11,3.117651735,1.80977553,0.644099684,0.131920983
MICROSOFT CORPORATION,MSFT,789019,3/31/2019,11212000000,1.59887E+11,2.63281E+11,1951000000,19269000000,53861000000,1.68417E+11,94864000000,1.06026E+11,2.968511539,1.775352083,0.639685355,0.208165463
MICROSOFT CORPORATION,MSFT,789019,6/30/2019,11356000000,1.75552E+11,2.86556E+11,2063000000,29524000000,69420000000,1.84226E+11,1.0233E+11,1.06132E+11,2.528838951,1.800312714,0.642897025,0.163583982
MICROSOFT CORPORATION,MSFT,789019,9/30/2019,13117000000,1.65896E+11,2.78955E+11,2622000000,19087000000,58118000000,1.72894E+11,1.06061E+11,1.07778E+11,2.854468495,1.630137374,0.619791723,0.225695998
MICROSOFT CORPORATION,MSFT,789019,12/31/2019,8864000000,1.67074E+11,2.82794E+11,1823000000,23525000000,59640000000,1.72685E+11,1.10109E+11,1.07434E+11,2.801374916,1.568309584,0.61063884,0.148625084
MICROSOFT CORPORATION,MSFT,789019,3/31/2020,11710000000,1.70505E+11,2.85449E+11,1644000000,22699000000,58707000000,1.70948E+11,1.14501E+11,1.11798E+11,2.904338495,1.492982594,0.598874055,0.19946514
MICROSOFT CORPORATION,MSFT,789019,6/30/2020,13576000000,1.81915E+11,3.01311E+11,1895000000,32011000000,72310000000,1.83007E+11,1.18304E+11,1.09605E+11,2.515765454,1.54692149,0.60736913,0.1877472
MICROSOFT CORPORATION,MSFT,789019,9/30/2020,17205000000,1.77077E+11,3.01001E+11,2705000000,22851000000,70056000000,1.77609E+11,1.23392E+11,1.07021E+11,2.527649309,1.439388291,0.590061163,0.245589243
MICROSOFT CORPORATION,MSFT,789019,12/31/2020,14432000000,1.73973E+11,3.04137E+11,1924000000,27312000000,67486000000,1.73901E+11,1.30236E+11,1.06487E+11,2.577912456,1.335275961,0.571785084,0.213851762
MICROSOFT CORPORATION,MSFT,789019,3/31/2021,13702000000,1.65614E+11,3.08879E+11,2245000000,26322000000,72193000000,1.74374E+11,1.34505E+11,93421000000,2.294045129,1.296412773,0.564538217,0.189796795
MICROSOFT CORPORATION,MSFT,789019,6/30/2021,14224000000,1.84406E+11,3.33779E+11,2636000000,38043000000,88657000000,1.91791E+11,1.41988E+11,95749000000,2.079993684,1.350754993,0.574604753,0.160438544
MICROSOFT CORPORATION,MSFT,789019,9/30/2021,19165000000,1.74326E+11,3.35418E+11,3411000000,27349000000,80528000000,1.8344E+11,1.51978E+11,93798000000,2.164787403,1.207016805,0.546899689,0.237991754
MICROSOFT CORPORATION,MSFT,789019,12/31/2021,20604000000,1.74188E+11,3.40389E+11,3019000000,33520000000,77510000000,1.80379E+11,1.6001E+11,96678000000,2.247297123,1.127298294,0.52992018,0.265823765
MICROSOFT CORPORATION,MSFT,789019,3/31/2022,12498000000,1.53922E+11,3.44607E+11,3296000000,32613000000,77439000000,1.81683E+11,1.62924E+11,76483000000,1.987654799,1.115139574,0.527217961,0.161391547
MICROSOFT CORPORATION,MSFT,789019,6/30/2022,13931000000,1.69684E+11,3.6484E+11,3742000000,44261000000,95082000000,1.98298E+11,1.66542E+11,74602000000,1.784606971,1.190678628,0.543520447,0.146515639
MICROSOFT CORPORATION,MSFT,789019,9/30/2022,22884000000,1.60812E+11,3.59784E+11,4268000000,31279000000,87389000000,1.86218E+11,1.73566E+11,73423000000,1.840185836,1.072894461,0.517582772,0.261863621
MICROSOFT CORPORATION,MSFT,789019,12/31/2022,15646000000,1.57823E+11,3.64552E+11,2980000000,35833000000,81718000000,1.81416E+11,1.83136E+11,76105000000,1.931312563,0.990608073,0.49764094,0.191463325
MICROSOFT CORPORATION,MSFT,789019,3/31/2023,26562000000,1.63889E+11,3.80088E+11,2877000000,37420000000,85691000000,1.85405E+11,1.94683E+11,78198000000,1.912557912,0.95234304,0.487794932,0.30997421
MICROSOFT CORPORATION,MSFT,789019,6/30/2023,34704000000,1.84257E+11,4.11976E+11,2500000000,48688000000,1.04149E+11,2.05753E+11,2.06223E+11,80108000000,1.769167251,0.997720914,0.499429578,0.333214913
MICROSOFT CORPORATION,MSFT,789019,9/30/2023,80452000000,2.07586E+11,4.45785E+11,3000000000,36953000000,1.24792E+11,2.25071E+11,2.20714E+11,82794000000,1.663455991,1.019740479,0.504886885,0.644688762
MICROSOFT CORPORATION,MSFT,789019,12/31/2023,17305000000,1.47393E+11,4.70558E+11,1615000000,42831000000,1.21016E+11,2.3229E+11,2.38268E+11,26377000000,1.217962914,0.974910605,0.493647967,0.14299762
MICROSOFT CORPORATION,MSFT,789019,3/31/2024,19634000000,1.4718E+11,4.84275E+11,1304000000,44029000000,1.18525E+11,2.31123E+11,2.53152E+11,28655000000,1.241763341,0.912981134,0.477255691,0.165652816
MICROSOFT CORPORATION,MSFT,789019,6/30/2024,18315000000,1.59734E+11,5.12163E+11,1246000000,56924000000,1.25286E+11,2.43686E+11,2.68477E+11,34448000000,1.274954903,0.907660619,0.475797744,0.146185528
MICROSOFT CORPORATION,MSFT,789019,9/30/2024,20840000000,1.49926E+11,5.23013E+11,1626000000,44148000000,1.152E+11,2.3529E+11,2.87723E+11,34726000000,1.301440972,0.817765698,0.449874095,0.180902778
MICROSOFT CORPORATION,MSFT,789019,12/31/2024,17482000000,1.4708E+11,5.33898E+11,909000000,48188000000,1.08882E+11,2.31203E+11,3.02695E+11,38198000000,1.350820154,0.763815061,0.433047136,0.160559137
MICROSOFT CORPORATION,MSFT,789019,3/31/2025,28828000000,1.56644E+11,5.62624E+11,848000000,51700000000,1.14206E+11,2.40733E+11,3.21891E+11,42438000000,1.371591685,0.747871174,0.427875455,0.252421064
MICROSOFT CORPORATION,MSFT,789019,6/30/2025,30242000000,1.91131E+11,6.19003E+11,938000000,69905000000,1.41218E+11,2.75524E+11,3.43479E+11,49913000000,1.353446445,0.802156755,0.445109313,0.214151171
MICROSOFT CORPORATION,MSFT,789019,9/30/2025,28849000000,1.89066E+11,6.36351E+11,1130000000,52894000000,1.34996E+11,2.73275E+11,3.63076E+11,54070000000,1.400530386,0.752666108,0.42944067,0.213702628
MICROSOFT CORPORATION,MSFT,789019,12/31/2025,24296000000,1.8019E+11,6.65302E+11,1059000000,56535000000,1.30005E+11,2.74427E+11,3.90875E+11,50185000000,1.386023614,0.702083786,0.412484857,0.18688512
MICROSOFT CORPORATION,MSFT,789019,3/31/2026,32105000000,1.75329E+11,6.94228E+11,1219000000,60041000000,1.36661E+11,2.79861E+11,4.14367E+11,38668000000,1.282948317,0.675394035,0.403125486,0.234924375
"Netflix, Inc.",NFLX,1065280,12/31/2007,177439000,,,,,,,,,,,,
"Netflix, Inc.",NFLX,1065280,3/31/2008,168989000,,,,,,,,,,,,
"Netflix, Inc.",NFLX,1065280,6/30/2008,144289000,,,,,,,,,,,,
"Netflix, Inc.",NFLX,1065280,9/30/2008,111524000,,,,,,,,,,,,
"Netflix, Inc.",NFLX,1065280,12/31/2008,139881000,361447000,617946000,,,216017000,270791000,347155000,145430000,1.673234051,0.780029094,0.438211429,0.647546258
"Netflix, Inc.",NFLX,1065280,3/31/2009,115131000,,,,,,,,,,,,
"Netflix, Inc.",NFLX,1065280,6/30/2009,87471000,342564000,591993000,,,211186000,267622000,324371000,131378000,1.622096162,0.825049095,0.452069535,0.414189388
"Netflix, Inc.",NFLX,1065280,9/30/2009,55717000,234962000,492131000,,,203522000,259929000,232202000,31440000,1.154479614,1.119408963,0.528170345,0.273764016
"Netflix, Inc.",NFLX,1065280,12/31/2009,134224000,411013000,679734000,,,227436000,480591000,199143000,183577000,1.807158937,2.413295973,0.707028043,0.590161628
"Netflix, Inc.",NFLX,1065280,3/31/2010,79861000,379538000,648293000,,,243447000,501558000,146735000,136091000,1.559016952,3.418121103,0.773659441,0.328042654
"Netflix, Inc.",NFLX,1065280,6/30/2010,107327000,441218000,693972000,,,258167000,517332000,176640000,183051000,1.709041047,2.928736413,0.745465235,0.415727029
"Netflix, Inc.",NFLX,1065280,9/30/2010,113108000,492247000,770283000,,,312107000,578308000,191975000,180140000,1.577173854,3.012413075,0.750773417,0.362401356
"Netflix, Inc.",NFLX,1065280,12/31/2010,194499000,637231000,982067000,,,388579000,691903000,290164000,248652000,1.639900767,2.384523924,0.70453747,0.500539144
"Netflix, Inc.",NFLX,1065280,3/31/2011,150419000,721602000,1090188000,,,490318000,814466000,275722000,231284000,1.471702038,2.953939113,0.747087658,0.306778458
"Netflix, Inc.",NFLX,1065280,6/30/2011,175207000,969444000,1570693000,,,726709000,1236659000,334034000,242735000,1.334019532,3.702194986,0.787333362,0.241096505
"Netflix, Inc.",NFLX,1065280,9/30/2011,159199000,1190113000,1961558000,,,967966000,1573206000,388352000,222147000,1.229498763,4.050979524,0.8020186,0.164467554
"Netflix, Inc.",NFLX,1065280,12/31/2011,508053000,1830857000,3069196000,,,1225055000,2426386000,642810000,605802000,1.494510042,3.77465503,0.790560785,0.414718523
"Netflix, Inc.",NFLX,1065280,3/31/2012,395992000,2058741000,3480459000,,,1446666000,2817057000,663402000,612075000,1.423093513,4.246380023,0.809392382,0.273727315
"Netflix, Inc.",NFLX,1065280,6/30/2012,402251000,2137785000,3478290000,,,1498844000,2790064000,688226000,638941000,1.426289194,4.053993892,0.802136682,0.26837416
"Netflix, Inc.",NFLX,1065280,9/30/2012,370298000,2225018000,3808833000,,,1598223000,3091993000,716840000,626795000,1.392182443,4.313365605,0.811795371,0.231693575
"Netflix, Inc.",NFLX,1065280,12/31/2012,290291000,2240791000,3967890000,,,1675926000,3223217000,744673000,564865000,1.337046504,4.328365605,0.81232519,0.173212302
"Netflix, Inc.",NFLX,1065280,3/31/2013,418051000,2557100000,4363289000,,,1688714000,3550370000,812919000,868386000,1.514229171,4.367433902,0.813691232,0.247555832
"Netflix, Inc.",NFLX,1065280,6/30/2013,370678000,2570322000,4480751000,,,1670264000,3375129000,1105622000,900058000,1.538871699,3.052697034,0.753250739,0.221927791
"Netflix, Inc.",NFLX,1065280,9/30/2013,439056000,2849278000,4901325000,,,1935136000,3696955000,1204370000,914142000,1.472391605,3.06961731,0.75427665,0.226886379
"Netflix, Inc.",NFLX,1065280,12/31/2013,604965000,3058763000,5412563000,,,2154203000,4079002000,1333561000,904560000,1.419904717,3.058729222,0.753617464,0.28083008
"Netflix, Inc.",NFLX,1065280,3/31/2014,1157450000,3586784000,6048106000,,,2263653000,4569748000,1478358000,1323131000,1.584511407,3.091097014,0.755566784,0.511319535
"Netflix, Inc.",NFLX,1065280,6/30/2014,1214244000,3668380000,6325822000,,,2335124000,4716117000,1609705000,1333256000,1.57095726,2.929802044,0.745534256,0.51999123
"Netflix, Inc.",NFLX,1065280,9/30/2014,1183217000,3823482000,6778329000,,,2548655000,5053455000,1724874000,1274827000,1.500195986,2.92975313,0.745531089,0.464251537
"Netflix, Inc.",NFLX,1065280,12/31/2014,1113608000,3940469000,7056651000,,,2663154000,5198943000,1857708000,1277315000,1.479624911,2.798579217,0.736743676,0.418153813
"Netflix, Inc.",NFLX,1065280,3/31/2015,2454777000,5539056000,9240626000,,,3008849000,7331412000,1909214000,2530207000,1.840921894,3.840015839,0.793389106,0.815852507
"Netflix, Inc.",NFLX,1065280,6/30/2015,2293872000,5600510000,9654861000,,,3220069000,7622786000,2032075000,2380441000,1.73925155,3.751232607,0.789528301,0.712367344
"Netflix, Inc.",NFLX,1065280,9/30/2015,2115437000,5569713000,9916267000,,,3341418000,7748949000,2167318000,2228295000,1.666871071,3.575363191,0.781438116,0.63309559
"Netflix, Inc.",NFLX,1065280,12/31/2015,1809330000,5431840000,10202871000,,,3529624000,7979445000,2223426000,1902216000,1.538928792,3.588806194,0.782078397,0.512612675
"Netflix, Inc.",NFLX,1065280,3/31/2016,1605244000,5543836000,11262274000,,,3933632000,8945041000,2317233000,1610204000,1.409342816,3.860225105,0.794248213,0.408081895
"Netflix, Inc.",NFLX,1065280,6/30/2016,1390925000,5386918000,11593507000,,,4051837000,9177673000,2415834000,1335081000,1.329500175,3.798966734,0.79162181,0.343282565
"Netflix, Inc.",NFLX,1065280,9/30/2016,969158000,5193893000,12347338000,,,4411405000,9818372000,2528966000,782488000,1.177378409,3.882366153,0.795181277,0.219693726
"Netflix, Inc.",NFLX,1065280,12/31/2016,1467576000,5720291000,13586610000,,,4586657000,10906810000,2679800000,1133634000,1.247159096,4.070008956,0.80276169,0.319966372
"Netflix, Inc.",NFLX,1065280,3/31/2017,1077824000,5660330000,14359096000,,,4911229000,11385413000,2973683000,749101000,1.152528216,3.828724514,0.792905974,0.219461157
"Netflix, Inc.",NFLX,1065280,6/30/2017,1918777000,6700785000,16517223000,,,5122945000,13404723000,3112500000,1577840000,1.307994718,4.306738313,0.811560333,0.374545696
"Netflix, Inc.",NFLX,1065280,9/30/2017,1746469000,6385348000,16951540000,,,5310677000,13624179000,3327361000,1074671000,1.202360452,4.094589977,0.80371335,0.328859955
"Netflix, Inc.",NFLX,1065280,12/31/2017,2822795000,7669974000,19012742000,,,5466312000,15430786000,3581956000,2203662000,1.403135057,4.307921705,0.811602345,0.516398442
"Netflix, Inc.",NFLX,1065280,3/31/2018,2593666000,7817576000,20152797000,,,6005587000,16132067000,4020730000,1811989000,1.301717218,4.012223402,0.800487744,0.431875519
"Netflix, Inc.",NFLX,1065280,6/30/2018,3906357000,9346889000,22663537000,,,6079641000,18166937000,4496600000,3267248000,1.537408048,4.040149669,0.801593194,0.642530867
"Netflix, Inc.",NFLX,1065280,9/30/2018,3067534000,8729981000,23366229000,,,6298240000,18356576000,5009653000,2431741000,1.386098497,3.664241016,0.785602846,0.487046222
"Netflix, Inc.",NFLX,1065280,12/31/2018,3794483000,9694135000,25974400000,,,6487320000,20735635000,5238765000,3206815000,1.494320459,3.958115128,0.798310452,0.584907635
"Netflix, Inc.",NFLX,1065280,3/31/2019,3348557000,4168907000,27218632000,,,6857807000,21515574000,5703058000,-2688900000,0.607906726,3.772638118,0.790472276,0.488283937
"Netflix, Inc.",NFLX,1065280,6/30/2019,5004247000,5877157000,30171339000,,,6933984000,24065791000,6105548000,-1056827000,0.847587332,3.941626698,0.797637486,0.721698666
"Netflix, Inc.",NFLX,1065280,9/30/2019,4435018000,5327758000,30941711000,,,7257900000,24080206000,6861505000,-1930142000,0.734063297,3.509464177,0.778244164,0.611060775
"Netflix, Inc.",NFLX,1065280,12/31/2019,5018437000,6178504000,33975712000,,,6855696000,26393555000,7582157000,-677192000,0.901221991,3.481008768,0.776835964,0.73200985
"Netflix, Inc.",NFLX,1065280,3/31/2020,5151884000,6447781000,35059910000,,,7853725000,26650616000,8409294000,-1405944000,0.820983801,3.169185903,0.76014502,0.655979678
"Netflix, Inc.",NFLX,1065280,6/30/2020,7153248000,8564139000,37175281000,,,7626418000,27840528000,9334753000,937721000,1.122956937,2.982460061,0.748898926,0.937956456
"Netflix, Inc.",NFLX,1065280,9/30/2020,8392391000,9826480000,38622543000,,,7939795000,28289220000,10333323000,1886685000,1.237623893,2.737669189,0.732453583,1.057003487
"Netflix, Inc.",NFLX,1065280,12/31/2020,8205550000,9761580000,39280359000,,,7805785000,28215119000,11065240000,1955795000,1.250557119,2.549887666,0.718300945,1.051213939
"Netflix, Inc.",NFLX,1065280,3/31/2021,8403705000,10107508000,40123014000,,,7961770000,27238934000,12884080000,2145738000,1.269505148,2.114154367,0.678885539,1.05550713
"Netflix, Inc.",NFLX,1065280,6/30/2021,7777530000,9604276000,40970969000,,,7832888000,27107098000,13863871000,1771388000,1.226147495,1.955232994,0.661617205,0.992932619
"Netflix, Inc.",NFLX,1065280,9/30/2021,7526681000,9415787000,42739857000,,,8049246000,27425240000,15314617000,1366541000,1.169772548,1.7907885,0.641678328,0.935079012
"Netflix, Inc.",NFLX,1065280,12/31/2021,6027804000,8069825000,44584663000,,,8488966000,28735415000,15849248000,-419141000,0.9506252,1.813045957,0.644513451,0.710075173
"Netflix, Inc.",NFLX,1065280,3/31/2022,6008946000,8098015000,45330904000,,,7739656000,27786865000,17544039000,358359000,1.04630167,1.583835113,0.6129784,0.776384118
"Netflix, Inc.",NFLX,1065280,6/30/2022,5819449000,7840778000,46350935000,,,7500022000,27274961000,19075974000,340756000,1.045434,1.429806992,0.588444678,0.775924257
"Netflix, Inc.",NFLX,1065280,9/30/2022,6113733000,8816903000,47562187000,,,7765924000,27034046000,20528141000,1050979000,1.135332125,1.316926165,0.56839367,0.787251202
"Netflix, Inc.",NFLX,1065280,12/31/2022,5147176000,9266473000,48594768000,,,7930974000,27817367000,20777401000,1335499000,1.168390289,1.338828037,0.572435432,0.648996706
"Netflix, Inc.",NFLX,1065280,3/31/2023,6714594000,10482623000,49490345000,,,8316070000,27662149000,21828196000,2166553000,1.260526066,1.267266841,0.558940315,0.807423939
"Netflix, Inc.",NFLX,1065280,6/30/2023,7662788000,11506336000,50817473000,,,8675805000,27985258000,22832215000,2830531000,1.326255719,1.225691769,0.550701488,0.883236541
"Netflix, Inc.",NFLX,1065280,9/30/2023,7353245000,10779474000,49501786000,,,8338718000,27394159000,22107627000,2440756000,1.292701588,1.239127067,0.553397387,0.881819603
"Netflix, Inc.",NFLX,1065280,12/31/2023,7116913000,9918133000,48731992000,,,8860655000,28143679000,20588313000,1057478000,1.119345353,1.366973535,0.577519569,0.803203939
"Netflix, Inc.",NFLX,1065280,3/31/2024,7024766000,9921313000,48827721000,,,9289217000,27462311000,21365410000,632096000,1.068046209,1.285363164,0.562432783,0.756228001
"Netflix, Inc.",NFLX,1065280,6/30/2024,6624939000,9615553000,49098895000,,,10139999000,26986202000,22112693000,-524446000,0.948279482,1.220394187,0.549629518,0.653347106
"Netflix, Inc.",NFLX,1065280,9/30/2024,7457025000,12129099000,52281844000,,,10707126000,29561108000,22720736000,1421973000,1.132806226,1.301062959,0.565418236,0.696454399
"Netflix, Inc.",NFLX,1065280,12/31/2024,7804733000,13100379000,53630374000,,,10755400000,28886807000,24743567000,2344979000,1.21802806,1.167447159,0.538627737,0.725657158
"Netflix, Inc.",NFLX,1065280,3/31/2025,7199848000,11697632000,52087644000,,,9718519000,28059571000,24028073000,1979113000,1.203643477,1.167782826,0.538699178,0.740837982
"Netflix, Inc.",NFLX,1065280,6/30/2025,8177405000,11993106000,53099664000,,,8942335000,28147765000,24951899000,3050771000,1.341160446,1.128081073,0.530093091,0.914459702
"Netflix, Inc.",NFLX,1065280,9/30/2025,9287287000,12962935000,54934835000,,,9731859000,28980800000,25954035000,3231076000,1.332010153,1.11662021,0.527548686,0.954317875
"Netflix, Inc.",NFLX,1065280,12/31/2025,9033681000,13020191000,55596993000,,,10980930000,28981505000,26615488000,2039261000,1.185709316,1.088896247,0.521278282,0.822669938
"Netflix, Inc.",NFLX,1065280,3/31/2026,12259772000,17070982000,61015914000,,,12131578000,29889515000,31126399000,4939404000,1.407152639,0.960262541,0.489864251,1.010566968
NVIDIA CORP,NVDA,1045810,1/25/2008,726969000,,,,,,,,,,,,
NVIDIA CORP,NVDA,1045810,1/27/2008,726969000,,,,,,,,,,,,
NVIDIA CORP,NVDA,1045810,7/27/2008,719143000,,,,,,,,,,,,
NVIDIA CORP,NVDA,1045810,10/26/2008,461253000,,,,,,,,,,,,
NVIDIA CORP,NVDA,1045810,1/25/2009,417688000,2167958000,3350727000,537834000,318435000,778591000,,2394652000,1389367000,2.784463216,,,0.536466515
NVIDIA CORP,NVDA,1045810,1/26/2009,417688000,,,,,,,,,,,,
NVIDIA CORP,NVDA,1045810,4/26/2009,512274000,,,,,,,,,,,,
NVIDIA CORP,NVDA,1045810,7/26/2009,523785000,2167905000,3298409000,279216000,351960000,891321000,,2247409000,1276584000,2.432238217,,,0.58765024
NVIDIA CORP,NVDA,1045810,10/25/2009,614490000,2357716000,3463574000,277643000,397820000,888806000,,2423635000,1468910000,2.652677862,,,0.69136572
NVIDIA CORP,NVDA,1045810,1/31/2010,447221000,2480830000,3585918000,330674000,374963000,784378000,,2665140000,1696452000,3.162799059,,,0.57016005
NVIDIA CORP,NVDA,1045810,5/2/2010,447262000,2726980000,3803030000,388139000,529663000,765293000,,2860645000,1961687000,3.563314966,,,0.584432368
NVIDIA CORP,NVDA,1045810,8/1/2010,377003000,2655962000,3731268000,434227000,395934000,819139000,,2760514000,1836823000,3.24238255,,,0.460243011
NVIDIA CORP,NVDA,1045810,10/31/2010,451174000,2807702000,3915579000,377812000,399502000,816489000,,2897880000,1991213000,3.438750553,,,0.552578173
NVIDIA CORP,NVDA,1045810,1/30/2011,665361000,3226950000,4495246000,345525000,348770000,942682000,,3181462000,2284268000,3.423158605,,,0.70581702
NVIDIA CORP,NVDA,1045810,5/1/2011,683633000,3496763000,4736744000,380964000,343202000,981166000,,3447808000,2515597000,3.563885214,,,0.696755697
NVIDIA CORP,NVDA,1045810,7/31/2011,532614000,3317557000,4864424000,361911000,419944000,960299000,,3689469000,2357258000,3.454712543,,,0.554633505
NVIDIA CORP,NVDA,1045810,10/30/2011,566816000,3500071000,5089043000,319602000,371261000,886684000,,3973450000,2613387000,3.94737133,,,0.639253669
NVIDIA CORP,NVDA,1045810,1/29/2012,667876000,3905358000,5552928000,340297000,336143000,929958000,,4145724000,2975400000,4.199499332,,,0.71817867
NVIDIA CORP,NVDA,1045810,4/29/2012,369135000,4032116000,5708167000,342707000,411155000,947404000,,4287428000,3084712000,4.255962609,,,0.389627867
NVIDIA CORP,NVDA,1045810,7/29/2012,499618000,4213851000,5891881000,387185000,445312000,1021960000,,4453665000,3191891000,4.12330326,,,0.488882148
NVIDIA CORP,NVDA,1045810,10/28/2012,525388000,4424827000,6075144000,428983000,444944000,991359000,,4722846000,3433468000,4.463395198,,,0.529967449
NVIDIA CORP,NVDA,1045810,1/27/2013,732786000,4775258000,6412245000,412467000,454252000,976223000,,4827703000,3799035000,4.891564735,,,0.75063382
NVIDIA CORP,NVDA,1045810,4/28/2013,561423000,4606616000,6279527000,377597000,346998000,925577000,,4824936000,3681039000,4.977020821,,,0.606565418
NVIDIA CORP,NVDA,1045810,7/28/2013,591321000,3922608000,5569592000,378280000,418123000,935791000,,4172173000,2986817000,4.191756493,,,0.631894301
NVIDIA CORP,NVDA,1045810,10/27/2013,562084000,4049841000,5711373000,380319000,447631000,985927000,,4320647000,3063914000,4.107647929,,,0.570107117
NVIDIA CORP,NVDA,1045810,1/26/2014,1152000000,5624711000,7250894000,387765000,426357000,945496000,,4456398000,4679215000,5.948952719,,,1.218408116
NVIDIA CORP,NVDA,1045810,4/27/2014,509000000,5273798000,6864663000,393280000,396438000,897945000,,4166985000,4375853000,5.873185997,,,0.566849863
NVIDIA CORP,NVDA,1045810,7/27/2014,515000000,5377586000,6933719000,387434000,469625000,868729000,,4304786000,4508857000,6.190176683,,,0.592820085
NVIDIA CORP,NVDA,1045810,10/26/2014,395000000,5341109000,6885869000,408081000,563400000,933907000,,4204593000,4407202000,5.719101581,,,0.42295432
NVIDIA CORP,NVDA,1045810,1/25/2015,497000000,5713000000,7201000000,483000000,474000000,896000000,,4418000000,4817000000,6.376116071,,,0.5546875
NVIDIA CORP,NVDA,1045810,4/26/2015,464000000,5832000000,7291000000,438000000,455000000,883000000,,4556000000,4949000000,6.604756512,,,0.525481314
NVIDIA CORP,NVDA,1045810,7/26/2015,435000000,5608000000,6979000000,441000000,514000000,936000000,,4185000000,4672000000,5.991452991,,,0.46474359
NVIDIA CORP,NVDA,1045810,10/25/2015,471000000,5834000000,7174000000,425000000,536000000,855000000,,4465000000,4979000000,6.823391813,,,0.550877193
NVIDIA CORP,NVDA,1045810,1/31/2016,596000000,6053000000,7370000000,418000000,505000000,2351000000,2814000000,4469000000,3702000000,2.574649085,0.629671067,0.381818182,0.253509145
NVIDIA CORP,NVDA,1045810,5/1/2016,547000000,5790000000,7108000000,394000000,523000000,2377000000,2833000000,4196000000,3413000000,2.4358435,0.675166826,0.398564997,0.230122003
NVIDIA CORP,NVDA,1045810,7/31/2016,426000000,6156000000,7461000000,521000000,644000000,2407000000,2909000000,4480000000,3749000000,2.557540507,0.649330357,0.389894116,0.176983797
NVIDIA CORP,NVDA,1045810,10/30/2016,1940000000,8307000000,9612000000,679000000,833000000,2041000000,4243000000,5324000000,6266000000,4.070063694,0.796957175,0.441427382,0.950514454
NVIDIA CORP,NVDA,1045810,1/29/2017,1766000000,8536000000,9841000000,794000000,826000000,1788000000,4048000000,5762000000,6748000000,4.774049217,0.702533842,0.411340311,0.987695749
NVIDIA CORP,NVDA,1045810,4/30/2017,1989000000,8116000000,9410000000,821000000,976000000,983000000,3271000000,6132000000,7133000000,8.256358087,0.533431181,0.347608927,2.023397762
NVIDIA CORP,NVDA,1045810,7/30/2017,1988000000,8070000000,9402000000,855000000,1213000000,1032000000,3427000000,5973000000,7038000000,7.819767442,0.573748535,0.364496916,1.926356589
NVIDIA CORP,NVDA,1045810,10/29/2017,2802000000,8479000000,9830000000,857000000,1167000000,1027000000,3477000000,6352000000,7452000000,8.256085686,0.54738665,0.353713123,2.728334956
NVIDIA CORP,NVDA,1045810,1/28/2018,4002000000,9255000000,11241000000,796000000,1265000000,1153000000,3770000000,7471000000,8102000000,8.026886383,0.504617856,0.335379415,3.47094536
NVIDIA CORP,NVDA,1045810,4/29/2018,765000000,9448000000,11460000000,797000000,1220000000,1106000000,3743000000,7717000000,8342000000,8.542495479,0.485033044,0.326614311,0.691681736
NVIDIA CORP,NVDA,1045810,7/29/2018,718000000,10831000000,12882000000,1090000000,1662000000,1462000000,4087000000,8795000000,9369000000,7.408344733,0.46469585,0.3172644,0.491108071
NVIDIA CORP,NVDA,1045810,10/28/2018,721000000,11386000000,13657000000,1417000000,2219000000,1608000000,4182000000,9475000000,9778000000,7.080845771,0.441372032,0.306216592,0.448383085
NVIDIA CORP,NVDA,1045810,1/27/2019,782000000,10557000000,13292000000,1575000000,1424000000,1329000000,3950000000,9342000000,9228000000,7.943566591,0.422821666,0.297171231,0.58841234
NVIDIA CORP,NVDA,1045810,4/28/2019,2772000000,10629000000,14021000000,1426000000,1242000000,1183000000,4317000000,9704000000,9446000000,8.984784446,0.444868096,0.3078953,2.343195266
NVIDIA CORP,NVDA,1045810,7/28/2019,7105000000,11391000000,14775000000,1204000000,1561000000,1317000000,4439000000,10336000000,10074000000,8.649202733,0.429469814,0.300439932,5.39483675
NVIDIA CORP,NVDA,1045810,10/27/2019,9765000000,12420000000,15810000000,1047000000,1455000000,1475000000,4596000000,11214000000,10945000000,8.420338983,0.409844837,0.290702087,6.620338983
NVIDIA CORP,NVDA,1045810,1/26/2020,10896000000,13690000000,17315000000,979000000,1657000000,1784000000,5111000000,12204000000,11906000000,7.673766816,0.418797116,0.295177592,6.107623318
NVIDIA CORP,NVDA,1045810,4/26/2020,15494000000,19584000000,23254000000,1128000000,1907000000,1903000000,10155000000,13099000000,17681000000,10.29111929,0.775250019,0.436699063,8.14188124
NVIDIA CORP,NVDA,1045810,7/26/2020,3274000000,14681000000,25180000000,1401000000,2084000000,2410000000,11266000000,13914000000,12271000000,6.091701245,0.809688084,0.447418586,1.358506224
NVIDIA CORP,NVDA,1045810,10/25/2020,2251000000,14393000000,26881000000,1495000000,2546000000,3669000000,11547000000,15334000000,10724000000,3.922867266,0.753032477,0.429559912,0.61351867
NVIDIA CORP,NVDA,1045810,1/31/2021,847000000,16055000000,28791000000,1826000000,2429000000,3925000000,11898000000,16893000000,12130000000,4.09044586,0.704315397,0.413254142,0.215796178
NVIDIA CORP,NVDA,1045810,5/2/2021,978000000,18127000000,30796000000,1992000000,3024000000,4004000000,12022000000,18774000000,14123000000,4.527222777,0.640353681,0.390375373,0.244255744
NVIDIA CORP,NVDA,1045810,8/1/2021,5628000000,25806000000,38650000000,2114000000,3586000000,4448000000,17503000000,21147000000,21358000000,5.801708633,0.827682414,0.452858991,1.26528777
NVIDIA CORP,NVDA,1045810,10/31/2021,1288000000,25806000000,40632000000,2233000000,3954000000,3612000000,16834000000,23798000000,22194000000,7.144518272,0.707370367,0.414303997,0.356589147
NVIDIA CORP,NVDA,1045810,1/30/2022,1990000000,28829000000,44187000000,2605000000,4650000000,4335000000,17575000000,26612000000,24494000000,6.650288351,0.660416354,0.397741417,0.45905421
NVIDIA CORP,NVDA,1045810,5/1/2022,3887000000,29575000000,45212000000,3163000000,5438000000,5562000000,18892000000,26320000000,24013000000,5.317331895,0.717781155,0.417853667,0.698849335
NVIDIA CORP,NVDA,1045810,7/31/2022,3013000000,27418000000,43476000000,3889000000,5317000000,7573000000,19625000000,23851000000,19845000000,3.62049386,0.822816653,0.451398473,0.397860821
NVIDIA CORP,NVDA,1045810,10/30/2022,2800000000,23223000000,40488000000,4454000000,4908000000,6855000000,19139000000,21349000000,16368000000,3.387746171,0.896482271,0.472707963,0.408460977
NVIDIA CORP,NVDA,1045810,1/29/2023,3389000000,23073000000,41182000000,5159000000,3827000000,6563000000,19081000000,22101000000,16510000000,3.515617858,0.863354599,0.463333495,0.516379704
NVIDIA CORP,NVDA,1045810,4/30/2023,5079000000,24883000000,44460000000,4611000000,4080000000,7260000000,19940000000,24520000000,17623000000,3.427410468,0.813213703,0.448493027,0.699586777
NVIDIA CORP,NVDA,1045810,7/30/2023,5783000000,28797000000,49555000000,4319000000,7066000000,10334000000,22054000000,27501000000,18463000000,2.786626669,0.801934475,0.445040864,0.559609057
NVIDIA CORP,NVDA,1045810,10/29/2023,5519000000,32658000000,54148000000,4779000000,8309000000,9101000000,20883000000,33265000000,23557000000,3.588396879,0.627776943,0.385665214,0.606416877
NVIDIA CORP,NVDA,1045810,1/28/2024,7280000000,44345000000,65728000000,5282000000,9999000000,10631000000,22750000000,42978000000,33714000000,4.171291506,0.529340593,0.346123418,0.684789766
NVIDIA CORP,NVDA,1045810,4/28/2024,7587000000,53729000000,77072000000,5864000000,12365000000,15223000000,27930000000,49142000000,38506000000,3.529461998,0.568352936,0.362388416,0.498390593
NVIDIA CORP,NVDA,1045810,7/28/2024,8563000000,59633000000,85227000000,6675000000,14132000000,13969000000,27070000000,58157000000,45664000000,4.268952681,0.465464175,0.31762235,0.613000215
NVIDIA CORP,NVDA,1045810,10/27/2024,9107000000,67640000000,96013000000,7654000000,17693000000,16479000000,30114000000,65899000000,51161000000,4.104617999,0.456972033,0.313645027,0.552642757
NVIDIA CORP,NVDA,1045810,1/26/2025,8589000000,80126000000,1.11601E+11,10080000000,23065000000,18047000000,32274000000,79327000000,62079000000,4.439851499,0.406847605,0.289190957,0.475923976
NVIDIA CORP,NVDA,1045810,4/27/2025,15234000000,89935000000,1.25254E+11,11333000000,22132000000,26542000000,41411000000,83843000000,63393000000,3.388403285,0.493911239,0.330616188,0.573958255
NVIDIA CORP,NVDA,1045810,7/27/2025,11639000000,1.02219E+11,1.4074E+11,14962000000,27808000000,24257000000,40609000000,1.00131E+11,77962000000,4.214000082,0.405558718,0.28853915,0.479820258
NVIDIA CORP,NVDA,1045810,10/26/2025,11486000000,1.16492E+11,1.61148E+11,19784000000,33391000000,26075000000,42251000000,1.18897E+11,90417000000,4.467574305,0.355357999,0.262187554,0.440498562
NVIDIA CORP,NVDA,1045810,1/25/2026,10605000000,1.25605E+11,2.06803E+11,21403000000,38466000000,32163000000,49510000000,1.57293E+11,93442000000,3.905263812,0.314762895,0.239406585,0.329726705
NVIDIA CORP,NVDA,1045810,4/26/2026,13237000000,1.50995E+11,2.59474E+11,25797000000,40710000000,43884000000,64000000000,1.95474E+11,1.07111E+11,3.440775681,0.327409272,0.246652844,0.301636132
"Tesla, Inc.",TSLA,1318605,12/31/2009,69627000,,,,,,,,,,,,
"Tesla, Inc.",TSLA,1318605,6/30/2010,47304000,,,,,,,,,,,,
"Tesla, Inc.",TSLA,1318605,9/30/2010,96563000,,,,,,,,,,,,
"Tesla, Inc.",TSLA,1318605,12/31/2010,99558000,235886000,386082000,45182000,6710000,85565000,179034000,207048000,150321000,2.756804768,0.864698041,0.463720142,1.163536493
"Tesla, Inc.",TSLA,1318605,3/31/2011,100655000,,,,,,,,,,,,
"Tesla, Inc.",TSLA,1318605,6/30/2011,319380000,417758000,646155000,54312000,23308000,138736000,297703000,348452000,279022000,3.011172298,0.854358707,0.460730011,2.302070119
"Tesla, Inc.",TSLA,1318605,9/30/2011,213328000,412121000,700250000,49216000,18250000,154181000,406132000,294118000,257940000,2.672968783,1.380847143,0.579981435,1.38362055
"Tesla, Inc.",TSLA,1318605,12/31/2011,255266000,372838000,713448000,50082000,9539000,191339000,489403000,224045000,181499000,1.948572952,2.184395992,0.685968704,1.334103345
"Tesla, Inc.",TSLA,1318605,3/31/2012,218570000,358897000,761100000,55427000,13589000,235722000,607226000,153874000,123175000,1.522543505,3.946254728,0.79782683,0.927236321
"Tesla, Inc.",TSLA,1318605,6/30/2012,210554000,317126000,776869000,66669000,11023000,286526000,714654000,62215000,30600000,1.106796591,11.48684401,0.919915713,0.734851287
"Tesla, Inc.",TSLA,1318605,9/30/2012,85693000,284541000,809177000,159048000,9164000,385806000,837052000,-27875000,-101265000,0.737523522,-30.0287713,1.034448582,0.222114223
"Tesla, Inc.",TSLA,1318605,12/31/2012,201890000,524768000,1114190000,268504000,26842000,539108000,989490000,124700000,-14340000,0.973400506,7.934963913,0.88808013,0.374488971
"Tesla, Inc.",TSLA,1318605,3/31/2013,214417000,525993000,1143778000,237618000,46139000,535623000,975195000,168583000,-9630000,0.982020936,5.784658002,0.852608636,0.40031328
"Tesla, Inc.",TSLA,1318605,6/30/2013,746057000,1129542000,1887844000,254891000,113544000,486545000,1258418000,629426000,642997000,2.321557102,1.999310483,0.666590036,1.53337718
"Tesla, Inc.",TSLA,1318605,9/30/2013,795116000,1218766000,2166209000,347545000,47580000,1169459000,1524546000,564165000,49307000,1.042162231,2.702305177,0.703785276,0.679900706
"Tesla, Inc.",TSLA,1318605,12/31/2013,845889000,1265939000,2416930000,340355000,49109000,675160000,1749810000,667120000,590779000,1.875020736,2.622931407,0.723980421,1.252871912
"Tesla, Inc.",TSLA,1318605,3/31/2014,2393908000,3156047000,4500410000,450730000,72380000,1413470000,3518412000,912056000,1742577000,2.232836212,3.85767102,0.781798103,1.693639058
"Tesla, Inc.",TSLA,1318605,6/30/2014,2674910000,3441694000,5054463000,596927000,96607000,1575850000,4036047000,952333000,1865844000,2.18402386,4.238062736,0.798511533,1.697439477
"Tesla, Inc.",TSLA,1318605,9/30/2014,2370735000,3362914000,5437533000,752492000,156889000,1839777000,4417278000,958094000,1523137000,1.827892185,4.610484984,0.812368035,1.288599107
"Tesla, Inc.",TSLA,1318605,12/31/2014,1905713000,3198657000,5849251000,953675000,226604000,2107166000,4879345000,911710000,1091491000,1.51799004,5.351860789,0.834182872,0.904396236
"Tesla, Inc.",TSLA,1318605,3/31/2015,1510076000,2921417000,6120030000,1054840000,200052000,2192381000,5239756000,825997000,729036000,1.332531617,6.343553306,0.856165084,0.688783565
"Tesla, Inc.",TSLA,1318605,6/30/2015,1150673000,2628621000,6468185000,1212279000,138648000,2384388000,5701978000,715934000,244233000,1.102430058,7.964390572,0.881542195,0.482586307
"Tesla, Inc.",TSLA,1318605,9/30/2015,1426036000,2998795000,7547497000,1293717000,119964000,2553771000,6186660000,1314656000,445024000,1.174261514,4.705915464,0.819696914,0.558404023
"Tesla, Inc.",TSLA,1318605,12/31/2015,1196908000,2782006000,8067939000,1277838000,168965000,2811035000,6936950000,1083704000,-29029000,0.989673199,6.401148284,0.859816863,0.425789078
"Tesla, Inc.",TSLA,1318605,3/31/2016,1441789000,3239543000,9191702000,1301961000,318056000,3187699000,8178711000,970365000,51844000,1.016263769,8.42848928,0.889792881,0.452297723
"Tesla, Inc.",TSLA,1318605,6/30/2016,3246301000,5203705000,11868952000,1609607000,178594000,3766404000,9311512000,2520294000,1437301000,1.381610948,3.694613406,0.78452689,0.861909928
"Tesla, Inc.",TSLA,1318605,9/30/2016,3084257000,5172412000,12592397000,1604571000,326895000,4082390000,9900639000,2680488000,1090022000,1.267005847,3.693595718,0.786239427,0.755502781
"Tesla, Inc.",TSLA,1318605,12/31/2016,3393216000,6259796000,22664076000,2067454000,499142000,5827005000,16750167000,4752911000,432791000,1.074273319,3.524191175,0.739062426,0.582325912
"Tesla, Inc.",TSLA,1318605,3/31/2017,4006593000,7027889000,25053726000,2220336000,440349000,6245439000,18885353000,4987719000,782450000,1.125283427,3.786370684,0.753794186,0.641523038
"Tesla, Inc.",TSLA,1318605,6/30/2017,3035924000,6359444000,26043705000,2438111000,453539000,6546355000,19459902000,5105752000,-186911000,0.971448081,3.811368433,0.747201752,0.463757923
"Tesla, Inc.",TSLA,1318605,9/30/2017,3530030000,7068733000,28107074000,2471382000,607734000,6468940000,21929057000,4711480000,599793000,1.0927189,4.654388218,0.780197078,0.545689093
"Tesla, Inc.",TSLA,1318605,12/31/2017,3368000000,6570520000,28655372000,2263537000,515381000,7674670000,23022980000,4237242000,-1104150000,0.856130622,5.43348244,0.803443766,0.438846231
"Tesla, Inc.",TSLA,1318605,3/31/2018,2665673000,6383920000,27271429000,2565826000,652848000,8650359000,21551021000,4450695000,-2266439000,0.737994805,4.842169818,0.790241721,0.3081575
"Tesla, Inc.",TSLA,1318605,6/30/2018,2236424000,6699797000,27910000000,3324643000,569874000,9141362000,22642887000,3906421000,-2441565000,0.732910151,5.796325332,0.811282229,0.244648883
"Tesla, Inc.",TSLA,1318605,9/30/2018,2967000000,7920491000,29262713000,3314127000,1155001000,9775324000,23409144000,4508838000,-1854833000,0.810253553,5.191835236,0.799964925,0.303519351
"Tesla, Inc.",TSLA,1318605,12/31/2018,3686000000,8307000000,29740000000,3113000000,949000000,9993000000,23427000000,4923000000,-1686000000,0.831281897,4.758683729,0.787726967,0.368858201
"Tesla, Inc.",TSLA,1318605,3/31/2019,2198000000,7677822000,28912524000,3836850000,1046945000,9242800000,22874618000,4605596000,-1564978000,0.830681395,4.966700944,0.791166416,0.237806725
"Tesla, Inc.",TSLA,1318605,6/30/2019,4955000000,10181952000,31872597000,3382358000,1147100000,9588773000,24722136000,5715393000,593179000,1.061861825,4.325535619,0.775654899,0.516750162
"Tesla, Inc.",TSLA,1318605,9/30/2019,5338000000,10940000000,32795000000,3581000000,1128000000,10146000000,25313000000,6040000000,794000000,1.078257441,4.19089404,0.771855466,0.526118667
"Tesla, Inc.",TSLA,1318605,12/31/2019,6268000000,12103000000,34309000000,3552000000,1324000000,10667000000,26199000000,6618000000,1436000000,1.134620793,3.958748867,0.763618876,0.587606637
"Tesla, Inc.",TSLA,1318605,3/31/2020,8080000000,14893000000,37250000000,4494000000,1274000000,11986000000,26518000000,9173000000,2907000000,1.242532955,2.890875395,0.711892617,0.674119806
"Tesla, Inc.",TSLA,1318605,6/30/2020,8615000000,15336000000,38135000000,4018000000,1485000000,12270000000,26754000000,9855000000,3066000000,1.249877751,2.714764079,0.701560246,0.702118989
"Tesla, Inc.",TSLA,1318605,9/30/2020,14531000000,21744000000,45691000000,4218000000,1757000000,13302000000,28143000000,16031000000,8442000000,1.634641407,1.755536149,0.61594187,1.092392121
"Tesla, Inc.",TSLA,1318605,12/31/2020,19384000000,26717000000,52148000000,4101000000,1886000000,14248000000,28418000000,22225000000,12469000000,1.875140371,1.278650169,0.544948991,1.360471645
"Tesla, Inc.",TSLA,1318605,3/31/2021,17141000000,24705000000,52972000000,4132000000,1890000000,14877000000,28507000000,23017000000,9828000000,1.66061706,1.238519355,0.538152231,1.152181219
"Tesla, Inc.",TSLA,1318605,6/30/2021,16229000000,24693000000,55146000000,4733000000,2129000000,16371000000,28896000000,24804000000,8322000000,1.508337915,1.164973391,0.523990861,0.991326125
"Tesla, Inc.",TSLA,1318605,9/30/2021,16065000000,25002000000,57834000000,5199000000,1962000000,18051000000,29340000000,27053000000,6951000000,1.385075619,1.084537759,0.507314037,0.889978395
"Tesla, Inc.",TSLA,1318605,12/31/2021,17576000000,27100000000,62131000000,5757000000,1913000000,19705000000,30548000000,30189000000,7395000000,1.375285461,1.011891749,0.491670825,0.891956356
"Tesla, Inc.",TSLA,1318605,3/31/2022,17505000000,29050000000,66038000000,6691000000,2311000000,21455000000,30632000000,34085000000,7595000000,1.353996737,0.89869444,0.463854145,0.815893731
"Tesla, Inc.",TSLA,1318605,6/30/2022,18324000000,31222000000,68513000000,8108000000,2081000000,21821000000,30855000000,36376000000,9401000000,1.430823519,0.848224104,0.450352488,0.839741533
"Tesla, Inc.",TSLA,1318605,9/30/2022,19532000000,35990000000,74426000000,10327000000,2192000000,24611000000,33302000000,39851000000,11379000000,1.462354232,0.835662844,0.44745116,0.793628865
"Tesla, Inc.",TSLA,1318605,12/31/2022,16253000000,40917000000,82338000000,12839000000,2952000000,26709000000,36440000000,44704000000,14208000000,1.531955521,0.815139585,0.442566008,0.608521472
"Tesla, Inc.",TSLA,1318605,3/31/2023,16048000000,42997000000,86833000000,14375000000,2993000000,27436000000,37598000000,48054000000,15561000000,1.567174515,0.782411454,0.432992065,0.584924916
"Tesla, Inc.",TSLA,1318605,6/30/2023,15296000000,43875000000,90591000000,14356000000,3447000000,27592000000,38409000000,51130000000,16283000000,1.590134822,0.751202816,0.423982515,0.554363584
"Tesla, Inc.",TSLA,1318605,9/30/2023,15932000000,45026000000,93941000000,13721000000,2520000000,26640000000,39446000000,53466000000,18386000000,1.690165165,0.737777279,0.419901853,0.598048048
"Tesla, Inc.",TSLA,1318605,12/31/2023,16398000000,49616000000,1.06618E+11,13626000000,3508000000,28748000000,43009000000,62634000000,20868000000,1.725893975,0.686671776,0.403393423,0.570404898
"Tesla, Inc.",TSLA,1318605,3/31/2024,11805000000,50535000000,1.09226E+11,16033000000,3887000000,29453000000,44046000000,64378000000,21082000000,1.71578447,0.684177825,0.403255635,0.400808067
"Tesla, Inc.",TSLA,1318605,6/30/2024,14635000000,52977000000,1.12832E+11,14195000000,3737000000,27729000000,45569000000,66468000000,25248000000,1.910526885,0.685578023,0.403865925,0.527786794
"Tesla, Inc.",TSLA,1318605,9/30/2024,18111000000,56379000000,1.19852E+11,14530000000,3313000000,30577000000,49142000000,69931000000,25802000000,1.843836871,0.702721254,0.410022361,0.592307944
"Tesla, Inc.",TSLA,1318605,12/31/2024,16139000000,58360000000,1.2207E+11,12017000000,4418000000,28821000000,48390000000,72913000000,29539000000,2.02491239,0.663667659,0.396411895,0.55997363
"Tesla, Inc.",TSLA,1318605,3/31/2025,16352000000,59389000000,1.25111E+11,13706000000,3782000000,29753000000,49693000000,74653000000,29636000000,1.996067623,0.665653088,0.397191294,0.549591638
"Tesla, Inc.",TSLA,1318605,6/30/2025,15587000000,61133000000,1.28567E+11,14570000000,3838000000,30008000000,50495000000,77314000000,31125000000,2.037223407,0.653115865,0.392752417,0.519428152
"Tesla, Inc.",TSLA,1318605,9/30/2025,18289000000,64653000000,1.33735E+11,12276000000,4703000000,31290000000,53019000000,79970000000,33363000000,2.066251198,0.66298612,0.3964482,0.58449984
"Tesla, Inc.",TSLA,1318605,12/31/2025,16513000000,68642000000,1.37806E+11,12392000000,4576000000,31714000000,54941000000,82137000000,36928000000,2.164406887,0.668894652,0.398683657,0.520684871
"Tesla, Inc.",TSLA,1318605,3/31/2026,16603000000,69748000000,1.43724E+11,14434000000,3959000000,34138000000,58922000000,84116000000,35610000000,2.043119105,0.700485044,0.409966324,0.486349523
