ticker,cik,company,sic_code,sic_description,target_sector
NVDA,1045810,NVIDIA CORP,3674,Semiconductors & Related Devices,Industrials
AAPL,320193,Apple Inc.,3571,Electronic Computers,Technology
GOOGL,1652044,Alphabet Inc.,7370,"Services-Computer Programming, Data Processing, Etc.",Technology
MSFT,789019,MICROSOFT CORP,7372,Services-Prepackaged Software,Technology
AMZN,1018724,AMAZON COM INC,5961,Retail-Catalog & Mail-Order Houses,Retail
AVGO,1730168,Broadcom Inc.,3674,Semiconductors & Related Devices,Industrials
META,1326801,"Meta Platforms, Inc.",7370,"Services-Computer Programming, Data Processing, Etc.",Technology
TSLA,1318605,"Tesla, Inc.",3711,Motor Vehicles & Passenger Car Bodies,Industrials
MU,723125,MICRON TECHNOLOGY INC,3674,Semiconductors & Related Devices,Industrials
BRK-B,1067983,BERKSHIRE HATHAWAY INC,6331,"Fire, Marine & Casualty Insurance",Other / Financial / Services
LLY,59478,ELI LILLY & Co,2834,Pharmaceutical Preparations,Healthcare
AMD,2488,ADVANCED MICRO DEVICES INC,3674,Semiconductors & Related Devices,Industrials
WMT,104169,Walmart Inc.,5331,Retail-Variety Stores,Retail
JPM,19617,JPMORGAN CHASE & CO,6021,National Commercial Banks,Other / Financial / Services
ASML,937966,ASML HOLDING NV,3559,"Special Industry Machinery, NEC",Industrials
V,1403161,VISA INC.,7389,"Services-Business Services, NEC",Other / Financial / Services
JNJ,200406,JOHNSON & JOHNSON,2834,Pharmaceutical Preparations,Healthcare
XOM,2115436,ExxonMobil Holdings Corp,2911,Petroleum Refining,Energy
INTC,50863,INTEL CORP,3674,Semiconductors & Related Devices,Industrials
AMAT,6951,APPLIED MATERIALS INC /DE,3674,Semiconductors & Related Devices,Industrials
CSCO,858877,"CISCO SYSTEMS, INC.",3576,Computer Communications Equipment,Technology
MA,1141391,Mastercard Inc,7389,"Services-Business Services, NEC",Other / Financial / Services
LRCX,707549,LAM RESEARCH CORP,3559,"Special Industry Machinery, NEC",Industrials
CAT,18230,CATERPILLAR INC,3531,Construction Machinery & Equip,Industrials
ABBV,1551152,AbbVie Inc.,2834,Pharmaceutical Preparations,Healthcare
BAC,70858,BANK OF AMERICA CORP /DE/,6021,National Commercial Banks,Other / Financial / Services
ORCL,1341439,ORACLE CORP,7372,Services-Prepackaged Software,Technology
COST,909832,COSTCO WHOLESALE CORP /NEW,5331,Retail-Variety Stores,Retail
UNH,731766,UNITEDHEALTH GROUP INC,6324,Hospital & Medical Service Plans,Other / Financial / Services
GE,40545,GENERAL ELECTRIC CO,3600,Electronic & Other Electrical Equipment (No Computer Equip),Industrials
KO,21344,COCA COLA CO,2080,Beverages,Consumer Goods
MS,895421,MORGAN STANLEY,6211,"Security Brokers, Dealers & Flotation Companies",Other / Financial / Services
CVX,93410,CHEVRON CORP,2911,Petroleum Refining,Energy
ARM,1973239,ARM HOLDINGS PLC /UK,3674,Semiconductors & Related Devices,Industrials
CYATY,2070829,"Contemporary Amperex Technology Co., Limited/ADR",,,Unknown
PG,80424,PROCTER & GAMBLE Co,2840,"Soap, Detergents, Cleang Preparations, Perfumes, Cosmetics",Manufacturing
HD,354950,"HOME DEPOT, INC.",5211,Retail-Lumber & Other Building Materials Dealers,Retail
HSBC,1089113,HSBC HOLDINGS PLC,6035,"Savings Institution, Federally Chartered",Other / Financial / Services
GS,886982,GOLDMAN SACHS GROUP INC,6211,"Security Brokers, Dealers & Flotation Companies",Other / Financial / Services
NFLX,1065280,NETFLIX INC,7841,Services-Video Tape Rental,Other / Financial / Services
MRK,310158,"Merck & Co., Inc.",2834,Pharmaceutical Preparations,Healthcare
PLTR,1321655,Palantir Technologies Inc.,7372,Services-Prepackaged Software,Technology
KLAC,319201,KLA CORP,3827,Optical Instruments & Lenses,Manufacturing
GEV,1996810,GE Vernova Inc.,3600,Electronic & Other Electrical Equipment (No Computer Equip),Industrials
NVS,1114448,NOVARTIS AG,2834,Pharmaceutical Preparations,Healthcare
RY,1000275,ROYAL BANK OF CANADA,6029,"Commercial Banks, NEC",Other / Financial / Services
SNDK,2023554,Sandisk Corp,3572,Computer Storage Devices,Technology
DELL,1571996,Dell Technologies Inc.,3571,Electronic Computers,Technology
TXN,97476,TEXAS INSTRUMENTS INC,3674,Semiconductors & Related Devices,Industrials
PM,1413329,Philip Morris International Inc.,2111,Cigarettes,Consumer Goods
IBM,51143,INTERNATIONAL BUSINESS MACHINES CORP,3570,Computer & office Equipment,Technology
BABA,1577552,Alibaba Group Holding Ltd,7389,"Services-Business Services, NEC",Other / Financial / Services
AZN,901832,ASTRAZENECA PLC,2834,Pharmaceutical Preparations,Healthcare
WFC,72971,WELLS FARGO & COMPANY/MN,6021,National Commercial Banks,Other / Financial / Services
KXIAY,2053383,Kioxia Holdings Corporation/ADR,,,Unknown
PANW,1327567,Palo Alto Networks Inc,3577,"Computer Peripheral Equipment, NEC",Technology
RTX,101829,RTX Corp,3724,Aircraft Engines & Engine Parts,Industrials
LIN,1707925,LINDE PLC,2810,Industrial Inorganic Chemicals,Manufacturing
MUFG,67088,MITSUBISHI UFJ FINANCIAL GROUP INC,6029,"Commercial Banks, NEC",Other / Financial / Services
C,831001,CITIGROUP INC,6021,National Commercial Banks,Other / Financial / Services
AXP,4962,AMERICAN EXPRESS CO,6199,Finance Services,Other / Financial / Services
ANET,1596532,"Arista Networks, Inc.",3576,Computer Communications Equipment,Technology
SHEL,1306965,Shell plc,1311,Crude Petroleum & Natural Gas,Energy
NVO,353278,NOVO NORDISK A S,2834,Pharmaceutical Preparations,Healthcare
TM,1094517,TOYOTA MOTOR CORP/,3711,Motor Vehicles & Passenger Car Bodies,Industrials
BHP,811809,BHP Group Ltd,1000,Metal Mining,Other / Financial / Services
STX,1137789,Seagate Technology Holdings plc,3572,Computer Storage Devices,Technology
MRVL,1835632,"Marvell Technology, Inc.",3674,Semiconductors & Related Devices,Industrials
TMUS,1283699,"T-Mobile US, Inc.",4812,Radiotelephone Communications,Other / Financial / Services
WDC,106040,WESTERN DIGITAL CORP,3572,Computer Storage Devices,Technology
SAN,891478,"Banco Santander, S.A.",6029,"Commercial Banks, NEC",Other / Financial / Services
TD,947263,TORONTO DOMINION BANK,6029,"Commercial Banks, NEC",Other / Financial / Services
QCOM,804328,QUALCOMM INC/DE,3663,Radio & Tv Broadcasting & Communications Equipment,Industrials
MCD,63908,MCDONALDS CORP,5812,Retail-Eating  Places,Retail
APH,820313,AMPHENOL CORP /DE/,3678,Electronic Connectors,Industrials
AMGN,318154,AMGEN INC,2836,"Biological Products, (No Diagnostic Substances)",Healthcare
TMO,97745,THERMO FISHER SCIENTIFIC INC.,3829,"Measuring & Controlling Devices, NEC",Manufacturing
ADI,6281,ANALOG DEVICES INC,3674,Semiconductors & Related Devices,Industrials
CRWD,1535527,"CrowdStrike Holdings, Inc.",7372,Services-Prepackaged Software,Technology
PEP,77476,PEPSICO INC,2080,Beverages,Consumer Goods
SAP,1000184,SAP SE,7372,Services-Prepackaged Software,Technology
NEE,753308,NEXTERA ENERGY INC,4911,Electric Services,Energy
RTNTF,887028,RIO TINTO LTD,1000,Metal Mining,Other / Financial / Services
SCHW,316709,SCHWAB CHARLES CORP,6211,"Security Brokers, Dealers & Flotation Companies",Other / Financial / Services
VZ,732712,VERIZON COMMUNICATIONS INC,4813,Telephone Communications (No Radiotelephone),Other / Financial / Services
BA,12927,BOEING CO,3721,Aircraft,Industrials
TTE,879764,TotalEnergies SE,1311,Crude Petroleum & Natural Gas,Energy
UNP,100885,UNION PACIFIC CORP,4011,"Railroads, Line-Haul Operating",Other / Financial / Services
UBS,1610520,UBS Group AG,6021,National Commercial Banks,Other / Financial / Services
APP,1751008,AppLovin Corp,7370,"Services-Computer Programming, Data Processing, Etc.",Technology
BLK,2012383,"BlackRock, Inc.",6211,"Security Brokers, Dealers & Flotation Companies",Other / Financial / Services
TJX,109198,TJX COMPANIES INC /DE/,5651,Retail-Family Clothing Stores,Retail
DIS,1744489,Walt Disney Co,7990,Services-Miscellaneous Amusement & Recreation,Other / Financial / Services
SMFG,1022837,"SUMITOMO MITSUI FINANCIAL GROUP, INC.",6029,"Commercial Banks, NEC",Other / Financial / Services
GLW,24741,CORNING INC /NY,3357,Drawing & Insulating of  Nonferrous Wire,Manufacturing
ABT,1800,ABBOTT LABORATORIES,2834,Pharmaceutical Preparations,Healthcare
WELL,766704,WELLTOWER INC.,6798,Real Estate Investment Trusts,Other / Financial / Services
GILD,882095,"GILEAD SCIENCES, INC.",2836,"Biological Products, (No Diagnostic Substances)",Healthcare
IBKR,1381197,"Interactive Brokers Group, Inc.",6211,"Security Brokers, Dealers & Flotation Companies",Other / Financial / Services
SHOP,1594805,SHOPIFY INC.,7372,Services-Prepackaged Software,Technology
DE,315189,DEERE & CO,3523,Farm Machinery & Equipment,Industrials
ETN,1551182,Eaton Corp plc,3590,Misc Industrial & Commercial Machinery & Equipment,Industrials
BUD,1668717,Anheuser-Busch InBev SA/NV,2082,Malt Beverages,Consumer Goods
UBER,1543151,"Uber Technologies, Inc",7389,"Services-Business Services, NEC",Other / Financial / Services
BX,1393818,Blackstone Inc.,6282,Investment Advice,Other / Financial / Services
SMERY,1830056,Siemens Energy AG/ADR,,,Unknown
RIO,863064,RIO TINTO PLC,1000,Metal Mining,Other / Financial / Services
T,732717,AT&T INC.,4813,Telephone Communications (No Radiotelephone),Other / Financial / Services
SCCO,1001838,SOUTHERN COPPER CORP/,1000,Metal Mining,Other / Financial / Services
DTEGY,946770,DEUTSCHE TELEKOM AG,4812,Radiotelephone Communications,Other / Financial / Services
ISRG,1035267,INTUITIVE SURGICAL INC,3842,"Orthopedic, Prosthetic & Surgical Appliances & Supplies",Healthcare
BBVA,842180,"BANCO BILBAO VIZCAYA ARGENTARIA, S.A.",6029,"Commercial Banks, NEC",Other / Financial / Services
DHR,313616,DANAHER CORP /DE/,3823,"Industrial Instruments For Measurement, Display, and Control",Manufacturing
PFE,78003,PFIZER INC,2834,Pharmaceutical Preparations,Healthcare
BKNG,1075531,Booking Holdings Inc.,4700,Transportation Services,Other / Financial / Services
HDB,1144967,HDFC BANK LTD,6029,"Commercial Banks, NEC",Other / Financial / Services
ATEYY,1158838,ADVANTEST CORP,3674,Semiconductors & Related Devices,Industrials
CB,896159,Chubb Ltd,6331,"Fire, Marine & Casualty Insurance",Other / Financial / Services
PGR,80661,PROGRESSIVE CORP/OH/,6331,"Fire, Marine & Casualty Insurance",Other / Financial / Services
CRM,1108524,"Salesforce, Inc.",7372,Services-Prepackaged Software,Technology
PLD,1045609,"Prologis, Inc.",6798,Real Estate Investment Trusts,Other / Financial / Services
UL,217410,UNILEVER PLC,2840,"Soap, Detergents, Cleang Preparations, Perfumes, Cosmetics",Manufacturing
CVS,64803,CVS HEALTH Corp,5912,Retail-Drug Stores and Proprietary Stores,Retail
HTHIY,47710,HITACHI LTD,1600,Heavy Construction Other Than Bldg Const - Contractors,Other / Financial / Services
COP,1163165,CONOCOPHILLIPS,2911,Petroleum Refining,Energy
BTI,1303523,British American Tobacco p.l.c.,2111,Cigarettes,Consumer Goods
MFG,1335730,MIZUHO FINANCIAL GROUP INC,6021,National Commercial Banks,Other / Financial / Services
SPGI,64040,S&P Global Inc.,7320,"Services-Consumer Credit Reporting, Collection Agencies",Other / Financial / Services
SYK,310764,STRYKER CORP,3841,Surgical & Medical Instruments & Apparatus,Healthcare
BMO,927971,BANK OF MONTREAL /CAN/,6029,"Commercial Banks, NEC",Other / Financial / Services
COF,927628,CAPITAL ONE FINANCIAL CORP,6021,National Commercial Banks,Other / Financial / Services
VRT,1674101,Vertiv Holdings Co,3679,"Electronic Components, NEC",Industrials
VRTX,875320,VERTEX PHARMACEUTICALS INC / MA,2834,Pharmaceutical Preparations,Healthcare
SONY,313838,Sony Group Corp,3651,Household Audio & Video Equipment,Industrials
PDD,1737806,PDD Holdings Inc.,7389,"Services-Business Services, NEC",Other / Financial / Services
PH,76334,Parker-Hannifin Corp,3490,Miscellaneous Fabricated Metal Products,Manufacturing
SBUX,829224,STARBUCKS CORP,5810,Retail-Eating & Drinking Places,Retail
LMT,936468,LOCKHEED MARTIN CORP,3760,Guided Missiles & Space Vehicles & Parts,Industrials
MO,764180,"ALTRIA GROUP, INC.",2111,Cigarettes,Consumer Goods
LOW,60667,LOWES COMPANIES INC,5211,Retail-Lumber & Other Building Materials Dealers,Retail
ENB,895728,ENBRIDGE INC,4610,Pipe Lines (No Natural Gas),Other / Financial / Services
BMY,14272,BRISTOL MYERS SQUIBB CO,2834,Pharmaceutical Preparations,Healthcare
FTNT,1262039,"Fortinet, Inc.",3577,"Computer Peripheral Equipment, NEC",Technology
NOW,1373715,"ServiceNow, Inc.",7372,Services-Prepackaged Software,Technology
PBR,1119639,PETROBRAS - PETROLEO BRASILEIRO SA,1311,Crude Petroleum & Natural Gas,Energy
HWM,4281,Howmet Aerospace Inc.,3350,Rolling Drawing & Extruding of  Nonferrous Metals,Manufacturing
IFNNY,1107457,INFINEON TECHNOLOGIES AG,3674,Semiconductors & Related Devices,Industrials
SO,92122,SOUTHERN CO,4911,Electric Services,Energy
BNS,9631,BANK OF NOVA SCOTIA,6022,State Commercial Banks,Other / Financial / Services
MDT,1613103,Medtronic plc,3845,Electromedical & Electrotherapeutic Apparatus,Healthcare
CM,1045520,CANADIAN IMPERIAL BANK OF COMMERCE /CAN/,6029,"Commercial Banks, NEC",Other / Financial / Services
TT,1466258,Trane Technologies plc,3822,Auto Controls For Regulating Residential & Comml Environments,Manufacturing
CDNS,813672,CADENCE DESIGN SYSTEMS INC,7372,Services-Prepackaged Software,Technology
GSK,1131399,GSK plc,2834,Pharmaceutical Preparations,Healthcare
IBN,1103838,ICICI BANK LTD,6029,"Commercial Banks, NEC",Other / Financial / Services
SNY,1121404,Sanofi,2834,Pharmaceutical Preparations,Healthcare
BNY,1390777,Bank of New York Mellon Corp,6022,State Commercial Banks,Other / Financial / Services
SNHIY,2098326,"Sany Heavy Industries Co., Ltd./ADR",,,Unknown
EQIX,1101239,EQUINIX INC,6798,Real Estate Investment Trusts,Other / Financial / Services
PNC,713676,"PNC FINANCIAL SERVICES GROUP, INC.",6021,National Commercial Banks,Other / Financial / Services
NEM,1164727,NEWMONT Corp /DE/,1040,Gold and Silver Ores,Other / Financial / Services
GD,40533,GENERAL DYNAMICS CORP,3730,Ship & Boat Building & Repairing,Industrials
HOOD,1783879,"Robinhood Markets, Inc.",6211,"Security Brokers, Dealers & Flotation Companies",Other / Financial / Services
BP,313807,BP PLC,2911,Petroleum Refining,Energy
MAR,1048286,MARRIOTT INTERNATIONAL INC /MD/,7011,Hotels & Motels,Other / Financial / Services
PWR,1050915,"QUANTA SERVICES, INC.",1731,Electrical Work,Other / Financial / Services
SPOT,1639920,Spotify Technology S.A.,4832,Radio Broadcasting Stations,Other / Financial / Services
DUK,1326160,Duke Energy CORP,4931,Electric & Other Services Combined,Energy
BN,1001085,BROOKFIELD Corp /ON/,6512,Opeators of  Nonresidential Buildings,Other / Financial / Services
USB,36104,US BANCORP DE,6021,National Commercial Banks,Other / Financial / Services
ADP,8670,AUTOMATIC DATA PROCESSING INC,7374,Services-Computer Processing & Data Preparation,Technology
UPS,1090727,UNITED PARCEL SERVICE INC,4210,Trucking & Courier Services (No Air),Other / Financial / Services
ITUB,1132597,Itau Unibanco Holding S.A.,6022,State Commercial Banks,Other / Financial / Services
MELI,1099590,MERCADOLIBRE INC,7389,"Services-Business Services, NEC",Other / Financial / Services
NET,1477333,"Cloudflare, Inc.",7372,Services-Prepackaged Software,Technology
MNST,865752,Monster Beverage Corp,2086,Bottled & Canned Soft Drinks & Carbonated Waters,Consumer Goods
CMI,26172,CUMMINS INC,3510,Engines & Turbines,Industrials
MCK,927653,MCKESSON CORP,5122,"Wholesale-Drugs, Proprietaries & Druggists' Sundries",Other / Financial / Services
ASX,1122411,"ASE Technology Holding Co., Ltd.",3674,Semiconductors & Related Devices,Industrials
WM,823768,WASTE MANAGEMENT INC,4953,Refuse Systems,Other / Financial / Services
BCS,312069,BARCLAYS PLC,6029,"Commercial Banks, NEC",Other / Financial / Services
ING,1039765,ING GROEP NV,6029,"Commercial Banks, NEC",Other / Financial / Services
DDOG,1561550,"Datadog, Inc.",7372,Services-Prepackaged Software,Technology
CSX,277948,CSX CORP,4011,"Railroads, Line-Haul Operating",Other / Financial / Services
WMB,107263,"WILLIAMS COMPANIES, INC.",4922,Natural Gas Transmission,Energy
KKR,1404912,KKR & Co. Inc.,6282,Investment Advice,Other / Financial / Services
SNOW,1640147,Snowflake Inc.,7372,Services-Prepackaged Software,Technology
ELV,1156039,"Elevance Health, Inc.",6324,Hospital & Medical Service Plans,Other / Financial / Services
HCA,860730,"HCA Healthcare, Inc.",8062,"Services-General Medical & Surgical Hospitals, NEC",Healthcare
CEG,1868275,Constellation Energy Corp,4911,Electric Services,Energy
ADBE,796343,ADOBE INC.,7372,Services-Prepackaged Software,Technology
FCX,831259,FREEPORT-MCMORAN INC,1000,Metal Mining,Other / Financial / Services
ABNB,1559720,"Airbnb, Inc.",7340,Services-To Dwellings & Other Buildings,Other / Financial / Services
JCI,833444,Johnson Controls International plc,3585,Air-Cond & Warm Air Heatg Equip & Comm & Indl Refrig Equip,Industrials
LYG,1160106,Lloyds Banking Group plc,6029,"Commercial Banks, NEC",Other / Financial / Services
CNQ,1017413,CANADIAN NATURAL RESOURCES Ltd,1311,Crude Petroleum & Natural Gas,Energy
CME,1156375,CME GROUP INC.,6200,"Security & Commodity Brokers, Dealers, Exchanges & Services",Other / Financial / Services
MRSH,62709,"MARSH & MCLENNAN COMPANIES, INC.",6411,"Insurance Agents, Brokers & Service",Other / Financial / Services
MGCLY,2039784,"Midea Group Co., Ltd./ADR",,,Unknown
SNPS,883241,SYNOPSYS INC,7372,Services-Prepackaged Software,Technology
MCO,1059556,MOODYS CORP /DE/,7320,"Services-Consumer Credit Reporting, Collection Agencies",Other / Financial / Services
CMCSA,1166691,COMCAST CORP,4841,Cable & Other Pay Television Services,Other / Financial / Services
DASH,1792789,"DoorDash, Inc.",7389,"Services-Business Services, NEC",Other / Financial / Services
ACN,1467373,Accenture plc,7389,"Services-Business Services, NEC",Other / Financial / Services
SHW,89800,SHERWIN WILLIAMS CO,5200,"Retail-Building Materials, Hardware, Garden Supply",Retail
VLO,1035002,VALERO ENERGY CORP/TX,2911,Petroleum Refining,Energy
SPG,1063761,SIMON PROPERTY GROUP INC.,6798,Real Estate Investment Trusts,Other / Financial / Services
NGG,1004315,NATIONAL GRID PLC,4922,Natural Gas Transmission,Energy
MMM,66740,3M CO,3841,Surgical & Medical Instruments & Apparatus,Healthcare
NTES,1110646,"NetEase, Inc.",7372,Services-Prepackaged Software,Technology
MPC,1510295,Marathon Petroleum Corp,2911,Petroleum Refining,Energy
EPD,1061219,ENTERPRISE PRODUCTS PARTNERS L.P.,4922,Natural Gas Transmission,Energy
CP,16875,CANADIAN PACIFIC KANSAS CITY LTD/CN,4011,"Railroads, Line-Haul Operating",Other / Financial / Services
EQNR,1140625,EQUINOR ASA,2911,Petroleum Refining,Energy
AMT,1053507,AMERICAN TOWER CORP /MA/,6798,Real Estate Investment Trusts,Other / Financial / Services
EMR,32604,EMERSON ELECTRIC CO,3600,Electronic & Other Electrical Equipment (No Computer Equip),Industrials
AMX,1129137,AMERICA MOVIL SAB DE CV/,4813,Telephone Communications (No Radiotelephone),Other / Financial / Services
ITW,49826,ILLINOIS TOOL WORKS INC,3560,General Industrial Machinery & Equipment,Industrials
ECL,31462,ECOLAB INC.,2840,"Soap, Detergents, Cleang Preparations, Perfumes, Cosmetics",Manufacturing
CI,1739940,Cigna Group,6324,Hospital & Medical Service Plans,Other / Financial / Services
RCL,884887,ROYAL CARIBBEAN CRUISES LTD,4400,Water Transportation,Other / Financial / Services
HLT,1585689,Hilton Worldwide Holdings Inc.,7011,Hotels & Motels,Other / Financial / Services
NOC,1133421,NORTHROP GRUMMAN CORP /DE/,3812,"Search, Detection, Navigation, Guidance, Aeronautical Sys",Manufacturing
ICE,1571949,"Intercontinental Exchange, Inc.",6200,"Security & Commodity Brokers, Dealers, Exchanges & Services",Other / Financial / Services
AON,315293,Aon plc,6411,"Insurance Agents, Brokers & Service",Other / Financial / Services
CNI,16868,CANADIAN NATIONAL RAILWAY CO,4011,"Railroads, Line-Haul Operating",Other / Financial / Services
MDLZ,1103982,"Mondelez International, Inc.",2000,Food and Kindred Products,Consumer Goods
PSX,1534701,Phillips 66,2911,Petroleum Refining,Energy
INTU,896878,INTUIT INC.,7372,Services-Prepackaged Software,Technology
FDX,1048911,FEDEX CORP,4513,Air Courier Services,Other / Financial / Services
BAM,1937926,Brookfield Asset Management Ltd.,6282,Investment Advice,Other / Financial / Services
CL,21665,COLGATE PALMOLIVE CO,2844,"Perfumes, Cosmetics & Other Toilet Preparations",Manufacturing
NSC,702165,NORFOLK SOUTHERN CORP,4011,"Railroads, Line-Haul Operating",Other / Financial / Services
NXPI,1413447,NXP Semiconductors N.V.,3674,Semiconductors & Related Devices,Industrials
AEP,4904,AMERICAN ELECTRIC POWER CO INC,4911,Electric Services,Energy
BAESY,895564,BAE SYSTEMS PLC /FI/,,,Unknown
AEM,2809,AGNICO EAGLE MINES LTD,1040,Gold and Silver Ores,Other / Financial / Services
CVNA,1690820,CARVANA CO.,5500,Retail-Auto Dealers & Gasoline Stations,Retail
MDLN,2046386,Medline Inc.,3841,Surgical & Medical Instruments & Apparatus,Healthcare
TDG,1260221,TransDigm Group INC,3728,"Aircraft Parts & Auxiliary Equipment, NEC",Industrials
HON,773840,HONEYWELL INTERNATIONAL INC,3724,Aircraft Engines & Engine Parts,Industrials
TRV,86312,"TRAVELERS COMPANIES, INC.",6331,"Fire, Marine & Casualty Insurance",Other / Financial / Services
CTAS,723254,CINTAS CORP,2320,"Men's & Boys' Furnishgs, Work Clothg, & Allied Garments",Consumer Goods
SLB,87347,SLB LIMITED/NV,1389,"Oil & Gas Field Services, NEC",Energy
ORLY,898173,O REILLY AUTOMOTIVE INC,5531,Retail-Auto & Home Supply Stores,Retail
KMI,1506307,"KINDER MORGAN, INC.",4922,Natural Gas Transmission,Energy
ROST,745732,"ROSS STORES, INC.",5651,Retail-Family Clothing Stores,Retail
EOG,821189,EOG RESOURCES INC,1311,Crude Petroleum & Natural Gas,Energy
NWG,844150,NatWest Group plc,6029,"Commercial Banks, NEC",Other / Financial / Services
GM,1467858,General Motors Co,3711,Motor Vehicles & Passenger Car Bodies,Industrials
ALAB,1736297,"Astera Labs, Inc.",3674,Semiconductors & Related Devices,Industrials
MSI,68505,"Motorola Solutions, Inc.",3663,Radio & Tv Broadcasting & Communications Equipment,Industrials
CRH,849395,CRH PUBLIC LTD CO,3241,"Cement, Hydraulic",Manufacturing
HONA,2089271,Honeywell Aerospace Inc.,3724,Aircraft Engines & Engine Parts,Industrials
TRP,1232384,TC ENERGY CORP,4922,Natural Gas Transmission,Energy
APO,1858681,"Apollo Global Management, Inc.",6282,Investment Advice,Other / Financial / Services
NOK,924613,NOKIA CORP,3663,Radio & Tv Broadcasting & Communications Equipment,Industrials
SE,1703399,Sea Ltd,7380,Services-Miscellaneous Business Services,Other / Financial / Services
REGN,872589,"REGENERON PHARMACEUTICALS, INC.",2834,Pharmaceutical Preparations,Healthcare
SU,311337,SUNCOR ENERGY INC,2911,Petroleum Refining,Energy
URI,1067701,"UNITED RENTALS, INC.",7359,"Services-Equipment Rental & Leasing, NEC",Other / Financial / Services
E,1002242,ENI SPA,1311,Crude Petroleum & Natural Gas,Energy
BE,1664703,Bloom Energy Corp,3620,Electrical Industrial Apparatus,Industrials
MFC,1086888,MANULIFE FINANCIAL CORP,6311,Life Insurance,Other / Financial / Services
DB,1159508,DEUTSCHE BANK AKTIENGESELLSCHAFT,6022,State Commercial Banks,Other / Financial / Services
DLR,1297996,"DIGITAL REALTY TRUST, INC.",6798,Real Estate Investment Trusts,Other / Financial / Services
ET,1276187,Energy Transfer LP,4922,Natural Gas Transmission,Energy
RSG,1060391,"REPUBLIC SERVICES, INC.",4953,Refuse Systems,Other / Financial / Services
APD,2969,"Air Products & Chemicals, Inc.",2810,Industrial Inorganic Chemicals,Manufacturing
NU,1691493,Nu Holdings Ltd.,6199,Finance Services,Other / Financial / Services
WBD,1437107,"Warner Bros. Discovery, Inc.",4841,Cable & Other Pay Television Services,Other / Financial / Services
RACE,1648416,Ferrari N.V.,3711,Motor Vehicles & Passenger Car Bodies,Industrials
MPWR,1280452,MONOLITHIC POWER SYSTEMS INC,3674,Semiconductors & Related Devices,Industrials
NKE,320187,"NIKE, Inc.",3021,Rubber & Plastics Footwear,Manufacturing
PCAR,75362,PACCAR INC,3711,Motor Vehicles & Passenger Car Bodies,Industrials
BSX,885725,BOSTON SCIENTIFIC CORP,3841,Surgical & Medical Instruments & Apparatus,Healthcare
GWW,277135,"W.W. GRAINGER, INC.",5000,Wholesale-Durable Goods,Other / Financial / Services
CIEN,936395,CIENA CORP,3661,Telephone & Telegraph Apparatus,Industrials
AJG,354190,Arthur J. Gallagher & Co.,6411,"Insurance Agents, Brokers & Service",Other / Financial / Services
TFC,92230,TRUIST FINANCIAL CORP,6021,National Commercial Banks,Other / Financial / Services
ALL,899051,ALLSTATE CORP,6331,"Fire, Marine & Casualty Insurance",Other / Financial / Services
HPE,1645590,Hewlett Packard Enterprise Co,3570,Computer & office Equipment,Technology
STM,932787,STMicroelectronics N.V.,3674,Semiconductors & Related Devices,Industrials
COHR,820318,COHERENT CORP.,3827,Optical Instruments & Lenses,Manufacturing
AFL,4977,AFLAC INC,6321,Accident & Health Insurance,Other / Financial / Services
FIX,1035983,COMFORT SYSTEMS USA INC,1731,Electrical Work,Other / Financial / Services
VALE,917851,Vale S.A.,1000,Metal Mining,Other / Financial / Services
D,715957,"DOMINION ENERGY, INC",4911,Electric Services,Energy
SRE,1032208,SEMPRA,4932,Gas & Other Services Combined,Energy
B,756894,BARRICK MINING CORP,1040,Gold and Silver Ores,Other / Financial / Services
UMC,1033767,UNITED MICROELECTRONICS CORP,3674,Semiconductors & Related Devices,Industrials
LITE,1633978,Lumentum Holdings Inc.,3669,"Communications Equipment, NEC",Industrials
TGT,27419,TARGET CORP,5331,Retail-Variety Stores,Retail
IMO,49938,IMPERIAL OIL LTD,2911,Petroleum Refining,Energy
COR,1140859,"Cencora, Inc.",5122,"Wholesale-Drugs, Proprietaries & Druggists' Sundries",Other / Financial / Services
MET,1099219,METLIFE INC,6311,Life Insurance,Other / Financial / Services
O,726728,REALTY INCOME CORP,6798,Real Estate Investment Trusts,Other / Financial / Services
TEL,1385157,TE Connectivity plc,5065,"Wholesale-Electronic Parts & Equipment, NEC",Other / Financial / Services
TRGP,1389170,Targa Resources Corp.,4922,Natural Gas Transmission,Energy
GWLIF,850918,GREAT-WEST LIFECO INC.,6311,Life Insurance,Other / Financial / Services
LSEGY,1842726,London Stock Exchange Group plc,,,Unknown
CARR,1783180,CARRIER GLOBAL Corp,3585,Air-Cond & Warm Air Heatg Equip & Comm & Indl Refrig Equip,Industrials
MPLX,1552000,MPLX LP,4610,Pipe Lines (No Natural Gas),Other / Financial / Services
DAL,27904,"DELTA AIR LINES, INC.",4512,"Air Transportation, Scheduled",Other / Financial / Services
BKR,1701605,Baker Hughes Co,3533,Oil & Gas Field Machinery & Equipment,Industrials
CTVA,1755672,"Corteva, Inc.",100,Agricultural Production-Crops,Other / Financial / Services
RELX,929869,RELX PLC,7389,"Services-Business Services, NEC",Other / Financial / Services
OKE,1039684,ONEOK INC /NEW/,4923,Natural Gas Transmisison & Distribution,Energy
EONGY,1136808,E.ON SE,4900,"Electric, Gas & Sanitary Services",Other / Financial / Services
NBIS,1513845,Nebius Group N.V.,7370,"Services-Computer Programming, Data Processing, Etc.",Technology
TER,97210,"TERADYNE, INC",3825,Instruments For Meas & Testing of  Electricity & Elec Signals,Manufacturing
F,37996,FORD MOTOR CO,3711,Motor Vehicles & Passenger Car Bodies,Industrials
PSA,1393311,Public Storage,6798,Real Estate Investment Trusts,Other / Financial / Services
KEYS,1601046,"Keysight Technologies, Inc.",3823,"Industrial Instruments For Measurement, Display, and Control",Manufacturing
CAH,721371,CARDINAL HEALTH INC,5122,"Wholesale-Drugs, Proprietaries & Druggists' Sundries",Other / Financial / Services
ARGX,1697862,ARGENX SE,2836,"Biological Products, (No Diagnostic Substances)",Healthcare
TRMOY,2071881,Tourmaline Oil Corp/ADR,,,Unknown
LHX,202058,"L3HARRIS TECHNOLOGIES, INC. /DE/",3812,"Search, Detection, Navigation, Guidance, Aeronautical Sys",Manufacturing
AME,1037868,AMETEK INC/,3823,"Industrial Instruments For Measurement, Display, and Control",Manufacturing
FAST,815556,FASTENAL CO,5200,"Retail-Building Materials, Hardware, Garden Supply",Retail
LNG,3570,"Cheniere Energy, Inc.",4924,Natural Gas Distribution,Energy
ETR,65984,ENTERGY CORP /DE/,4911,Electric Services,Energy
VST,1692819,Vistra Corp.,4911,Electric Services,Energy
TAK,1395064,TAKEDA PHARMACEUTICAL CO LTD,2834,Pharmaceutical Preparations,Healthcare
EW,1099800,Edwards Lifesciences Corp,3842,"Orthopedic, Prosthetic & Surgical Appliances & Supplies",Healthcare
ROK,1024478,"ROCKWELL AUTOMATION, INC",3829,"Measuring & Controlling Devices, NEC",Manufacturing
OXY,797468,OCCIDENTAL PETROLEUM CORP /DE/,1311,Crude Petroleum & Natural Gas,Energy
EBAY,1065088,EBAY INC,7389,"Services-Business Services, NEC",Other / Financial / Services
FITB,35527,FIFTH THIRD BANCORP,6022,State Commercial Banks,Other / Financial / Services
EA,712515,ELECTRONIC ARTS INC.,7372,Services-Prepackaged Software,Technology
NUE,73309,NUCOR CORP,3312,"Steel Works, Blast Furnaces & Rolling Mills (Coke Ovens)",Manufacturing
FANG,1539838,"Diamondback Energy, Inc.",1311,Crude Petroleum & Natural Gas,Energy
RKLB,1819994,Rocket Lab Corp,3760,Guided Missiles & Space Vehicles & Parts,Industrials
GALDY,2021390,Galderma Group AG/ADR,,,Unknown
MT,1243429,ArcelorMittal,3312,"Steel Works, Blast Furnaces & Rolling Mills (Coke Ovens)",Manufacturing
SMTOY,95227,SUMITOMO ELECTRIC INDUSTRIES LTD/ADR/,8880,American Depositary Receipts,Healthcare
AZO,866787,AUTOZONE INC,5531,Retail-Auto & Home Supply Stores,Retail
WPM,1323404,Wheaton Precious Metals Corp.,1040,Gold and Silver Ores,Other / Financial / Services
XEL,72903,XCEL ENERGY INC,4931,Electric & Other Services Combined,Energy
STT,93751,STATE STREET CORP,6022,State Commercial Banks,Other / Financial / Services
NDAQ,1120193,"NASDAQ, INC.",6200,"Security & Commodity Brokers, Dealers, Exchanges & Services",Other / Financial / Services
FLEX,866374,FLEX LTD.,3672,Printed Circuit Boards,Industrials
CRWV,1769628,"CoreWeave, Inc.",7372,Services-Prepackaged Software,Technology
HEI,46619,HEICO CORP,3724,Aircraft Engines & Engine Parts,Industrials
CVE,1475260,CENOVUS ENERGY INC.,1311,Crude Petroleum & Natural Gas,Energy
DVN,1090012,DEVON ENERGY CORP/DE,1311,Crude Petroleum & Natural Gas,Energy
CRDO,1807794,Credo Technology Group Holding Ltd,3674,Semiconductors & Related Devices,Industrials
MCHP,827054,MICROCHIP TECHNOLOGY INC,3674,Semiconductors & Related Devices,Industrials
ABEV,1565025,AMBEV S.A.,2080,Beverages,Consumer Goods
EXC,1109357,EXELON CORP,4931,Electric & Other Services Combined,Energy
CBRS,2021728,Cerebras Systems Inc.,3674,Semiconductors & Related Devices,Industrials
ODFL,878927,"OLD DOMINION FREIGHT LINE, INC.",4213,Trucking (No Local),Other / Financial / Services
GRMN,1121788,GARMIN LTD,3812,"Search, Detection, Navigation, Guidance, Aeronautical Sys",Manufacturing
HUM,49071,HUMANA INC,6324,Hospital & Medical Service Plans,Other / Financial / Services
CCEP,1650107,COCA-COLA EUROPACIFIC PARTNERS plc,2086,Bottled & Canned Soft Drinks & Carbonated Waters,Consumer Goods
FER,1468522,Ferrovial N.V.,1600,Heavy Construction Other Than Bldg Const - Contractors,Other / Financial / Services
XYZ,1512673,"Block, Inc.",7372,Services-Prepackaged Software,Technology
TTWO,946581,TAKE TWO INTERACTIVE SOFTWARE INC,7372,Services-Prepackaged Software,Technology
AXON,1069183,"AXON ENTERPRISE, INC.",3480,"Ordnance & Accessories, (No Vehicles/Guided Missiles)",Manufacturing
DEO,835403,DIAGEO PLC,2080,Beverages,Consumer Goods
YUM,1041061,YUM BRANDS INC,5812,Retail-Eating  Places,Retail
AMP,820027,AMERIPRISE FINANCIAL INC,6282,Investment Advice,Other / Financial / Services
AGGI,1109262,"BILI Social International, Inc.",5960,Retail-Nonstore Retailers,Retail
CMG,1058090,CHIPOTLE MEXICAN GRILL INC,5812,Retail-Eating  Places,Retail
JHPCY,2071868,"Jiangsu Hengrui Pharmaceuticals Co., Ltd./ADR",,,Unknown
WAB,943452,WESTINGHOUSE AIR BRAKE TECHNOLOGIES CORP,3743,Railroad Equipment,Industrials
VIK,1745201,Viking Holdings Ltd,4400,Water Transportation,Other / Financial / Services
IDXX,874716,IDEXX LABORATORIES INC /DE,2835,In Vitro & In Vivo Diagnostic Substances,Healthcare
SLF,1097362,SUN LIFE FINANCIAL INC,6311,Life Insurance,Other / Financial / Services
INFY,1067491,Infosys Ltd,7371,Services-Computer Programming Services,Technology
FERG,2011641,Ferguson Enterprises Inc. /DE/,5070,Wholesale-Hardware & Plumbing & Heating Equipment & Supplies,Other / Financial / Services
IX,1070304,ORIX CORP,6159,Miscellaneous Business Credit Institution,Other / Financial / Services
MSCI,1408198,MSCI Inc.,7389,"Services-Business Services, NEC",Other / Financial / Services
ADSK,769397,"Autodesk, Inc.",7372,Services-Prepackaged Software,Technology
KB,1445930,KB Financial Group Inc.,6029,"Commercial Banks, NEC",Other / Financial / Services
VTR,740260,"Ventas, Inc.",6798,Real Estate Investment Trusts,Other / Financial / Services
FMX,1061736,MEXICAN ECONOMIC DEVELOPMENT INC,2086,Bottled & Canned Soft Drinks & Carbonated Waters,Consumer Goods
WCN,1318220,"Waste Connections, Inc.",4953,Refuse Systems,Other / Financial / Services
DHI,882184,HORTON D R INC /DE/,1531,Operative Builders,Other / Financial / Services
HLN,1900304,Haleon plc,2844,"Perfumes, Cosmetics & Other Toilet Preparations",Manufacturing
KDP,1418135,Keurig Dr Pepper Inc.,2080,Beverages,Consumer Goods
COIN,1679788,"Coinbase Global, Inc.",6199,Finance Services,Other / Financial / Services
CCJ,1009001,CAMECO CORP,1090,Miscellaneous Metal Ores,Other / Financial / Services
LYV,1335258,"Live Nation Entertainment, Inc.",7900,Services-Amusement & Recreation Services,Other / Financial / Services
AIG,5272,"AMERICAN INTERNATIONAL GROUP, INC.",6331,"Fire, Marine & Casualty Insurance",Other / Financial / Services
BDX,10795,BECTON DICKINSON & CO,3841,Surgical & Medical Instruments & Apparatus,Healthcare
AU,1973832,AngloGold Ashanti PLC,1040,Gold and Silver Ores,Other / Financial / Services
CSLLY,1274152,CSL LTD,,,Unknown
CBRE,1138118,"CBRE GROUP, INC.",6500,Real Estate,Other / Financial / Services
UAL,100517,"United Airlines Holdings, Inc.",4512,"Air Transportation, Scheduled",Other / Financial / Services
CLS,1030894,CELESTICA INC,3672,Printed Circuit Boards,Industrials
ED,1047862,CONSOLIDATED EDISON INC,4931,Electric & Other Services Combined,Energy
RKT,1805284,"Rocket Companies, Inc.",6162,Mortgage Bankers & Loan Correspondents,Other / Financial / Services
PYPL,1633917,"PayPal Holdings, Inc.",7389,"Services-Business Services, NEC",Other / Financial / Services
BMWKY,1446250,Bayerische Motoren Werke AG/ADR,8880,American Depositary Receipts,Healthcare
ARES,1176948,Ares Management Corp,6282,Investment Advice,Other / Financial / Services
PEG,788784,PUBLIC SERVICE ENTERPRISE GROUP INC,4931,Electric & Other Services Combined,Energy
ALNY,1178670,"ALNYLAM PHARMACEUTICALS, INC.",2834,Pharmaceutical Preparations,Healthcare
PRU,1137774,PRUDENTIAL FINANCIAL INC,6311,Life Insurance,Other / Financial / Services
SYY,96021,SYSCO CORP,5140,Wholesale-Groceries & Related Products,Other / Financial / Services
BIDU,1329099,"Baidu, Inc.",7370,"Services-Computer Programming, Data Processing, Etc.",Technology
RBLX,1315098,Roblox Corp,7372,Services-Prepackaged Software,Technology
RVMD,1628171,"Revolution Medicines, Inc.",2836,"Biological Products, (No Diagnostic Substances)",Healthcare
SCMWY,1069336,SWISSCOM AG,4813,Telephone Communications (No Radiotelephone),Other / Financial / Services
FNV,1456346,FRANCO NEVADA Corp,1040,Gold and Silver Ores,Other / Financial / Services
UNVGY,1890126,Universal Music Group N.V./ADR,,,Unknown
TRI,1075124,THOMSON REUTERS CORP /CAN/,2741,Miscellaneous Publishing,Manufacturing
JBS,1791942,JBS N.V.,2011,Meat Packing Plants,Consumer Goods
NTRA,1604821,"Natera, Inc.",8071,Services-Medical Laboratories,Healthcare
BBD,1160330,BANK BRADESCO,6022,State Commercial Banks,Other / Financial / Services
TEVA,818686,TEVA PHARMACEUTICAL INDUSTRIES LTD,2834,Pharmaceutical Preparations,Healthcare
ADM,7084,Archer-Daniels-Midland Co,2070,Fats & Oils,Consumer Goods
VMC,1396009,Vulcan Materials CO,1400,Mining & Quarrying of  Nonmetallic Minerals (No Fuels),Other / Financial / Services
PAYX,723531,PAYCHEX INC,8700,"Services-Engineering, Accounting, Research, Management",Healthcare
WDS,844551,WOODSIDE ENERGY GROUP LTD,1311,Crude Petroleum & Natural Gas,Energy
JD,1549802,"JD.com, Inc.",5990,"Retail-Retail Stores, NEC",Retail
GFS,1709048,GLOBALFOUNDRIES Inc.,3674,Semiconductors & Related Devices,Industrials
HIG,874766,"HARTFORD INSURANCE GROUP, INC.",6331,"Fire, Marine & Casualty Insurance",Other / Financial / Services
ERIC,717826,ERICSSON LM TELEPHONE CO,3663,Radio & Tv Broadcasting & Communications Equipment,Industrials
A,1090872,"AGILENT TECHNOLOGIES, INC.",3826,Laboratory Analytical Instruments,Manufacturing
PCG,1004980,PG&E Corp,4931,Electric & Other Services Combined,Energy
KVUE,1944048,Kenvue Inc.,2844,"Perfumes, Cosmetics & Other Toilet Preparations",Manufacturing
WEC,783325,"WEC ENERGY GROUP, INC.",4931,Electric & Other Services Combined,Energy
KMB,55785,KIMBERLY CLARK CORP,2670,Converted Paper & Paperboard Prods (No Contaners/Boxes),Manufacturing
RDDT,1713445,"Reddit, Inc.",7374,Services-Computer Processing & Data Preparation,Technology
ON,1097864,ON SEMICONDUCTOR CORP,3674,Semiconductors & Related Devices,Industrials
KR,56873,KROGER CO,5411,Retail-Grocery Stores,Retail
WAT,1000697,WATERS CORP /DE/,3826,Laboratory Analytical Instruments,Manufacturing
CCL,815097,Carnival Corp Ltd.,4400,Water Transportation,Other / Financial / Services
HBAN,49196,HUNTINGTON BANCSHARES INC /MD/,6021,National Commercial Banks,Other / Financial / Services
HMC,715153,HONDA MOTOR CO LTD,3711,Motor Vehicles & Passenger Car Bodies,Industrials
ROP,882835,ROPER TECHNOLOGIES INC,3823,"Industrial Instruments For Measurement, Display, and Control",Manufacturing
IRM,1020569,IRON MOUNTAIN INC,6798,Real Estate Investment Trusts,Other / Financial / Services
DLMAY,2073893,Dollarama Inc./ADR,,,Unknown
MTB,36270,M&T BANK CORP,6022,State Commercial Banks,Other / Financial / Services
TKO,1973266,"TKO Group Holdings, Inc.",7900,Services-Amusement & Recreation Services,Other / Financial / Services
ESLT,1027664,ELBIT SYSTEMS LTD,3728,"Aircraft Parts & Auxiliary Equipment, NEC",Industrials
ACGL,947484,ARCH CAPITAL GROUP LTD.,6331,"Fire, Marine & Casualty Insurance",Other / Financial / Services
PUK,1116578,PRUDENTIAL PLC,6311,Life Insurance,Other / Financial / Services
HSY,47111,HERSHEY CO,2060,Sugar & Confectionery Products,Consumer Goods
MLM,916076,MARTIN MARIETTA MATERIALS INC,1400,Mining & Quarrying of  Nonmetallic Minerals (No Fuels),Other / Financial / Services
EME,105634,"EMCOR Group, Inc.",1731,Electrical Work,Other / Financial / Services
JBL,898293,JABIL INC,3672,Printed Circuit Boards,Industrials
CCI,1051470,CROWN CASTLE INC.,6798,Real Estate Investment Trusts,Other / Financial / Services
SHG,1263043,SHINHAN FINANCIAL GROUP CO LTD,6021,National Commercial Banks,Other / Financial / Services
IQV,1478242,IQVIA HOLDINGS INC.,8731,Services-Commercial Physical & Biological Research,Healthcare
QSR,1618756,Restaurant Brands International Inc.,5812,Retail-Eating  Places,Retail
WDAY,1327811,"Workday, Inc.",7374,Services-Computer Processing & Data Preparation,Technology
FRFHF,915191,FAIRFAX FINANCIAL HOLDINGS LTD/ CAN,6331,"Fire, Marine & Casualty Insurance",Other / Financial / Services
VOD,839923,VODAFONE GROUP PUBLIC LTD CO,4812,Radiotelephone Communications,Other / Financial / Services
NTRS,73124,NORTHERN TRUST CORP,6022,State Commercial Banks,Other / Financial / Services
CPNG,1834584,"Coupang, Inc.",5961,Retail-Catalog & Mail-Order Houses,Retail
RYAAY,1038683,RYANAIR HOLDINGS PLC,4512,"Air Transportation, Scheduled",Other / Financial / Services
MSTR,1050446,Strategy Inc,6199,Finance Services,Other / Financial / Services
NTAP,1002047,"NetApp, Inc.",3572,Computer Storage Devices,Technology
UI,1511737,Ubiquiti Inc.,3663,Radio & Tv Broadcasting & Communications Equipment,Industrials
ALC,1167379,ALCON INC,3851,Ophthalmic Goods,Manufacturing
CNC,1071739,CENTENE CORP,6324,Hospital & Medical Service Plans,Other / Financial / Services
RJF,720005,RAYMOND JAMES FINANCIAL INC,6211,"Security Brokers, Dealers & Flotation Companies",Other / Financial / Services
RSHGY,1447391,RESONA HOLDINGS INC,,,Unknown
TWLO,1447669,TWILIO INC,7372,Services-Prepackaged Software,Technology
STLD,1022671,STEEL DYNAMICS INC,3312,"Steel Works, Blast Furnaces & Rolling Mills (Coke Ovens)",Manufacturing
RPRX,1802768,Royalty Pharma plc,2834,Pharmaceutical Preparations,Healthcare
EXPE,1324424,"Expedia Group, Inc.",4700,Transportation Services,Other / Financial / Services
CHT,1132924,CHUNGHWA TELECOM CO LTD,4812,Radiotelephone Communications,Other / Financial / Services
ZTS,1555280,Zoetis Inc.,2834,Pharmaceutical Preparations,Healthcare
EC,1444406,ECOPETROL S.A.,1311,Crude Petroleum & Natural Gas,Energy
BAP,1001290,CREDICORP LTD,6029,"Commercial Banks, NEC",Other / Financial / Services
EXR,1289490,Extra Space Storage Inc.,6798,Real Estate Investment Trusts,Other / Financial / Services
NTR,1725964,Nutrien Ltd.,2870,Agricultural Chemicals,Manufacturing
DTE,936340,DTE ENERGY CO,4911,Electric Services,Energy
AEE,1002910,AMEREN CORP,4931,Electric & Other Services Combined,Energy
ONC,1651308,BeOne Medicines Ltd.,2834,Pharmaceutical Preparations,Healthcare
IR,1699150,Ingersoll Rand Inc.,3560,General Industrial Machinery & Equipment,Industrials
LVS,1300514,LAS VEGAS SANDS CORP,7011,Hotels & Motels,Other / Financial / Services
SUNB,2083785,"Sunbelt Rentals Holdings, Inc.",7359,"Services-Equipment Rental & Leasing, NEC",Other / Financial / Services
VEEV,1393052,VEEVA SYSTEMS INC,7372,Services-Prepackaged Software,Technology
GFI,1172724,GOLD FIELDS LTD,1040,Gold and Silver Ores,Other / Financial / Services
CQP,1383650,"Cheniere Energy Partners, L.P.",4924,Natural Gas Distribution,Energy
VG,2007855,"Venture Global, Inc.",4924,Natural Gas Distribution,Energy
EQT,33213,EQT Corp,1311,Crude Petroleum & Natural Gas,Energy
CASY,726958,CASEYS GENERAL STORES INC,5500,Retail-Auto Dealers & Gasoline Stations,Retail
Q,2058873,"Qnity Electronics, Inc.",3674,Semiconductors & Related Devices,Industrials
NRG,1013871,"NRG ENERGY, INC.",4911,Electric Services,Energy
EL,1001250,ESTEE LAUDER COMPANIES INC,2844,"Perfumes, Cosmetics & Other Toilet Preparations",Manufacturing
CFG,759944,CITIZENS FINANCIAL GROUP INC/RI,6022,State Commercial Banks,Other / Financial / Services
RMD,943819,RESMED INC,3841,Surgical & Medical Instruments & Apparatus,Healthcare
KHC,1637459,Kraft Heinz Co,2030,"Canned, Frozen & Preservd Fruit, Veg & Food Specialties",Consumer Goods
TDY,1094285,TELEDYNE TECHNOLOGIES INC,3812,"Search, Detection, Navigation, Guidance, Aeronautical Sys",Manufacturing
MTZ,15615,MASTEC INC,1623,"Water, Sewer, Pipeline, Comm & Power Line Construction",Other / Financial / Services
BIIB,875045,BIOGEN INC.,2836,"Biological Products, (No Diagnostic Substances)",Healthcare
TECK,886986,TECK RESOURCES LTD,1400,Mining & Quarrying of  Nonmetallic Minerals (No Fuels),Other / Financial / Services
GEHC,1932393,GE HealthCare Technologies Inc.,3844,X-Ray Apparatus & Tubes & Related Irradiation Apparatus,Healthcare
ATO,731802,ATMOS ENERGY CORP,4924,Natural Gas Distribution,Energy
DOV,29905,DOVER Corp,3530,"Construction, Mining & Materials Handling Machinery & Equip",Industrials
FTS,1666175,Fortis Inc.,4911,Electric Services,Energy
FICO,814547,FAIR ISAAC CORP,7389,"Services-Business Services, NEC",Other / Financial / Services
CRS,17843,CARPENTER TECHNOLOGY CORP,3312,"Steel Works, Blast Furnaces & Rolling Mills (Coke Ovens)",Manufacturing
DXCM,1093557,DEXCOM INC,3841,Surgical & Medical Instruments & Apparatus,Healthcare
ILMN,1110803,"ILLUMINA, INC.",3826,Laboratory Analytical Instruments,Manufacturing
XYL,1524472,Xylem Inc.,3561,Pumps & Pumping Equipment,Industrials
EIX,827052,EDISON INTERNATIONAL,4911,Electric Services,Energy
KGC,701818,KINROSS GOLD CORP,1040,Gold and Silver Ores,Other / Financial / Services
TPR,1116132,"TAPESTRY, INC.",3100,Leather & Leather Products,Manufacturing
HAL,45012,HALLIBURTON CO,1389,"Oil & Gas Field Services, NEC",Energy
VICI,1705696,VICI PROPERTIES INC.,6798,Real Estate Investment Trusts,Other / Financial / Services
CNP,1130310,CENTERPOINT ENERGY INC,4911,Electric Services,Energy
FTI,1681459,TechnipFMC plc,3533,Oil & Gas Field Machinery & Equipment,Industrials
ASTS,1780312,"AST SpaceMobile, Inc.",4899,"Communications Services, NEC",Other / Financial / Services
NMR,1163653,NOMURA HOLDINGS INC,6211,"Security Brokers, Dealers & Flotation Companies",Other / Financial / Services
AMRZ,2035989,Amrize Ltd,3241,"Cement, Hydraulic",Manufacturing
ES,72741,EVERSOURCE ENERGY,4911,Electric Services,Energy
OTIS,1781335,Otis Worldwide Corp,3600,Electronic & Other Electrical Equipment (No Computer Equip),Industrials
TS,1190723,TENARIS SA,3312,"Steel Works, Blast Furnaces & Rolling Mills (Coke Ovens)",Manufacturing
CW,26324,CURTISS WRIGHT CORP,3590,Misc Industrial & Commercial Machinery & Equipment,Industrials
ECHO,1415404,EchoStar CORP,4899,"Communications Services, NEC",Other / Financial / Services
CBOE,1374310,"Cboe Global Markets, Inc.",6200,"Security & Commodity Brokers, Dealers, Exchanges & Services",Other / Financial / Services
CINF,20286,CINCINNATI FINANCIAL CORP,6331,"Fire, Marine & Casualty Insurance",Other / Financial / Services
AFRM,1820953,"Affirm Holdings, Inc.",6141,Personal Credit Institutions,Other / Financial / Services
MDB,1441816,"MongoDB, Inc.",7372,Services-Prepackaged Software,Technology
FE,1031296,FIRSTENERGY CORP,4911,Electric Services,Energy
PBA,1546066,PEMBINA PIPELINE CORP,1382,Oil & Gas Field Exploration Services,Energy
FSNUY,904868,Fresenius SE & Co. KGaA,3841,Surgical & Medical Instruments & Apparatus,Healthcare
WTW,1140536,WILLIS TOWERS WATSON PLC,6411,"Insurance Agents, Brokers & Service",Other / Financial / Services
KBGGY,1535759,Kongsberg Gruppen ASA/ADR,8880,American Depositary Receipts,Healthcare
TPL,1811074,Texas Pacific Land Corp,6792,Oil Royalty Traders,Other / Financial / Services
AVB,915912,AVALONBAY COMMUNITIES INC,6798,Real Estate Investment Trusts,Other / Financial / Services
MRNA,1682852,"Moderna, Inc.",2836,"Biological Products, (No Diagnostic Substances)",Healthcare
PPL,922224,PPL Corp,4911,Electric Services,Energy
TCOM,1269238,Trip.com Group Ltd,7389,"Services-Business Services, NEC",Other / Financial / Services
FISV,798354,FISERV INC,7389,"Services-Business Services, NEC",Other / Financial / Services
WRB,11544,BERKLEY W R CORP,6331,"Fire, Marine & Casualty Insurance",Other / Financial / Services
PHG,313216,KONINKLIJKE PHILIPS NV,3844,X-Ray Apparatus & Tubes & Related Irradiation Apparatus,Healthcare
RF,1281761,REGIONS FINANCIAL CORP,6021,National Commercial Banks,Other / Financial / Services
P,1474432,"Everpure, Inc.",3572,Computer Storage Devices,Technology
CHLSY,1885110,Chocoladefabriken Lindt & Spruengli AG/ADR,,,Unknown
EQR,906107,EQUITY RESIDENTIAL,6798,Real Estate Investment Trusts,Other / Financial / Services
JBHT,728535,HUNT J B TRANSPORT SERVICES INC,4213,Trucking (No Local),Other / Financial / Services
SYM,1837240,Symbotic Inc.,3569,"General Industrial Machinery & Equipment, NEC",Industrials
ZM,1585521,"Zoom Communications, Inc.",7370,"Services-Computer Programming, Data Processing, Etc.",Technology
MTD,1037646,METTLER TOLEDO INTERNATIONAL INC/,3826,Laboratory Analytical Instruments,Manufacturing
PPG,79879,PPG INDUSTRIES INC,2851,"Paints, Varnishes, Lacquers, Enamels & Allied Prods",Manufacturing
WSM,719955,WILLIAMS SONOMA INC,5700,"Retail-Home Furniture, Furnishings & Equipment Stores",Retail
HUBB,48898,HUBBELL INC,3670,Electronic Components & Accessories,Industrials
DG,29534,DOLLAR GENERAL CORP,5331,Retail-Variety Stores,Retail
NVT,1720635,nVent Electric plc,3550,Special Industry Machinery (No Metalworking Machinery),Industrials
RIVN,1874178,"Rivian Automotive, Inc. / DE",3711,Motor Vehicles & Passenger Car Bodies,Industrials
ROIV,1635088,Roivant Sciences Ltd.,2834,Pharmaceutical Preparations,Healthcare
GELHY,1474968,Geely Automobile Holdings Limited/ADR,,,Unknown
CPRT,900075,COPART INC,5500,Retail-Auto Dealers & Gasoline Stations,Retail
ATI,1018963,ATI INC,3317,Steel Pipe & Tubes,Manufacturing
TROW,1113169,PRICE T ROWE GROUP INC,6282,Investment Advice,Other / Financial / Services
AWK,1410636,"American Water Works Company, Inc.",4941,Water Supply,Other / Financial / Services
LPLA,1397911,LPL Financial Holdings Inc.,6200,"Security & Commodity Brokers, Dealers, Exchanges & Services",Other / Financial / Services
KEY,91576,KEYCORP /NEW/,6021,National Commercial Banks,Other / Financial / Services
TSEM,928876,TOWER SEMICONDUCTOR LTD,3674,Semiconductors & Related Devices,Industrials
WST,105770,WEST PHARMACEUTICAL SERVICES INC,3841,Surgical & Medical Instruments & Apparatus,Healthcare
MKSI,1049502,MKS INC,3823,"Industrial Instruments For Measurement, Display, and Control",Manufacturing
INSM,1104506,INSMED Inc,2834,Pharmaceutical Preparations,Healthcare
INIO,2109150,INNIO N.V.,3621,Motors & Generators,Industrials
FSLR,1274494,"FIRST SOLAR, INC.",3674,Semiconductors & Related Devices,Industrials
IHG,858446,INTERCONTINENTAL HOTELS GROUP PLC /NEW/,7011,Hotels & Motels,Other / Financial / Services
VRSN,1014473,VERISIGN INC/CA,7371,Services-Computer Programming Services,Technology
XPO,1166003,"XPO, Inc.",4700,Transportation Services,Other / Financial / Services
MKL,1096343,MARKEL GROUP INC.,6331,"Fire, Marine & Casualty Insurance",Other / Financial / Services
FCNCA,798941,FIRST CITIZENS BANCSHARES INC /DE/,6022,State Commercial Banks,Other / Financial / Services
SYF,1601712,Synchrony Financial,6199,Finance Services,Other / Financial / Services
OKTA,1660134,"Okta, Inc.",7372,Services-Prepackaged Software,Technology
VRSK,1442145,"Verisk Analytics, Inc.",7374,Services-Computer Processing & Data Preparation,Technology
FFIV,1048695,"F5, INC.",3576,Computer Communications Equipment,Technology
PFG,1126328,PRINCIPAL FINANCIAL GROUP INC,6321,Accident & Health Insurance,Other / Financial / Services
WWD,108312,"Woodward, Inc.",3620,Electrical Industrial Apparatus,Industrials
SOFI,1818874,"SoFi Technologies, Inc.",6199,Finance Services,Other / Financial / Services
DLTR,935703,"DOLLAR TREE, INC.",5331,Retail-Variety Stores,Retail
PHM,822416,PULTEGROUP INC/MI/,1531,Operative Builders,Other / Financial / Services
L,60086,LOEWS CORP,6331,"Fire, Marine & Casualty Insurance",Other / Financial / Services
AER,1378789,AerCap Holdings N.V.,7359,"Services-Equipment Rental & Leasing, NEC",Other / Financial / Services
RL,1037038,RALPH LAUREN CORP,2320,"Men's & Boys' Furnishgs, Work Clothg, & Allied Garments",Consumer Goods
LUV,92380,SOUTHWEST AIRLINES CO,4512,"Air Transportation, Scheduled",Other / Financial / Services
DRI,940944,DARDEN RESTAURANTS INC,5812,Retail-Eating  Places,Retail
AXIA,1439124,AXIA Energia S.A.,4911,Electric Services,Energy
MTSI,1493594,"MACOM Technology Solutions Holdings, Inc.",3674,Semiconductors & Related Devices,Industrials
SW,2005951,Smurfit Westrock plc,2650,Paperboard Containers & Boxes,Manufacturing
CMS,811156,CMS ENERGY CORP,4931,Electric & Other Services Combined,Energy
OMC,29989,OMNICOM GROUP INC.,7311,Services-Advertising Agencies,Other / Financial / Services
BNTX,1776985,BioNTech SE,2836,"Biological Products, (No Diagnostic Substances)",Healthcare
UTHR,1082554,UNITED THERAPEUTICS Corp,2834,Pharmaceutical Preparations,Healthcare
INCY,879169,INCYTE CORP,8731,Services-Commercial Physical & Biological Research,Healthcare
CPAY,1175454,"CORPAY, INC.",7389,"Services-Business Services, NEC",Other / Financial / Services
DGX,1022079,QUEST DIAGNOSTICS INC,8071,Services-Medical Laboratories,Healthcare
BRO,79282,"BROWN & BROWN, INC.",6411,"Insurance Agents, Brokers & Service",Other / Financial / Services
FTAI,1590364,FTAI Aviation Ltd.,7350,Services-Miscellaneous Equipment Rental & Leasing,Other / Financial / Services
CHD,313927,CHURCH & DWIGHT CO INC /DE/,2840,"Soap, Detergents, Cleang Preparations, Perfumes, Cosmetics",Manufacturing
STZ,16918,"CONSTELLATION BRANDS, INC.",2080,Beverages,Consumer Goods
VLTO,1967680,Veralto Corp,3825,Instruments For Meas & Testing of  Electricity & Elec Signals,Manufacturing
LH,920148,LABCORP HOLDINGS INC.,8071,Services-Medical Laboratories,Healthcare
CHRW,1043277,"C. H. ROBINSON WORLDWIDE, INC.",4731,Arrangement of  Transportation of  Freight & Cargo,Other / Financial / Services
FOXA,1754301,Fox Corp,4833,Television Broadcasting Stations,Other / Financial / Services
ZS,1713683,"Zscaler, Inc.",7371,Services-Computer Programming Services,Technology
NI,1111711,NISOURCE INC.,4931,Electric & Other Services Combined,Energy
TEAM,1650372,Atlassian Corp,7372,Services-Prepackaged Software,Technology
EXPD,746515,EXPEDITORS INTERNATIONAL OF WASHINGTON INC,4731,Arrangement of  Transportation of  Freight & Cargo,Other / Financial / Services
HPQ,47217,HP INC,3570,Computer & office Equipment,Technology
FWONA,1560385,Liberty Media Corp,4833,Television Broadcasting Stations,Other / Financial / Services
VIV,1066119,TELEFONICA BRASIL S.A.,4813,Telephone Communications (No Radiotelephone),Other / Financial / Services
FDXF,2082247,"FedEx Freight Holding Company, Inc.",4513,Air Courier Services,Other / Financial / Services
USFD,1665918,US Foods Holding Corp.,5140,Wholesale-Groceries & Related Products,Other / Financial / Services
BG,1996862,Bunge Global SA,2070,Fats & Oils,Consumer Goods
ENTG,1101302,ENTEGRIS INC,3089,"Plastics Products, NEC",Manufacturing
BEP,1533232,Brookfield Renewable Partners L.P.,4911,Electric Services,Energy
KOF,910631,COCA COLA FEMSA SAB DE CV,2086,Bottled & Canned Soft Drinks & Carbonated Waters,Consumer Goods
FIS,1136893,"Fidelity National Information Services, Inc.",7389,"Services-Business Services, NEC",Other / Financial / Services
SN,1957132,"SharkNinja, Inc.",3630,Household Appliances,Industrials
HKHHY,1142231,HEINEKEN HOLDING N V,,,Unknown
ROL,84839,ROLLINS INC,7340,Services-To Dwellings & Other Buildings,Other / Financial / Services
TW,1758730,Tradeweb Markets Inc.,6200,"Security & Commodity Brokers, Dealers, Exchanges & Services",Other / Financial / Services
IOT,1642896,Samsara Inc.,7373,Services-Computer Integrated Systems Design,Technology
GH,1576280,"Guardant Health, Inc.",8071,Services-Medical Laboratories,Healthcare
SBS,1170858,COMPANHIA DE SANEAMENTO BASICO DO ESTADO DE SAO PAULO-SABESP,4941,Water Supply,Other / Financial / Services
EDPFY,1039610,EDP ENERGIAS DE PORTUGAL SA,4911,Electric Services,Energy
STE,1757898,STERIS plc,3842,"Orthopedic, Prosthetic & Surgical Appliances & Supplies",Healthcare
STRL,874238,"STERLING INFRASTRUCTURE, INC.",1600,Heavy Construction Other Than Bldg Const - Contractors,Other / Financial / Services
SQM,909037,CHEMICAL & MINING CO OF CHILE INC,1400,Mining & Quarrying of  Nonmetallic Minerals (No Fuels),Other / Financial / Services
SNA,91440,Snap-on Inc,3420,"Cutlery, Handtools & General Hardware",Manufacturing
BSP,2004711,Bending Spoons S.p.A.,7370,"Services-Computer Programming, Data Processing, Etc.",Technology
DOW,1751788,DOW INC.,2821,"Plastic Materials, Synth Resins & Nonvulcan Elastomers",Manufacturing
ROKU,1428439,"ROKU, INC",4841,Cable & Other Pay Television Services,Other / Financial / Services
BURL,1579298,"Burlington Stores, Inc.",5311,Retail-Department Stores,Retail
EXE,895126,EXPAND ENERGY Corp,1311,Crude Petroleum & Natural Gas,Energy
HSAI,1861737,Hesai Group,3569,"General Industrial Machinery & Equipment, NEC",Industrials
GPN,1123360,GLOBAL PAYMENTS INC,7389,"Services-Business Services, NEC",Other / Financial / Services
BCH,1161125,BANK OF CHILE,6029,"Commercial Banks, NEC",Other / Financial / Services
CHTR,1091667,"CHARTER COMMUNICATIONS, INC. /MO/",4841,Cable & Other Pay Television Services,Other / Financial / Services
PKG,75677,PACKAGING CORP OF AMERICA,2650,Paperboard Containers & Boxes,Manufacturing
LEN,920760,LENNAR CORP /NEW/,1520,General Bldg Contractors - Residential Bldgs,Other / Financial / Services
RBA,1046102,RB GLOBAL INC.,7389,"Services-Business Services, NEC",Other / Financial / Services
TSN,100493,"TYSON FOODS, INC.",2015,Poultry Slaughtering and Processing,Consumer Goods
BSBR,1471055,Banco Santander (Brasil) S.A.,6029,"Commercial Banks, NEC",Other / Financial / Services
SNX,1177394,TD SYNNEX CORP,5045,Wholesale-Computers & Peripheral Equipment & Software,Other / Financial / Services
IP,51434,INTERNATIONAL PAPER CO /NEW/,2621,Paper Mills,Manufacturing
ULTA,1403568,"Ulta Beauty, Inc.",5990,"Retail-Retail Stores, NEC",Retail
ESS,920522,"ESSEX PROPERTY TRUST, INC.",6798,Real Estate Investment Trusts,Other / Financial / Services
TELNY,1126113,TELENOR ASA,4813,Telephone Communications (No Radiotelephone),Other / Financial / Services
CTSH,1058290,COGNIZANT TECHNOLOGY SOLUTIONS CORP,7371,Services-Computer Programming Services,Technology
AS,1988894,"Amer Sports, Inc.",2300,Apparel & Other Finishd Prods of  Fabrics & Similar Matl,Consumer Goods
AMCR,1748790,Amcor plc,3990,Miscellaneous Manufacturing Industries,Manufacturing
SBAC,1034054,SBA COMMUNICATIONS CORP,6798,Real Estate Investment Trusts,Other / Financial / Services
EFX,33185,EQUIFAX INC,7320,"Services-Consumer Credit Reporting, Collection Agencies",Other / Financial / Services
BCE,718940,BCE INC,4813,Telephone Communications (No Radiotelephone),Other / Financial / Services
IFF,51253,INTERNATIONAL FLAVORS & FRAGRANCES INC,2860,Industrial Organic Chemicals,Manufacturing
CIB,2058897,Grupo Cibest S.A.,6029,"Commercial Banks, NEC",Other / Financial / Services
EVRG,1711269,"Evergy, Inc.",4931,Electric & Other Services Combined,Energy
LNT,352541,ALLIANT ENERGY CORP,4931,Electric & Other Services Combined,Energy
DKS,1089063,"DICK'S SPORTING GOODS, INC.",5940,Retail-Miscellaneous Shopping Goods Stores,Retail
FLUT,1635327,Flutter Entertainment plc,7370,"Services-Computer Programming, Data Processing, Etc.",Technology
LII,1069202,LENNOX INTERNATIONAL INC,3585,Air-Cond & Warm Air Heatg Equip & Comm & Indl Refrig Equip,Industrials
GIS,40704,GENERAL MILLS INC,2040,Grain Mill Products,Consumer Goods
RS,861884,"RELIANCE, INC.",5051,Wholesale-Metals Service Centers & of fices,Other / Financial / Services
SOAGY,1715801,Sartorius AG/ADR,,,Unknown
FTV,1659166,Fortive Corp,3823,"Industrial Instruments For Measurement, Display, and Control",Manufacturing
RBC,1324948,RBC Bearings INC,3562,Ball & Roller Bearings,Industrials
LSCC,855658,LATTICE SEMICONDUCTOR CORP,3674,Semiconductors & Related Devices,Industrials
VTRS,1792044,Viatris Inc,2834,Pharmaceutical Preparations,Healthcare
SITM,1451809,SITIME Corp,3674,Semiconductors & Related Devices,Industrials
SMCI,1375365,"Super Micro Computer, Inc.",3571,Electronic Computers,Technology
YPF,904851,YPF SOCIEDAD ANONIMA,2911,Petroleum Refining,Energy
TLN,1622536,Talen Energy Corp,4911,Electric Services,Energy
MAIR,2098430,Madison Air Solutions Corp,3564,Industrial & Commercial Fans & Blowers & Air Purifing Equip,Industrials
WIT,1123799,WIPRO LTD,7371,Services-Computer Programming Services,Technology
WES,1423902,"Western Midstream Partners, LP",4922,Natural Gas Transmission,Energy
AKAM,1086222,AKAMAI TECHNOLOGIES INC,7389,"Services-Business Services, NEC",Other / Financial / Services
QNT,2110105,Quantinuum Inc.,7373,Services-Computer Integrated Systems Design,Technology
PAAS,771992,PAN AMERICAN SILVER CORP,1040,Gold and Silver Ores,Other / Financial / Services
DD,1666700,"DuPont de Nemours, Inc.",2821,"Plastic Materials, Synth Resins & Nonvulcan Elastomers",Manufacturing
CDW,1402057,CDW Corp,5961,Retail-Catalog & Mail-Order Houses,Retail
LYB,1489393,LyondellBasell Industries N.V.,2860,Industrial Organic Chemicals,Manufacturing
APG,1796209,APi Group Corp,7340,Services-To Dwellings & Other Buildings,Other / Financial / Services
ZTO,1677250,ZTO Express (Cayman) Inc.,4210,Trucking & Courier Services (No Air),Other / Financial / Services
H,1468174,Hyatt Hotels Corp,7011,Hotels & Motels,Other / Financial / Services
EWBC,1069157,EAST WEST BANCORP INC,6022,State Commercial Banks,Other / Financial / Services
CX,1076378,CEMEX SAB DE CV,3241,"Cement, Hydraulic",Manufacturing
CF,1324404,"CF Industries Holdings, Inc.",2870,Agricultural Chemicals,Manufacturing
RCI,733099,ROGERS COMMUNICATIONS INC,4841,Cable & Other Pay Television Services,Other / Financial / Services
PFGC,1618673,Performance Food Group Co,5141,"Wholesale-Groceries, General Line",Other / Financial / Services
GMAB,1434265,GENMAB A/S,2834,Pharmaceutical Preparations,Healthcare
GPC,40987,GENUINE PARTS CO,5013,Wholesale-Motor Vehicle Supplies & New Parts,Other / Financial / Services
ASND,1612042,Ascendis Pharma A/S,2834,Pharmaceutical Preparations,Healthcare
NBIX,914475,NEUROCRINE BIOSCIENCES INC,2836,"Biological Products, (No Diagnostic Substances)",Healthcare
ZBH,1136869,"ZIMMER BIOMET HOLDINGS, INC.",3842,"Orthopedic, Prosthetic & Surgical Appliances & Supplies",Healthcare
AMKR,1047127,"AMKOR TECHNOLOGY, INC.",3674,Semiconductors & Related Devices,Industrials
MGA,749098,MAGNA INTERNATIONAL INC,3714,Motor Vehicle Parts & Accessories,Industrials
BEN,38777,FRANKLIN RESOURCES INC,6282,Investment Advice,Other / Financial / Services
THC,70318,TENET HEALTHCARE CORP,8062,"Services-General Medical & Surgical Hospitals, NEC",Healthcare
CRCL,1876042,"Circle Internet Group, Inc.",6199,Finance Services,Other / Financial / Services
INVH,1687229,Invitation Homes Inc.,6510,Real Estate Operators (No Developers) & Lessors,Other / Financial / Services
ITT,216228,ITT INC.,3561,Pumps & Pumping Equipment,Industrials
NVR,906163,NVR INC,1531,Operative Builders,Other / Financial / Services
ULS,1901440,UL Solutions Inc.,8734,Services-Testing Laboratories,Healthcare
BBY,764478,BEST BUY CO INC,5731,"Retail-Radio, Tv & Consumer Electronics Stores",Retail
RBRK,1943896,"Rubrik, Inc.",7372,Services-Prepackaged Software,Technology
BEKE,1809587,KE Holdings Inc.,6531,Real Estate Agents & Managers (For Others),Other / Financial / Services
ARXS,2093536,"Arxis, Inc.",3728,"Aircraft Parts & Auxiliary Equipment, NEC",Industrials
NXT,1852131,Nextpower Inc.,3674,Semiconductors & Related Devices,Industrials
BWXT,1486957,"BWX Technologies, Inc.",3510,Engines & Turbines,Industrials
KSPI,1985487,Joint Stock Co Kaspi.kz,7389,"Services-Business Services, NEC",Other / Financial / Services
TOST,1650164,"Toast, Inc.",7374,Services-Computer Processing & Data Preparation,Technology
FN,1408710,Fabrinet,3661,Telephone & Telegraph Apparatus,Industrials
BR,1383312,"BROADRIDGE FINANCIAL SOLUTIONS, INC.",7389,"Services-Business Services, NEC",Other / Financial / Services
WY,106535,WEYERHAEUSER CO,6798,Real Estate Investment Trusts,Other / Financial / Services
BBIO,1743881,"BridgeBio Pharma, Inc.",2834,Pharmaceutical Preparations,Healthcare
NLY,1043219,ANNALY CAPITAL MANAGEMENT INC,6798,Real Estate Investment Trusts,Other / Financial / Services
RGLD,85535,ROYAL GOLD INC,6795,Mineral Royalty Traders,Other / Financial / Services
KIM,879101,KIMCO REALTY CORP,6798,Real Estate Investment Trusts,Other / Financial / Services
LTM,1047716,LATAM AIRLINES GROUP S.A.,4512,"Air Transportation, Scheduled",Other / Financial / Services
IEX,832101,IDEX CORP /DE/,3561,Pumps & Pumping Equipment,Industrials
CDE,215466,"Coeur Mining, Inc.",1040,Gold and Silver Ores,Other / Financial / Services
BALL,9389,BALL Corp,3411,Metal Cans,Manufacturing
PR,1658566,Permian Resources Corp,1311,Crude Petroleum & Natural Gas,Energy
TPG,1880661,TPG Inc.,6282,Investment Advice,Other / Financial / Services
TU,868675,TELUS CORP,4812,Radiotelephone Communications,Other / Financial / Services
DIDIY,1764757,DiDi Global Inc.,7389,"Services-Business Services, NEC",Other / Financial / Services
EMA,1127248,EMERA INC,4911,Electric Services,Energy
WCC,929008,WESCO INTERNATIONAL INC,5063,"Wholesale-Electrical Apparatus & Equipment, Wiring Supplies ",Other / Financial / Services
TIGO,912958,MILLICOM INTERNATIONAL CELLULAR SA,4812,Radiotelephone Communications,Other / Financial / Services
CG,1527166,Carlyle Group Inc.,6282,Investment Advice,Other / Financial / Services
IONQ,1824920,"IonQ, Inc.",7373,Services-Computer Integrated Systems Design,Technology
GRAB,1855612,Grab Holdings Ltd,7389,"Services-Business Services, NEC",Other / Financial / Services
NDSN,72331,NORDSON CORP,3569,"General Industrial Machinery & Equipment, NEC",Industrials
PAA,1070423,PLAINS ALL AMERICAN PIPELINE LP,4610,Pipe Lines (No Natural Gas),Other / Financial / Services
SSNC,1402436,SS&C Technologies Holdings Inc,7372,Services-Prepackaged Software,Technology
CLH,822818,CLEAN HARBORS INC,4955,Hazardous Waste Management,Other / Financial / Services
HST,1070750,"HOST HOTELS & RESORTS, INC.",6798,Real Estate Investment Trusts,Other / Financial / Services
ONTO,704532,ONTO INNOVATION INC.,3829,"Measuring & Controlling Devices, NEC",Manufacturing
BSAC,1027552,BANCO SANTANDER CHILE,6029,"Commercial Banks, NEC",Other / Financial / Services
STLA,1605484,Stellantis N.V.,3711,Motor Vehicles & Passenger Car Bodies,Industrials
TSCO,916365,TRACTOR SUPPLY CO /DE/,5200,"Retail-Building Materials, Hardware, Garden Supply",Retail
KEP,887225,KOREA ELECTRIC POWER CORP,4911,Electric Services,Energy
SCRNY,1544379,"SCREEN Holdings Co., Ltd./ADR",,,Unknown
WPC,1025378,W. P. Carey Inc.,6798,Real Estate Investment Trusts,Other / Financial / Services
LAMR,1090425,LAMAR ADVERTISING CO/NEW,6798,Real Estate Investment Trusts,Other / Financial / Services
ARNNY,1719117,ASR Nederland N.V./ADR,,,Unknown
WSO,105016,WATSCO INC,5070,Wholesale-Hardware & Plumbing & Heating Equipment & Supplies,Other / Financial / Services
TXT,217346,TEXTRON INC,3720,Aircraft & Parts,Industrials
MAS,62996,MASCO CORP /DE/,3430,"Heating Equip, Except Elec & Warm Air; & Plumbing Fixtures",Manufacturing
PKX,889132,POSCO HOLDINGS INC.,3312,"Steel Works, Blast Furnaces & Rolling Mills (Coke Ovens)",Manufacturing
SGI,1206264,SOMNIGROUP INTERNATIONAL INC.,2510,Household Furniture,Consumer Goods
BAWAY,1968385,BAWAG Group AG/ADR,,,Unknown
LNTCY,2098381,"Lens Technology Co., Ltd./ADR",,,Unknown
WF,1264136,WOORI FINANCIAL GROUP INC.,6029,"Commercial Banks, NEC",Other / Financial / Services
GEN,849399,Gen Digital Inc.,7372,Services-Prepackaged Software,Technology
OVV,1792580,Ovintiv Inc.,1311,Crude Petroleum & Natural Gas,Energy
WTKWY,861967,WOLTERS KLUWER N V /FI,,,Unknown
QXO,1236275,"QXO, Inc.",5030,Wholesale-Lumber & Other Construction Materials,Other / Financial / Services
MEDP,1668397,"Medpace Holdings, Inc.",8731,Services-Commercial Physical & Biological Research,Healthcare
ARMK,1584509,Aramark,5812,Retail-Eating  Places,Retail
CFNB,803016,CALIFORNIA FIRST LEASING CORP,6021,National Commercial Banks,Other / Financial / Services
TTMI,1116942,TTM TECHNOLOGIES INC,3672,Printed Circuit Boards,Industrials
PNFP,2082866,"Pinnacle Financial Partners, Inc.",6021,National Commercial Banks,Other / Financial / Services
JAZZ,1232524,Jazz Pharmaceuticals plc,2834,Pharmaceutical Preparations,Healthcare
WMG,1319161,Warner Music Group Corp.,7900,Services-Amusement & Recreation Services,Other / Financial / Services
SUI,912593,SUN COMMUNITIES INC,6798,Real Estate Investment Trusts,Other / Financial / Services
DSEEY,1481045,Daiwa Securities Group Inc.,8880,American Depositary Receipts,Healthcare
NVMI,1109345,NOVA LTD.,3827,Optical Instruments & Lenses,Manufacturing
JLL,1037976,JONES LANG LASALLE INC,6531,Real Estate Agents & Managers (For Others),Other / Financial / Services
RGA,898174,REINSURANCE GROUP OF AMERICA INC,6311,Life Insurance,Other / Financial / Services
VNOM,2074176,"Viper Energy, Inc.",1311,Crude Petroleum & Natural Gas,Energy
OHI,888491,OMEGA HEALTHCARE INVESTORS INC,6798,Real Estate Investment Trusts,Other / Financial / Services
IREN,1878848,IREN Ltd,6199,Finance Services,Other / Financial / Services
DVA,927066,DAVITA INC.,8090,"Services-Misc Health & Allied Services, NEC",Healthcare
RTO,930157,RENTOKIL INITIAL PLC /FI,8741,Services-Management Services,Healthcare
ALB,915913,ALBEMARLE CORP,2821,"Plastic Materials, Synth Resins & Nonvulcan Elastomers",Manufacturing
NTNX,1618732,"Nutanix, Inc.",7372,Services-Prepackaged Software,Technology
J,52988,JACOBS SOLUTIONS INC.,1600,Heavy Construction Other Than Bldg Const - Contractors,Other / Financial / Services
YUMC,1673358,"Yum China Holdings, Inc.",5812,Retail-Eating  Places,Retail
PUGBY,2029472,Puig Brands S.A./ADR,,,Unknown
DOC,765880,"HEALTHPEAK PROPERTIES, INC.",6798,Real Estate Investment Trusts,Other / Financial / Services
NWSA,1564708,NEWS CORP,2711,Newspapers: Publishing or  Publishing & Printing,Manufacturing
REG,910606,REGENCY CENTERS CORP,6798,Real Estate Investment Trusts,Other / Financial / Services
DTM,1842022,"DT Midstream, Inc.",4922,Natural Gas Transmission,Energy
DECK,910521,DECKERS OUTDOOR CORP,3021,Rubber & Plastics Footwear,Manufacturing
PHYS,1477049,Sprott Physical Gold Trust,6221,Commodity Contracts Brokers & Dealers,Other / Financial / Services
UDR,74208,"UDR, Inc.",6798,Real Estate Investment Trusts,Other / Financial / Services
OWL,1823945,BLUE OWL CAPITAL INC.,6282,Investment Advice,Other / Financial / Services
EG,1095073,"EVEREST GROUP, LTD.",6331,"Fire, Marine & Casualty Insurance",Other / Financial / Services
ASBHY,2055337,"Asahi Group Holdings, Ltd./ADR",,,Unknown
LOGI,1032975,LOGITECH INTERNATIONAL S.A.,3577,"Computer Peripheral Equipment, NEC",Technology
LYTHF,1816319,Lytus Technologies Holdings PTV. Ltd.,7374,Services-Computer Processing & Data Preparation,Technology
TME,1744676,Tencent Music Entertainment Group,4832,Radio Broadcasting Stations,Other / Financial / Services
RRX,82811,REGAL REXNORD CORP,3569,"General Industrial Machinery & Equipment, NEC",Industrials
TRU,1552033,TransUnion,7320,"Services-Consumer Credit Reporting, Collection Agencies",Other / Financial / Services
JHX,1159152,James Hardie Industries plc,3272,"Concrete Products, Except Block & Brick",Manufacturing
GFL,1780232,GFL Environmental Inc.,4953,Refuse Systems,Other / Financial / Services
PTC,857005,PTC INC.,7372,Services-Prepackaged Software,Technology
VIRT,1592386,"Virtu Financial, Inc.",6211,"Security Brokers, Dealers & Flotation Companies",Other / Financial / Services
EXEL,939767,"EXELIXIS, INC.",2836,"Biological Products, (No Diagnostic Substances)",Healthcare
PAC,1347557,Pacific Airport Group,4581,"Airports, Flying Fields & Airport Terminal Services",Other / Financial / Services
GIB,1061574,CGI INC,8742,Services-Management Consulting Services,Other / Financial / Services
PS,2026053,PERSHING SQUARE INC.,6282,Investment Advice,Other / Financial / Services
MKC,63754,MCCORMICK & CO INC,2090,Miscellaneous Food Preparations & Kindred Products,Consumer Goods
BTSG,1865782,"BrightSpring Health Services, Inc.",8082,Services-Home Health Care Services,Healthcare
TOL,794170,"Toll Brothers, Inc.",1531,Operative Builders,Other / Financial / Services
UNM,5513,Unum Group,6321,Accident & Health Insurance,Other / Financial / Services
ALLY,40729,Ally Financial Inc.,6022,State Commercial Banks,Other / Financial / Services
FPS,2080126,"Forgent Power Solutions, Inc.",3620,Electrical Industrial Apparatus,Industrials
DINO,1915657,HF Sinclair Corp,4610,Pipe Lines (No Natural Gas),Other / Financial / Services
CNA,21175,CNA FINANCIAL CORP,6331,"Fire, Marine & Casualty Insurance",Other / Financial / Services
GL,320335,GLOBE LIFE INC.,6311,Life Insurance,Other / Financial / Services
COO,711404,"COOPER COMPANIES, INC.",3851,Ophthalmic Goods,Manufacturing
AIZ,1267238,"ASSURANT, INC.",6399,"Insurance Carriers, NEC",Other / Financial / Services
SWK,93556,"STANLEY BLACK & DECKER, INC.",3420,"Cutlery, Handtools & General Hardware",Manufacturing
CRBG,1889539,"Corebridge Financial, Inc.",6311,Life Insurance,Other / Financial / Services
LECO,59527,LINCOLN ELECTRIC HOLDINGS INC,3540,Metalworkg Machinery & Equipment,Industrials
GNRC,1474735,GENERAC HOLDINGS INC.,3621,Motors & Generators,Industrials
DOCN,1582961,"DigitalOcean Holdings, Inc.",7370,"Services-Computer Programming, Data Processing, Etc.",Technology
TLK,1001807,PERUSAHAAN PERSEROAN PERSERO PT TELEKOMUNIKASI INDONESIA TBK,4813,Telephone Communications (No Radiotelephone),Other / Financial / Services
LULU,1397187,lululemon athletica inc.,2300,Apparel & Other Finishd Prods of  Fabrics & Similar Matl,Consumer Goods
HRL,48465,HORMEL FOODS CORP /DE/,2011,Meat Packing Plants,Consumer Goods
CHKP,1015922,CHECK POINT SOFTWARE TECHNOLOGIES LTD,7372,Services-Prepackaged Software,Technology
U,1810806,Unity Software Inc.,7372,Services-Prepackaged Software,Technology
AMH,1562401,American Homes 4 Rent,6798,Real Estate Investment Trusts,Other / Financial / Services
ARCC,1287750,ARES CAPITAL CORP,,,Unknown
FUTU,1754581,Futu Holdings Ltd,6211,"Security Brokers, Dealers & Flotation Companies",Other / Financial / Services
RPM,110621,RPM INTERNATIONAL INC/DE/,2851,"Paints, Varnishes, Lacquers, Enamels & Allied Prods",Manufacturing
LDOS,1336920,"Leidos Holdings, Inc.",7373,Services-Computer Integrated Systems Design,Technology
CSL,790051,CARLISLE COMPANIES INC,3060,"Fabricated Rubber Products, NEC",Manufacturing
BWA,908255,BORGWARNER INC,3714,Motor Vehicle Parts & Accessories,Industrials
RNR,913144,RENAISSANCERE HOLDINGS LTD,6331,"Fire, Marine & Casualty Insurance",Other / Financial / Services
FNF,1331875,"Fidelity National Financial, Inc.",6361,Title Insurance,Other / Financial / Services
SOLV,1964738,Solventum Corp,3841,Surgical & Medical Instruments & Apparatus,Healthcare
TMTNY,2072098,Toromont Industries Ltd./ADR,,,Unknown
UHAL,4457,U-Haul Holding Co /NV/,7510,Services-Auto Rental & Leasing (No Drivers),Other / Financial / Services
ERIE,922621,ERIE INDEMNITY CO,6411,"Insurance Agents, Brokers & Service",Other / Financial / Services
DKNG,1883685,DraftKings Inc.,7990,Services-Miscellaneous Amusement & Recreation,Other / Financial / Services
ZBRA,877212,ZEBRA TECHNOLOGIES CORP,3560,General Industrial Machinery & Equipment,Industrials
PNW,764622,PINNACLE WEST CAPITAL CORP,4911,Electric Services,Energy
AEG,769218,AEGON LTD.,6311,Life Insurance,Other / Financial / Services
BLMOY,2109234,BELIMO Holding AG/ADR,,,Unknown
DLAKY,1049724,DEUTSCHE LUFTHANSA A G /FI,,,Unknown
CNH,1567094,CNH Industrial N.V.,3531,Construction Machinery & Equip,Industrials
ICLR,1060955,ICON PLC,8731,Services-Commercial Physical & Biological Research,Healthcare
EVR,1360901,Evercore Inc.,6282,Investment Advice,Other / Financial / Services
SNN,845982,SMITH & NEPHEW PLC,3842,"Orthopedic, Prosthetic & Surgical Appliances & Supplies",Healthcare
SUN,1552275,Sunoco LP,2911,Petroleum Refining,Energy
MOG-A,67887,MOOG INC.,3590,Misc Industrial & Commercial Machinery & Equipment,Industrials
APTV,1521332,Aptiv PLC,3714,Motor Vehicle Parts & Accessories,Industrials
FMS,1333141,Fresenius Medical Care AG,8090,"Services-Misc Health & Allied Services, NEC",Healthcare
AA,1675149,Alcoa Corp,3334,Primary Production of  Aluminum,Manufacturing
MOD,67347,MODINE MANUFACTURING CO,3714,Motor Vehicle Parts & Accessories,Industrials
ONON,1858985,On Holding AG,3021,Rubber & Plastics Footwear,Manufacturing
IVZ,914208,Invesco Ltd.,6282,Investment Advice,Other / Financial / Services
PAG,1019849,"PENSKE AUTOMOTIVE GROUP, INC.",5500,Retail-Auto Dealers & Gasoline Stations,Retail
EQH,1333986,"Equitable Holdings, Inc.",6411,"Insurance Agents, Brokers & Service",Other / Financial / Services
ALGN,1097149,ALIGN TECHNOLOGY INC,3842,"Orthopedic, Prosthetic & Surgical Appliances & Supplies",Healthcare
DT,1773383,"Dynatrace, Inc.",7372,Services-Prepackaged Software,Technology
DY,67215,DYCOM INDUSTRIES INC,1623,"Water, Sewer, Pipeline, Comm & Power Line Construction",Other / Financial / Services
AGNC,1423689,AGNC Investment Corp.,6798,Real Estate Investment Trusts,Other / Financial / Services
CR,1944013,Crane Co,3490,Miscellaneous Fabricated Metal Products,Manufacturing
WSE,2099039,Wise Group plc,7389,"Services-Business Services, NEC",Other / Financial / Services
ELS,895417,EQUITY LIFESTYLE PROPERTIES INC,6798,Real Estate Investment Trusts,Other / Financial / Services
TYL,860731,TYLER TECHNOLOGIES INC,7372,Services-Prepackaged Software,Technology
SKM,1015650,SK TELECOM CO LTD,4812,Radiotelephone Communications,Other / Financial / Services
MLI,89439,MUELLER INDUSTRIES INC,3350,Rolling Drawing & Extruding of  Nonferrous Metals,Manufacturing
HTHT,1483994,H World Group Ltd,7011,Hotels & Motels,Other / Financial / Services
RVTY,31791,"REVVITY, INC.",3826,Laboratory Analytical Instruments,Manufacturing
GLPI,1575965,"Gaming & Leisure Properties, Inc.",6798,Real Estate Investment Trusts,Other / Financial / Services
AUR,1828108,"Aurora Innovation, Inc.",7373,Services-Computer Integrated Systems Design,Technology
PINS,1506293,"PINTEREST, INC.",7370,"Services-Computer Programming, Data Processing, Etc.",Technology
CCK,1219601,"CROWN HOLDINGS, INC.",3411,Metal Cans,Manufacturing
SMTC,88941,SEMTECH CORP,3674,Semiconductors & Related Devices,Industrials
VICR,751978,VICOR CORP,3679,"Electronic Components, NEC",Industrials
XPEV,1810997,XPENG INC.,3711,Motor Vehicles & Passenger Car Bodies,Industrials
PEN,1321732,Penumbra Inc,3841,Surgical & Medical Instruments & Apparatus,Healthcare
TXRH,1289460,"Texas Roadhouse, Inc.",5812,Retail-Eating  Places,Retail
WBS,801337,WEBSTER FINANCIAL CORP,6021,National Commercial Banks,Other / Financial / Services
MDGL,1157601,"MADRIGAL PHARMACEUTICALS, INC.",2834,Pharmaceutical Preparations,Healthcare
PNR,77360,PENTAIR plc,3550,Special Industry Machinery (No Metalworking Machinery),Industrials
AVY,8818,Avery Dennison Corp,2670,Converted Paper & Paperboard Prods (No Contaners/Boxes),Manufacturing
ELAN,1739104,Elanco Animal Health Inc,2834,Pharmaceutical Preparations,Healthcare
AGI,1178819,ALAMOS GOLD INC,1040,Gold and Silver Ores,Other / Financial / Services
IESC,1048268,"IES Holdings, Inc.",1731,Electrical Work,Other / Financial / Services
TRMB,864749,TRIMBLE INC.,3829,"Measuring & Controlling Devices, NEC",Manufacturing
GGG,42888,GRACO INC,3561,Pumps & Pumping Equipment,Industrials
AEIS,927003,ADVANCED ENERGY INDUSTRIES INC,3679,"Electronic Components, NEC",Industrials
FHN,36966,FIRST HORIZON CORP,6021,National Commercial Banks,Other / Financial / Services
LGN,2052568,Legence Corp.,1700,Construction - Special Trade Contractors,Other / Financial / Services
AIT,109563,APPLIED INDUSTRIAL TECHNOLOGIES INC,5080,"Wholesale-Machinery, Equipment & Supplies",Other / Financial / Services
BF-A,14693,BROWN FORMAN CORP,2080,Beverages,Consumer Goods
ABVX,1956827,Abivax S.A.,2834,Pharmaceutical Preparations,Healthcare
PSLV,1494728,Sprott Physical Silver Trust,6221,Commodity Contracts Brokers & Dealers,Other / Financial / Services
KNX,1492691,Knight-Swift Transportation Holdings Inc.,4213,Trucking (No Local),Other / Financial / Services
NYT,71691,NEW YORK TIMES CO,2711,Newspapers: Publishing or  Publishing & Printing,Manufacturing
TFII,1588823,TFI International Inc.,4210,Trucking & Courier Services (No Air),Other / Financial / Services
COKE,317540,"Coca-Cola Consolidated, Inc.",2086,Bottled & Canned Soft Drinks & Carbonated Waters,Consumer Goods
NIO,1736541,NIO Inc.,3711,Motor Vehicles & Passenger Car Bodies,Industrials
MGM,789570,MGM Resorts International,7011,Hotels & Motels,Other / Financial / Services
MOH,1179929,"MOLINA HEALTHCARE, INC.",6324,Hospital & Medical Service Plans,Other / Financial / Services
AXSM,1579428,"Axsome Therapeutics, Inc.",2834,Pharmaceutical Preparations,Healthcare
RMBS,917273,RAMBUS INC,3674,Semiconductors & Related Devices,Industrials
BNT,1837429,Brookfield Wealth Solutions Ltd.,6399,"Insurance Carriers, NEC",Other / Financial / Services
LI,1791706,Li Auto Inc.,3711,Motor Vehicles & Passenger Car Bodies,Industrials
SJM,91419,J M SMUCKER Co,2033,"Canned, Fruits, Veg, Preserves, Jams & Jellies",Consumer Goods
SMMT,1599298,Summit Therapeutics Inc.,2834,Pharmaceutical Preparations,Healthcare
BXP,1037540,"BXP, Inc.",6798,Real Estate Investment Trusts,Other / Financial / Services
BROS,1866581,Dutch Bros Inc.,5810,Retail-Eating & Drinking Places,Retail
EMBJ,1355444,EMBRAER S.A.,3721,Aircraft,Industrials
ALLE,1579241,Allegion plc,7381,"Services-Detective, Guard & Armored Car Services",Other / Financial / Services
CLX,21076,CLOROX CO /DE/,2842,"Specialty Cleaning, Polishing and Sanitation Preparations",Manufacturing
APA,1841666,APA Corp,1311,Crude Petroleum & Natural Gas,Energy
WTS,795403,WATTS WATER TECHNOLOGIES INC,3490,Miscellaneous Fabricated Metal Products,Manufacturing
DRS,1833756,"Leonardo DRS, Inc.",3812,"Search, Detection, Navigation, Guidance, Aeronautical Sys",Manufacturing
AFG,1042046,AMERICAN FINANCIAL GROUP INC,6331,"Fire, Marine & Casualty Insurance",Other / Financial / Services
GDDY,1609711,GoDaddy Inc.,7373,Services-Computer Integrated Systems Design,Technology
W,1616707,Wayfair Inc.,5961,Retail-Catalog & Mail-Order Houses,Retail
CONE,2103884,"Compass Sub North, Inc.",6022,State Commercial Banks,Other / Financial / Services
HUT,1964789,Hut 8 Corp.,6199,Finance Services,Other / Financial / Services
BAX,10456,BAXTER INTERNATIONAL INC,3841,Surgical & Medical Instruments & Apparatus,Healthcare
YARIY,1279956,YARA INTERNATIONAL ASA,8880,American Depositary Receipts,Healthcare
BZLFY,1072397,BUNZL PLC,5141,"Wholesale-Groceries, General Line",Other / Financial / Services
WMS,1604028,"ADVANCED DRAINAGE SYSTEMS, INC.",3086,Plastics Foam Products,Manufacturing
OC,1370946,Owens Corning,3290,"Abrasive, Asbestos & Misc Nonmetallic Mineral Prods",Manufacturing
CSGP,1057352,"COSTAR GROUP, INC.",7389,"Services-Business Services, NEC",Other / Financial / Services
SF,720672,STIFEL FINANCIAL CORP,6211,"Security Brokers, Dealers & Flotation Companies",Other / Financial / Services
CYTK,1061983,CYTOKINETICS INC,2834,Pharmaceutical Preparations,Healthcare
ENLT,1922641,Enlight Renewable Energy Ltd.,4911,Electric Services,Energy
SEIC,350894,SEI INVESTMENTS CO,6211,"Security Brokers, Dealers & Flotation Companies",Other / Financial / Services
BMRN,1048477,BIOMARIN PHARMACEUTICAL INC,2834,Pharmaceutical Preparations,Healthcare
MICC,2071668,Magnum Ice Cream Co N.V.,2024,Ice Cream & Frozen Desserts,Consumer Goods
GWRE,1528396,"Guidewire Software, Inc.",7372,Services-Prepackaged Software,Technology
HII,1501585,"HUNTINGTON INGALLS INDUSTRIES, INC.",3730,Ship & Boat Building & Repairing,Industrials
FIG,1579878,"Figma, Inc.",7372,Services-Prepackaged Software,Technology
AKZOY,3124,AKZO NOBEL NV,2800,Chemicals & Allied Products,Manufacturing
CRL,1100682,"CHARLES RIVER LABORATORIES INTERNATIONAL, INC.",8731,Services-Commercial Physical & Biological Research,Healthcare
CART,1579091,Maplebear Inc.,7389,"Services-Business Services, NEC",Other / Financial / Services
BJ,1531152,"BJ's Wholesale Club Holdings, Inc.",5331,Retail-Variety Stores,Retail
SANM,897723,SANMINA CORP,3672,Printed Circuit Boards,Industrials
CPT,906345,CAMDEN PROPERTY TRUST,6798,Real Estate Investment Trusts,Other / Financial / Services
CGNX,851205,COGNEX CORP,3823,"Industrial Instruments For Measurement, Display, and Control",Manufacturing
HAS,46080,"HASBRO, INC.",3944,"Games, Toys & Children's Vehicles (No Dolls & Bicycles)",Consumer Goods
SAIA,1177702,SAIA INC,4213,Trucking (No Local),Other / Financial / Services
EGP,49600,EASTGROUP PROPERTIES INC,6798,Real Estate Investment Trusts,Other / Financial / Services
AAL,6201,American Airlines Group Inc.,4512,"Air Transportation, Scheduled",Other / Financial / Services
PODD,1145197,INSULET CORP,3841,Surgical & Medical Instruments & Apparatus,Healthcare
VARRY,1919275,Var Energi ASA/ADR,,,Unknown
TECH,842023,BIO-TECHNE Corp,2836,"Biological Products, (No Diagnostic Substances)",Healthcare
MINBY,1034983,MINEBEA MITSUMI Inc.,3670,Electronic Components & Accessories,Industrials
BPOP,763901,"POPULAR, INC.",6022,State Commercial Banks,Other / Financial / Services
SIMO,1329394,Silicon Motion Technology CORP,3674,Semiconductors & Related Devices,Industrials
OBICY,2077146,"OBIC Co., Ltd./ADR",,,Unknown
UMBF,101382,UMB FINANCIAL CORP,6021,National Commercial Banks,Other / Financial / Services
SPXC,88205,"SPX Technologies, Inc.",3540,Metalworkg Machinery & Equipment,Industrials
RDY,1135951,DR REDDYS LABORATORIES LTD,2834,Pharmaceutical Preparations,Healthcare
WULF,1083301,TERAWULF INC.,6199,Finance Services,Other / Financial / Services
AHR,1632970,"American Healthcare REIT, Inc.",6798,Real Estate Investment Trusts,Other / Financial / Services
WTRG,78128,"Essential Utilities, Inc.",4941,Water Supply,Other / Financial / Services
MUSA,1573516,Murphy USA Inc.,5500,Retail-Auto Dealers & Gasoline Stations,Retail
FROG,1800667,JFrog Ltd,7372,Services-Prepackaged Software,Technology
WTFC,1015328,WINTRUST FINANCIAL CORP,6022,State Commercial Banks,Other / Financial / Services
LINE,1868159,"Lineage, Inc.",6798,Real Estate Investment Trusts,Other / Financial / Services
ARWR,879407,"ARROWHEAD PHARMACEUTICALS, INC.",2834,Pharmaceutical Preparations,Healthcare
EHC,785161,Encompass Health Corp,8060,Services-Hospitals,Healthcare
VIAV,912093,VIAVI SOLUTIONS INC.,3674,Semiconductors & Related Devices,Industrials
CACI,16058,CACI INTERNATIONAL INC /DE/,7373,Services-Computer Integrated Systems Design,Technology
SCI,89089,SERVICE CORP INTERNATIONAL,7200,Services-Personal Services,Other / Financial / Services
VMI,102729,VALMONT INDUSTRIES INC,3440,Fabricated Structural Metal Products,Manufacturing
TIMB,1826168,TIM S.A.,4813,Telephone Communications (No Radiotelephone),Other / Financial / Services
RYAN,1849253,"RYAN SPECIALTY HOLDINGS, INC.",6411,"Insurance Agents, Brokers & Service",Other / Financial / Services
PAYP,2080845,PayPay Corp,7389,"Services-Business Services, NEC",Other / Financial / Services
KRYS,1711279,"Krystal Biotech, Inc.",2836,"Biological Products, (No Diagnostic Substances)",Healthcare
JEF,96223,Jefferies Financial Group Inc.,6211,"Security Brokers, Dealers & Flotation Companies",Other / Financial / Services
GMED,1237831,GLOBUS MEDICAL INC,3841,Surgical & Medical Instruments & Apparatus,Healthcare
JKHY,779152,JACK HENRY & ASSOCIATES INC,7373,Services-Computer Integrated Systems Design,Technology
ARW,7536,"ARROW ELECTRONICS, INC.",5065,"Wholesale-Electronic Parts & Equipment, NEC",Other / Financial / Services
PSKY,2041610,Paramount Skydance Corp,4833,Television Broadcasting Stations,Other / Financial / Services
HL,719413,HECLA MINING CO/DE/,1400,Mining & Quarrying of  Nonmetallic Minerals (No Fuels),Other / Financial / Services
AES,874761,AES CORP,4991,Cogeneration Services & Small Power Producers,Other / Financial / Services
AM,1623925,Antero Midstream Corp,4922,Natural Gas Transmission,Energy
LFUS,889331,LITTELFUSE INC /DE,3613,Switchgear & Switchboard Apparatus,Industrials
FRT,34903,FEDERAL REALTY INVESTMENT TRUST,6798,Real Estate Investment Trusts,Other / Financial / Services
HUBS,1404655,HUBSPOT INC,7372,Services-Prepackaged Software,Technology
FIVE,1177609,"FIVE BELOW, INC",5331,Retail-Variety Stores,Retail
R,85961,RYDER SYSTEM INC,7510,Services-Auto Rental & Leasing (No Drivers),Other / Financial / Services
ZION,109380,"ZIONS BANCORPORATION, NATIONAL ASSOCIATION /UT/",6021,National Commercial Banks,Other / Financial / Services
WYNN,1174922,WYNN RESORTS LTD,7011,Hotels & Motels,Other / Financial / Services
TEM,1717115,"Tempus AI, Inc.",7370,"Services-Computer Programming, Data Processing, Etc.",Technology
DCI,29644,DONALDSON Co INC,3564,Industrial & Commercial Fans & Blowers & Air Purifing Equip,Industrials
GSAT,1366868,"Globalstar, Inc.",4899,"Communications Services, NEC",Other / Financial / Services
AR,1433270,ANTERO RESOURCES Corp,1311,Crude Petroleum & Natural Gas,Energy
SIRI,908937,SIRIUS XM HOLDINGS INC.,4832,Radio Broadcasting Stations,Other / Financial / Services
PSO,938323,PEARSON PLC,2731,Books: Publishing or  Publishing & Printing,Manufacturing
ALGM,866291,"ALLEGRO MICROSYSTEMS, INC.",3674,Semiconductors & Related Devices,Industrials
VSAT,797721,VIASAT INC,4899,"Communications Services, NEC",Other / Financial / Services
ONB,707179,OLD NATIONAL BANCORP /IN/,6021,National Commercial Banks,Other / Financial / Services
AYI,1144215,ACUITY INC. (DE),3640,Electric Lighting & Wiring Equipment,Industrials
ORI,74260,OLD REPUBLIC INTERNATIONAL CORP,6351,Surety Insurance,Other / Financial / Services
FRHC,924805,Freedom Holding Corp.,6211,"Security Brokers, Dealers & Flotation Companies",Other / Financial / Services
OGE,1021635,OGE ENERGY CORP.,4911,Electric Services,Energy
APGE,1974640,"Apogee Therapeutics, Inc.",2836,"Biological Products, (No Diagnostic Substances)",Healthcare
DPZ,1286681,DOMINOS PIZZA INC,5140,Wholesale-Groceries & Related Products,Other / Financial / Services
GTLS,892553,CHART INDUSTRIES INC,3443,Fabricated Plate Work (Boiler Shops),Manufacturing
SUZ,909327,Suzano S.A.,2621,Paper Mills,Manufacturing
CFR,39263,"CULLEN/FROST BANKERS, INC.",6021,National Commercial Banks,Other / Financial / Services
KYMR,1815442,"Kymera Therapeutics, Inc.",2836,"Biological Products, (No Diagnostic Substances)",Healthcare
CORT,1088856,CORCEPT THERAPEUTICS INC,2834,Pharmaceutical Preparations,Healthcare
NUVL,1861560,"Nuvalent, Inc.",2834,Pharmaceutical Preparations,Healthcare
SOLS,2064953,Solstice Advanced Materials Inc.,2800,Chemicals & Allied Products,Manufacturing
GME,1326380,GameStop Corp.,5734,Retail-Computer & Computer Software Stores,Retail
GLXY,1859392,Galaxy Digital Inc.,6211,"Security Brokers, Dealers & Flotation Companies",Other / Financial / Services
ENSG,1125376,"ENSIGN GROUP, INC",8051,Services-Skilled Nursing Care Facilities,Healthcare
GIL,1061894,Gildan Activewear Inc.,2300,Apparel & Other Finishd Prods of  Fabrics & Similar Matl,Consumer Goods
SSB,764038,SouthState Bank Corp,6022,State Commercial Banks,Other / Financial / Services
SFD,91388,SMITHFIELD FOODS INC,2011,Meat Packing Plants,Consumer Goods
AMG,1004434,"AFFILIATED MANAGERS GROUP, INC.",6282,Investment Advice,Other / Financial / Services
ESI,1590714,Element Solutions Inc,2890,Miscellaneous Chemical Products,Manufacturing
IONS,874015,IONIS PHARMACEUTICALS INC,2834,Pharmaceutical Preparations,Healthcare
HSIC,1000228,HENRY SCHEIN INC,5047,"Wholesale-Medical, Dental & Hospital Equipment & Supplies",Other / Financial / Services
WLK,1262823,WESTLAKE CORP,2860,Industrial Organic Chemicals,Manufacturing
FCFS,840489,"FirstCash Holdings, Inc.",5900,Retail-Miscellaneous Retail,Retail
TKR,98362,TIMKEN CO,3562,Ball & Roller Bearings,Industrials
DAR,916540,DARLING INGREDIENTS INC.,2070,Fats & Oils,Consumer Goods
HMY,1023514,HARMONY GOLD MINING CO LTD,1040,Gold and Silver Ores,Other / Financial / Services
ALSN,1411207,Allison Transmission Holdings Inc,3714,Motor Vehicle Parts & Accessories,Industrials
HBM,1322422,Hudbay Minerals Inc.,1000,Metal Mining,Other / Financial / Services
PRI,1475922,"Primerica, Inc.",6311,Life Insurance,Other / Financial / Services
AAOI,1158114,"APPLIED OPTOELECTRONICS, INC.",3674,Semiconductors & Related Devices,Industrials
BSY,1031308,BENTLEY SYSTEMS INC,7372,Services-Prepackaged Software,Technology
CTRE,1590717,"CareTrust REIT, Inc.",6798,Real Estate Investment Trusts,Other / Financial / Services
BRX,1581068,Brixmor Property Group Inc.,6798,Real Estate Investment Trusts,Other / Financial / Services
LEVI,94845,LEVI STRAUSS & CO,2300,Apparel & Other Finishd Prods of  Fabrics & Similar Matl,Consumer Goods
SNEX,913760,StoneX Group Inc.,6200,"Security & Commodity Brokers, Dealers, Exchanges & Services",Other / Financial / Services
AAON,824142,"AAON, INC.",3585,Air-Cond & Warm Air Heatg Equip & Comm & Indl Refrig Equip,Industrials
UHS,352915,UNIVERSAL HEALTH SERVICES INC,8062,"Services-General Medical & Surgical Hospitals, NEC",Healthcare
LKNCY,1767582,Luckin Coffee Inc.,5810,Retail-Eating & Drinking Places,Retail
LTH,1869198,"Life Time Group Holdings, Inc.",7997,Services-Membership Sports & Recreation Clubs,Other / Financial / Services
DOCU,1261333,"DOCUSIGN, INC.",7372,Services-Prepackaged Software,Technology
ADC,917251,AGREE REALTY CORP,6798,Real Estate Investment Trusts,Other / Financial / Services
HLI,1302215,"HOULIHAN LOKEY, INC.",6282,Investment Advice,Other / Financial / Services
MP,1801368,MP Materials Corp. / DE,1000,Metal Mining,Other / Financial / Services
COLB,887343,"COLUMBIA BANKING SYSTEM, INC.",6022,State Commercial Banks,Other / Financial / Services
SARO,2025410,"StandardAero, Inc.",3724,Aircraft Engines & Engine Parts,Industrials
AZBLY,2108185,Azbil Corporation/ADR,,,Unknown
PL,1836833,Planet Labs PBC,3663,Radio & Tv Broadcasting & Communications Equipment,Industrials
CIFR,1819989,Cipher Digital Inc.,6199,Finance Services,Other / Financial / Services
LLYVA,2078416,"Liberty Live Holdings, Inc.",7900,Services-Amusement & Recreation Services,Other / Financial / Services
OSCR,1568651,"Oscar Health, Inc.",6324,Hospital & Medical Service Plans,Other / Financial / Services
BRKR,1109354,BRUKER CORP,3826,Laboratory Analytical Instruments,Manufacturing
MSGS,1636519,Madison Square Garden Sports Corp.,7990,Services-Miscellaneous Amusement & Recreation,Other / Financial / Services
TTD,1671933,"Trade Desk, Inc.",7370,"Services-Computer Programming, Data Processing, Etc.",Technology
MTCH,891103,"Match Group, Inc.",7370,"Services-Computer Programming, Data Processing, Etc.",Technology
OSK,775158,OSHKOSH CORP,3711,Motor Vehicles & Passenger Car Bodies,Industrials
SPIIY,2083221,SPIE SA/ADR,,,Unknown
CUBE,1298675,CubeSmart,6798,Real Estate Investment Trusts,Other / Financial / Services
MANH,1056696,MANHATTAN ASSOCIATES INC,7372,Services-Prepackaged Software,Technology
SWKS,4127,"SKYWORKS SOLUTIONS, INC.",3674,Semiconductors & Related Devices,Industrials
FORM,1039399,FORMFACTOR INC,3674,Semiconductors & Related Devices,Industrials
FLS,30625,FLOWSERVE CORP,3561,Pumps & Pumping Equipment,Industrials
GGAL,1114700,GRUPO FINANCIERO GALICIA SA,6029,"Commercial Banks, NEC",Other / Financial / Services
NCLH,1513761,Norwegian Cruise Line Holdings Ltd.,4400,Water Transportation,Other / Financial / Services
ALV,1034670,AUTOLIV INC,3714,Motor Vehicle Parts & Accessories,Industrials
APLD,1144879,Applied Digital Corp.,7374,Services-Computer Processing & Data Preparation,Technology
GKOS,1192448,GLAUKOS Corp,3841,Surgical & Medical Instruments & Apparatus,Healthcare
KTOS,1069258,"KRATOS DEFENSE & SECURITY SOLUTIONS, INC.",3760,Guided Missiles & Space Vehicles & Parts,Industrials
AGX,100591,ARGAN INC,1700,Construction - Special Trade Contractors,Other / Financial / Services
ELPC,1041792,ENERGY CO OF PARANA,4911,Electric Services,Energy
HALO,1159036,"HALOZYME THERAPEUTICS, INC.",2836,"Biological Products, (No Diagnostic Substances)",Healthcare
CNM,1856525,"Core & Main, Inc.",5099,"Wholesale-Durable Goods, NEC",Other / Financial / Services
TTC,737758,TORO CO,3524,Lawn & Garden Tractors & Home Lawn & Gardens Equip,Industrials
PRAX,1689548,"Praxis Precision Medicines, Inc.",2834,Pharmaceutical Preparations,Healthcare
GWKSY,2062522,GAMES WORKSHOP GROUP PLC/ADR,,,Unknown
IT,749251,GARTNER INC,8741,Services-Management Services,Healthcare
YMM,1838413,Full Truck Alliance Co. Ltd.,7372,Services-Prepackaged Software,Technology
IAG,1203464,IAMGOLD CORP,1040,Gold and Silver Ores,Other / Financial / Services
FR,921825,FIRST INDUSTRIAL REALTY TRUST INC,6798,Real Estate Investment Trusts,Other / Financial / Services
CRNX,1658247,"Crinetics Pharmaceuticals, Inc.",2834,Pharmaceutical Preparations,Healthcare
GGB,1073404,GERDAU S.A.,3310,"Steel Works, Blast Furnaces & Rolling & Finishing Mills",Manufacturing
NNN,751364,"NNN REIT, INC.",6798,Real Estate Investment Trusts,Other / Financial / Services
VOYA,1535929,"Voya Financial, Inc.",6311,Life Insurance,Other / Financial / Services
COMP,1563190,"Compass, Inc.",6531,Real Estate Agents & Managers (For Others),Other / Financial / Services
WAL,1212545,WESTERN ALLIANCE BANCORPORATION,6022,State Commercial Banks,Other / Financial / Services
TGTX,1001316,"TG THERAPEUTICS, INC.",2834,Pharmaceutical Preparations,Healthcare
XP,1787425,XP Inc.,6211,"Security Brokers, Dealers & Flotation Companies",Other / Financial / Services
FDS,1013237,FACTSET RESEARCH SYSTEMS INC,7370,"Services-Computer Programming, Data Processing, Etc.",Technology
ACM,868857,AECOM,8711,Services-Engineering Services,Healthcare
ALKS,1520262,Alkermes plc.,2834,Pharmaceutical Preparations,Healthcare
TX,1342874,Ternium S.A.,3312,"Steel Works, Blast Furnaces & Rolling Mills (Coke Ovens)",Manufacturing
PRMB,2042694,Primo Brands Corp,2080,Beverages,Consumer Goods
PNDRY,1505880,Pandora A/S / ADR,8880,American Depositary Receipts,Healthcare
PB,1068851,PROSPERITY BANCSHARES INC,6022,State Commercial Banks,Other / Financial / Services
BMNR,1829311,"BITMINE IMMERSION TECHNOLOGIES, INC.",6199,Finance Services,Other / Financial / Services
KERCY,2107989,Keisei Electric Railway Co. Ltd/ADR,,,Unknown
ASR,1123452,SOUTHEAST AIRPORT GROUP,4581,"Airports, Flying Fields & Airport Terminal Services",Other / Financial / Services
ESE,866706,ESCO TECHNOLOGIES INC,3669,"Communications Equipment, NEC",Industrials
IBRX,1326110,"ImmunityBio, Inc.",2836,"Biological Products, (No Diagnostic Substances)",Healthcare
QGEN,1015820,QIAGEN N.V.,2836,"Biological Products, (No Diagnostic Substances)",Healthcare
KT,892450,KT CORP,4813,Telephone Communications (No Radiotelephone),Other / Financial / Services
CHWY,1766502,"Chewy, Inc.",5961,Retail-Catalog & Mail-Order Houses,Retail
CBSH,22356,COMMERCE BANCSHARES INC /MO/,6022,State Commercial Banks,Other / Financial / Services
SYRE,1636282,"Spyre Therapeutics, Inc.",2834,Pharmaceutical Preparations,Healthcare
BIRK,1977102,Birkenstock Holding plc,3140,"Footwear, (No Rubber)",Manufacturing
PTGX,1377121,"Protagonist Therapeutics, Inc",2834,Pharmaceutical Preparations,Healthcare
OKLO,1849056,Oklo Inc.,4911,Electric Services,Energy
LPGCY,2068440,Laopu Gold Co. Ltd./ADR,,,Unknown
POWL,80420,POWELL INDUSTRIES INC,3613,Switchgear & Switchboard Apparatus,Industrials
PCVX,1649094,"Vaxcyte, Inc.",2836,"Biological Products, (No Diagnostic Substances)",Healthcare
BOKF,875357,BOK FINANCIAL CORP,6021,National Commercial Banks,Other / Financial / Services
AG,1308648,FIRST MAJESTIC SILVER CORP,1040,Gold and Silver Ores,Other / Financial / Services
AOS,91142,SMITH A O CORP,3630,Household Appliances,Industrials
FRO,913290,Frontline plc,4412,Deep Sea Foreign Transportation of  Freight,Other / Financial / Services
AGCO,880266,AGCO CORP /DE,3523,Farm Machinery & Equipment,Industrials
CAVA,1639438,"CAVA GROUP, INC.",5812,Retail-Eating  Places,Retail
AXS,1214816,AXIS CAPITAL HOLDINGS LTD,6331,"Fire, Marine & Casualty Insurance",Other / Financial / Services
RRC,315852,RANGE RESOURCES CORP,1311,Crude Petroleum & Natural Gas,Energy
IDA,1057877,IDACORP INC,4911,Electric Services,Energy
ARE,1035443,"ALEXANDRIA REAL ESTATE EQUITIES, INC.",6798,Real Estate Investment Trusts,Other / Financial / Services
NCLTY,1801729,"Nitori Holdings Co., Ltd.",,,Unknown
JXN,1822993,Jackson Financial Inc.,6311,Life Insurance,Other / Financial / Services
CAE,1173382,CAE INC,3690,"Miscellaneous Electrical Machinery, Equipment & Supplies",Industrials
SNROY,1584273,"Sanrio Company, Ltd./ADR",,,Unknown
IMVT,1764013,"Immunovant, Inc.",2836,"Biological Products, (No Diagnostic Substances)",Healthcare
MXL,1288469,"MAXLINEAR, INC",3674,Semiconductors & Related Devices,Industrials
BLDR,1316835,"Builders FirstSource, Inc.",5211,Retail-Lumber & Other Building Materials Dealers,Retail
VLY,714310,VALLEY NATIONAL BANCORP,6021,National Commercial Banks,Other / Financial / Services
RGEN,730272,REPLIGEN CORP,2836,"Biological Products, (No Diagnostic Substances)",Healthcare
DDS,28917,"DILLARD'S, INC.",5311,Retail-Department Stores,Retail
MBLY,1910139,Mobileye Global Inc.,7372,Services-Prepackaged Software,Technology
EAT,703351,"BRINKER INTERNATIONAL, INC",5812,Retail-Eating  Places,Retail
EDU,1372920,New Oriental Education & Technology Group Inc.,8200,Services-Educational Services,Healthcare
CWEN,1567683,"Clearway Energy, Inc.",4911,Electric Services,Energy
ATR,896622,"APTARGROUP, INC.",3089,"Plastics Products, NEC",Manufacturing
CHYM,1795586,"Chime Financial, Inc.",6199,Finance Services,Other / Financial / Services
ZWS,1439288,Zurn Elkay Water Solutions Corp,3560,General Industrial Machinery & Equipment,Industrials
KNTK,1692787,Kinetik Holdings Inc.,4922,Natural Gas Transmission,Energy
TTEK,831641,TETRA TECH INC,8711,Services-Engineering Services,Healthcare
RIOT,1167419,"Riot Platforms, Inc.",6199,Finance Services,Other / Financial / Services
RHP,1040829,"Ryman Hospitality Properties, Inc.",6798,Real Estate Investment Trusts,Other / Financial / Services
FRVO,1853868,Fervo Energy Co,4911,Electric Services,Energy
BIO,12208,"BIO-RAD LABORATORIES, INC.",3826,Laboratory Analytical Instruments,Manufacturing
SAIL,2030781,"SailPoint, Inc.",7372,Services-Prepackaged Software,Technology
STN,1131383,STANTEC INC,8711,Services-Engineering Services,Healthcare
HESM,1789832,Hess Midstream LP,1311,Crude Petroleum & Natural Gas,Energy
EGO,918608,ELDORADO GOLD CORP /FI,1040,Gold and Silver Ores,Other / Financial / Services
HIMS,1773751,"Hims & Hers Health, Inc.",8011,Services-Offices & Clinics of  Doctors of  Medicine,Healthcare
VNO,899689,VORNADO REALTY TRUST,6798,Real Estate Investment Trusts,Other / Financial / Services
KNSL,1669162,"Kinsale Capital Group, Inc.",6331,"Fire, Marine & Casualty Insurance",Other / Financial / Services
HQY,1428336,"HEALTHEQUITY, INC.",7389,"Services-Business Services, NEC",Other / Financial / Services
REXR,1571283,"Rexford Industrial Realty, Inc.",6798,Real Estate Investment Trusts,Other / Financial / Services
SSD,920371,"Simpson Manufacturing Co., Inc.",3420,"Cutlery, Handtools & General Hardware",Manufacturing
CELH,1341766,"Celsius Holdings, Inc.",2086,Bottled & Canned Soft Drinks & Carbonated Waters,Consumer Goods
SNAP,1564408,Snap Inc,7370,"Services-Computer Programming, Data Processing, Etc.",Technology
RAL,2041385,Ralliant Corp,3823,"Industrial Instruments For Measurement, Display, and Control",Manufacturing
EMN,915389,EASTMAN CHEMICAL CO,2821,"Plastic Materials, Synth Resins & Nonvulcan Elastomers",Manufacturing
TEX,97216,TEREX CORP,3537,"Industrial Trucks, Tractors, Trailors & Stackers",Industrials
PDI,1510599,PIMCO Dynamic Income Fund,,,Unknown
EQX,1756607,Equinox Gold Corp.,1040,Gold and Silver Ores,Other / Financial / Services
RSI,1793659,"Rush Street Interactive, Inc.",7990,Services-Miscellaneous Amusement & Recreation,Other / Financial / Services
POOL,945841,POOL CORP,5090,Wholesale-Misc Durable Goods,Other / Financial / Services
UGI,884614,UGI CORP /PA/,4932,Gas & Other Services Combined,Energy
VBREY,1000377,Vibra Energia S.A./ADR,8880,American Depositary Receipts,Healthcare
SFM,1575515,"Sprouts Farmers Market, Inc.",5411,Retail-Grocery Stores,Retail
JOBY,1819848,"Joby Aviation, Inc.",3721,Aircraft,Industrials
KEX,56047,KIRBY CORP,4400,Water Transportation,Other / Financial / Services
BVN,1013131,BUENAVENTURA MINING CO INC,1000,Metal Mining,Other / Financial / Services
QRVO,1604778,"Qorvo, Inc.",3674,Semiconductors & Related Devices,Industrials
KMX,1170010,CARMAX INC,5500,Retail-Auto Dealers & Gasoline Stations,Retail
LNC,59558,LINCOLN NATIONAL CORP,6311,Life Insurance,Other / Financial / Services
MAC,912242,MACERICH CO,6798,Real Estate Investment Trusts,Other / Financial / Services
ETSY,1370637,ETSY INC,7389,"Services-Business Services, NEC",Other / Financial / Services
SGHC,1878057,Super Group (SGHC) Ltd,7990,Services-Miscellaneous Amusement & Recreation,Other / Financial / Services
STAG,1479094,"STAG Industrial, Inc.",6798,Real Estate Investment Trusts,Other / Financial / Services
CRUS,772406,"CIRRUS LOGIC, INC.",3674,Semiconductors & Related Devices,Industrials
CEF,1726122,Sprott Physical Gold & Silver Trust,6221,Commodity Contracts Brokers & Dealers,Other / Financial / Services
CORZ,1839341,"Core Scientific, Inc./tx",6199,Finance Services,Other / Financial / Services
HXL,717605,HEXCEL CORP /DE/,2821,"Plastic Materials, Synth Resins & Nonvulcan Elastomers",Manufacturing
BAH,1443646,Booz Allen Hamilton Holding Corp,8742,Services-Management Consulting Services,Other / Financial / Services
NFG,70145,NATIONAL FUEL GAS CO,4924,Natural Gas Distribution,Energy
SOBO,2019061,South Bow Corp,4610,Pipe Lines (No Natural Gas),Other / Financial / Services
THG,944695,"HANOVER INSURANCE GROUP, INC.",6331,"Fire, Marine & Casualty Insurance",Other / Financial / Services
ENS,1289308,EnerSys,3690,"Miscellaneous Electrical Machinery, Equipment & Supplies",Industrials
RYTM,1649904,"RHYTHM PHARMACEUTICALS, INC.",2834,Pharmaceutical Preparations,Healthcare
KLAR,2003292,Klarna Group plc,6199,Finance Services,Other / Financial / Services
CBC,2065601,"Central Bancompany, Inc.",6022,State Commercial Banks,Other / Financial / Services
QBTS,1907982,D-Wave Quantum Inc.,7374,Services-Computer Processing & Data Preparation,Technology
BILI,1723690,Bilibili Inc.,7374,Services-Computer Processing & Data Preparation,Technology
MIRM,1759425,"Mirum Pharmaceuticals, Inc.",2834,Pharmaceutical Preparations,Healthcare
TTAN,1638826,"ServiceTitan, Inc.",7372,Services-Prepackaged Software,Technology
TAP,24545,MOLSON COORS BEVERAGE CO,2082,Malt Beverages,Consumer Goods
FNMA,310522,FEDERAL NATIONAL MORTGAGE ASSOCIATION FANNIE MAE,6111,Federal & Federally-Sponsored Credit Agencies,Other / Financial / Services
ZG,1617640,"ZILLOW GROUP, INC.",7389,"Services-Business Services, NEC",Other / Financial / Services
AVAV,1368622,AeroVironment Inc,3721,Aircraft,Industrials
YOU,1856314,"Clear Secure, Inc.",7372,Services-Prepackaged Software,Technology
LAD,1023128,LITHIA MOTORS INC,5500,Retail-Auto Dealers & Gasoline Stations,Retail
TRNO,1476150,Terreno Realty Corp,6500,Real Estate,Other / Financial / Services
SLAB,1038074,SILICON LABORATORIES INC.,3674,Semiconductors & Related Devices,Industrials
ACI,1646972,"Albertsons Companies, Inc.",5411,Retail-Grocery Stores,Retail
HR,1360604,Healthcare Realty Trust Inc,6798,Real Estate Investment Trusts,Other / Financial / Services
ACMR,1680062,"ACM Research, Inc.",3559,"Special Industry Machinery, NEC",Industrials
VFS,1913510,VinFast Auto Ltd.,3711,Motor Vehicles & Passenger Car Bodies,Industrials
JBTM,1433660,JBT MAREL Corp,3550,Special Industry Machinery (No Metalworking Machinery),Industrials
AVT,8858,AVNET INC,5065,"Wholesale-Electronic Parts & Equipment, NEC",Other / Financial / Services
PLXS,785786,PLEXUS CORP,3672,Printed Circuit Boards,Industrials
FSS,277509,FEDERAL SIGNAL CORP /DE/,3711,Motor Vehicles & Passenger Car Bodies,Industrials
ACA,1739445,"Arcosa, Inc.",3440,Fabricated Structural Metal Products,Manufacturing
VIST,1762506,"Vista Energy, S.A.B. de C.V.",1311,Crude Petroleum & Natural Gas,Energy
PTCT,1070081,"PTC THERAPEUTICS, INC.",2834,Pharmaceutical Preparations,Healthcare
AVTR,1722482,"Avantor, Inc.",3826,Laboratory Analytical Instruments,Manufacturing
FAF,1472787,First American Financial Corp,6361,Title Insurance,Other / Financial / Services
FLR,1124198,FLUOR CORP,1600,Heavy Construction Other Than Bldg Const - Contractors,Other / Financial / Services
NEU,1282637,NEWMARKET CORP,2860,Industrial Organic Chemicals,Manufacturing
LSTR,853816,LANDSTAR SYSTEM INC,4213,Trucking (No Local),Other / Financial / Services
FIGR,2064124,"Figure Technology Solutions, Inc.",6163,Loan Brokers,Other / Financial / Services
DPC,2107018,DPC Holdings Ltd,3360,Nonferrous Foundries (Castings),Manufacturing
NPO,1164863,Enpro Inc.,3050,"Gaskets, Packg & Sealg Devices & Rubber & Plastics Hose",Manufacturing
AXTA,1616862,Axalta Coating Systems Ltd.,2851,"Paints, Varnishes, Lacquers, Enamels & Allied Prods",Manufacturing
ECG,2015845,"Everus Construction Group, Inc.",1531,Operative Builders,Other / Financial / Services
LUMN,18926,"Lumen Technologies, Inc.",4813,Telephone Communications (No Radiotelephone),Other / Financial / Services
OMF,1584207,"OneMain Holdings, Inc.",6141,Personal Credit Institutions,Other / Financial / Services
LOTMY,2041918,Lottomatica Group S.p.A./ADR,,,Unknown
GAP,39911,GAP INC,5651,Retail-Family Clothing Stores,Retail
CMC,22444,COMMERCIAL METALS Co,3312,"Steel Works, Blast Furnaces & Rolling Mills (Coke Ovens)",Manufacturing
SEI,1697500,"Solaris Energy Infrastructure, Inc.",3533,Oil & Gas Field Machinery & Equipment,Industrials
LQDA,1819576,Liquidia Corp,2834,Pharmaceutical Preparations,Healthcare
IDCC,1405495,"InterDigital, Inc.",6794,Patent Owners & Lessors,Other / Financial / Services
LNTH,1521036,"Lantheus Holdings, Inc.",2835,In Vitro & In Vivo Diagnostic Substances,Healthcare
LOAR,2000178,Loar Holdings Inc.,3728,"Aircraft Parts & Auxiliary Equipment, NEC",Industrials
MOS,1285785,MOSAIC CO,2870,Agricultural Chemicals,Manufacturing
MSM,1003078,MSC INDUSTRIAL DIRECT CO INC,5084,Wholesale-Industrial Machinery & Equipment,Other / Financial / Services
QMMM,1971542,QMMM Holdings Ltd,7311,Services-Advertising Agencies,Other / Financial / Services
LEA,842162,LEAR CORP,3714,Motor Vehicle Parts & Accessories,Industrials
ORA,1296445,"ORMAT TECHNOLOGIES, INC.",4911,Electric Services,Energy
VSH,103730,VISHAY INTERTECHNOLOGY INC,3670,Electronic Components & Accessories,Industrials
DBX,1467623,"DROPBOX, INC.",7372,Services-Prepackaged Software,Technology
HNGE,1673743,"Hinge Health, Inc.",7374,Services-Computer Processing & Data Preparation,Technology
KGS,1767042,"Kodiak Gas Services, Inc.",4922,Natural Gas Transmission,Energy
IFS,1615903,Intercorp Financial Services Inc.,6029,"Commercial Banks, NEC",Other / Financial / Services
SRRK,1727196,Scholar Rock Holding Corp,2836,"Biological Products, (No Diagnostic Substances)",Healthcare
CAMT,1109138,CAMTEK LTD,3827,Optical Instruments & Lenses,Manufacturing
ESYJY,1470419,easyJet plc,,,Unknown
MHK,851968,MOHAWK INDUSTRIES INC,2273,Carpets & Rugs,Consumer Goods
NOV,1021860,NOV Inc.,3533,Oil & Gas Field Machinery & Equipment,Industrials
GTES,1718512,Gates Industrial Corp plc,3560,General Industrial Machinery & Equipment,Industrials
EPRT,1728951,"ESSENTIAL PROPERTIES REALTY TRUST, INC.",6798,Real Estate Investment Trusts,Other / Financial / Services
PACS,2001184,"PACS Group, Inc.",8051,Services-Skilled Nursing Care Facilities,Healthcare
AROC,1389050,"Archrock, Inc.",4922,Natural Gas Transmission,Energy
MAAS,1750264,Maase Inc.,6282,Investment Advice,Other / Financial / Services
VIPS,1529192,Vipshop Holdings Ltd,5961,Retail-Catalog & Mail-Order Houses,Retail
BCHMY,1968378,Bachem Holding AG/ADR,,,Unknown
PPC,802481,PILGRIMS PRIDE CORP,2015,Poultry Slaughtering and Processing,Consumer Goods
INGM,1897762,Ingram Micro Holding Corp,5045,Wholesale-Computers & Peripheral Equipment & Software,Other / Financial / Services
GBCI,868671,"GLACIER BANCORP, INC.",6022,State Commercial Banks,Other / Financial / Services
FNB,37808,FNB CORP/PA/,6021,National Commercial Banks,Other / Financial / Services
COGT,1622229,"Cogent Biosciences, Inc.",2834,Pharmaceutical Preparations,Healthcare
XENE,1582313,Xenon Pharmaceuticals Inc.,2834,Pharmaceutical Preparations,Healthcare
AWI,7431,ARMSTRONG WORLD INDUSTRIES INC,3089,"Plastics Products, NEC",Manufacturing
KRMN,2040127,Karman Holdings Inc.,3728,"Aircraft Parts & Auxiliary Equipment, NEC",Industrials
SSL,314590,SASOL LTD,1311,Crude Petroleum & Natural Gas,Energy
VFC,103379,V F CORP,2320,"Men's & Boys' Furnishgs, Work Clothg, & Allied Garments",Consumer Goods
SM,893538,SM Energy Co,1311,Crude Petroleum & Natural Gas,Energy
CACC,885550,CREDIT ACCEPTANCE CORP,6141,Personal Credit Institutions,Other / Financial / Services
AN,350698,"AUTONATION, INC.",5500,Retail-Auto Dealers & Gasoline Stations,Retail
GDS,1526125,GDS Holdings Ltd,7370,"Services-Computer Programming, Data Processing, Etc.",Technology
TMHC,1562476,Taylor Morrison Home Corp,1531,Operative Builders,Other / Financial / Services
ST,1477294,Sensata Technologies Holding plc,3823,"Industrial Instruments For Measurement, Display, and Control",Manufacturing
SWX,1692115,"Southwest Gas Holdings, Inc.",4923,Natural Gas Transmisison & Distribution,Energy
MSA,66570,MSA Safety Inc,3842,"Orthopedic, Prosthetic & Surgical Appliances & Supplies",Healthcare
CGON,1991792,"CG Oncology, Inc.",2836,"Biological Products, (No Diagnostic Substances)",Healthcare
CHRD,1486159,Chord Energy Corp,1311,Crude Petroleum & Natural Gas,Energy
CAG,23217,CONAGRA BRANDS INC.,2000,Food and Kindred Products,Consumer Goods
CROX,1334036,"Crocs, Inc.",3021,Rubber & Plastics Footwear,Manufacturing
FSV,1637810,FirstService Corp,6500,Real Estate,Other / Financial / Services
NAVN,1639723,"Navan, Inc.",7372,Services-Prepackaged Software,Technology
PCOR,1611052,"PROCORE TECHNOLOGIES, INC.",7372,Services-Prepackaged Software,Technology
CPB,16732,CAMPBELL'S Co,2000,Food and Kindred Products,Consumer Goods
RRR,1653653,"Red Rock Resorts, Inc.",7011,Hotels & Motels,Other / Financial / Services
MRCY,1049521,MERCURY SYSTEMS INC,3670,Electronic Components & Accessories,Industrials
GOLF,1672013,Acushnet Holdings Corp.,3949,"Sporting & Athletic Goods, NEC",Consumer Goods
MYRG,700923,MYR GROUP INC.,1623,"Water, Sewer, Pipeline, Comm & Power Line Construction",Other / Financial / Services
LKQ,1065696,LKQ CORP,5010,Wholesale-Motor Vehicles & Motor Vehicle Parts & Supplies,Other / Financial / Services
NSA,1618563,National Storage Affiliates Trust,6798,Real Estate Investment Trusts,Other / Financial / Services
PAYC,1590955,"Paycom Software, Inc.",7372,Services-Prepackaged Software,Technology
EXP,918646,EAGLE MATERIALS INC,3241,"Cement, Hydraulic",Manufacturing
GLBE,1835963,Global-E Online Ltd.,7372,Services-Prepackaged Software,Technology
BB,1070235,BLACKBERRY Ltd,7372,Services-Prepackaged Software,Technology
RYN,52827,RAYONIER INC,6798,Real Estate Investment Trusts,Other / Financial / Services
BYD,906553,BOYD GAMING CORP,7011,Hotels & Motels,Other / Financial / Services
NXE,1698535,NexGen Energy Ltd.,1090,Miscellaneous Metal Ores,Other / Financial / Services
GATX,40211,GATX CORP,4700,Transportation Services,Other / Financial / Services
CHE,19584,CHEMED CORP,8082,Services-Home Health Care Services,Healthcare
BBUC,1654795,Brookfield Business Corp,1700,Construction - Special Trade Contractors,Other / Financial / Services
PJT,1626115,PJT Partners Inc.,6282,Investment Advice,Other / Financial / Services
SHMXY,1648512,Shimadzu Corporation/ADR,,,Unknown
UGP,1094972,ULTRAPAR HOLDINGS INC,4924,Natural Gas Distribution,Energy
BEPC,1791863,Brookfield Renewable Corp,4911,Electric Services,Energy
LW,1679273,"Lamb Weston Holdings, Inc.",2030,"Canned, Frozen & Preservd Fruit, Veg & Food Specialties",Consumer Goods
NE,1895262,Noble Corp plc,1381,Drilling Oil & Gas Wells,Energy
UBSI,729986,UNITED BANKSHARES INC/WV,6022,State Commercial Banks,Other / Financial / Services
MTDR,1520006,Matador Resources Co,1311,Crude Petroleum & Natural Gas,Energy
SNDR,1692063,"Schneider National, Inc.",4213,Trucking (No Local),Other / Financial / Services
STWD,1465128,"STARWOOD PROPERTY TRUST, INC.",6798,Real Estate Investment Trusts,Other / Financial / Services
PCTY,1591698,Paylocity Holding Corp,7372,Services-Prepackaged Software,Technology
LGND,886163,LIGAND PHARMACEUTICALS INC,2834,Pharmaceutical Preparations,Healthcare
FLG,910073,"FLAGSTAR BANK, NATIONAL ASSOCIATION",6036,"Savings Institutions, Not Federally Chartered",Other / Financial / Services
MBSHY,2079706,"Mitsubishi Gas Chemical Company, Inc./ADR",,,Unknown
TXNM,1108426,TXNM ENERGY INC,4911,Electric Services,Energy
MORN,1289419,"Morningstar, Inc.",6282,Investment Advice,Other / Financial / Services
CIG,1157557,ENERGY CO OF MINAS GERAIS,4911,Electric Services,Energy
ICL,941221,ICL Group Ltd.,2870,Agricultural Chemicals,Manufacturing
CVLT,1169561,COMMVAULT SYSTEMS INC,7372,Services-Prepackaged Software,Technology
INGR,1046257,Ingredion Inc,2040,Grain Mill Products,Consumer Goods
PBF,1534504,PBF Energy Inc.,2911,Petroleum Refining,Energy
ESTC,1707753,Elastic N.V.,7372,Services-Prepackaged Software,Technology
DFTX,1813814,"Definium Therapeutics, Inc.",2833,Medicinal Chemicals & Botanical Products,Healthcare
APPF,1433195,APPFOLIO INC,7372,Services-Prepackaged Software,Technology
SBSW,1786909,Sibanye Stillwater Ltd,1040,Gold and Silver Ores,Other / Financial / Services
MIDD,769520,MIDDLEBY Corp,3580,Refrigeration & Service Industry Machinery,Industrials
VSXY,1856437,Victoria's Secret & Co.,5621,Retail-Women's Clothing Stores,Retail
ACT,1823529,"Enact Holdings, Inc.",6411,"Insurance Agents, Brokers & Service",Other / Financial / Services
DSC,1966041,DSC Holdings Ltd.,7370,"Services-Computer Programming, Data Processing, Etc.",Technology
ENIC,1659939,Enel Chile S.A.,4911,Electric Services,Energy
MATX,3453,"Matson, Inc.",4400,Water Transportation,Other / Financial / Services
FBIN,1519751,"Fortune Brands Innovations, Inc.",2430,"Millwood, Veneer, Plywood, & Structural Wood Members",Manufacturing
BZ,1842827,Kanzhun Ltd,7370,"Services-Computer Programming, Data Processing, Etc.",Technology
DSGX,1050140,DESCARTES SYSTEMS GROUP INC,7372,Services-Prepackaged Software,Technology
FND,1507079,"Floor & Decor Holdings, Inc.",5211,Retail-Lumber & Other Building Materials Dealers,Retail
SFGYY,2084022,Sony Financial Group Inc./ADR,,,Unknown
CPA,1345105,"Copa Holdings, S.A.",4512,"Air Transportation, Scheduled",Other / Financial / Services
CWST,911177,CASELLA WASTE SYSTEMS INC,4953,Refuse Systems,Other / Financial / Services
HWC,750577,HANCOCK WHITNEY CORP,6022,State Commercial Banks,Other / Financial / Services
MWH,2065636,"SOLV Energy, Inc.",1600,Heavy Construction Other Than Bldg Const - Contractors,Other / Financial / Services
CZR,1590895,"Caesars Entertainment, Inc.",7011,Hotels & Motels,Other / Financial / Services
ABCB,351569,Ameris Bancorp,6022,State Commercial Banks,Other / Financial / Services
S,1583708,"SentinelOne, Inc.",7372,Services-Prepackaged Software,Technology
GTX,1735707,Garrett Motion Inc.,3714,Motor Vehicle Parts & Accessories,Industrials
POR,784977,PORTLAND GENERAL ELECTRIC CO /OR/,4911,Electric Services,Energy
IBP,1580905,"Installed Building Products, Inc.",1520,General Bldg Contractors - Residential Bldgs,Other / Financial / Services
JAN,2100805,"Janus Living, Inc.",6798,Real Estate Investment Trusts,Other / Financial / Services
MCY,64996,MERCURY GENERAL CORP,6331,"Fire, Marine & Casualty Insurance",Other / Financial / Services
AVAL,1504764,Grupo Aval Acciones Y Valores S.A.,6029,"Commercial Banks, NEC",Other / Financial / Services
BMA,1347426,Macro Bank Inc.,6029,"Commercial Banks, NEC",Other / Financial / Services
ERELY,1454144,Eregli Demir ve Celik Fabrikalari TAS/ADR,,,Unknown
PSMT,1041803,PRICESMART INC,5331,Retail-Variety Stores,Retail
WFRD,1603923,Weatherford International plc,3533,Oil & Gas Field Machinery & Equipment,Industrials
SEZL,1662991,Sezzle Inc.,7389,"Services-Business Services, NEC",Other / Financial / Services
AUB,883948,Atlantic Union Bankshares Corp,6022,State Commercial Banks,Other / Financial / Services
BLTE,1889109,"BELITE BIO, INC",2834,Pharmaceutical Preparations,Healthcare
TFX,96943,TELEFLEX INC,3841,Surgical & Medical Instruments & Apparatus,Healthcare
CHDN,20212,Churchill Downs Inc,7948,"Services-Racing, Including Track Operation",Other / Financial / Services
PATH,1734722,"UiPath, Inc.",7372,Services-Prepackaged Software,Technology
SSRM,921638,SSR MINING INC.,6795,Mineral Royalty Traders,Other / Financial / Services
ENVA,1529864,"Enova International, Inc.",6141,Personal Credit Institutions,Other / Financial / Services
ENPH,1463101,"Enphase Energy, Inc.",3674,Semiconductors & Related Devices,Industrials
PSN,275880,PARSONS CORP,7373,Services-Computer Integrated Systems Design,Technology
M,794367,"Macy's, Inc.",5311,Retail-Department Stores,Retail
VSEC,102752,VSE CORP,8711,Services-Engineering Services,Healthcare
MTG,876437,MGIC INVESTMENT CORP,6351,Surety Insurance,Other / Financial / Services
KLIC,56978,KULICKE & SOFFA INDUSTRIES INC,3674,Semiconductors & Related Devices,Industrials
LYFT,1759509,"Lyft, Inc.",7389,"Services-Business Services, NEC",Other / Financial / Services
URBN,912615,URBAN OUTFITTERS INC,5651,Retail-Family Clothing Stores,Retail
ESNT,1448893,Essent Group Ltd.,6351,Surety Insurance,Other / Financial / Services
LB,1995807,LandBridge Co LLC,6792,Oil Royalty Traders,Other / Financial / Services
WH,1722684,"WYNDHAM HOTELS & RESORTS, INC.",7011,Hotels & Motels,Other / Financial / Services
DUOL,1562088,"Duolingo, Inc.",7372,Services-Prepackaged Software,Technology
NJR,356309,NEW JERSEY RESOURCES CORP,4924,Natural Gas Distribution,Energy
KRG,1286043,KITE REALTY GROUP TRUST,6798,Real Estate Investment Trusts,Other / Financial / Services
RUSHA,1012019,RUSH ENTERPRISES INC \TX\,5500,Retail-Auto Dealers & Gasoline Stations,Retail
GXO,1852244,"GXO Logistics, Inc.",4700,Transportation Services,Other / Financial / Services
OUT,1579877,OUTFRONT Media Inc.,6798,Real Estate Investment Trusts,Other / Financial / Services
ARSTY,2044984,Ariston Holding N.V./ADR,,,Unknown
NICE,1003935,NICE Ltd.,7372,Services-Prepackaged Software,Technology
TFPM,1829726,Triple Flag Precious Metals Corp.,6795,Mineral Royalty Traders,Other / Financial / Services
BLLN,2070849,"BillionToOne, Inc.",8071,Services-Medical Laboratories,Healthcare
TEO,932470,TELECOM ARGENTINA SA,4813,Telephone Communications (No Radiotelephone),Other / Financial / Services
HOMB,1331520,HOME BANCSHARES INC,6022,State Commercial Banks,Other / Financial / Services
ERAS,1761918,"Erasca, Inc.",2834,Pharmaceutical Preparations,Healthcare
PECO,1476204,"Phillips Edison & Company, Inc.",6798,Real Estate Investment Trusts,Other / Financial / Services
ASB,7789,ASSOCIATED BANC-CORP,6022,State Commercial Banks,Other / Financial / Services
SLFPY,1370418,STANDARD LIFE PLC,,,Unknown
ACIW,935036,"ACI WORLDWIDE, INC.",7372,Services-Prepackaged Software,Technology
VCTR,1570827,"Victory Capital Holdings, Inc.",6282,Investment Advice,Other / Financial / Services
PAGP,1581990,PLAINS GP HOLDINGS LP,4610,Pipe Lines (No Natural Gas),Other / Financial / Services
TAL,1499620,TAL Education Group,8200,Services-Educational Services,Healthcare
BLCO,1860742,Bausch & Lomb Corp,3851,Ophthalmic Goods,Manufacturing
SIGI,230557,SELECTIVE INSURANCE GROUP INC,6331,"Fire, Marine & Casualty Insurance",Other / Financial / Services
BKH,1130464,BLACK HILLS CORP /SD/,4911,Electric Services,Energy
TWST,1581280,Twist Bioscience Corp,2836,"Biological Products, (No Diagnostic Substances)",Healthcare
RIG,1451505,Transocean Ltd.,1381,Drilling Oil & Gas Wells,Energy
PTRN,1811935,Pattern Group Inc.,5961,Retail-Catalog & Mail-Order Houses,Retail
LAUR,912766,"LAUREATE EDUCATION, INC.",8200,Services-Educational Services,Healthcare
NOVT,1076930,NOVANTA INC,3690,"Miscellaneous Electrical Machinery, Equipment & Supplies",Industrials
REYN,1786431,Reynolds Consumer Products Inc.,2673,"Plastics, Foil & Coated Paper Bags",Manufacturing
PRM,1880319,"Perimeter Solutions, Inc.",2800,Chemicals & Allied Products,Manufacturing
SON,91767,SONOCO PRODUCTS CO,2650,Paperboard Containers & Boxes,Manufacturing
OTEX,1002638,OPEN TEXT CORP,7373,Services-Computer Integrated Systems Design,Technology
ESAB,1877322,ESAB Corp,3569,"General Industrial Machinery & Equipment, NEC",Industrials
RLI,84246,RLI CORP,6331,"Fire, Marine & Casualty Insurance",Other / Financial / Services
AX,1299709,"Axos Financial, Inc.",6035,"Savings Institution, Federally Chartered",Other / Financial / Services
MMYT,1495153,MakeMyTrip Ltd,4700,Transportation Services,Other / Financial / Services
OGC,1487326,OceanaGold Corp,1000,Metal Mining,Other / Financial / Services
CAR,723612,"AVIS BUDGET GROUP, INC.",7510,Services-Auto Rental & Leasing (No Drivers),Other / Financial / Services
OZK,1569650,Bank OZK,,,Unknown
DOX,1062579,AMDOCS LTD,7371,Services-Computer Programming Services,Technology
RGTI,1838359,"Rigetti Computing, Inc.",7371,Services-Computer Programming Services,Technology
ALK,766421,"ALASKA AIR GROUP, INC.",4512,"Air Transportation, Scheduled",Other / Financial / Services
OR,1627272,OR Royalties Inc.,1040,Gold and Silver Ores,Other / Financial / Services
BXSL,1736035,Blackstone Secured Lending Fund,,,Unknown
GTLB,1653482,Gitlab Inc.,7372,Services-Prepackaged Software,Technology
OBDC,1655888,Blue Owl Capital Corp,,,Unknown
ROAD,1718227,"Construction Partners, Inc.",1600,Heavy Construction Other Than Bldg Const - Contractors,Other / Financial / Services
STEP,1796022,StepStone Group Inc.,6282,Investment Advice,Other / Financial / Services
AIR,1750,AAR CORP,3720,Aircraft & Parts,Industrials
MTN,812011,VAIL RESORTS INC,7990,Services-Miscellaneous Amusement & Recreation,Other / Financial / Services
AMRX,1723128,"Amneal Pharmaceuticals, Inc.",2834,Pharmaceutical Preparations,Healthcare
QLYS,1107843,"QUALYS, INC.",7372,Services-Prepackaged Software,Technology
WTM,776867,WHITE MOUNTAINS INSURANCE GROUP LTD,6331,"Fire, Marine & Casualty Insurance",Other / Financial / Services
LMND,1691421,"Lemonade, Inc.",6331,"Fire, Marine & Casualty Insurance",Other / Financial / Services
WEX,1309108,WEX Inc.,7389,"Services-Business Services, NEC",Other / Financial / Services
MTRN,1104657,MATERION Corp,3460,Metal Forgings & Stampings,Manufacturing
DNTH,1690585,"Dianthus Therapeutics, Inc. /DE/",2834,Pharmaceutical Preparations,Healthcare
TXG,1770787,"10x Genomics, Inc.",3826,Laboratory Analytical Instruments,Manufacturing
GVA,861459,GRANITE CONSTRUCTION INC,1600,Heavy Construction Other Than Bldg Const - Contractors,Other / Financial / Services
ZETA,1851003,Zeta Global Holdings Corp.,7372,Services-Prepackaged Software,Technology
STVN,1849853,Stevanato Group S.p.A.,3841,Surgical & Medical Instruments & Apparatus,Healthcare
CLF,764065,CLEVELAND-CLIFFS INC.,1000,Metal Mining,Other / Financial / Services
NXST,1142417,"NEXSTAR MEDIA GROUP, INC.",4833,Television Broadcasting Stations,Other / Financial / Services
VAL,314808,Valaris Ltd,1381,Drilling Oil & Gas Wells,Energy
CELC,1603454,Celcuity Inc.,8071,Services-Medical Laboratories,Healthcare
IRDM,1418819,Iridium Communications Inc.,4899,"Communications Services, NEC",Other / Financial / Services
CRSP,1674416,CRISPR Therapeutics AG,2836,"Biological Products, (No Diagnostic Substances)",Healthcare
FTDR,1727263,"Frontdoor, Inc.",7340,Services-To Dwellings & Other Buildings,Other / Financial / Services
SPHR,1795250,Sphere Entertainment Co.,7900,Services-Amusement & Recreation Services,Other / Financial / Services
SHC,1822479,Sotera Health Co,8090,"Services-Misc Health & Allied Services, NEC",Healthcare
WFG,1402388,"WEST FRASER TIMBER CO., LTD",2421,"Sawmills & Planting Mills, General",Manufacturing
ORKA,907654,"Oruka Therapeutics, Inc.",2834,Pharmaceutical Preparations,Healthcare
XMTR,1657573,"Xometry, Inc.",7389,"Services-Business Services, NEC",Other / Financial / Services
LEGN,1801198,Legend Biotech Corp,2834,Pharmaceutical Preparations,Healthcare
BCPC,9326,BALCHEM CORP,2800,Chemicals & Allied Products,Manufacturing
TVTX,1438533,"Travere Therapeutics, Inc.",2834,Pharmaceutical Preparations,Healthcare
BTDPY,1516324,Barratt Developments PLC/ADR,,,Unknown
OMAB,1378239,Central North Airport Group,4581,"Airports, Flying Fields & Airport Terminal Services",Other / Financial / Services
PEGA,1013857,PEGASYSTEMS INC,7374,Services-Computer Processing & Data Preparation,Technology
UEC,1334933,URANIUM ENERGY CORP,1090,Miscellaneous Metal Ores,Other / Financial / Services
BGC,1094831,"BGC Group, Inc.",6200,"Security & Commodity Brokers, Dealers, Exchanges & Services",Other / Financial / Services
ALH,1317685,Alliance Laundry Holdings Inc.,3580,Refrigeration & Service Industry Machinery,Industrials
GLNG,1207179,GOLAR LNG LTD,4400,Water Transportation,Other / Financial / Services
VRNS,1361113,VARONIS SYSTEMS INC,7372,Services-Prepackaged Software,Technology
GNTX,355811,GENTEX CORP,3714,Motor Vehicle Parts & Accessories,Industrials
CE,1306830,Celanese Corp,2820,"Plastic Material, Synth Resin/Rubber, Cellulos (No Glass)",Manufacturing
RDNT,790526,"RadNet, Inc.",8071,Services-Medical Laboratories,Healthcare
RITM,1556593,Rithm Capital Corp.,6798,Real Estate Investment Trusts,Other / Financial / Services
TBBB,1978954,BBB FOODS INC,5411,Retail-Grocery Stores,Retail
LPX,60519,LOUISIANA-PACIFIC CORP,2400,Lumber & Wood Products (No Furniture),Manufacturing
AMTM,2011286,"Amentum Holdings, Inc.",7389,"Services-Business Services, NEC",Other / Financial / Services
BTG,1429937,B2GOLD CORP,1040,Gold and Silver Ores,Other / Financial / Services
AUGO,1468642,Aura Minerals Inc.,1000,Metal Mining,Other / Financial / Services
BC,14930,BRUNSWICK CORP,3510,Engines & Turbines,Industrials
DAVE,1841408,Dave Inc./DE,6199,Finance Services,Other / Financial / Services
MTH,833079,Meritage Homes CORP,1531,Operative Builders,Other / Financial / Services
IEP,813762,ICAHN ENTERPRISES L.P.,2911,Petroleum Refining,Energy
REZI,1740332,"RESIDEO TECHNOLOGIES, INC.",5072,Wholesale-Hardware,Other / Financial / Services
KVYO,1835830,"Klaviyo, Inc.",7372,Services-Prepackaged Software,Technology
TNGX,1819133,"Tango Therapeutics, Inc.",2834,Pharmaceutical Preparations,Healthcare
HRI,1364479,HERC HOLDINGS INC,7350,Services-Miscellaneous Equipment Rental & Leasing,Other / Financial / Services
MANE,1827635,"Veradermics, Inc",2834,Pharmaceutical Preparations,Healthcare
CHH,1046311,CHOICE HOTELS INTERNATIONAL INC /DE,7011,Hotels & Motels,Other / Financial / Services
TKC,1071321,TURKCELL ILETISIM HIZMETLERI A S,4813,Telephone Communications (No Radiotelephone),Other / Financial / Services
RDN,890926,RADIAN GROUP INC,6351,Surety Insurance,Other / Financial / Services
CIGI,913353,Colliers International Group Inc.,6500,Real Estate,Other / Financial / Services
RKGRY,2093907,RENK Group AG/ADR,,,Unknown
VSNT,2067876,"Versant Media Group, Inc.",4833,Television Broadcasting Stations,Other / Financial / Services
FOUR,1794669,"Shift4 Payments, Inc.",7389,"Services-Business Services, NEC",Other / Financial / Services
GHC,104889,Graham Holdings Co,8200,Services-Educational Services,Healthcare
HRB,12659,H&R BLOCK INC,7200,Services-Personal Services,Other / Financial / Services
CUZ,25232,COUSINS PROPERTIES INC,6798,Real Estate Investment Trusts,Other / Financial / Services
RELY,1782170,"Remitly Global, Inc.",7389,"Services-Business Services, NEC",Other / Financial / Services
OGS,1587732,"ONE Gas, Inc.",4924,Natural Gas Distribution,Energy
TFSL,1381668,TFS Financial CORP,6035,"Savings Institution, Federally Chartered",Other / Financial / Services
NTSK,2063196,Netskope Inc,7372,Services-Prepackaged Software,Technology
VVV,1674910,VALVOLINE INC,2990,Miscellaneous Products of  Petroleum & Coal,Energy
FFIN,36029,FIRST FINANCIAL BANKSHARES INC,6022,State Commercial Banks,Other / Financial / Services
G,1398659,Genpact LTD,8742,Services-Management Consulting Services,Other / Financial / Services
SYNA,817720,SYNAPTICS Inc,3674,Semiconductors & Related Devices,Industrials
MAIN,1396440,Main Street Capital CORP,,,Unknown
SXT,310142,SENSIENT TECHNOLOGIES CORP,2860,Industrial Organic Chemicals,Manufacturing
SBRA,1492298,"Sabra Health Care REIT, Inc.",6798,Real Estate Investment Trusts,Other / Financial / Services
ADT,1703056,ADT Inc.,7381,"Services-Detective, Guard & Armored Car Services",Other / Financial / Services
UNF,717954,UNIFIRST CORP,7200,Services-Personal Services,Other / Financial / Services
TREX,1069878,TREX CO INC,2400,Lumber & Wood Products (No Furniture),Manufacturing
BOOT,1610250,"Boot Barn Holdings, Inc.",5661,Retail-Shoe Stores,Retail
GRFS,1438569,Grifols SA,2834,Pharmaceutical Preparations,Healthcare
GBTG,1820872,"Global Business Travel Group, Inc.",4700,Transportation Services,Other / Financial / Services
MGY,1698990,Magnolia Oil & Gas Corp,1311,Crude Petroleum & Natural Gas,Energy
CAI,2019410,"Caris Life Sciences, Inc.",8071,Services-Medical Laboratories,Healthcare
KNSA,1730430,"Kiniksa Pharmaceuticals International, plc",2834,Pharmaceutical Preparations,Healthcare
BIPC,1788348,Brookfield Infrastructure Corp,4923,Natural Gas Transmisison & Distribution,Energy
PIPR,1230245,PIPER SANDLER COMPANIES,6211,"Security Brokers, Dealers & Flotation Companies",Other / Financial / Services
OBOCY,2094691,Ottobock SE & Co. KGaA/ADR,,,Unknown
MAUTF,1830918,Montage Gold Corp.,,,Unknown
HASI,1561894,"HA Sustainable Infrastructure Capital, Inc.",6799,"Investors, NEC",Other / Financial / Services
TKMTY,2044863,"Tokyo Metro Co., Ltd./ADR",,,Unknown
CECO,3197,CECO ENVIRONMENTAL CORP,3564,Industrial & Commercial Fans & Blowers & Air Purifing Equip,Industrials
EWTX,1710072,"Edgewise Therapeutics, Inc.",2834,Pharmaceutical Preparations,Healthcare
CNO,1224608,"CNO Financial Group, Inc.",6321,Accident & Health Insurance,Other / Financial / Services
MARA,1507605,"MARA Holdings, Inc.",6199,Finance Services,Other / Financial / Services
MUR,717423,MURPHY OIL CORP,1311,Crude Petroleum & Natural Gas,Energy
UCTT,1275014,"Ultra Clean Holdings, Inc.",3674,Semiconductors & Related Devices,Industrials
INDV,1625297,"Indivior Pharmaceuticals, Inc.",2834,Pharmaceutical Preparations,Healthcare
OTF,1747777,Blue Owl Technology Finance Corp.,,,Unknown
UFPI,912767,UFP INDUSTRIES INC,2421,"Sawmills & Planting Mills, General",Manufacturing
SLGN,849869,SILGAN HOLDINGS INC,3411,Metal Cans,Manufacturing
EBC,1810546,"Eastern Bankshares, Inc.",6035,"Savings Institution, Federally Chartered",Other / Financial / Services
NNI,1258602,NELNET INC,6141,Personal Credit Institutions,Other / Financial / Services
SAIC,1571123,Science Applications International Corp,7373,Services-Computer Integrated Systems Design,Technology
SITE,1650729,"SiteOne Landscape Supply, Inc.",5040,Wholesale-Professional & Commercial Equipment & Supplies,Other / Financial / Services
MRX,1997464,Marex Group Ltd,6200,"Security & Commodity Brokers, Dealers, Exchanges & Services",Other / Financial / Services
SR,1126956,SPIRE INC,4924,Natural Gas Distribution,Energy
HAPVY,1869666,Hapvida Participacoes e Investimentos S.A./ADR,,,Unknown
PRIM,1361538,Primoris Services Corp,1623,"Water, Sewer, Pipeline, Comm & Power Line Construction",Other / Financial / Services
WSC,1647088,WillScot Holdings Corp,7350,Services-Miscellaneous Equipment Rental & Leasing,Other / Financial / Services
KTB,1760965,"Kontoor Brands, Inc.",2320,"Men's & Boys' Furnishgs, Work Clothg, & Allied Garments",Consumer Goods
ANDG,2065708,Andersen Group Inc.,7389,"Services-Business Services, NEC",Other / Financial / Services
MDA,1857047,MDA Space Ltd.,3760,Guided Missiles & Space Vehicles & Parts,Industrials
MRP,2017206,"Millrose Properties, Inc.",6500,Real Estate,Other / Financial / Services
SLM,1032033,SLM Corp,6141,Personal Credit Institutions,Other / Financial / Services
SKT,899715,TANGER INC.,6798,Real Estate Investment Trusts,Other / Financial / Services
MC,1596967,Moelis & Co,6282,Investment Advice,Other / Financial / Services
DLB,1308547,"Dolby Laboratories, Inc.",6794,Patent Owners & Lessors,Other / Financial / Services
FCN,887936,"FTI CONSULTING, INC",8742,Services-Management Consulting Services,Other / Financial / Services
EQPT,1693736,EquipmentShare.com Inc,7359,"Services-Equipment Rental & Leasing, NEC",Other / Financial / Services
IBOC,315709,INTERNATIONAL BANCSHARES CORP,6022,State Commercial Banks,Other / Financial / Services
OPEN,1801169,Opendoor Technologies Inc.,6531,Real Estate Agents & Managers (For Others),Other / Financial / Services
SFBS,1430723,"ServisFirst Bancshares, Inc.",6022,State Commercial Banks,Other / Financial / Services
ALM,1670061,Almonty Industries Inc.,1000,Metal Mining,Other / Financial / Services
TNL,1361658,Travel & Leisure Co.,7011,Hotels & Motels,Other / Financial / Services
CRC,1609253,California Resources Corp,1311,Crude Petroleum & Natural Gas,Energy
KNF,1955520,Knife River Corp,1400,Mining & Quarrying of  Nonmetallic Minerals (No Fuels),Other / Financial / Services
FULT,700564,FULTON FINANCIAL CORP,6021,National Commercial Banks,Other / Financial / Services
TGS,931427,GAS TRANSPORTER OF THE SOUTH INC,4922,Natural Gas Transmission,Energy
SRAD,1836470,Sportradar Group AG,7370,"Services-Computer Programming, Data Processing, Etc.",Technology
IPGP,1111928,IPG PHOTONICS CORP,3674,Semiconductors & Related Devices,Industrials
OCTV,2083632,Octave Intelligence plc,7372,Services-Prepackaged Software,Technology
FELE,38725,FRANKLIN ELECTRIC CO INC,3621,Motors & Generators,Industrials
XE,2088896,"X-Energy, Inc.",3443,Fabricated Plate Work (Boiler Shops),Manufacturing
CSW,1624794,"CSW INDUSTRIALS, INC.",2891,Adhesives & Sealants,Manufacturing
SIM,887153,"GRUPO SIMEC, S.A.B. de C.V.",3312,"Steel Works, Blast Furnaces & Rolling Mills (Coke Ovens)",Manufacturing
HPHTY,1600928,Hamamatsu Photonics K.K./ADR,,,Unknown
ELF,1600033,"e.l.f. Beauty, Inc.",2844,"Perfumes, Cosmetics & Other Toilet Preparations",Manufacturing
EPR,1045450,EPR PROPERTIES,6798,Real Estate Investment Trusts,Other / Financial / Services
USAR,1970622,"USA Rare Earth, Inc.",1000,Metal Mining,Other / Financial / Services
KBR,1357615,"KBR, INC.",1600,Heavy Construction Other Than Bldg Const - Contractors,Other / Financial / Services
VCYT,1384101,"VERACYTE, INC.",8071,Services-Medical Laboratories,Healthcare
TAC,1144800,TRANSALTA CORP,4911,Electric Services,Energy
CBT,16040,CABOT CORP,2890,Miscellaneous Chemical Products,Manufacturing
HLNE,1433642,Hamilton Lane INC,6282,Investment Advice,Other / Financial / Services
VKTX,1607678,"Viking Therapeutics, Inc.",2834,Pharmaceutical Preparations,Healthcare
FHI,1056288,"FEDERATED HERMES, INC.",6282,Investment Advice,Other / Financial / Services
CNX,1070412,CNX Resources Corp,1311,Crude Petroleum & Natural Gas,Energy
ACAD,1070494,ACADIA PHARMACEUTICALS INC,2834,Pharmaceutical Preparations,Healthcare
LIVN,1639691,LivaNova PLC,3845,Electromedical & Electrotherapeutic Apparatus,Healthcare
SKY,90896,"Champion Homes, Inc.",2451,Mobile Homes,Manufacturing
TCBI,1077428,TEXAS CAPITAL BANCSHARES INC/TX,6022,State Commercial Banks,Other / Financial / Services
DLO,1846832,dLocal Ltd,7389,"Services-Business Services, NEC",Other / Financial / Services
KRC,1025996,KILROY REALTY CORP,6798,Real Estate Investment Trusts,Other / Financial / Services
SEB,88121,SEABOARD CORP /DE/,5150,Wholesale-Farm Product Raw Materials,Other / Financial / Services
NWE,1993004,"NorthWestern Energy Group, Inc.",4931,Electric & Other Services Combined,Energy
CMBT,1604481,CMB.TECH NV,4412,Deep Sea Foreign Transportation of  Freight,Other / Financial / Services
PAM,1469395,Pampa Energy Inc.,4911,Electric Services,Energy
ATAT,1853717,Atour Lifestyle Holdings Ltd,7011,Hotels & Motels,Other / Financial / Services
COLD,1455863,AMERICOLD REALTY TRUST,6798,Real Estate Investment Trusts,Other / Financial / Services
NP,2067129,Neptune Insurance Holdings Inc.,6411,"Insurance Agents, Brokers & Service",Other / Financial / Services
TENB,1660280,"Tenable Holdings, Inc.",7372,Services-Prepackaged Software,Technology
LIF,1581760,"Life360, Inc.",7374,Services-Computer Processing & Data Preparation,Technology
DIOD,29002,DIODES INC /DEL/,3674,Semiconductors & Related Devices,Industrials
CENX,949157,CENTURY ALUMINUM CO,3334,Primary Production of  Aluminum,Manufacturing
LBRDA,1611983,Liberty Broadband Corp,4841,Cable & Other Pay Television Services,Other / Financial / Services
EE,1888447,"Excelerate Energy, Inc.",4924,Natural Gas Distribution,Energy
CVSA,730464,Covista Inc.,8200,Services-Educational Services,Healthcare
ACLS,1113232,AXCELIS TECHNOLOGIES INC,3559,"Special Industry Machinery, NEC",Industrials
RLAY,1812364,"Relay Therapeutics, Inc.",2836,"Biological Products, (No Diagnostic Substances)",Healthcare
MDU,67716,MDU RESOURCES GROUP INC,1400,Mining & Quarrying of  Nonmetallic Minerals (No Fuels),Other / Financial / Services
NWSGY,1449664,CTF Services Ltd,,,Unknown
PI,1114995,IMPINJ INC,3679,"Electronic Components, NEC",Industrials
CVCO,278166,"CAVCO INDUSTRIES, INC.",2451,Mobile Homes,Manufacturing
EPAM,1352010,"EPAM Systems, Inc.",7371,Services-Computer Programming Services,Technology
BNL,1424182,"Broadstone Net Lease, Inc.",6798,Real Estate Investment Trusts,Other / Financial / Services
DOO,1748797,BRP Inc.,3790,Miscellaneous Transportation Equipment,Industrials
AQN,1174169,ALGONQUIN POWER & UTILITIES CORP.,4911,Electric Services,Energy
RMVEY,1516536,Rightmove PLC/ADR,,,Unknown
MMSI,856982,MERIT MEDICAL SYSTEMS INC,3841,Surgical & Medical Instruments & Apparatus,Healthcare
EXTR,1078271,EXTREME NETWORKS INC,3576,Computer Communications Equipment,Technology
BBAR,913059,Banco BBVA Argentina S.A.,6029,"Commercial Banks, NEC",Other / Financial / Services
AZZ,8947,AZZ INC,3470,"Coating, Engraving & Allied Services",Manufacturing
BJGPY,2098425,"Beijing Geekplus Technology Co., Ltd./ADR",,,Unknown
RXO,1929561,"RXO, Inc.",4700,Transportation Services,Other / Financial / Services
WAY,1990354,Waystar Holding Corp.,7373,Services-Computer Integrated Systems Design,Technology
HHH,1981792,Howard Hughes Holdings Inc.,6798,Real Estate Investment Trusts,Other / Financial / Services
INSW,1679049,"International Seaways, Inc.",4400,Water Transportation,Other / Financial / Services
PFSI,1745916,"PennyMac Financial Services, Inc.",6162,Mortgage Bankers & Loan Correspondents,Other / Financial / Services
BRC,746598,BRADY CORP,3990,Miscellaneous Manufacturing Industries,Manufacturing
BCO,78890,BRINKS CO,4731,Arrangement of  Transportation of  Freight & Cargo,Other / Financial / Services
NVST,1757073,Envista Holdings Corp,3843,Dental Equipment & Supplies,Healthcare
OPLN,1395942,"OPENLANE, Inc.",5500,Retail-Auto Dealers & Gasoline Stations,Retail
MBRFY,1496919,MARFRIG GLOBAL FOODS S.A.,,,Unknown
UCB,857855,UNITED COMMUNITY BANKS INC,6022,State Commercial Banks,Other / Financial / Services
WING,1636222,Wingstop Inc.,5812,Retail-Eating  Places,Retail
GPGI,1823144,"GPGI, Inc.",6199,Finance Services,Other / Financial / Services
BETA,1784570,"BETA Technologies, Inc.",3721,Aircraft,Industrials
BMI,9092,BADGER METER INC,3824,Totalizing Fluid Meters & Counting Devices,Manufacturing
GFF,50725,GRIFFON CORP,3442,"Metal Doors, Sash, Frames, Moldings & Trim",Manufacturing
STUB,1337634,"StubHub Holdings, Inc.",7990,Services-Miscellaneous Amusement & Recreation,Other / Financial / Services
BDC,913142,BELDEN INC.,3357,Drawing & Insulating of  Nonferrous Wire,Manufacturing
GEF,43920,"GREIF, INC",3412,"Metal Shipping Barrels, Drums, Kegs & Pails",Manufacturing
CDP,860546,COPT DEFENSE PROPERTIES,6798,Real Estate Investment Trusts,Other / Financial / Services
HGTY,1840776,"Hagerty, Inc.",6411,"Insurance Agents, Brokers & Service",Other / Financial / Services
MMED,2062583,"MiniMed Group, Inc.",3841,Surgical & Medical Instruments & Apparatus,Healthcare
LFTO,1850351,"Liftoff Mobile, Inc.",7374,Services-Computer Processing & Data Preparation,Technology
HCC,1691303,"WARRIOR MET COAL, INC.",1220,Silver Ores,Other / Financial / Services
ATMU,1921963,Atmus Filtration Technologies Inc.,3714,Motor Vehicle Parts & Accessories,Industrials
EXLS,1297989,"ExlService Holdings, Inc.",7389,"Services-Business Services, NEC",Other / Financial / Services
OII,73756,OCEANEERING INTERNATIONAL INC,1389,"Oil & Gas Field Services, NEC",Energy
CAKE,887596,CHEESECAKE FACTORY INC,5812,Retail-Eating  Places,Retail
VNT,1786842,Vontier Corp,3824,Totalizing Fluid Meters & Counting Devices,Manufacturing
AMVOY,2085236,AUMOVIO SE,,,Unknown
CALM,16160,CAL-MAINE FOODS INC,200,Agricultural Prod-Livestock & Animal Specialties,Other / Financial / Services
MIR,1809987,"Mirion Technologies, Inc.",3829,"Measuring & Controlling Devices, NEC",Manufacturing
DNP,806628,DNP SELECT INCOME FUND INC,,,Unknown
FBP,1057706,FIRST BANCORP /PR/,6022,State Commercial Banks,Other / Financial / Services
DORM,868780,"Dorman Products, Inc.",3714,Motor Vehicle Parts & Accessories,Industrials
ANF,1018840,ABERCROMBIE & FITCH CO /DE/,5651,Retail-Family Clothing Stores,Retail
ONDS,1646188,Ondas Inc.,3663,Radio & Tv Broadcasting & Communications Equipment,Industrials
CATY,861842,CATHAY GENERAL BANCORP,6022,State Commercial Banks,Other / Financial / Services
BBWI,701985,"Bath & Body Works, Inc.",5990,"Retail-Retail Stores, NEC",Retail
IFHLY,2035057,Inficon Holding AG/ADR,,,Unknown
LAZ,1311370,"Lazard, Inc.",6282,Investment Advice,Other / Financial / Services
MIAX,1438472,"MIAMI INTERNATIONAL HOLDINGS, INC.",6211,"Security Brokers, Dealers & Flotation Companies",Other / Financial / Services
CNR,1710366,"Core Natural Resources, Inc.",1220,Silver Ores,Other / Financial / Services
NAMS,1936258,NewAmsterdam Pharma Co N.V.,2834,Pharmaceutical Preparations,Healthcare
BILL,1786352,"BILL Holdings, Inc.",7372,Services-Prepackaged Software,Technology
PENG,1616533,"Penguin Solutions, Inc.",3674,Semiconductors & Related Devices,Industrials
FRMI,2071778,Fermi Inc.,6798,Real Estate Investment Trusts,Other / Financial / Services
QS,1811414,QuantumScape Corp,3690,"Miscellaneous Electrical Machinery, Equipment & Supplies",Industrials
PLNT,1637207,"Planet Fitness, Inc.",7997,Services-Membership Sports & Recreation Clubs,Other / Financial / Services
LFST,1845257,"LifeStance Health Group, Inc.",8000,Services-Health Services,Healthcare
DNLI,1714899,Denali Therapeutics Inc.,2836,"Biological Products, (No Diagnostic Substances)",Healthcare
LASR,1124796,"NLIGHT, INC.",3674,Semiconductors & Related Devices,Industrials
MKTX,1278021,MARKETAXESS HOLDINGS INC,6211,"Security Brokers, Dealers & Flotation Companies",Other / Financial / Services
CAAP,1717393,CORPORACION AMERICA AIRPORTS S.A.,4581,"Airports, Flying Fields & Airport Terminal Services",Other / Financial / Services
ALHC,1832466,"Alignment Healthcare, Inc.",6324,Hospital & Medical Service Plans,Other / Financial / Services
COCO,1482981,"Vita Coco Company, Inc.",2080,Beverages,Consumer Goods
INDB,776901,INDEPENDENT BANK CORP,6022,State Commercial Banks,Other / Financial / Services
WSFS,828944,WSFS FINANCIAL CORP,6021,National Commercial Banks,Other / Financial / Services
GEO,923796,GEO GROUP INC,1520,General Bldg Contractors - Residential Bldgs,Other / Financial / Services
IRT,1466085,"INDEPENDENCE REALTY TRUST, INC.",6798,Real Estate Investment Trusts,Other / Financial / Services
CSTM,1563411,CONSTELLIUM SE,3341,Secondary Smelting & Refining of  Nonferrous Metals,Manufacturing
CON,2014596,"Concentra Group Holdings Parent, Inc.",8093,"Services-Specialty Outpatient Facilities, NEC",Healthcare
CNS,1284812,"COHEN & STEERS, INC.",6282,Investment Advice,Other / Financial / Services
TPC,77543,TUTOR PERINI CORP,1540,General Bldg Contractors - Nonresidential Bldgs,Other / Financial / Services
POWI,833640,POWER INTEGRATIONS INC,3674,Semiconductors & Related Devices,Industrials
PHI,78150,PLDT Inc.,4813,Telephone Communications (No Radiotelephone),Other / Financial / Services
CLBT,1854587,Cellebrite DI Ltd.,7372,Services-Prepackaged Software,Technology
LOPE,1434588,"Grand Canyon Education, Inc.",8200,Services-Educational Services,Healthcare
ABG,1144980,ASBURY AUTOMOTIVE GROUP INC,5500,Retail-Auto Dealers & Gasoline Stations,Retail
WPP,806968,WPP plc,7311,Services-Advertising Agencies,Other / Financial / Services
BOX,1372612,BOX INC,7372,Services-Prepackaged Software,Technology
CVBF,354647,CVB FINANCIAL CORP,6022,State Commercial Banks,Other / Financial / Services
FLY,1860160,Firefly Aerospace Inc.,3760,Guided Missiles & Space Vehicles & Parts,Industrials
HGV,1674168,Hilton Grand Vacations Inc.,7000,"Hotels, Rooming Houses, Camps & Other Lodging Places",Other / Financial / Services
DOCS,1516513,"Doximity, Inc.",7371,Services-Computer Programming Services,Technology
LBRT,1694028,Liberty Energy Inc.,1389,"Oil & Gas Field Services, NEC",Energy
SKYW,793733,SKYWEST INC,4512,"Air Transportation, Scheduled",Other / Financial / Services
NGXXF,2044153,NGEx Minerals Ltd.,,,Unknown
MWA,1350593,"Mueller Water Products, Inc.",3490,Miscellaneous Fabricated Metal Products,Manufacturing
CHEF,1517175,"Chefs' Warehouse, Inc.",5141,"Wholesale-Groceries, General Line",Other / Financial / Services
APLE,1418121,"Apple Hospitality REIT, Inc.",6798,Real Estate Investment Trusts,Other / Financial / Services
RNST,715072,RENASANT CORP,6022,State Commercial Banks,Other / Financial / Services
NVA,1852551,Nova Minerals Corp,1040,Gold and Silver Ores,Other / Financial / Services
OLLI,1639300,"Ollie's Bargain Outlet Holdings, Inc.",5331,Retail-Variety Stores,Retail
BULL,1866364,Webull Corp,6211,"Security Brokers, Dealers & Flotation Companies",Other / Financial / Services
STNG,1483934,Scorpio Tankers Inc.,4412,Deep Sea Foreign Transportation of  Freight,Other / Financial / Services
TDS,1051512,TELEPHONE & DATA SYSTEMS INC /DE/,4813,Telephone Communications (No Radiotelephone),Other / Financial / Services
BFH,1101215,"BREAD FINANCIAL HOLDINGS, INC.",6141,Personal Credit Institutions,Other / Financial / Services
FG,1934850,"F&G Annuities & Life, Inc.",6311,Life Insurance,Other / Financial / Services
POST,1530950,"Post Holdings, Inc.",2040,Grain Mill Products,Consumer Goods
LION,2052959,Lionsgate Studios Corp.,7812,Services-Motion Picture & Video Tape Production,Other / Financial / Services
NEXHY,1985406,"Nippon Express Holdings, Inc./ADR",,,Unknown
ICUI,883984,ICU MEDICAL INC/DE,3841,Surgical & Medical Instruments & Apparatus,Healthcare
PII,931015,Polaris Inc.,3790,Miscellaneous Transportation Equipment,Industrials
MAT,63276,MATTEL INC /DE/,3942,Dolls & Stuffed Toys,Consumer Goods
SXI,310354,STANDEX INTERNATIONAL CORP/DE/,3580,Refrigeration & Service Industry Machinery,Industrials
DYN,1818794,"Dyne Therapeutics, Inc.",2834,Pharmaceutical Preparations,Healthcare
VCRE,2124403,Vicore Pharma Holding AB,2834,Pharmaceutical Preparations,Healthcare
CPRX,1369568,"CATALYST PHARMACEUTICALS, INC.",2834,Pharmaceutical Preparations,Healthcare
MHO,799292,"M/I HOMES, INC.",1531,Operative Builders,Other / Financial / Services
LRN,1157408,"Stride, Inc.",8200,Services-Educational Services,Healthcare
SMG,825542,SCOTTS MIRACLE-GRO CO,2870,Agricultural Chemicals,Manufacturing
USAC,1522727,"USA Compression Partners, LP",4922,Natural Gas Transmission,Energy
THO,730263,THOR INDUSTRIES INC,3716,Motor Homes,Industrials
IPAR,822663,INTERPARFUMS INC,2844,"Perfumes, Cosmetics & Other Toilet Preparations",Manufacturing
BANF,760498,BANCFIRST CORP /OK/,6021,National Commercial Banks,Other / Financial / Services
CRK,23194,COMSTOCK RESOURCES INC,1311,Crude Petroleum & Natural Gas,Energy
BFAM,1437578,BRIGHT HORIZONS FAMILY SOLUTIONS INC.,8351,Services-Child Day Care Services,Healthcare
NMRK,1690680,"NEWMARK GROUP, INC.",6531,Real Estate Agents & Managers (For Others),Other / Financial / Services
IRTC,1388658,"iRhythm Holdings, Inc.",3841,Surgical & Medical Instruments & Apparatus,Healthcare
MANU,1549107,Manchester United plc,7900,Services-Amusement & Recreation Services,Other / Financial / Services
GPCR,1888886,Structure Therapeutics Inc.,2834,Pharmaceutical Preparations,Healthcare
TLX,2007191,Telix Pharmaceuticals Ltd,2834,Pharmaceutical Preparations,Healthcare
BHF,1685040,"Brighthouse Financial, Inc.",6311,Life Insurance,Other / Financial / Services
FIBK,860413,FIRST INTERSTATE BANCSYSTEM INC,6022,State Commercial Banks,Other / Financial / Services
ITRI,780571,"ITRON, INC.",3825,Instruments For Meas & Testing of  Electricity & Elec Signals,Manufacturing
AKO-A,925261,ANDINA BOTTLING CO INC,2086,Bottled & Canned Soft Drinks & Carbonated Waters,Consumer Goods
FMCC,1026214,FEDERAL HOME LOAN MORTGAGE CORP,6111,Federal & Federally-Sponsored Credit Agencies,Other / Financial / Services
OLED,1005284,UNIVERSAL DISPLAY CORP \PA\,3670,Electronic Components & Accessories,Industrials
WSBC,203596,WESBANCO INC,6021,National Commercial Banks,Other / Financial / Services
MEOH,886977,METHANEX CORP,2860,Industrial Organic Chemicals,Manufacturing
LPL,1290109,"LG Display Co., Ltd.",3679,"Electronic Components, NEC",Industrials
BLSH,1872195,Bullish,6199,Finance Services,Other / Financial / Services
WHD,1699136,"Cactus, Inc.",3533,Oil & Gas Field Machinery & Equipment,Industrials
AXTI,1051627,AXT INC,3674,Semiconductors & Related Devices,Industrials
SLG,1040971,SL GREEN REALTY CORP,6798,Real Estate Investment Trusts,Other / Financial / Services
OTTR,1466593,Otter Tail Corp,4911,Electric Services,Energy
KFY,56679,KORN FERRY,7361,Services-Employment Agencies,Other / Financial / Services
UTG,1263994,REAVES UTILITY INCOME FUND,,,Unknown
VEON,1468091,VEON Ltd.,4812,Radiotelephone Communications,Other / Financial / Services
ADOOY,1489079,Adaro Energy PT/ADR/,8880,American Depositary Receipts,Healthcare
YETI,1670592,"YETI Holdings, Inc.",3949,"Sporting & Athletic Goods, NEC",Consumer Goods
PVH,78239,PVH CORP. /DE/,2320,"Men's & Boys' Furnishgs, Work Clothg, & Allied Garments",Consumer Goods
ZGN,1877787,Ermenegildo Zegna N.V.,2300,Apparel & Other Finishd Prods of  Fabrics & Similar Matl,Consumer Goods
PBLS,1657677,"Parabilis Medicines, Inc.",2834,Pharmaceutical Preparations,Healthcare
FHB,36377,"FIRST HAWAIIAN, INC.",6022,State Commercial Banks,Other / Financial / Services
ORLA,1680056,Orla Mining Ltd.,1040,Gold and Silver Ores,Other / Financial / Services
ELVN,1672619,"Enliven Therapeutics, Inc.",2834,Pharmaceutical Preparations,Healthcare
GPI,1031203,GROUP 1 AUTOMOTIVE INC,5500,Retail-Auto Dealers & Gasoline Stations,Retail
NHI,877860,NATIONAL HEALTH INVESTORS INC,6798,Real Estate Investment Trusts,Other / Financial / Services
AGO,1273813,ASSURED GUARANTY LTD,6351,Surety Insurance,Other / Financial / Services
RCUS,1724521,"Arcus Biosciences, Inc.",2834,Pharmaceutical Preparations,Healthcare
ATRO,8063,ASTRONICS CORP,3728,"Aircraft Parts & Auxiliary Equipment, NEC",Industrials
ACHR,1824502,Archer Aviation Inc.,3721,Aircraft,Industrials
ALMS,1847367,ALUMIS INC.,2834,Pharmaceutical Preparations,Healthcare
PLMR,1761312,"Palomar Holdings, Inc.",6331,"Fire, Marine & Casualty Insurance",Other / Financial / Services
FFBC,708955,FIRST FINANCIAL BANCORP /OH/,6021,National Commercial Banks,Other / Financial / Services
OSIS,1039065,OSI SYSTEMS INC,3674,Semiconductors & Related Devices,Industrials
BATRA,1958140,"Atlanta Braves Holdings, Inc.",7900,Services-Amusement & Recreation Services,Other / Financial / Services
NSIT,932696,INSIGHT ENTERPRISES INC,5961,Retail-Catalog & Mail-Order Houses,Retail
TDW,98222,TIDEWATER INC,4400,Water Transportation,Other / Financial / Services
LBTYA,1570585,Liberty Global Ltd.,4841,Cable & Other Pay Television Services,Other / Financial / Services
WDFC,105132,WD 40 CO,2890,Miscellaneous Chemical Products,Manufacturing
HAFN,1815779,Hafnia Ltd,4700,Transportation Services,Other / Financial / Services
PAY,1841156,"Paymentus Holdings, Inc.",7389,"Services-Business Services, NEC",Other / Financial / Services
MCHB,1518715,Mechanics Bancorp,6022,State Commercial Banks,Other / Financial / Services
SUNC,2089661,SunocoCorp LLC,2911,Petroleum Refining,Energy
JOYY,1530238,JOYY Inc.,7374,Services-Computer Processing & Data Preparation,Technology
IDYA,1676725,"IDEAYA Biosciences, Inc.",2834,Pharmaceutical Preparations,Healthcare
OGN,1821825,Organon & Co.,2834,Pharmaceutical Preparations,Healthcare
WRBY,1504776,Warby Parker Inc.,3851,Ophthalmic Goods,Manufacturing
MNDY,1845338,monday.com Ltd.,7372,Services-Prepackaged Software,Technology
KYIV,2062440,Kyivstar Group Ltd.,4812,Radiotelephone Communications,Other / Financial / Services
PTEN,889900,PATTERSON UTI ENERGY INC,1381,Drilling Oil & Gas Wells,Energy
VECO,103145,VEECO INSTRUMENTS INC,3559,"Special Industry Machinery, NEC",Industrials
MNSO,1815846,MINISO Group Holding Ltd,5331,Retail-Variety Stores,Retail
BKU,1504008,"BankUnited, Inc.",6035,"Savings Institution, Federally Chartered",Other / Financial / Services
GNW,1276520,GENWORTH FINANCIAL INC,6311,Life Insurance,Other / Financial / Services
KAI,886346,KADANT INC,3550,Special Industry Machinery (No Metalworking Machinery),Industrials
CBU,723188,"COMMUNITY FINANCIAL SYSTEM, INC.",6021,National Commercial Banks,Other / Financial / Services
JOE,745308,ST JOE Co,6552,Land Subdividers & Developers (No Cemeteries),Other / Financial / Services
MSGE,1952073,Madison Square Garden Entertainment Corp.,7990,Services-Miscellaneous Amusement & Recreation,Other / Financial / Services
AB,825313,ALLIANCEBERNSTEIN HOLDING L.P.,6282,Investment Advice,Other / Financial / Services
EMAT,1866226,Evolution Metals & Technologies Corp.,3690,"Miscellaneous Electrical Machinery, Equipment & Supplies",Industrials
HIW,921082,"HIGHWOODS PROPERTIES, INC.",6798,Real Estate Investment Trusts,Other / Financial / Services
HAYW,1834622,"Hayward Holdings, Inc.",3580,Refrigeration & Service Industry Machinery,Industrials
KBH,795266,KB HOME,1531,Operative Builders,Other / Financial / Services
NIC,1174850,NICOLET BANKSHARES INC,6021,National Commercial Banks,Other / Financial / Services
ICHR,1652535,"ICHOR HOLDINGS, LTD.",3674,Semiconductors & Related Devices,Industrials
RNG,1384905,"RingCentral, Inc.",7374,Services-Computer Processing & Data Preparation,Technology
PPLI,1800227,People Inc,7370,"Services-Computer Programming, Data Processing, Etc.",Technology
CURB,2027317,Curbline Properties Corp.,6500,Real Estate,Other / Financial / Services
NEA,1195737,Nuveen AMT-Free Quality Municipal Income Fund,,,Unknown
CCC,1818201,CCC Intelligent Solutions Holdings Inc.,7372,Services-Prepackaged Software,Technology
HAE,313143,HAEMONETICS CORP,3841,Surgical & Medical Instruments & Apparatus,Healthcare
PRVA,1759655,"Privia Health Group, Inc.",8000,Services-Health Services,Healthcare
AVA,104918,AVISTA CORP,4931,Electric & Other Services Combined,Energy
ARQT,1787306,"Arcutis Biotherapeutics, Inc.",2834,Pharmaceutical Preparations,Healthcare
HG,1593275,"Hamilton Insurance Group, Ltd.",6331,"Fire, Marine & Casualty Insurance",Other / Financial / Services
UUUU,1385849,ENERGY FUELS INC,1400,Mining & Quarrying of  Nonmetallic Minerals (No Fuels),Other / Financial / Services
CNK,1385280,"Cinemark Holdings, Inc.",7830,Services-Motion Picture Theaters,Other / Financial / Services
VAC,1524358,MARRIOTT VACATIONS WORLDWIDE Corp,6531,Real Estate Agents & Managers (For Others),Other / Financial / Services
KEN,1611005,Kenon Holdings Ltd.,4911,Electric Services,Energy
BKD,1332349,Brookdale Senior Living Inc.,8050,Services-Nursing & Personal Care Facilities,Healthcare
CLMT,2013745,"Calumet, Inc. /DE",2911,Petroleum Refining,Energy
OPCH,1014739,"Option Care Health, Inc.",8082,Services-Home Health Care Services,Healthcare
AAP,1158449,ADVANCE AUTO PARTS INC,5531,Retail-Auto & Home Supply Stores,Retail
BEAM,1745999,Beam Therapeutics Inc.,2836,"Biological Products, (No Diagnostic Substances)",Healthcare
AMBA,1280263,AMBARELLA INC,3674,Semiconductors & Related Devices,Industrials
UWMC,1783398,UWM Holdings Corp,6162,Mortgage Bankers & Loan Correspondents,Other / Financial / Services
LEU,1065059,CENTRUS ENERGY CORP,1400,Mining & Quarrying of  Nonmetallic Minerals (No Fuels),Other / Financial / Services
SKE,1713748,Skeena Resources Ltd,1040,Gold and Silver Ores,Other / Financial / Services
DK,1694426,"Delek US Holdings, Inc.",2911,Petroleum Refining,Energy
GBDC,1476765,"GOLUB CAPITAL BDC, Inc.",,,Unknown
ADPT,1478320,Adaptive Biotechnologies Corp,2836,"Biological Products, (No Diagnostic Substances)",Healthcare
CLSK,827876,"CLEANSPARK, INC.",6199,Finance Services,Other / Financial / Services
XNDU,2097163,Xanadu Quantum Technologies Ltd,3571,Electronic Computers,Technology
BTDR,1899123,Bitdeer Technologies Group,6199,Finance Services,Other / Financial / Services
RHI,315213,ROBERT HALF INC.,7363,Services-Help Supply Services,Other / Financial / Services
CSQ,1275214,CALAMOS STRATEGIC TOTAL RETURN FUND,,,Unknown
PRK,805676,PARK NATIONAL CORP /OH/,6021,National Commercial Banks,Other / Financial / Services
CALY,837465,Callaway Golf Co,3949,"Sporting & Athletic Goods, NEC",Consumer Goods
AVNT,1122976,AVIENT CORP,2821,"Plastic Materials, Synth Resins & Nonvulcan Elastomers",Manufacturing
SEDG,1419612,"SOLAREDGE TECHNOLOGIES, INC.",3674,Semiconductors & Related Devices,Industrials
FA,1210677,FIRST ADVANTAGE CORP,7374,Services-Computer Processing & Data Preparation,Technology
SFNC,90498,SIMMONS FIRST NATIONAL CORP,6021,National Commercial Banks,Other / Financial / Services
RARE,1515673,Ultragenyx Pharmaceutical Inc.,2834,Pharmaceutical Preparations,Healthcare
NATL,1974138,NCR Atleos Corp,3578,Calculating & Accounting Machines (No Electronic Computers),Industrials
AWR,1056903,AMERICAN STATES WATER CO,4941,Water Supply,Other / Financial / Services
HP,46765,"Helmerich & Payne, Inc.",1381,Drilling Oil & Gas Wells,Energy
NIQ,2054696,NIQ Global Intelligence plc,7370,"Services-Computer Programming, Data Processing, Etc.",Technology
NHC,1047335,NATIONAL HEALTHCARE CORP,8051,Services-Skilled Nursing Care Facilities,Healthcare
SIG,832988,SIGNET JEWELERS LTD,5944,Retail-Jewelry Stores,Retail
BOH,46195,BANK OF HAWAII CORP,6022,State Commercial Banks,Other / Financial / Services
KC,1795589,Kingsoft Cloud Holdings Ltd,7372,Services-Prepackaged Software,Technology
NVTS,1821769,Navitas Semiconductor Corp,3674,Semiconductors & Related Devices,Industrials
ARCB,894405,ARCBEST CORP /DE/,4213,Trucking (No Local),Other / Financial / Services
COLM,1050797,COLUMBIA SPORTSWEAR CO,2300,Apparel & Other Finishd Prods of  Fabrics & Similar Matl,Consumer Goods
PARR,821483,"PAR PACIFIC HOLDINGS, INC.",1311,Crude Petroleum & Natural Gas,Energy
KOZAY,1532173,Turk Altin Isletmeleri A.S./ADR,8880,American Depositary Receipts,Healthcare
QTWO,1410384,"Q2 Holdings, Inc.",7372,Services-Prepackaged Software,Technology
LXP,910108,LXP Industrial Trust,6798,Real Estate Investment Trusts,Other / Financial / Services
TDC,816761,TERADATA CORP /DE/,7372,Services-Prepackaged Software,Technology
CGAU,1854640,Centerra Gold Inc.,1040,Gold and Silver Ores,Other / Financial / Services
ADEA,1803696,Adeia Inc.,4841,Cable & Other Pay Television Services,Other / Financial / Services
SBCF,730708,SEACOAST BANKING CORP OF FLORIDA,6022,State Commercial Banks,Other / Financial / Services
GRBK,1373670,"Green Brick Partners, Inc.",1531,Operative Builders,Other / Financial / Services
ADX,2230,"ADAMS DIVERSIFIED EQUITY FUND, INC.",,,Unknown
TTAM,2035304,Titan America SA,1400,Mining & Quarrying of  Nonmetallic Minerals (No Fuels),Other / Financial / Services
CRVL,874866,CORVEL CORP,6411,"Insurance Agents, Brokers & Service",Other / Financial / Services
VTMX,1969373,"Vesta Real Estate Corporation, S.A.B. de C.V.",6500,Real Estate,Other / Financial / Services
ITGR,1114483,Integer Holdings Corp,3845,Electromedical & Electrotherapeutic Apparatus,Healthcare
KN,1587523,Knowles Corp,3651,Household Audio & Video Equipment,Industrials
BANC,1169770,"BANC OF CALIFORNIA, INC.",6021,National Commercial Banks,Other / Financial / Services
CWK,1628369,Cushman & Wakefield Ltd.,6500,Real Estate,Other / Financial / Services
AWATY,2092258,Air Water Inc./ADR,,,Unknown
ETOR,1493318,eToro Group Ltd.,6211,"Security Brokers, Dealers & Flotation Companies",Other / Financial / Services
RH,1528849,RH,5712,Retail-Furniture Stores,Retail
MZTI,57515,MARZETTI CO,2030,"Canned, Frozen & Preservd Fruit, Veg & Food Specialties",Consumer Goods
NTCT,1078075,NETSCOUT SYSTEMS INC,7373,Services-Computer Integrated Systems Design,Technology
ARLP,1086600,ALLIANCE RESOURCE PARTNERS LP,1221,Bituminous Coal & Lignite Surface Mining,Other / Financial / Services
CXW,1070985,"CoreCivic, Inc.",6798,Real Estate Investment Trusts,Other / Financial / Services
CRGY,1866175,Crescent Energy Co,1311,Crude Petroleum & Natural Gas,Energy
CSAN,1430162,Cosan S.A.,5500,Retail-Auto Dealers & Gasoline Stations,Retail
UPST,1647639,"Upstart Holdings, Inc.",6199,Finance Services,Other / Financial / Services
SMR,1822966,NUSCALE POWER Corp,3443,Fabricated Plate Work (Boiler Shops),Manufacturing
NMIH,1547903,"NMI Holdings, Inc.",6351,Surety Insurance,Other / Financial / Services
FIZZ,69891,NATIONAL BEVERAGE CORP,2086,Bottled & Canned Soft Drinks & Carbonated Waters,Consumer Goods
UTF,1275617,COHEN & STEERS INFRASTRUCTURE FUND INC,,,Unknown
PLUG,1093691,PLUG POWER INC,3620,Electrical Industrial Apparatus,Industrials
PLBL,2035697,Polibeli Group Ltd,5064,"Wholesale-Electrical Appliances, Tv & Radio Sets",Other / Financial / Services
MGEE,1161728,MGE ENERGY INC,4900,"Electric, Gas & Sanitary Services",Other / Financial / Services
CPK,19745,CHESAPEAKE UTILITIES CORP,4923,Natural Gas Transmisison & Distribution,Energy
CVI,1376139,CVR ENERGY INC,2911,Petroleum Refining,Energy
PFS,1178970,PROVIDENT FINANCIAL SERVICES INC,6035,"Savings Institution, Federally Chartered",Other / Financial / Services
GRAL,1699031,"GRAIL, Inc.",8071,Services-Medical Laboratories,Healthcare
AKR,899629,ACADIA REALTY TRUST,6798,Real Estate Investment Trusts,Other / Financial / Services
FSLY,1517413,"Fastly, Inc.",7372,Services-Prepackaged Software,Technology
CARG,1494259,"CarGurus, Inc.",7374,Services-Computer Processing & Data Preparation,Technology
GPK,1408075,GRAPHIC PACKAGING HOLDING CO,2650,Paperboard Containers & Boxes,Manufacturing
BHE,863436,BENCHMARK ELECTRONICS INC,3672,Printed Circuit Boards,Industrials
AGYS,78749,AGILYSYS INC,7373,Services-Computer Integrated Systems Design,Technology
ASH,1674862,ASHLAND INC.,5160,Wholesale-Chemicals & Allied Products,Other / Financial / Services
SHOO,913241,"STEVEN MADDEN, LTD.",3140,"Footwear, (No Rubber)",Manufacturing
CLDX,744218,"Celldex Therapeutics, Inc.",2835,In Vitro & In Vivo Diagnostic Substances,Healthcare
FSK,1422183,FS KKR Capital Corp,,,Unknown
SAH,1043509,SONIC AUTOMOTIVE INC,5500,Retail-Auto Dealers & Gasoline Stations,Retail
FUL,39368,FULLER H B CO,2891,Adhesives & Sealants,Manufacturing
EXPO,851520,EXPONENT INC,8742,Services-Management Consulting Services,Other / Financial / Services
UE,1611547,Urban Edge Properties,6500,Real Estate,Other / Financial / Services
HTGC,1280784,"Hercules Capital, Inc.",,,Unknown
EXG,1379438,Eaton Vance Tax-Managed Global Diversified Equity Income Fund,,,Unknown
ARIS,1964504,Aris Mining Corp,1040,Gold and Silver Ores,Other / Financial / Services
ALGT,1362468,Allegiant Travel CO,4512,"Air Transportation, Scheduled",Other / Financial / Services
AD,821130,"ARRAY DIGITAL INFRASTRUCTURE, INC.",4812,Radiotelephone Communications,Other / Financial / Services
MMS,1032220,"MAXIMUS, INC.",7389,"Services-Business Services, NEC",Other / Financial / Services
CWT,1035201,CALIFORNIA WATER SERVICE GROUP,4941,Water Supply,Other / Financial / Services
OUST,1816581,"Ouster, Inc.",3569,"General Industrial Machinery & Equipment, NEC",Industrials
TRMD,1655891,TORM plc,4412,Deep Sea Foreign Transportation of  Freight,Other / Financial / Services
JPC,1216583,Nuveen Preferred & Income Opportunities Fund,,,Unknown
DBD,28823,"DIEBOLD NIXDORF, Inc",3578,Calculating & Accounting Machines (No Electronic Computers),Industrials
UNFI,1020859,UNITED NATURAL FOODS INC,5141,"Wholesale-Groceries, General Line",Other / Financial / Services
WT,880631,"WisdomTree, Inc.",6211,"Security Brokers, Dealers & Flotation Companies",Other / Financial / Services
RUN,1469367,Sunrun Inc.,3690,"Miscellaneous Electrical Machinery, Equipment & Supplies",Industrials
BWLP,1649313,BW LPG Ltd,4700,Transportation Services,Other / Financial / Services
FLNC,1868941,"Fluence Energy, Inc.",3690,"Miscellaneous Electrical Machinery, Equipment & Supplies",Industrials
AAUC,1993344,Allied Gold Corp,,,Unknown
CXT,25445,"Crane NXT, Co.",3490,Miscellaneous Fabricated Metal Products,Manufacturing
DAN,26780,DANA Inc,3714,Motor Vehicle Parts & Accessories,Industrials
EEFT,1029199,"EURONET WORLDWIDE, INC.",6099,"Functions Related To Depository Banking, NEC",Other / Financial / Services
MGNI,1595974,"MAGNITE, INC.",7370,"Services-Computer Programming, Data Processing, Etc.",Technology
MBX,1776111,"MBX Biosciences, Inc.",2834,Pharmaceutical Preparations,Healthcare
RGC,1829667,Regencell Bioscience Holdings Ltd,2833,Medicinal Chemicals & Botanical Products,Healthcare
PHIN,1968915,PHINIA INC.,3714,Motor Vehicle Parts & Accessories,Industrials
BELFA,729580,BEL FUSE INC /NJ,3677,"Electronic Coils, Transformers & Other Inductors",Industrials
VERA,1831828,"Vera Therapeutics, Inc.",2834,Pharmaceutical Preparations,Healthcare
DNN,1063259,DENISON MINES CORP.,1090,Miscellaneous Metal Ores,Other / Financial / Services
QURE,1590560,uniQure N.V.,2834,Pharmaceutical Preparations,Healthcare
SBLK,1386716,Star Bulk Carriers Corp.,4412,Deep Sea Foreign Transportation of  Freight,Other / Financial / Services
IRON,1816736,"Disc Medicine, Inc.",2834,Pharmaceutical Preparations,Healthcare
BSM,1621434,"Black Stone Minerals, L.P.",1311,Crude Petroleum & Natural Gas,Energy
EFXT,1904856,Enerflex Ltd.,3560,General Industrial Machinery & Equipment,Industrials
FBK,1649749,FB Financial Corp,6022,State Commercial Banks,Other / Financial / Services
WK,1445305,WORKIVA INC,7372,Services-Prepackaged Software,Technology
AAMI,1748824,Acadian Asset Management Inc.,6282,Investment Advice,Other / Financial / Services
DBRG,1679688,"DigitalBridge Group, Inc.",6282,Investment Advice,Other / Financial / Services
UAA,1336917,"Under Armour, Inc.",2300,Apparel & Other Finishd Prods of  Fabrics & Similar Matl,Consumer Goods
VGNT,2078008,Versigent PLC,3714,Motor Vehicle Parts & Accessories,Industrials
AYA,1826836,Aya Gold & Silver Inc.,1040,Gold and Silver Ores,Other / Financial / Services
HNI,48287,HNI CORP,2522,Office Furniture (No Wood),Consumer Goods
CHRN,1549084,ChronoScale Holdings Corp,3569,"General Industrial Machinery & Equipment, NEC",Industrials
ACHC,1520697,"Acadia Healthcare Company, Inc.",8093,"Services-Specialty Outpatient Facilities, NEC",Healthcare
BXMT,1061630,"BLACKSTONE MORTGAGE TRUST, INC.",6798,Real Estate Investment Trusts,Other / Financial / Services
VC,1111335,VISTEON CORP,3714,Motor Vehicle Parts & Accessories,Industrials
SPNT,1576018,SiriusPoint Ltd,6331,"Fire, Marine & Casualty Insurance",Other / Financial / Services
BTE,1279495,BAYTEX ENERGY CORP.,1381,Drilling Oil & Gas Wells,Energy
USLM,82020,UNITED STATES LIME & MINERALS INC,1400,Mining & Quarrying of  Nonmetallic Minerals (No Fuels),Other / Financial / Services
ZIM,1654126,ZIM Integrated Shipping Services Ltd.,4412,Deep Sea Foreign Transportation of  Freight,Other / Financial / Services
SOUN,1840856,"SOUNDHOUND AI, INC.",7372,Services-Prepackaged Software,Technology
DKL,1552797,"Delek Logistics Partners, LP",4610,Pipe Lines (No Natural Gas),Other / Financial / Services
TR,98677,TOOTSIE ROLL INDUSTRIES INC,2060,Sugar & Confectionery Products,Consumer Goods
PONY,1969302,Pony AI Inc.,7373,Services-Computer Integrated Systems Design,Technology
ASO,1817358,"Academy Sports & Outdoors, Inc.",5940,Retail-Miscellaneous Shopping Goods Stores,Retail
NESR,1698514,National Energy Services Reunited Corp.,1389,"Oil & Gas Field Services, NEC",Energy
MGRC,752714,MCGRATH RENTCORP,7359,"Services-Equipment Rental & Leasing, NEC",Other / Financial / Services
PK,1617406,Park Hotels & Resorts Inc.,7011,Hotels & Motels,Other / Financial / Services
HUBG,940942,"Hub Group, Inc.",4731,Arrangement of  Transportation of  Freight & Cargo,Other / Financial / Services
BTU,1064728,PEABODY ENERGY CORP,1221,Bituminous Coal & Lignite Surface Mining,Other / Financial / Services
TRN,99780,TRINITY INDUSTRIES INC,3743,Railroad Equipment,Industrials
BRZE,1676238,"Braze, Inc.",7372,Services-Prepackaged Software,Technology
VISN,1517228,"Vistance Networks, Inc.",3663,Radio & Tv Broadcasting & Communications Equipment,Industrials
SA,1231346,SEABRIDGE GOLD INC,1040,Gold and Silver Ores,Other / Financial / Services
DX,826675,DYNEX CAPITAL INC,6798,Real Estate Investment Trusts,Other / Financial / Services
FRSH,1544522,Freshworks Inc.,7372,Services-Prepackaged Software,Technology
KEEL,1812477,Keel Infrastructure Corp.,6199,Finance Services,Other / Financial / Services
HWKN,46250,HAWKINS INC,5160,Wholesale-Chemicals & Allied Products,Other / Financial / Services
WAFD,936528,WAFD INC,6021,National Commercial Banks,Other / Financial / Services
AEO,919012,AMERICAN EAGLE OUTFITTERS INC,5651,Retail-Family Clothing Stores,Retail
SUPN,1356576,"SUPERNUS PHARMACEUTICALS, INC.",2834,Pharmaceutical Preparations,Healthcare
DHT,1331284,"DHT Holdings, Inc.",4412,Deep Sea Foreign Transportation of  Freight,Other / Financial / Services
HYPMY,1486749,Hypermarcas S.A.,,,Unknown
GRND,1820144,Grindr Inc.,7370,"Services-Computer Programming, Data Processing, Etc.",Technology
NAD,1083839,Nuveen Quality Municipal Income Fund,,,Unknown
SII,1512920,SPROTT INC.,6199,Finance Services,Other / Financial / Services
IHS,1876183,IHS Holding Ltd,4812,Radiotelephone Communications,Other / Financial / Services
AMBP,1845097,Ardagh Metal Packaging S.A.,3411,Metal Cans,Manufacturing
BKV,1838406,BKV Corp,1311,Crude Petroleum & Natural Gas,Energy
TBBK,1295401,"Bancorp, Inc.",6021,National Commercial Banks,Other / Financial / Services
PENN,921738,"PENN Entertainment, Inc.",7011,Hotels & Motels,Other / Financial / Services
PATK,76605,PATRICK INDUSTRIES INC,3714,Motor Vehicle Parts & Accessories,Industrials
NVG,1090116,Nuveen AMT-Free Municipal Credit Income Fund,,,Unknown
IVT,1307748,InvenTrust Properties Corp.,6798,Real Estate Investment Trusts,Other / Financial / Services
ARX,1997350,Accelerant Holdings,6411,"Insurance Agents, Brokers & Service",Other / Financial / Services
FXCNY,1164009,FIH Mobile Ltd,,,Unknown
GPOR,874499,GULFPORT ENERGY CORP,1311,Crude Petroleum & Natural Gas,Energy
STNE,1745431,StoneCo Ltd.,7374,Services-Computer Processing & Data Preparation,Technology
FCPT,1650132,"Four Corners Property Trust, Inc.",6798,Real Estate Investment Trusts,Other / Financial / Services
ATS,1394832,ATS Corp /ATS,3569,"General Industrial Machinery & Equipment, NEC",Industrials
TRMK,36146,TRUSTMARK CORP,6021,National Commercial Banks,Other / Financial / Services
FRME,712534,FIRST MERCHANTS CORP,6021,National Commercial Banks,Other / Financial / Services
ATEN,1580808,"A10 Networks, Inc.",3576,Computer Communications Equipment,Technology
CENT,887733,CENTRAL GARDEN & PET CO,5190,Wholesale-Miscellaneous Nondurable Goods,Other / Financial / Services
WTTR,1693256,"Select Water Solutions, Inc.",1389,"Oil & Gas Field Services, NEC",Energy
BGSI,2091467,Boyd Group Services Inc.,7500,"Services-Automotive Repair, Services & Parking",Other / Financial / Services
CC,1627223,Chemours Co,2800,Chemicals & Allied Products,Manufacturing
SLBT,2070534,SL Science Holding Ltd,2836,"Biological Products, (No Diagnostic Substances)",Healthcare
FRPT,1611647,"Freshpet, Inc.",2040,Grain Mill Products,Consumer Goods
UNIT,2020795,Uniti Group Inc.,4813,Telephone Communications (No Radiotelephone),Other / Financial / Services
BMRRY,1671235,B&M European Value Retail S.A./ADR,,,Unknown
MPT,1287865,MEDICAL PROPERTIES TRUST INC,6798,Real Estate Investment Trusts,Other / Financial / Services
UTI,1261654,UNIVERSAL TECHNICAL INSTITUTE INC,8200,Services-Educational Services,Healthcare
WOR,108516,"WORTHINGTON ENTERPRISES, INC.",3310,"Steel Works, Blast Furnaces & Rolling & Finishing Mills",Manufacturing
KLRA,2096997,"Kailera Therapeutics, Inc.",2834,Pharmaceutical Preparations,Healthcare
HOG,793952,"HARLEY-DAVIDSON, INC.",3751,"Motorcycles, Bicycles & Parts",Industrials
TGB,878518,Trekor Metals Ltd,1040,Gold and Silver Ores,Other / Financial / Services
EBOSY,1533082,EBOS Group Limited/ADR,,,Unknown
ERO,1853860,Ero Copper Corp.,1000,Metal Mining,Other / Financial / Services
BCC,1328581,BOISE CASCADE Co,5030,Wholesale-Lumber & Other Construction Materials,Other / Financial / Services
COHU,21535,COHU INC,3825,Instruments For Meas & Testing of  Electricity & Elec Signals,Manufacturing
HLIO,1024795,"HELIOS TECHNOLOGIES, INC.",3490,Miscellaneous Fabricated Metal Products,Manufacturing
BCRX,882796,BIOCRYST PHARMACEUTICALS INC,2836,"Biological Products, (No Diagnostic Substances)",Healthcare
OSW,1758488,ONESPAWORLD HOLDINGS Ltd,7997,Services-Membership Sports & Recreation Clubs,Other / Financial / Services
HIMX,1342338,"Himax Technologies, Inc.",3674,Semiconductors & Related Devices,Industrials
IMOS,1123134,CHIPMOS TECHNOLOGIES INC,3674,Semiconductors & Related Devices,Industrials
FBNC,811589,FIRST BANCORP /NC/,6022,State Commercial Banks,Other / Financial / Services
WHR,106640,WHIRLPOOL CORP /DE/,3630,Household Appliances,Industrials
YSS,2086587,York Space Systems Inc.,3760,Guided Missiles & Space Vehicles & Parts,Industrials
AVPT,1777921,"AvePoint, Inc.",7372,Services-Prepackaged Software,Technology
PSNY,1884082,Polestar Automotive Holding UK PLC,3711,Motor Vehicles & Passenger Car Bodies,Industrials
KD,1867072,"Kyndryl Holdings, Inc.",7373,Services-Computer Integrated Systems Design,Technology
NG,1173420,NOVAGOLD RESOURCES INC,1040,Gold and Silver Ores,Other / Financial / Services
KALU,811596,KAISER ALUMINUM CORP,3350,Rolling Drawing & Extruding of  Nonferrous Metals,Manufacturing
ABM,771497,ABM INDUSTRIES INC /DE/,7340,Services-To Dwellings & Other Buildings,Other / Financial / Services
WERN,793074,WERNER ENTERPRISES INC,4213,Trucking (No Local),Other / Financial / Services
IMNM,1472012,Immunome Inc.,2834,Pharmaceutical Preparations,Healthcare
NBTB,790359,NBT BANCORP INC,6021,National Commercial Banks,Other / Financial / Services
CUBI,1488813,"Customers Bancorp, Inc.",6022,State Commercial Banks,Other / Financial / Services
APAM,1517302,Artisan Partners Asset Management Inc.,6282,Investment Advice,Other / Financial / Services
DGII,854775,DIGI INTERNATIONAL INC,3576,Computer Communications Equipment,Technology
PAGS,1712807,PagSeguro Digital Ltd.,7374,Services-Computer Processing & Data Preparation,Technology
CTRI,1981599,"Centuri Holdings, Inc.",4923,Natural Gas Transmisison & Distribution,Energy
KWR,81362,QUAKER CHEMICAL CORP,2990,Miscellaneous Products of  Petroleum & Coal,Energy
GDV,1260729,GABELLI DIVIDEND & INCOME TRUST,,,Unknown
GRDN,1802255,"Guardian Pharmacy Services, Inc.",5912,Retail-Drug Stores and Proprietary Stores,Retail
IQMX,2113060,IQM Quantum Computers Oyj,7372,Services-Prepackaged Software,Technology
KOD,1468748,Kodiak Sciences Inc.,2836,"Biological Products, (No Diagnostic Substances)",Healthcare
FSM,1341335,FORTUNA MINING CORP.,1040,Gold and Silver Ores,Other / Financial / Services
TARS,1819790,"Tarsus Pharmaceuticals, Inc.",2836,"Biological Products, (No Diagnostic Substances)",Healthcare
INTR,1864163,"Inter & Co, Inc.",6029,"Commercial Banks, NEC",Other / Financial / Services
HTO,766829,H2O AMERICA,4941,Water Supply,Other / Financial / Services
ESTA,1688757,ESTABLISHMENT LABS HOLDINGS INC.,3842,"Orthopedic, Prosthetic & Surgical Appliances & Supplies",Healthcare
BWIN,1781755,"Baldwin Insurance Group, Inc.",6411,"Insurance Agents, Brokers & Service",Other / Financial / Services
PTY,1190935,PIMCO CORPORATE & INCOME OPPORTUNITY FUND,,,Unknown
LUNR,1844452,"Intuitive Machines, Inc.",3812,"Search, Detection, Navigation, Guidance, Aeronautical Sys",Manufacturing
KMT,55242,KENNAMETAL INC,3541,"Machine Tools, Metal Cutting Types",Industrials
DRVN,1804745,Driven Brands Holdings Inc.,7500,"Services-Automotive Repair, Services & Parking",Other / Financial / Services
PTON,1639825,"PELOTON INTERACTIVE, INC.",3949,"Sporting & Athletic Goods, NEC",Consumer Goods
WLY,107140,"JOHN WILEY & SONS, INC.",2731,Books: Publishing or  Publishing & Printing,Manufacturing
CALX,1406666,"CALIX, INC",4899,"Communications Services, NEC",Other / Financial / Services
ALRM,1459200,"Alarm.com Holdings, Inc.",7372,Services-Prepackaged Software,Technology
TNET,937098,"TRINET GROUP, INC.",7389,"Services-Business Services, NEC",Other / Financial / Services
TRVI,1563880,"Trevi Therapeutics, Inc.",2834,Pharmaceutical Preparations,Healthcare
BBT,1108134,Beacon Financial Corp,6036,"Savings Institutions, Not Federally Chartered",Other / Financial / Services
DXPE,1020710,DXP ENTERPRISES INC,5084,Wholesale-Industrial Machinery & Equipment,Other / Financial / Services
SHAK,1620533,Shake Shack Inc.,5810,Retail-Eating & Drinking Places,Retail
NGVT,1653477,Ingevity Corp,2800,Chemicals & Allied Products,Manufacturing
DCO,30305,DUCOMMUN INC /DE/,3728,"Aircraft Parts & Auxiliary Equipment, NEC",Industrials
SDRL,1737706,SEADRILL Ltd,1381,Drilling Oil & Gas Wells,Energy
SLS,1390478,"SELLAS Life Sciences Group, Inc.",2834,Pharmaceutical Preparations,Healthcare
CURLF,1756770,"Curaleaf Holdings, Inc.",2833,Medicinal Chemicals & Botanical Products,Healthcare
PBI,78814,PITNEY BOWES INC /DE/,3579,"Office Machines, NEC",Industrials
MLYS,1933414,"Mineralys Therapeutics, Inc.",2834,Pharmaceutical Preparations,Healthcare
ROG,84748,ROGERS CORP,2821,"Plastic Materials, Synth Resins & Nonvulcan Elastomers",Manufacturing
NZF,1137887,Nuveen Municipal Credit Income Fund,,,Unknown
INFQ,2007825,"Infleqtion, Inc.",7374,Services-Computer Processing & Data Preparation,Technology
XRAY,818479,DENTSPLY SIRONA Inc.,3843,Dental Equipment & Supplies,Healthcare
BLBD,1589526,Blue Bird Corp,3713,Truck & Bus Bodies,Industrials
TNK,1419945,TEEKAY TANKERS LTD.,4400,Water Transportation,Other / Financial / Services
BUSE,314489,FIRST BUSEY CORP /NV/,6022,State Commercial Banks,Other / Financial / Services
LCII,763744,LCI INDUSTRIES,3714,Motor Vehicle Parts & Accessories,Industrials
PTXKY,1545057,PT XLSMART Telecom Sejahtera Tbk/ADR,8880,American Depositary Receipts,Healthcare
ANDE,821026,"Andersons, Inc.",5150,Wholesale-Farm Product Raw Materials,Other / Financial / Services
AGIO,1439222,"AGIOS PHARMACEUTICALS, INC.",2834,Pharmaceutical Preparations,Healthcare
ATKR,1666138,Atkore Inc.,3690,"Miscellaneous Electrical Machinery, Equipment & Supplies",Industrials
PHVS,1830487,Pharvaris N.V.,2834,Pharmaceutical Preparations,Healthcare
TMDX,1756262,"TransMedics Group, Inc.",3845,Electromedical & Electrotherapeutic Apparatus,Healthcare
DRH,1298946,DiamondRock Hospitality Co,6798,Real Estate Investment Trusts,Other / Financial / Services
TSCFY,1555815,Tisco Financial Group Public Co Limited/ADR,,,Unknown
WU,1365135,Western Union CO,7389,"Services-Business Services, NEC",Other / Financial / Services
NYAX,1901279,Nayax Ltd.,7372,Services-Prepackaged Software,Technology
PPTA,1526243,PERPETUA RESOURCES CORP.,1040,Gold and Silver Ores,Other / Financial / Services
AERO,1561861,"Grupo Aeromexico, S.A.B. de C.V.",4512,"Air Transportation, Scheduled",Other / Financial / Services
SKWD,1519449,"Skyward Specialty Insurance Group, Inc.",6331,"Fire, Marine & Casualty Insurance",Other / Financial / Services
SMSGY,1560968,Samsonite International SA/ADR,8880,American Depositary Receipts,Healthcare
CTOS,1709682,"Custom Truck One Source, Inc.",7359,"Services-Equipment Rental & Leasing, NEC",Other / Financial / Services
CMPR,1262976,CIMPRESS plc,2750,Commercial Printing,Manufacturing
EXK,1277866,ENDEAVOUR SILVER CORP,1040,Gold and Silver Ores,Other / Financial / Services
SLDE,1886428,"Slide Insurance Holdings, Inc.",6331,"Fire, Marine & Casualty Insurance",Other / Financial / Services
AYR,1362988,Aircastle LTD,7359,"Services-Equipment Rental & Leasing, NEC",Other / Financial / Services
NTB,1653242,Bank of N.T. Butterfield & Son Ltd,6029,"Commercial Banks, NEC",Other / Financial / Services
PAYO,1845815,Payoneer Global Inc.,7389,"Services-Business Services, NEC",Other / Financial / Services
BHVN,1935979,Biohaven Ltd.,2834,Pharmaceutical Preparations,Healthcare
RLX,1828365,RLX Technology Inc.,2111,Cigarettes,Consumer Goods
VCEL,887359,Vericel Corp,2836,"Biological Products, (No Diagnostic Substances)",Healthcare
BAND,1514416,Bandwidth Inc.,7372,Services-Prepackaged Software,Technology
DEI,1364250,Douglas Emmett Inc,6798,Real Estate Investment Trusts,Other / Financial / Services
DNOW,1599617,DNOW Inc.,3533,Oil & Gas Field Machinery & Equipment,Industrials
EFSC,1025835,ENTERPRISE FINANCIAL SERVICES CORP,6022,State Commercial Banks,Other / Financial / Services
KYN,1293613,"Kayne Anderson Energy Infrastructure Fund, Inc.",,,Unknown
PGNY,1551306,"Progyny, Inc.",8090,"Services-Misc Health & Allied Services, NEC",Healthcare
SHAZ,2068385,SharonAI Holdings Inc.,7374,Services-Computer Processing & Data Preparation,Technology
NRIX,1549595,"Nurix Therapeutics, Inc.",2834,Pharmaceutical Preparations,Healthcare
TMC,1798562,TMC the metals Co Inc.,1000,Metal Mining,Other / Financial / Services
DJT,1849635,Trump Media & Technology Group Corp.,7370,"Services-Computer Programming, Data Processing, Etc.",Technology
VVX,1601548,"V2X, Inc.",8744,Services-Facilities Support Management Services,Healthcare
NKTR,906709,NEKTAR THERAPEUTICS,2834,Pharmaceutical Preparations,Healthcare
AEGXF,1309167,Aecon Group Inc.,,,Unknown
HAPN,1409970,"Happen, Inc.",6141,Personal Credit Institutions,Other / Financial / Services
LMAT,1158895,LEMAITRE VASCULAR INC,3841,Surgical & Medical Instruments & Apparatus,Healthcare
ATHM,1527636,Autohome Inc.,7374,Services-Computer Processing & Data Preparation,Technology
PDFS,1120914,PDF SOLUTIONS INC,7372,Services-Prepackaged Software,Technology
ZLAB,1704292,Zai Lab Ltd,2834,Pharmaceutical Preparations,Healthcare
ETY,1340736,Eaton Vance Tax-Managed Diversified Equity Income Fund,,,Unknown
OLN,74303,OLIN Corp,2800,Chemicals & Allied Products,Manufacturing
HE,354707,HAWAIIAN ELECTRIC INDUSTRIES INC,4911,Electric Services,Energy
HCI,1400810,"HCI Group, Inc.",6331,"Fire, Marine & Casualty Insurance",Other / Financial / Services
CLOV,1801170,"CLOVER HEALTH INVESTMENTS, CORP. /DE",6324,Hospital & Medical Service Plans,Other / Financial / Services
PLUS,1022408,EPLUS INC,5045,Wholesale-Computers & Peripheral Equipment & Software,Other / Financial / Services
PBH,1295947,Prestige Consumer Healthcare Inc.,2834,Pharmaceutical Preparations,Healthcare
DAC,1369241,Danaos Corp,4412,Deep Sea Foreign Transportation of  Freight,Other / Financial / Services
GOF,1380936,GUGGENHEIM STRATEGIC OPPORTUNITIES FUND,,,Unknown
BANR,946673,BANNER CORP,6022,State Commercial Banks,Other / Financial / Services
AEHR,1040470,AEHR TEST SYSTEMS,3825,Instruments For Meas & Testing of  Electricity & Elec Signals,Manufacturing
RAMP,733269,"LiveRamp Holdings, Inc.",7374,Services-Computer Processing & Data Preparation,Technology
HTFL,1464521,"Heartflow, Inc.",3841,Surgical & Medical Instruments & Apparatus,Healthcare
ASTH,1083446,"Astrana Health, Inc.",8742,Services-Management Consulting Services,Other / Financial / Services
RNW,1848763,ReNew Energy Global plc,4911,Electric Services,Energy
VNET,1508475,"VNET Group, Inc.",7370,"Services-Computer Programming, Data Processing, Etc.",Technology
CEPU,1717161,CENTRAL PUERTO S.A.,4911,Electric Services,Energy
CLM,814083,"Cornerstone Strategic Investment Fund, Inc.",,,Unknown
SYBT,835324,"Stock Yards Bancorp, Inc.",6022,State Commercial Banks,Other / Financial / Services
MTX,891014,MINERALS TECHNOLOGIES INC,2810,Industrial Inorganic Chemicals,Manufacturing
OCUL,1393434,"OCULAR THERAPEUTIX, INC",2834,Pharmaceutical Preparations,Healthcare
TALO,1724965,TALOS ENERGY INC.,1311,Crude Petroleum & Natural Gas,Energy
HTH,1265131,Hilltop Holdings Inc.,6022,State Commercial Banks,Other / Financial / Services
NMZ,1266585,NUVEEN MUNICIPAL HIGH INCOME OPPORTUNITY FUND,,,Unknown
RVT,804116,"ROYCE SMALL-CAP TRUST, INC.",,,Unknown
FLOC,2035149,Flowco Holdings Inc.,3533,Oil & Gas Field Machinery & Equipment,Industrials
PRKS,1564902,United Parks & Resorts Inc.,7990,Services-Miscellaneous Amusement & Recreation,Other / Financial / Services
PRDO,1046568,PERDOCEO EDUCATION Corp,8200,Services-Educational Services,Healthcare
SPSC,1092699,SPS COMMERCE INC,7372,Services-Prepackaged Software,Technology
NWL,814453,NEWELL BRANDS INC.,3089,"Plastics Products, NEC",Manufacturing
INOD,903651,INNODATA INC,7374,Services-Computer Processing & Data Preparation,Technology
CLBK,1723596,"Columbia Financial, Inc.",6035,"Savings Institution, Federally Chartered",Other / Financial / Services
MCRI,907242,MONARCH CASINO & RESORT INC,7011,Hotels & Motels,Other / Financial / Services
BLX,890541,"FOREIGN TRADE BANK OF LATIN AMERICA, INC.",6029,"Commercial Banks, NEC",Other / Financial / Services
NWBI,1471265,"Northwest Bancshares, Inc.",6021,National Commercial Banks,Other / Financial / Services
MBIN,1629019,Merchants Bancorp,6022,State Commercial Banks,Other / Financial / Services
AGM,845877,FEDERAL AGRICULTURAL MORTGAGE CORP,6111,Federal & Federally-Sponsored Credit Agencies,Other / Financial / Services
FLYW,1580560,Flywire Corp,7389,"Services-Business Services, NEC",Other / Financial / Services
MRVI,1823239,"MARAVAI LIFESCIENCES HOLDINGS, INC.",2834,Pharmaceutical Preparations,Healthcare
VRDN,1590750,"Viridian Therapeutics, Inc.\DE",2834,Pharmaceutical Preparations,Healthcare
NN,1865631,NEXTNAV INC.,3812,"Search, Detection, Navigation, Guidance, Aeronautical Sys",Manufacturing
BKE,885245,BUCKLE INC,5651,Retail-Family Clothing Stores,Retail
BXDC,2100161,Blackstone Digital Infrastructure Trust Inc.,6500,Real Estate,Other / Financial / Services
CDLR,1978867,Cadeler A/S,4412,Deep Sea Foreign Transportation of  Freight,Other / Financial / Services
LCID,1811210,"Lucid Group, Inc.",3711,Motor Vehicles & Passenger Car Bodies,Industrials
SGRY,1638833,"Surgery Partners, Inc.",8062,"Services-General Medical & Surgical Hospitals, NEC",Healthcare
AXGN,805928,"Axogen, Inc.",3845,Electromedical & Electrotherapeutic Apparatus,Healthcare
KARD,2123613,"Kardigan, Inc.",2834,Pharmaceutical Preparations,Healthcare
NMM,1415921,Navios Maritime Partners L.P.,4412,Deep Sea Foreign Transportation of  Freight,Other / Financial / Services
INTA,1565687,"Intapp, Inc.",7372,Services-Prepackaged Software,Technology
MD,893949,"Pediatrix Medical Group, Inc.",8060,Services-Hospitals,Healthcare
PLGO,1636639,Pelagos Insurance Capital Ltd,6331,"Fire, Marine & Casualty Insurance",Other / Financial / Services
MNR,1980088,MACH NATURAL RESOURCES LP,1311,Crude Petroleum & Natural Gas,Energy
JBLU,1158463,JETBLUE AIRWAYS CORP,4512,"Air Transportation, Scheduled",Other / Financial / Services
ADMA,1368514,"ADMA BIOLOGICS, INC.",2836,"Biological Products, (No Diagnostic Substances)",Healthcare
MLCO,1381640,Melco Resorts & Entertainment LTD,7011,Hotels & Motels,Other / Financial / Services
IMAX,921582,IMAX CORP,3861,Photographic Equipment & Supplies,Manufacturing
HMN,850141,HORACE MANN EDUCATORS CORP /DE/,6331,"Fire, Marine & Casualty Insurance",Other / Financial / Services
GRC,42682,GORMAN RUPP CO,3561,Pumps & Pumping Equipment,Industrials
HRMY,1802665,"Harmony Biosciences Holdings, Inc.",2834,Pharmaceutical Preparations,Healthcare
DHC,1075415,DIVERSIFIED HEALTHCARE TRUST,6798,Real Estate Investment Trusts,Other / Financial / Services
AVAH,1832332,"Aveanna Healthcare Holdings, Inc.",8082,Services-Home Health Care Services,Healthcare
NWN,1733998,Northwest Natural Holding Co,4924,Natural Gas Distribution,Energy
ARR,1428205,"Armour Residential REIT, Inc.",6798,Real Estate Investment Trusts,Other / Financial / Services
SVM,1340677,SILVERCORP METALS INC,1040,Gold and Silver Ores,Other / Financial / Services
TSAT,1845840,Telesat Corp,4899,"Communications Services, NEC",Other / Financial / Services
ECO,1964954,Okeanis Eco Tankers Corp.,4412,Deep Sea Foreign Transportation of  Freight,Other / Financial / Services
EZPW,876523,EZCORP INC,5900,Retail-Miscellaneous Retail,Retail
PIII,1832511,P3 Health Partners Inc.,8000,Services-Health Services,Healthcare
NEXT,1612720,NextDecade Corp,4923,Natural Gas Transmisison & Distribution,Energy
OFG,1030469,OFG BANCORP,6022,State Commercial Banks,Other / Financial / Services
SPGNY,2042556,Springer Nature AG & Co. KGaA/ADR,,,Unknown
WIX,1576789,Wix.com Ltd.,7370,"Services-Computer Programming, Data Processing, Etc.",Technology
CHA,2013649,Chagee Holdings Ltd.,5810,Retail-Eating & Drinking Places,Retail
SNDX,1395937,Syndax Pharmaceuticals Inc,2834,Pharmaceutical Preparations,Healthcare
NEOG,711377,NEOGEN CORP,2835,In Vitro & In Vivo Diagnostic Substances,Healthcare
NTST,1798100,NETSTREIT Corp.,6798,Real Estate Investment Trusts,Other / Financial / Services
SHO,1295810,"Sunstone Hotel Investors, Inc.",7011,Hotels & Motels,Other / Financial / Services
STC,94344,STEWART INFORMATION SERVICES CORP,6361,Title Insurance,Other / Financial / Services
CPRI,1530721,Capri Holdings Ltd,3100,Leather & Leather Products,Manufacturing
NUVB,1811063,Nuvation Bio Inc.,2834,Pharmaceutical Preparations,Healthcare
AIN,819793,ALBANY INTERNATIONAL CORP /DE/,2221,"Broadwoven Fabric Mills, Man Made Fiber & Silk",Consumer Goods
ABCL,1703057,AbCellera Biologics Inc.,2834,Pharmaceutical Preparations,Healthcare
FCF,712537,FIRST COMMONWEALTH FINANCIAL CORP /PA/,6021,National Commercial Banks,Other / Financial / Services
PVLA,1583648,"PALVELLA THERAPEUTICS, INC.",2834,Pharmaceutical Preparations,Healthcare
GTY,1052752,GETTY REALTY CORP /MD/,6500,Real Estate,Other / Financial / Services
BOBS,2085187,"Bob's Discount Furniture, Inc.",5712,Retail-Furniture Stores,Retail
CCU,888746,UNITED BREWERIES CO INC,2082,Malt Beverages,Consumer Goods
EVT,1253327,Eaton Vance Tax-Advantaged Dividend Income Fund,,,Unknown
PEB,1474098,Pebblebrook Hotel Trust,6798,Real Estate Investment Trusts,Other / Financial / Services
NTLA,1652130,"Intellia Therapeutics, Inc.",2835,In Vitro & In Vivo Diagnostic Substances,Healthcare
OMCL,926326,"OMNICELL, INC.",3571,Electronic Computers,Technology
BSTZ,1768666,BlackRock Science & Technology Term Trust,,,Unknown
NBTX,1760854,Nanobiotix S.A.,2834,Pharmaceutical Preparations,Healthcare
AUPH,1600620,Aurinia Pharmaceuticals Inc.,2834,Pharmaceutical Preparations,Healthcare
RDW,1819810,Redwire Corp,3760,Guided Missiles & Space Vehicles & Parts,Industrials
AMBQ,1500412,"Ambiq Micro, Inc.",3674,Semiconductors & Related Devices,Industrials
BRSL,1619762,Brightstar Lottery PLC,7990,Services-Miscellaneous Amusement & Recreation,Other / Financial / Services
NOG,1104485,"NORTHERN OIL & GAS, INC.",1311,Crude Petroleum & Natural Gas,Energy
CBZ,944148,"CBIZ, Inc.",7389,"Services-Business Services, NEC",Other / Financial / Services
IOSP,1054905,INNOSPEC INC.,2800,Chemicals & Allied Products,Manufacturing
VERX,1806837,"Vertex, Inc.",7372,Services-Prepackaged Software,Technology
SRPT,873303,"Sarepta Therapeutics, Inc.",2834,Pharmaceutical Preparations,Healthcare
ADUS,1468328,Addus HomeCare Corp,8082,Services-Home Health Care Services,Healthcare
BFLY,1804176,"Butterfly Network, Inc.",3844,X-Ray Apparatus & Tubes & Related Irradiation Apparatus,Healthcare
FUN,1999001,Six Flags Entertainment Corporation/NEW,7900,Services-Amusement & Recreation Services,Other / Financial / Services
RMIX,2094433,"Suncrete, Inc.",3272,"Concrete Products, Except Block & Brick",Manufacturing
ATEX,1304492,Anterix Inc.,4813,Telephone Communications (No Radiotelephone),Other / Financial / Services
SION,2036042,"Sionna Therapeutics, Inc.",2834,Pharmaceutical Preparations,Healthcare
MESO,1345099,MESOBLAST LTD,2836,"Biological Products, (No Diagnostic Substances)",Healthcare
LTC,887905,LTC PROPERTIES INC,6798,Real Estate Investment Trusts,Other / Financial / Services
ALG,897077,ALAMO GROUP INC,3523,Farm Machinery & Equipment,Industrials
NBHC,1475841,National Bank Holdings Corp,6021,National Commercial Banks,Other / Financial / Services
LKFT,1421876,Lakefront Biotherapeutics NV,2834,Pharmaceutical Preparations,Healthcare
ECPG,1084961,ENCORE CAPITAL GROUP INC,6153,Short-Term Business Credit Institutions,Other / Financial / Services
AMLX,1658551,"Amylyx Pharmaceuticals, Inc.",2834,Pharmaceutical Preparations,Healthcare
COTY,1024305,COTY INC.,2844,"Perfumes, Cosmetics & Other Toilet Preparations",Manufacturing
RAPP,2012593,"Rapport Therapeutics, Inc.",2834,Pharmaceutical Preparations,Healthcare
XHR,1616000,"Xenia Hotels & Resorts, Inc.",7011,Hotels & Motels,Other / Financial / Services
GT,42582,GOODYEAR TIRE & RUBBER CO /OH/,3011,Tires & Inner Tubes,Manufacturing
QUBT,1758009,Quantum Computing Inc.,7372,Services-Prepackaged Software,Technology
SRCE,34782,1ST SOURCE CORP,6022,State Commercial Banks,Other / Financial / Services
NEXA,1713930,Nexa Resources S.A.,1000,Metal Mining,Other / Financial / Services
FIVN,1288847,"Five9, Inc.",7374,Services-Computer Processing & Data Preparation,Technology
WMK,105418,WEIS MARKETS INC,5411,Retail-Grocery Stores,Retail
TGLS,1534675,Tecnoglass Inc.,3211,Flat Glass,Manufacturing
ANAB,1370053,"ANAPTYSBIO, INC",2834,Pharmaceutical Preparations,Healthcare
HYMC,1718405,HYCROFT MINING HOLDING CORP,1040,Gold and Silver Ores,Other / Financial / Services
STOK,1623526,"Stoke Therapeutics, Inc.",2834,Pharmaceutical Preparations,Healthcare
GLUE,1826457,"Monte Rosa Therapeutics, Inc.",2836,"Biological Products, (No Diagnostic Substances)",Healthcare
HAWK,1750704,"HawkEye 360, Inc.",7374,Services-Computer Processing & Data Preparation,Technology
CNXN,1050377,PC CONNECTION INC,5045,Wholesale-Computers & Peripheral Equipment & Software,Other / Financial / Services
TILE,715787,INTERFACE INC,2273,Carpets & Rugs,Consumer Goods
AAT,1500217,"American Assets Trust, Inc.",6798,Real Estate Investment Trusts,Other / Financial / Services
STGW,876883,Stagwell Inc,7311,Services-Advertising Agencies,Other / Financial / Services
HUN,1307954,Huntsman CORP,2800,Chemicals & Allied Products,Manufacturing
WGS,1818331,GeneDx Holdings Corp.,8000,Services-Health Services,Healthcare
SPB,109177,"Spectrum Brands Holdings, Inc.",3690,"Miscellaneous Electrical Machinery, Equipment & Supplies",Industrials
MFP,2088281,"Midera Food Processing, Inc.",3580,Refrigeration & Service Industry Machinery,Industrials
ATAI,2081043,AtaiBeckley Inc.,2834,Pharmaceutical Preparations,Healthcare
IOVA,1425205,"IOVANCE BIOTHERAPEUTICS, INC.",2836,"Biological Products, (No Diagnostic Substances)",Healthcare
LOB,1462120,"Live Oak Bancshares, Inc.",6022,State Commercial Banks,Other / Financial / Services
ZD,1084048,"ZIFF DAVIS, INC.",4822,Telegraph & Other Message Communications,Other / Financial / Services
URGN,1668243,UroGen Pharma Ltd.,2834,Pharmaceutical Preparations,Healthcare
ALMR,2104204,"Alamar Biosciences, Inc.",3826,Laboratory Analytical Instruments,Manufacturing
HCM,1648257,HUTCHMED (China) Ltd,2834,Pharmaceutical Preparations,Healthcare
TYRA,1863127,"Tyra Biosciences, Inc.",2834,Pharmaceutical Preparations,Healthcare
VSTS,1967649,Vestis Corp,5190,Wholesale-Miscellaneous Nondurable Goods,Other / Financial / Services
GSHD,1726978,"Goosehead Insurance, Inc.",6411,"Insurance Agents, Brokers & Service",Other / Financial / Services
KSS,885639,KOHLS Corp,5311,Retail-Department Stores,Retail
TE,1992243,T1 Energy Inc.,3674,Semiconductors & Related Devices,Industrials
GNL,1526113,"Global Net Lease, Inc.",6798,Real Estate Investment Trusts,Other / Financial / Services
MH,1951070,"McGraw Hill, Inc.",2741,Miscellaneous Publishing,Manufacturing
PDO,1798618,PIMCO Dynamic Income Opportunities Fund,,,Unknown
NVCR,1645113,NovoCure Ltd,3841,Surgical & Medical Instruments & Apparatus,Healthcare
CASH,907471,"PATHWARD FINANCIAL, INC.",6021,National Commercial Banks,Other / Financial / Services
ZYME,1937653,Zymeworks Inc.,2834,Pharmaceutical Preparations,Healthcare
STRA,1013934,"Strategic Education, Inc.",8200,Services-Educational Services,Healthcare
CCS,1576940,"Century Communities, Inc.",1531,Operative Builders,Other / Financial / Services
NUV,812801,NUVEEN MUNICIPAL VALUE FUND INC,,,Unknown
TY,99614,TRI-CONTINENTAL Corp,,,Unknown
NAC,1074952,Nuveen California Quality Municipal Income Fund,,,Unknown
BCAX,2023658,Bicara Therapeutics Inc.,2834,Pharmaceutical Preparations,Healthcare
SNDA,1043000,"SONIDA SENIOR LIVING, INC.",8050,Services-Nursing & Personal Care Facilities,Healthcare
WB,1595761,WEIBO Corp,7370,"Services-Computer Programming, Data Processing, Etc.",Technology
LIFE,1788451,Ethos Technologies Inc.,6411,"Insurance Agents, Brokers & Service",Other / Financial / Services
PGEN,1356090,"PRECIGEN, INC.",2834,Pharmaceutical Preparations,Healthcare
WOLF,895419,"WOLFSPEED, INC.",3674,Semiconductors & Related Devices,Industrials
SSMR,2091017,Sunshine Silver Mining & Refining Co,1040,Gold and Silver Ores,Other / Financial / Services
ALKT,1529274,"ALKAMI TECHNOLOGY, INC.",7372,Services-Prepackaged Software,Technology
RXRX,1601830,"RECURSION PHARMACEUTICALS, INC.",2836,"Biological Products, (No Diagnostic Substances)",Healthcare
CHCO,726854,CITY HOLDING CO,6021,National Commercial Banks,Other / Financial / Services
EPAC,6955,ENERPAC TOOL GROUP CORP,3590,Misc Industrial & Commercial Machinery & Equipment,Industrials
ANIP,1023024,ANI PHARMACEUTICALS INC,2834,Pharmaceutical Preparations,Healthcare
GENB,2100782,"Generate Biomedicines, Inc.",2834,Pharmaceutical Preparations,Healthcare
AGL,1831097,"agilon health, inc.",8090,"Services-Misc Health & Allied Services, NEC",Healthcare
TFIN,1539638,"Triumph Financial, Inc.",6022,State Commercial Banks,Other / Financial / Services
APPN,1441683,APPIAN CORP,7372,Services-Prepackaged Software,Technology
VOYG,1788060,"Voyager Technologies, Inc./TX",3760,Guided Missiles & Space Vehicles & Parts,Industrials
NCNO,1902733,"nCino, Inc.",7372,Services-Prepackaged Software,Technology
AMR,1704715,"Alpha Metallurgical Resources, Inc.",1221,Bituminous Coal & Lignite Surface Mining,Other / Financial / Services
IIPR,1677576,INNOVATIVE INDUSTRIAL PROPERTIES INC,6500,Real Estate,Other / Financial / Services
PLSE,1625101,"PULSE BIOSCIENCES, INC.",3841,Surgical & Medical Instruments & Apparatus,Healthcare
SAM,949870,BOSTON BEER CO INC,2082,Malt Beverages,Consumer Goods
WRD,1867729,WeRide Inc.,7373,Services-Computer Integrated Systems Design,Technology
CMPS,1816590,COMPASS Pathways plc,2834,Pharmaceutical Preparations,Healthcare
DRD,1023512,DRDGOLD LTD,1040,Gold and Silver Ores,Other / Financial / Services
UFPT,914156,UFP TECHNOLOGIES INC,3841,Surgical & Medical Instruments & Apparatus,Healthcare
GHRS,1855129,GH Research PLC,2834,Pharmaceutical Preparations,Healthcare
XXI,2070457,"Twenty One Capital, Inc.",6199,Finance Services,Other / Financial / Services
DMRA,1800315,"Damora Therapeutics, Inc.",2834,Pharmaceutical Preparations,Healthcare
NEO,1077183,NEOGENOMICS INC,8734,Services-Testing Laboratories,Healthcare
USA,799195,LIBERTY ALL STAR EQUITY FUND,,,Unknown
SMA,1585389,"SmartStop Self Storage REIT, Inc.",6798,Real Estate Investment Trusts,Other / Financial / Services
TSHA,1806310,"Taysha Gene Therapies, Inc.",2836,"Biological Products, (No Diagnostic Substances)",Healthcare
ABSI,1672688,Absci Corp,8731,Services-Commercial Physical & Biological Research,Healthcare
ARCO,1508478,Arcos Dorados Holdings Inc.,5812,Retail-Eating  Places,Retail
GUYGF,1526491,G2 Goldfields Inc.,,,Unknown
DV,1819928,"DoubleVerify Holdings, Inc.",7370,"Services-Computer Programming, Data Processing, Etc.",Technology
MAN,871763,ManpowerGroup Inc.,7363,Services-Help Supply Services,Other / Financial / Services
EVTC,1559865,"EVERTEC, Inc.",7374,Services-Computer Processing & Data Preparation,Technology
EVCM,1853145,EverCommerce Inc.,7372,Services-Prepackaged Software,Technology
PAEXY,2073620,Parex Resources Inc./ADR,,,Unknown
CMRE,1503584,Costamare Inc.,4412,Deep Sea Foreign Transportation of  Freight,Other / Financial / Services
WKC,789460,WORLD KINECT CORP,5172,Wholesale-Petroleum & Petroleum Products (No Bulk Stations),Other / Financial / Services
ETG,1270523,Eaton Vance Tax-Advantaged Global Dividend Income Fund,,,Unknown
SIND,2096861,Sinda Ltd.,1040,Gold and Silver Ores,Other / Financial / Services
AAPG,2023311,ASCENTAGE PHARMA GROUP INTERNATIONAL,2834,Pharmaceutical Preparations,Healthcare
PRG,1808834,"PROG Holdings, Inc.",7359,"Services-Equipment Rental & Leasing, NEC",Other / Financial / Services
KARO,1828102,Karooooo Ltd.,7372,Services-Prepackaged Software,Technology
TH,1712189,Target Hospitality Corp.,7000,"Hotels, Rooming Houses, Camps & Other Lodging Places",Other / Financial / Services
NGL,1504461,NGL Energy Partners LP,4922,Natural Gas Transmission,Energy
FLO,1128928,FLOWERS FOODS INC,2000,Food and Kindred Products,Consumer Goods
GEL,1022321,GENESIS ENERGY LP,4610,Pipe Lines (No Natural Gas),Other / Financial / Services
ETV,1322436,Eaton Vance Tax-Managed Buy-Write Opportunities Fund,,,Unknown
PAX,1825570,Patria Investments Ltd,6282,Investment Advice,Other / Financial / Services
AESI,1984060,Atlas Energy Solutions Inc.,1311,Crude Petroleum & Natural Gas,Energy
WLFC,1018164,WILLIS LEASE FINANCE CORP,5080,"Wholesale-Machinery, Equipment & Supplies",Other / Financial / Services
PRLB,1443669,Proto Labs Inc,3440,Fabricated Structural Metal Products,Manufacturing
INVX,1042893,"Innovex International, Inc.",3533,Oil & Gas Field Machinery & Equipment,Industrials
COAG,2114044,"Hemab Therapeutics Holdings, Inc.",2836,"Biological Products, (No Diagnostic Substances)",Healthcare
BHC,885590,Bausch Health Companies Inc.,2834,Pharmaceutical Preparations,Healthcare
STBA,719220,S&T BANCORP INC,6022,State Commercial Banks,Other / Financial / Services
ZBIO,1953926,"Zenas BioPharma, Inc.",2834,Pharmaceutical Preparations,Healthcare
GABC,714395,"GERMAN AMERICAN BANCORP, INC.",6022,State Commercial Banks,Other / Financial / Services
GAB,794685,GABELLI EQUITY TRUST INC,,,Unknown
DCOM,846617,"Dime Commercial Bancshares, Inc. /NY/",6021,National Commercial Banks,Other / Financial / Services
AMSC,880807,AMERICAN SUPERCONDUCTOR CORP /DE/,3621,Motors & Generators,Industrials
RLJ,1511337,RLJ Lodging Trust,6798,Real Estate Investment Trusts,Other / Financial / Services
PLAB,810136,PHOTRONICS INC,3674,Semiconductors & Related Devices,Industrials
BRUN,2090646,Boost Run Inc.,7374,Services-Computer Processing & Data Preparation,Technology
STEW,102426,"SRH Total Return Fund, Inc.",,,Unknown
MLTX,1821586,MoonLake Immunotherapeutics,2834,Pharmaceutical Preparations,Healthcare
XPRO,1575828,EXPRO GROUP HOLDINGS N.V.,1389,"Oil & Gas Field Services, NEC",Energy
OPRA,1737450,Opera Ltd,7372,Services-Prepackaged Software,Technology
LIND,1512499,"LINDBLAD EXPEDITIONS HOLDINGS, INC.",4700,Transportation Services,Other / Financial / Services
RBCAA,921557,REPUBLIC BANCORP INC /KY/,6022,State Commercial Banks,Other / Financial / Services
CTS,26058,CTS CORP,3672,Printed Circuit Boards,Industrials
EFC,1411342,Ellington Financial Inc.,6500,Real Estate,Other / Financial / Services
MDCOY,2094100,PT Medco Energi Internasional Tbk/ADR,,,Unknown
WD,1497770,"Walker & Dunlop, Inc.",6199,Finance Services,Other / Financial / Services
KMPR,860748,KEMPER Corp,6331,"Fire, Marine & Casualty Insurance",Other / Financial / Services
CYD,932695,CHINA YUCHAI INTERNATIONAL LTD,3510,Engines & Turbines,Industrials
AMC,1411579,"AMC ENTERTAINMENT HOLDINGS, INC.",7830,Services-Motion Picture Theaters,Other / Financial / Services
ATRC,1323885,"AtriCure, Inc.",3841,Surgical & Medical Instruments & Apparatus,Healthcare
TCBK,356171,TRICO BANCSHARES /,6022,State Commercial Banks,Other / Financial / Services
HOPE,1128361,HOPE BANCORP INC,6021,National Commercial Banks,Other / Financial / Services
PLPC,80035,PREFORMED LINE PRODUCTS CO,1623,"Water, Sewer, Pipeline, Comm & Power Line Construction",Other / Financial / Services
MPLT,1770069,"MapLight Therapeutics, Inc.",2834,Pharmaceutical Preparations,Healthcare
IMKTA,50493,INGLES MARKETS INC,5411,Retail-Grocery Stores,Retail
LINC,1286613,LINCOLN EDUCATIONAL SERVICES CORP,8200,Services-Educational Services,Healthcare
BW,1630805,"Babcock & Wilcox Enterprises, Inc.",3433,"Heating Equipment, Except Electric & Warm Air Furnaces",Manufacturing
BDJ,1332283,BlackRock Enhanced Equity Dividend Trust,,,Unknown
NSP,1000753,"INSPERITY, INC.",7363,Services-Help Supply Services,Other / Financial / Services
FORTY,1045986,FORMULA SYSTEMS (1985) LTD,7371,Services-Computer Programming Services,Technology
RVLV,1746618,"Revolve Group, Inc.",5961,Retail-Catalog & Mail-Order Houses,Retail
SONO,1314727,Sonos Inc,3651,Household Audio & Video Equipment,Industrials
RUM,1830081,RUM Group Inc.,7370,"Services-Computer Programming, Data Processing, Etc.",Technology
BY,1702750,"BYLINE BANCORP, INC.",6022,State Commercial Banks,Other / Financial / Services
FIGS,1846576,"FIGS, Inc.",2300,Apparel & Other Finishd Prods of  Fabrics & Similar Matl,Consumer Goods
BVC,1785680,BitVentures Ltd,6282,Investment Advice,Other / Financial / Services
BCAT,1809541,BlackRock Capital Allocation Term Trust,,,Unknown
BL,1666134,"BLACKLINE, INC.",7372,Services-Prepackaged Software,Technology
MAZE,1842295,"Maze Therapeutics, Inc.",2836,"Biological Products, (No Diagnostic Substances)",Healthcare
ASAN,1477720,"Asana, Inc.",7372,Services-Prepackaged Software,Technology
TPB,1290677,"Turning Point Brands, Inc.",2100,Tobacco Products,Consumer Goods
TIC,2032966,"TIC Solutions, Inc.",7389,"Services-Business Services, NEC",Other / Financial / Services
LPG,1596993,DORIAN LPG LTD.,4412,Deep Sea Foreign Transportation of  Freight,Other / Financial / Services
BST,1616678,BlackRock Science & Technology Trust,,,Unknown
HURN,1289848,Huron Consulting Group Inc.,8742,Services-Management Consulting Services,Other / Financial / Services
SHLS,1831651,"Shoals Technologies Group, Inc.",3674,Semiconductors & Related Devices,Industrials
GENI,1834489,Genius Sports Ltd,7990,Services-Miscellaneous Amusement & Recreation,Other / Financial / Services
VIR,1706431,"Vir Biotechnology, Inc.",2836,"Biological Products, (No Diagnostic Substances)",Healthcare
SXGCF,1622629,Southern Cross Gold Consolidated Ltd.,,,Unknown
AZUL,1432364,AZUL SA,4512,"Air Transportation, Scheduled",Other / Financial / Services
OCFC,1004702,OCEANFIRST FINANCIAL CORP,6021,National Commercial Banks,Other / Financial / Services
MQ,1522540,"Marqeta, Inc.",7372,Services-Prepackaged Software,Technology
FTRE,1965040,Fortrea Holdings Inc.,8071,Services-Medical Laboratories,Healthcare
FCEL,886128,FUELCELL ENERGY INC,3620,Electrical Industrial Apparatus,Industrials
BFC,1746109,Bank First Corp,6021,National Commercial Banks,Other / Financial / Services
TDOC,1477449,"Teladoc Health, Inc.",8011,Services-Offices & Clinics of  Doctors of  Medicine,Healthcare
BVENY,2095292,Brava Energia S.A.,,,Unknown
ESRT,1541401,"Empire State Realty Trust, Inc.",6798,Real Estate Investment Trusts,Other / Financial / Services
DAO,1781753,"Youdao, Inc.",8200,Services-Educational Services,Healthcare
AVVSY,2082141,Avio S.p.A./ADR,,,Unknown
TSLX,1508655,"Sixth Street Specialty Lending, Inc.",,,Unknown
TRIP,1526520,"TripAdvisor, Inc.",7370,"Services-Computer Programming, Data Processing, Etc.",Technology
WS,1968487,"Worthington Steel, Inc.",3310,"Steel Works, Blast Furnaces & Rolling & Finishing Mills",Manufacturing
AMPX,1899287,"Amprius Technologies, Inc.",3690,"Miscellaneous Electrical Machinery, Equipment & Supplies",Industrials
FSUN,1709442,FIRSTSUN CAPITAL BANCORP,6021,National Commercial Banks,Other / Financial / Services
TRLV,1754195,Trulieve Cannabis Corp.,2833,Medicinal Chemicals & Botanical Products,Healthcare
GLP,1323468,GLOBAL PARTNERS LP,5171,Wholesale-Petroleum Bulk Stations & Terminals,Other / Financial / Services
IMCR,1671927,Immunocore Holdings plc,2836,"Biological Products, (No Diagnostic Substances)",Healthcare
INVA,1080014,"Innoviva, Inc.",2834,Pharmaceutical Preparations,Healthcare
RQI,1157842,COHEN & STEERS QUALITY INCOME REALTY FUND INC,,,Unknown
COUR,1651562,"Coursera, Inc.",7372,Services-Prepackaged Software,Technology
PRCH,1784535,"Porch Group, Inc.",7372,Services-Prepackaged Software,Technology
CNOB,712771,"ConnectOne Bancorp, Inc.",6022,State Commercial Banks,Other / Financial / Services
HCSG,731012,HEALTHCARE SERVICES GROUP INC,8050,Services-Nursing & Personal Care Facilities,Healthcare
AIP,1667011,"Arteris, Inc.",3674,Semiconductors & Related Devices,Industrials
NOMD,1651717,Nomad Foods Ltd,2000,Food and Kindred Products,Consumer Goods
QFIN,1741530,"Qfin Holdings, Inc.",6199,Finance Services,Other / Financial / Services
SEPN,1984086,"Septerna, Inc.",2834,Pharmaceutical Preparations,Healthcare
FLNG,1772253,Flex LNG Ltd.,4400,Water Transportation,Other / Financial / Services
SKYT,1819974,"SkyWater Technology, Inc",3674,Semiconductors & Related Devices,Industrials
CBL,910612,CBL & ASSOCIATES PROPERTIES INC,6798,Real Estate Investment Trusts,Other / Financial / Services
ULCC,1670076,"Frontier Group Holdings, Inc.",4512,"Air Transportation, Scheduled",Other / Financial / Services
QCRH,906465,QCR HOLDINGS INC,6022,State Commercial Banks,Other / Financial / Services
APC,2080921,ARKO Petroleum Corp.,5172,Wholesale-Petroleum & Petroleum Products (No Bulk Stations),Other / Financial / Services
TRIN,1786108,Trinity Capital Inc.,,,Unknown
WBI,2064947,WaterBridge Infrastructure LLC,1389,"Oil & Gas Field Services, NEC",Energy
KRP,1657788,"Kimbell Royalty Partners, LP",1311,Crude Petroleum & Natural Gas,Energy
OBK,1516912,"Origin Bancorp, Inc.",6022,State Commercial Banks,Other / Financial / Services
ECAT,1864843,BlackRock ESG Capital Allocation Term Trust,,,Unknown
LZB,57131,LA-Z-BOY INC,2510,Household Furniture,Consumer Goods
GTBIF,1795139,Green Thumb Industries Inc.,100,Agricultural Production-Crops,Other / Financial / Services
HROW,1360214,"HARROW, INC.",2834,Pharmaceutical Preparations,Healthcare
BBAI,1836981,"BigBear.ai Holdings, Inc.",7372,Services-Prepackaged Software,Technology
ADNT,1670541,Adient plc,3714,Motor Vehicle Parts & Accessories,Industrials
PRGS,876167,PROGRESS SOFTWARE CORP /MA,7372,Services-Prepackaged Software,Technology
AVBP,1868279,"ArriVent BioPharma, Inc.",2834,Pharmaceutical Preparations,Healthcare
SLVM,1856485,Sylvamo Corp,2621,Paper Mills,Manufacturing
EYE,1710155,"National Vision Holdings, Inc.",3851,Ophthalmic Goods,Manufacturing
FOR,1406587,Forestar Group Inc.,6500,Real Estate,Other / Financial / Services
XZO,1873951,"Exzeo Group, Inc.",7372,Services-Prepackaged Software,Technology
CET,18748,CENTRAL SECURITIES CORP,0,,Other / Financial / Services
PUMP,1680247,ProPetro Holding Corp.,1389,"Oil & Gas Field Services, NEC",Energy
EOSE,1805077,"Eos Energy Enterprises, Inc.",3690,"Miscellaneous Electrical Machinery, Equipment & Supplies",Industrials
AKTS,2035832,"Aktis Oncology, Inc.",2834,Pharmaceutical Preparations,Healthcare
GAM,40417,GENERAL AMERICAN INVESTORS CO INC,,,Unknown
REX,744187,REX AMERICAN RESOURCES Corp,2860,Industrial Organic Chemicals,Manufacturing
WBTN,1997859,WEBTOON Entertainment Inc.,2741,Miscellaneous Publishing,Manufacturing
VIA,1603015,"Via Transportation, Inc.",7372,Services-Prepackaged Software,Technology
INNV,1834376,InnovAge Holding Corp.,8000,Services-Health Services,Healthcare
ALNT,46129,ALLIENT INC,3825,Instruments For Meas & Testing of  Electricity & Elec Signals,Manufacturing
PICS,1841644,PicS N.V.,6141,Personal Credit Institutions,Other / Financial / Services
ESBA,1553079,"Empire State Realty OP, L.P.",6798,Real Estate Investment Trusts,Other / Financial / Services
HLMN,1822492,Hillman Solutions Corp.,3420,"Cutlery, Handtools & General Hardware",Manufacturing
HLIT,851310,HARMONIC INC.,3663,Radio & Tv Broadcasting & Communications Equipment,Industrials
NVAX,1000694,NOVAVAX INC,2836,"Biological Products, (No Diagnostic Substances)",Healthcare
ODC,74046,Oil-Dri Corp of America,3990,Miscellaneous Manufacturing Industries,Manufacturing
LEG,58492,LEGGETT & PLATT INC,2510,Household Furniture,Consumer Goods
IDT,1005731,IDT CORP,4813,Telephone Communications (No Radiotelephone),Other / Financial / Services
VPG,1487952,"Vishay Precision Group, Inc.",3670,Electronic Components & Accessories,Industrials
DXC,1688568,DXC Technology Co,7374,Services-Computer Processing & Data Preparation,Technology
PGY,1883085,Pagaya Technologies Ltd.,6199,Finance Services,Other / Financial / Services
TBLA,1840502,Taboola.com Ltd.,7370,"Services-Computer Programming, Data Processing, Etc.",Technology
ATLC,1464343,Atlanticus Holdings Corp,6141,Personal Credit Institutions,Other / Financial / Services
SVV,1883313,"Savers Value Village, Inc.",5900,Retail-Miscellaneous Retail,Retail
LKFN,721994,LAKELAND FINANCIAL CORP,6022,State Commercial Banks,Other / Financial / Services
INSP,1609550,"Inspire Medical Systems, Inc.",3841,Surgical & Medical Instruments & Apparatus,Healthcare
PURR,2078856,Hyperliquid Strategies Inc,6199,Finance Services,Other / Financial / Services
QQQX,1608741,Nuveen NASDAQ 100 Dynamic Overwrite Fund,,,Unknown
CRI,1060822,CARTERS INC,2300,Apparel & Other Finishd Prods of  Fabrics & Similar Matl,Consumer Goods
TRS,842633,TRIMAS CORP,3460,Metal Forgings & Stampings,Manufacturing
CSWC,17313,CAPITAL SOUTHWEST CORP,,,Unknown
DFH,1825088,"Dream Finders Homes, Inc.",1531,Operative Builders,Other / Financial / Services
KMTS,1877184,"KESTRA MEDICAL TECHNOLOGIES, LTD.",3841,Surgical & Medical Instruments & Apparatus,Healthcare
GIII,821002,G III APPAREL GROUP LTD /DE/,2300,Apparel & Other Finishd Prods of  Fabrics & Similar Matl,Consumer Goods
PRSU,884219,"Pursuit Attractions & Hospitality, Inc.",7990,Services-Miscellaneous Amusement & Recreation,Other / Financial / Services
AGRO,1499505,Adecoagro S.A.,100,Agricultural Production-Crops,Other / Financial / Services
WYFI,2042022,"WhiteFiber, Inc.",6199,Finance Services,Other / Financial / Services
CDNA,1217234,"CareDx, Inc.",8071,Services-Medical Laboratories,Healthcare
TV,912892,"GRUPO TELEVISA, S.A.B.",4833,Television Broadcasting Stations,Other / Financial / Services
PSNL,1527753,"Personalis, Inc.",8071,Services-Medical Laboratories,Healthcare
LNXSY,1311307,LANXESS AG,,,Unknown
LILA,1712184,Liberty Latin America Ltd.,4841,Cable & Other Pay Television Services,Other / Financial / Services
ATEC,1350653,"Alphatec Holdings, Inc.",3841,Surgical & Medical Instruments & Apparatus,Healthcare
IE,1879016,Ivanhoe Electric Inc.,1000,Metal Mining,Other / Financial / Services
TNC,97134,TENNANT CO,3580,Refrigeration & Service Industry Machinery,Industrials
OI,812074,"O-I Glass, Inc. /DE/",3221,Glass Containers,Manufacturing
ENOV,1420800,Enovis CORP,3842,"Orthopedic, Prosthetic & Surgical Appliances & Supplies",Healthcare
PCT,1830033,"PureCycle Technologies, Inc.",2821,"Plastic Materials, Synth Resins & Nonvulcan Elastomers",Manufacturing
CLVT,1764046,CLARIVATE PLC,7374,Services-Computer Processing & Data Preparation,Technology
GBX,923120,GREENBRIER COMPANIES INC,3743,Railroad Equipment,Industrials
SFL,1289877,SFL Corp Ltd.,4412,Deep Sea Foreign Transportation of  Freight,Other / Financial / Services
USAS,1286973,Americas Gold & Silver Corp,1000,Metal Mining,Other / Financial / Services
BTT,1528437,BlackRock Municipal 2030 Target Term Trust,,,Unknown
WWW,110471,WOLVERINE WORLD WIDE INC /DE/,3140,"Footwear, (No Rubber)",Manufacturing
POET,1437424,POET TECHNOLOGIES INC.,3674,Semiconductors & Related Devices,Industrials
IART,917520,INTEGRA LIFESCIENCES HOLDINGS CORP,3841,Surgical & Medical Instruments & Apparatus,Healthcare
SBH,1368458,"Sally Beauty Holdings, Inc.",5990,"Retail-Retail Stores, NEC",Retail
WEN,30697,Wendy's Co,5810,Retail-Eating & Drinking Places,Retail
XERS,1867096,"Xeris Biopharma Holdings, Inc.",2834,Pharmaceutical Preparations,Healthcare
GSL,1430725,"Global Ship Lease, Inc.",4412,Deep Sea Foreign Transportation of  Freight,Other / Financial / Services
PLTK,1828016,Playtika Holding Corp.,7374,Services-Computer Processing & Data Preparation,Technology
ARDT,1756655,"Ardent Health, Inc.",8062,"Services-General Medical & Surgical Hospitals, NEC",Healthcare
VET,1293135,VERMILION ENERGY INC.,1311,Crude Petroleum & Natural Gas,Energy
JJSF,785956,J&J SNACK FOODS CORP,2052,Cookies & Crackers,Consumer Goods
AEVA,1789029,"Aeva Technologies, Inc.",3714,Motor Vehicle Parts & Accessories,Industrials
PRGO,1585364,PERRIGO Co plc,2834,Pharmaceutical Preparations,Healthcare
NFJ,1260563,"Virtus Dividend, Interest & Premium Strategy Fund",6163,Loan Brokers,Other / Financial / Services
YELP,1345016,YELP INC,7200,Services-Personal Services,Other / Financial / Services
ENR,1632790,"ENERGIZER HOLDINGS, INC.",3690,"Miscellaneous Electrical Machinery, Equipment & Supplies",Industrials
BHRB,1964333,Burke & Herbert Financial Services Corp.,6021,National Commercial Banks,Other / Financial / Services
PWP,1777835,Perella Weinberg Partners,6199,Finance Services,Other / Financial / Services
BRBR,1772016,"BELLRING BRANDS, INC.",2000,Food and Kindred Products,Consumer Goods
ARLO,1736946,"Arlo Technologies, Inc.",7381,"Services-Detective, Guard & Armored Car Services",Other / Financial / Services
AI,1577526,"C3.ai, Inc.",7372,Services-Prepackaged Software,Technology
NXRT,1620393,"NexPoint Residential Trust, Inc.",6798,Real Estate Investment Trusts,Other / Financial / Services
MRTN,799167,MARTEN TRANSPORT LTD,4213,Trucking (No Local),Other / Financial / Services
ALX,3499,ALEXANDERS INC,6798,Real Estate Investment Trusts,Other / Financial / Services
LGIH,1580670,"LGI Homes, Inc.",1531,Operative Builders,Other / Financial / Services
PNTG,1766400,"Pennant Group, Inc.",8000,Services-Health Services,Healthcare
MLKN,66382,"MILLERKNOLL, INC.",2520,Office Furniture,Consumer Goods
AMAL,1823608,Amalgamated Financial Corp.,6022,State Commercial Banks,Other / Financial / Services
HYT,1222401,"BLACKROCK CORPORATE HIGH YIELD FUND, INC.",,,Unknown
WLTH,1524566,WEALTHFRONT CORP,6199,Finance Services,Other / Financial / Services
ICFI,1362004,"ICF International, Inc.",8742,Services-Management Consulting Services,Other / Financial / Services
WINA,908315,WINMARK CORP,5900,Retail-Miscellaneous Retail,Retail
TTI,844965,TETRA TECHNOLOGIES INC,1311,Crude Petroleum & Natural Gas,Energy
AHCO,1725255,AdaptHealth Corp.,8082,Services-Home Health Care Services,Healthcare
WABC,311094,WESTAMERICA BANCORPORATION,6021,National Commercial Banks,Other / Financial / Services
PEBO,318300,PEOPLES BANCORP INC,6022,State Commercial Banks,Other / Financial / Services
OMDA,1611115,"Omada Health, Inc.",8000,Services-Health Services,Healthcare
FMC,37785,FMC CORP,2800,Chemicals & Allied Products,Manufacturing
INBX,2007919,"Inhibrx Biosciences, Inc.",2836,"Biological Products, (No Diagnostic Substances)",Healthcare
STAA,718937,STAAR SURGICAL CO,3851,Ophthalmic Goods,Manufacturing
ORC,1518621,"Orchid Island Capital, Inc.",6798,Real Estate Investment Trusts,Other / Financial / Services
BLFS,834365,BIOLIFE SOLUTIONS INC,3845,Electromedical & Electrotherapeutic Apparatus,Healthcare
SFDMY,1493507,Shanghai Fudan Microelectronics Co Limited/ADR/,8880,American Depositary Receipts,Healthcare
RYZ,1481582,Ryerson Holding Corp,5051,Wholesale-Metals Service Centers & of fices,Other / Financial / Services
OPFI,1818502,OppFi Inc.,6199,Finance Services,Other / Financial / Services
ARI,1467760,"Apollo Commercial Real Estate Finance, Inc.",6798,Real Estate Investment Trusts,Other / Financial / Services
DOLE,1857475,Dole plc,100,Agricultural Production-Crops,Other / Financial / Services
SID,1049659,NATIONAL STEEL CO,3310,"Steel Works, Blast Furnaces & Rolling & Finishing Mills",Manufacturing
RCAT,748268,"Red Cat Holdings, Inc.",7372,Services-Prepackaged Software,Technology
CCEC,1392326,Capital Clean Energy Carriers Corp.,4412,Deep Sea Foreign Transportation of  Freight,Other / Financial / Services
SLSR,2019103,Solaris Resources Inc.,1040,Gold and Silver Ores,Other / Financial / Services
LSPD,1823306,Lightspeed Commerce Inc.,7372,Services-Prepackaged Software,Technology
BLKB,1280058,BLACKBAUD INC,7372,Services-Prepackaged Software,Technology
DMC,1047340,DEL MONTE CORP,100,Agricultural Production-Crops,Other / Financial / Services
LOMA,1711375,Loma Negra Compania Industrial Argentina Sociedad Anonima,3241,"Cement, Hydraulic",Manufacturing
AMRC,1488139,"Ameresco, Inc.",1700,Construction - Special Trade Contractors,Other / Financial / Services
HLF,1180262,HERBALIFE LTD.,5122,"Wholesale-Drugs, Proprietaries & Druggists' Sundries",Other / Financial / Services
SGML,1848309,Sigma Lithium Corp,1000,Metal Mining,Other / Financial / Services
CDNL,2079999,Cardinal Infrastructure Group Inc.,1600,Heavy Construction Other Than Bldg Const - Contractors,Other / Financial / Services
UFCS,101199,UNITED FIRE GROUP INC,6331,"Fire, Marine & Casualty Insurance",Other / Financial / Services
PAHC,1069899,PHIBRO ANIMAL HEALTH CORP,2834,Pharmaceutical Preparations,Healthcare
BV,1734713,"BrightView Holdings, Inc.",700,Agricultural Services,Other / Financial / Services
HLX,866829,HELIX ENERGY SOLUTIONS GROUP INC,1389,"Oil & Gas Field Services, NEC",Energy
AHG,1702318,Akso Health Group,7389,"Services-Business Services, NEC",Other / Financial / Services
CRVS,1626971,"Corvus Pharmaceuticals, Inc.",2834,Pharmaceutical Preparations,Healthcare
MSDL,1782524,Morgan Stanley Direct Lending Fund,,,Unknown
AFYA,1771007,Afya Ltd,8200,Services-Educational Services,Healthcare
EBCRY,1969796,Embracer Group AB/ADR,,,Unknown
BORR,1715497,Borr Drilling Ltd,1381,Drilling Oil & Gas Wells,Energy
RXT,1810019,"Rackspace Technology, Inc.",7370,"Services-Computer Programming, Data Processing, Etc.",Technology
IMTX,1809196,Immatics N.V.,2836,"Biological Products, (No Diagnostic Substances)",Healthcare
TMP,1005817,TOMPKINS FINANCIAL CORP,6022,State Commercial Banks,Other / Financial / Services
IRS,933267,IRSA INVESTMENTS & REPRESENTATIONS INC,6552,Land Subdividers & Developers (No Cemeteries),Other / Financial / Services
RDWR,1094366,RADWARE LTD,7389,"Services-Business Services, NEC",Other / Financial / Services
ECVT,1708035,Ecovyst Inc.,2800,Chemicals & Allied Products,Manufacturing
TRAX,2091349,"First Tracks Biotherapeutics, Inc.",2834,Pharmaceutical Preparations,Healthcare
CTBI,350852,COMMUNITY TRUST BANCORP INC /KY/,6022,State Commercial Banks,Other / Financial / Services
NRP,1171486,NATURAL RESOURCE PARTNERS LP,1221,Bituminous Coal & Lignite Surface Mining,Other / Financial / Services
GLOB,1557860,Globant S.A.,7374,Services-Computer Processing & Data Preparation,Technology
NWPX,1001385,"NWPX Infrastructure, Inc.",3317,Steel Pipe & Tubes,Manufacturing
ARDX,1437402,"ARDELYX, INC.",2834,Pharmaceutical Preparations,Healthcare
APPS,317788,"Digital Turbine, Inc.",6794,Patent Owners & Lessors,Other / Financial / Services
ASTE,792987,ASTEC INDUSTRIES INC,3531,Construction Machinery & Equip,Industrials
CNXC,1803599,Concentrix Corp,7389,"Services-Business Services, NEC",Other / Financial / Services
BJRI,1013488,BJs RESTAURANTS INC,5812,Retail-Eating  Places,Retail
UMH,752642,"UMH PROPERTIES, INC.",6798,Real Estate Investment Trusts,Other / Financial / Services
MNKD,899460,MANNKIND CORP,2834,Pharmaceutical Preparations,Healthcare
YSWY,1859836,"Yesway, Inc.",5411,Retail-Grocery Stores,Retail
UVV,102037,UNIVERSAL CORP /VA/,5150,Wholesale-Farm Product Raw Materials,Other / Financial / Services
NSSC,69633,"NAPCO SECURITY TECHNOLOGIES, INC",3669,"Communications Equipment, NEC",Industrials
NAT,1000177,NORDIC AMERICAN TANKERS Ltd,4400,Water Transportation,Other / Financial / Services
SCL,94049,STEPAN CO,2840,"Soap, Detergents, Cleang Preparations, Perfumes, Cosmetics",Manufacturing
JBIO,1798749,"Jade Biosciences, Inc.",2834,Pharmaceutical Preparations,Healthcare
VTOL,1525221,Bristow Group Inc.,4522,"Air Transportation, Nonscheduled",Other / Financial / Services
REAL,1573221,"TheRealReal, Inc.",5900,Retail-Miscellaneous Retail,Retail
DMLP,1172358,"DORCHESTER MINERALS, L.P.",1311,Crude Petroleum & Natural Gas,Energy
CXM,1569345,"Sprinklr, Inc.",7372,Services-Prepackaged Software,Technology
GHM,716314,GRAHAM CORP,3560,General Industrial Machinery & Equipment,Industrials
GIC,945114,GLOBAL INDUSTRIAL Co,5084,Wholesale-Industrial Machinery & Equipment,Other / Financial / Services
FMBH,700565,"FIRST MID BANCSHARES, INC.",6022,State Commercial Banks,Other / Financial / Services
TWO,1465740,TWO HARBORS INVESTMENT CORP.,6798,Real Estate Investment Trusts,Other / Financial / Services
NBXG,1843181,Neuberger Next Generation Connectivity Fund Inc.,,,Unknown
DSGR,703604,"Distribution Solutions Group, Inc.",5080,"Wholesale-Machinery, Equipment & Supplies",Other / Financial / Services
ROCK,912562,"GIBRALTAR INDUSTRIES, INC.",3310,"Steel Works, Blast Furnaces & Rolling & Finishing Mills",Manufacturing
NUTX,1479681,Nutex Health Inc.,7389,"Services-Business Services, NEC",Other / Financial / Services
CEVA,1173489,CEVA INC,7370,"Services-Computer Programming, Data Processing, Etc.",Technology
DSL,1566388,DoubleLine Income Solutions Fund,,,Unknown
GCT,1857816,GigaCloud Technology Inc,5961,Retail-Catalog & Mail-Order Houses,Retail
LADR,1577670,Ladder Capital Corp,6798,Real Estate Investment Trusts,Other / Financial / Services
NVGS,1581804,Navigator Holdings Ltd.,4412,Deep Sea Foreign Transportation of  Freight,Other / Financial / Services
UPBD,933036,"UPBOUND GROUP, INC.",7359,"Services-Equipment Rental & Leasing, NEC",Other / Financial / Services
CDRE,1860543,"Cadre Holdings, Inc.",3842,"Orthopedic, Prosthetic & Surgical Appliances & Supplies",Healthcare
CMP,1227654,COMPASS MINERALS INTERNATIONAL INC,1400,Mining & Quarrying of  Nonmetallic Minerals (No Fuels),Other / Financial / Services
XPEL,1767258,"XPEL, Inc.",3470,"Coating, Engraving & Allied Services",Manufacturing
PFBC,1492165,Preferred Bank,,,Unknown
TDAY,1579684,"USA TODAY Co., Inc.",2711,Newspapers: Publishing or  Publishing & Printing,Manufacturing
CAPR,1133869,"CAPRICOR THERAPEUTICS, INC.",2834,Pharmaceutical Preparations,Healthcare
AMN,1142750,AMN HEALTHCARE SERVICES INC,7363,Services-Help Supply Services,Other / Financial / Services
AVLN,1540171,Avalyn Pharma Inc.,2834,Pharmaceutical Preparations,Healthcare
SVRA,1160308,Savara Inc,2834,Pharmaceutical Preparations,Healthcare
JFR,1276533,NUVEEN FLOATING RATE INCOME FUND,,,Unknown
IRMD,1325618,IRADIMED CORP,3841,Surgical & Medical Instruments & Apparatus,Healthcare
MGTX,1735438,MeiraGTx Holdings plc,2836,"Biological Products, (No Diagnostic Substances)",Healthcare
DCH,1062231,Dauch Corp,3714,Motor Vehicle Parts & Accessories,Industrials
HBNB,2054507,Hotel101 Global Holdings Corp.,7011,Hotels & Motels,Other / Financial / Services
RES,742278,RPC INC,1389,"Oil & Gas Field Services, NEC",Energy
HQH,805267,abrdn Healthcare Investors,0,,Other / Financial / Services
BFS,907254,"SAUL CENTERS, INC.",6798,Real Estate Investment Trusts,Other / Financial / Services
QDEL,1906324,QuidelOrtho Corp,2835,In Vitro & In Vivo Diagnostic Substances,Healthcare
KOS,1509991,Kosmos Energy Ltd.,1311,Crude Petroleum & Natural Gas,Energy
EPC,1096752,EDGEWELL PERSONAL CARE Co,2844,"Perfumes, Cosmetics & Other Toilet Preparations",Manufacturing
LZ,1286139,"LEGALZOOM.COM, INC.",7374,Services-Computer Processing & Data Preparation,Technology
CCO,1334978,"Clear Channel Outdoor Holdings, Inc.",7310,Services-Advertising,Other / Financial / Services
SDGR,1490978,"Schrodinger, Inc.",2834,Pharmaceutical Preparations,Healthcare
AMPL,1866692,"Amplitude, Inc.",7372,Services-Prepackaged Software,Technology
NPKI,71829,NPK International Inc.,7350,Services-Miscellaneous Equipment Rental & Leasing,Other / Financial / Services
UAN,1425292,"CVR PARTNERS, LP",2870,Agricultural Chemicals,Manufacturing
IAUX,1853962,i-80 Gold Corp.,1040,Gold and Silver Ores,Other / Financial / Services
OPY,791963,OPPENHEIMER HOLDINGS INC,6211,"Security Brokers, Dealers & Flotation Companies",Other / Financial / Services
PBT,319654,PERMIAN BASIN ROYALTY TRUST,6792,Oil Royalty Traders,Other / Financial / Services
EYPT,1314102,"EyePoint, Inc.",3826,Laboratory Analytical Instruments,Manufacturing
EDN,1395213,EDENOR,4911,Electric Services,Energy
HFWA,1046025,HERITAGE FINANCIAL CORP /WA/,6036,"Savings Institutions, Not Federally Chartered",Other / Financial / Services
UVSP,102212,UNIVEST FINANCIAL Corp,6022,State Commercial Banks,Other / Financial / Services
PXED,1600222,"Phoenix Education Partners, Inc.",8200,Services-Educational Services,Healthcare
MCB,1476034,Metropolitan Bank Holding Corp.,6022,State Commercial Banks,Other / Financial / Services
MNSKY,1584297,MoneySupermarket.com Group PLC/ADR,,,Unknown
LQDT,1235468,LIQUIDITY SERVICES INC,7389,"Services-Business Services, NEC",Other / Financial / Services
LAR,1440972,Lithium Argentina AG,1000,Metal Mining,Other / Financial / Services
NBR,1163739,NABORS INDUSTRIES LTD,1381,Drilling Oil & Gas Wells,Energy
HQ,2088256,Horizon Quantum Holdings Ltd.,7371,Services-Computer Programming Services,Technology
SENEA,88948,Seneca Foods Corp,2033,"Canned, Fruits, Veg, Preserves, Jams & Jellies",Consumer Goods
SPH,1005210,SUBURBAN PROPANE PARTNERS LP,5900,Retail-Miscellaneous Retail,Retail
IGIC,1794338,International General Insurance Holdings Ltd.,6399,"Insurance Carriers, NEC",Other / Financial / Services
CCB,1437958,COASTAL FINANCIAL CORP,6022,State Commercial Banks,Other / Financial / Services
BH-A,1726173,Biglari Holdings Inc.,5812,Retail-Eating  Places,Retail
AVO,1802974,"Mission Produce, Inc.",700,Agricultural Services,Other / Financial / Services
CNL,1953575,Collective Mining Ltd.,1040,Gold and Silver Ores,Other / Financial / Services
EOS,1308335,Eaton Vance Enhanced Equity Income Fund II,,,Unknown
DEA,1622194,"Easterly Government Properties, Inc.",6798,Real Estate Investment Trusts,Other / Financial / Services
ASIC,2040491,Ategrity Specialty Insurance Co Holdings,6331,"Fire, Marine & Casualty Insurance",Other / Financial / Services
GPRE,1309402,Green Plains Inc.,2860,Industrial Organic Chemicals,Manufacturing
MBC,1941365,"MasterBrand, Inc.",2511,"Wood Household Furniture, (No Upholstered)",Consumer Goods
TEN,1166663,TSAKOS ENERGY NAVIGATION LTD,4412,Deep Sea Foreign Transportation of  Freight,Other / Financial / Services
CRF,33934,CORNERSTONE TOTAL RETURN FUND INC,,,Unknown
CPPKF,1691710,Faraday Copper Corp.,,,Unknown
ACVA,1637873,ACV Auctions Inc.,7389,"Services-Business Services, NEC",Other / Financial / Services
OSBC,357173,OLD SECOND BANCORP INC,6022,State Commercial Banks,Other / Financial / Services
UVE,891166,"UNIVERSAL INSURANCE HOLDINGS, INC.",6331,"Fire, Marine & Casualty Insurance",Other / Financial / Services
CRML,1951089,Critical Metals Corp.,1000,Metal Mining,Other / Financial / Services
LU,1816007,Lufax Holding Ltd,6199,Finance Services,Other / Financial / Services
WVE,1631574,Wave Life Sciences Ltd.,2834,Pharmaceutical Preparations,Healthcare
MYE,69488,MYERS INDUSTRIES INC,3089,"Plastics Products, NEC",Manufacturing
PRCT,1588978,PROCEPT BioRobotics Corp,3841,Surgical & Medical Instruments & Apparatus,Healthcare
LAC,1966983,LITHIUM AMERICAS CORP.,1000,Metal Mining,Other / Financial / Services
RHLD,2039497,"Resolute Holdings Management, Inc.",6199,Finance Services,Other / Financial / Services
AVNS,1606498,"AVANOS MEDICAL, INC.",3842,"Orthopedic, Prosthetic & Surgical Appliances & Supplies",Healthcare
HBT,775215,"HBT Financial, Inc.",6022,State Commercial Banks,Other / Financial / Services
MMI,1578732,"Marcus & Millichap, Inc.",6531,Real Estate Agents & Managers (For Others),Other / Financial / Services
GOLD,1591588,"Gold.com, Inc.",5094,"Wholesale-Jewelry, Watches, Precious Stones & Metals",Other / Financial / Services
AORT,784199,"ARTIVION, INC.",3841,Surgical & Medical Instruments & Apparatus,Healthcare
LNN,836157,LINDSAY CORP,3523,Farm Machinery & Equipment,Industrials
XNCR,1326732,Xencor Inc,2834,Pharmaceutical Preparations,Healthcare
SECZ,2094496,Securitize Corp.,6199,Finance Services,Other / Financial / Services
XIFR,1603145,"XPLR Infrastructure, LP",4911,Electric Services,Energy
AGBK,2081206,AGI Inc,6029,"Commercial Banks, NEC",Other / Financial / Services
JCAP,2046042,"Jefferson Capital, Inc. / DE",6153,Short-Term Business Credit Institutions,Other / Financial / Services
PDM,1042776,"Piedmont Realty Trust, Inc.",6512,Opeators of  Nonresidential Buildings,Other / Financial / Services
AZTA,933974,"Azenta, Inc.",3559,"Special Industry Machinery, NEC",Industrials
CBRL,1067294,"CRACKER BARREL OLD COUNTRY STORE, INC",5812,Retail-Eating  Places,Retail
LMRI,2071288,"Lumexa Imaging Holdings, Inc.",8071,Services-Medical Laboratories,Healthcare
ELVR,1739016,Elevra Lithium Ltd,1400,Mining & Quarrying of  Nonmetallic Minerals (No Fuels),Other / Financial / Services
COLL,1267565,"COLLEGIUM PHARMACEUTICAL, INC",2834,Pharmaceutical Preparations,Healthcare
CVLG,928658,"COVENANT LOGISTICS GROUP, INC.",4213,Trucking (No Local),Other / Financial / Services
MGRT,2033377,Mega Fortune Co Ltd,7371,Services-Computer Programming Services,Technology
ENVX,1828318,Enovix Corp,3690,"Miscellaneous Electrical Machinery, Equipment & Supplies",Industrials
SAFE,1095651,Safehold Inc.,6798,Real Estate Investment Trusts,Other / Financial / Services
CRTO,1576427,Criteo S.A.,7311,Services-Advertising Agencies,Other / Financial / Services
HTLD,799233,HEARTLAND EXPRESS INC,4213,Trucking (No Local),Other / Financial / Services
SBET,1981535,"Sharplink, Inc.",6199,Finance Services,Other / Financial / Services
PSEC,1287032,PROSPECT CAPITAL CORP,,,Unknown
ARHS,1875444,"Arhaus, Inc.",5712,Retail-Furniture Stores,Retail
BRAI,2076975,Braiin Ltd,7374,Services-Computer Processing & Data Preparation,Technology
DRTS,1871321,Alpha Tau Medical Ltd.,3841,Surgical & Medical Instruments & Apparatus,Healthcare
CNMD,816956,CONMED Corp,3845,Electromedical & Electrotherapeutic Apparatus,Healthcare
SIFY,1094324,SIFY TECHNOLOGIES LTD,7370,"Services-Computer Programming, Data Processing, Etc.",Technology
TRUP,1371285,"TRUPANION, INC.",6324,Hospital & Medical Service Plans,Other / Financial / Services
AOSL,1387467,ALPHA & OMEGA SEMICONDUCTOR Ltd,3674,Semiconductors & Related Devices,Industrials
SVC,945394,Service Properties Trust,6798,Real Estate Investment Trusts,Other / Financial / Services
DFIN,1669811,"Donnelley Financial Solutions, Inc.",7380,Services-Miscellaneous Business Services,Other / Financial / Services
SPTX,2042347,"Seaport Therapeutics, Inc.",2834,Pharmaceutical Preparations,Healthcare
TUYA,1829118,Tuya Inc.,7372,Services-Prepackaged Software,Technology
VYX,70866,NCR Voyix Corp,3578,Calculating & Accounting Machines (No Electronic Computers),Industrials
ALVO,1898416,Alvotech,2836,"Biological Products, (No Diagnostic Substances)",Healthcare
CGEM,1789972,"Cullinan Therapeutics, Inc.",2836,"Biological Products, (No Diagnostic Substances)",Healthcare
ORIC,1796280,"Oric Pharmaceuticals, Inc.",2834,Pharmaceutical Preparations,Healthcare
JBGS,1689796,JBG SMITH Properties,6798,Real Estate Investment Trusts,Other / Financial / Services
SAFT,1172052,SAFETY INSURANCE GROUP INC,6331,"Fire, Marine & Casualty Insurance",Other / Financial / Services
THRM,903129,Gentherm Inc,3714,Motor Vehicle Parts & Accessories,Industrials
ITRN,1337117,Ituran Location & Control Ltd.,5065,"Wholesale-Electronic Parts & Equipment, NEC",Other / Financial / Services
DLX,27996,DELUXE CORP,2780,"Blankbooks, Looseleaf Binders & Bookbindg & Relatd Work",Manufacturing
PZZA,901491,PAPA JOHNS INTERNATIONAL INC,5812,Retail-Eating  Places,Retail
CHY,1222719,CALAMOS CONVERTIBLE & HIGH INCOME FUND,,,Unknown
VZLA,1796073,Vizsla Silver Corp.,1040,Gold and Silver Ores,Other / Financial / Services
NHP,1561032,"National Healthcare Properties, Inc.",6798,Real Estate Investment Trusts,Other / Financial / Services
SMPL,1702744,Simply Good Foods Co,2000,Food and Kindred Products,Consumer Goods
FPF,1567569,First Trust Intermediate Duration Preferred & Income Fund,,,Unknown
AOD,1379400,abrdn Total Dynamic Dividend Fund,,,Unknown
CIM,1409493,CHIMERA INVESTMENT CORP,6798,Real Estate Investment Trusts,Other / Financial / Services
AIIR,2097725,AIR Global PLC,2100,Tobacco Products,Consumer Goods
EVC,1109116,ENTRAVISION COMMUNICATIONS CORP,4833,Television Broadcasting Stations,Other / Financial / Services
TYG,1268533,TORTOISE ENERGY INFRASTRUCTURE CORP,,,Unknown
UPWK,1627475,"UPWORK, INC",7374,Services-Computer Processing & Data Preparation,Technology
USPH,885978,U S PHYSICAL THERAPY INC /NV,8000,Services-Health Services,Healthcare
IQ,1722608,"iQIYI, Inc.",7841,Services-Video Tape Rental,Other / Financial / Services
ADTN,926282,"ADTRAN Holdings, Inc.",3661,Telephone & Telegraph Apparatus,Industrials
GNK,1326200,GENCO SHIPPING & TRADING LTD,4412,Deep Sea Foreign Transportation of  Freight,Other / Financial / Services
EVV,1222922,Eaton Vance Ltd Duration Income Fund,,,Unknown
CHI,1171471,CALAMOS CONVERTIBLE OPPORTUNITIES & INCOME FUND,,,Unknown
TBN,1997652,Tamboran Resources Corp,1311,Crude Petroleum & Natural Gas,Energy
WLDN,1370450,"Willdan Group, Inc.",8711,Services-Engineering Services,Healthcare
ABX,1814287,"Abacus Global Management, Inc.",6282,Investment Advice,Other / Financial / Services
LUXE,1831907,LuxExperience B.V.,5961,Retail-Catalog & Mail-Order Houses,Retail
VRTS,883237,"VIRTUS INVESTMENT PARTNERS, INC.",6282,Investment Advice,Other / Financial / Services
SCSC,918965,"SCANSOURCE, INC.",5045,Wholesale-Computers & Peripheral Equipment & Software,Other / Financial / Services
MUX,314203,McEwen Inc.,1040,Gold and Silver Ores,Other / Financial / Services
MALG,1309251,MICROALLIANCE GROUP INC.,2080,Beverages,Consumer Goods
PTA,1793882,Cohen & Steers Tax-Advantaged Preferred Securities & Income Fund,,,Unknown
OCSL,1414932,Oaktree Specialty Lending Corp,,,Unknown
FINV,1691445,FinVolution Group,6163,Loan Brokers,Other / Financial / Services
BIOA,1709941,"BioAge Labs, Inc.",2834,Pharmaceutical Preparations,Healthcare
SBR,710752,SABINE ROYALTY TRUST,6792,Oil Royalty Traders,Other / Financial / Services
APEI,1201792,AMERICAN PUBLIC EDUCATION INC,8200,Services-Educational Services,Healthcare
NMAX,2026478,Newsmax Inc.,4833,Television Broadcasting Stations,Other / Financial / Services
BLZE,1462056,"Backblaze, Inc.",7372,Services-Prepackaged Software,Technology
HEPS,1850235,D-MARKET Electronic Services & Trading,5961,Retail-Catalog & Mail-Order Houses,Retail
ASM,316888,AVINO SILVER & GOLD MINES LTD,1000,Metal Mining,Other / Financial / Services
CFFN,1490906,"Capitol Federal Financial, Inc.",6035,"Savings Institution, Federally Chartered",Other / Financial / Services
EVLV,1805385,"Evolv Technologies Holdings, Inc.",3577,"Computer Peripheral Equipment, NEC",Technology
SANA,1770121,"Sana Biotechnology, Inc.",2836,"Biological Products, (No Diagnostic Substances)",Healthcare
CII,1278895,"BlackRock Enhanced Large Cap Core Fund, Inc.",,,Unknown
CERT,1827090,"Certara, Inc.",7372,Services-Prepackaged Software,Technology
SBGI,1971213,"Sinclair, Inc.",4833,Television Broadcasting Stations,Other / Financial / Services
ETW,1322435,Eaton Vance Tax-Managed Global Buy-Write Opportunities Fund,,,Unknown
LWLG,1325964,"Lightwave Logic, Inc.",3080,Miscellaneous Plastics Products,Manufacturing
VMET,2080073,Versamet Royalties Corp,6795,Mineral Royalty Traders,Other / Financial / Services
ABR,1253986,ARBOR REALTY TRUST INC,6798,Real Estate Investment Trusts,Other / Financial / Services
CRAI,1053706,"CRA INTERNATIONAL, INC.",8111,Services-Legal Services,Healthcare
RZLV,1920294,REZOLVE AI PLC,7370,"Services-Computer Programming, Data Processing, Etc.",Technology
BOW,2002473,Bowhead Specialty Holdings Inc.,6331,"Fire, Marine & Casualty Insurance",Other / Financial / Services
OLMA,1750284,"Olema Pharmaceuticals, Inc.",2834,Pharmaceutical Preparations,Healthcare
FSBC,1275168,FIVE STAR BANCORP,6022,State Commercial Banks,Other / Financial / Services
TNDM,1438133,TANDEM DIABETES CARE INC,3841,Surgical & Medical Instruments & Apparatus,Healthcare
BAK,1071438,BRASKEM SA,2860,Industrial Organic Chemicals,Manufacturing
MUC,1051004,"BLACKROCK MUNIHOLDINGS CALIFORNIA QUALITY FUND, INC.",,,Unknown
YKCLY,2107946,Yamato Kogyo Co. Ltd/ADR,,,Unknown
PDS,1013605,PRECISION DRILLING Corp,1381,Drilling Oil & Gas Wells,Energy
RIOFF,1743235,Rio2 Ltd,,,Unknown
ELE,2086771,Elemental Royalty Corp,1040,Gold and Silver Ores,Other / Financial / Services
CRON,1656472,Cronos Group Inc.,2833,Medicinal Chemicals & Botanical Products,Healthcare
CRSR,1743759,"Corsair Gaming, Inc.",3577,"Computer Peripheral Equipment, NEC",Technology
CSIQ,1375877,Canadian Solar Inc.,3674,Semiconductors & Related Devices,Industrials
SLDB,1707502,Solid Biosciences Inc.,2836,"Biological Products, (No Diagnostic Substances)",Healthcare
CMRF,1498547,"CIM GROUP, INC.",6798,Real Estate Investment Trusts,Other / Financial / Services
VOR,1817229,Vor Biopharma Inc.,2836,"Biological Products, (No Diagnostic Substances)",Healthcare
ASST,1920406,"Strive, Inc.",6199,Finance Services,Other / Financial / Services
MSEX,66004,MIDDLESEX WATER CO,4941,Water Supply,Other / Financial / Services
OPK,944809,"OPKO HEALTH, INC.",2834,Pharmaceutical Preparations,Healthcare
SBSI,705432,SOUTHSIDE BANCSHARES INC,6022,State Commercial Banks,Other / Financial / Services
ACEL,1698991,"Accel Entertainment, Inc.",7900,Services-Amusement & Recreation Services,Other / Financial / Services
JBSS,880117,SANFILIPPO JOHN B & SON INC,2060,Sugar & Confectionery Products,Consumer Goods
ROOT,1788882,"Root, Inc.",6331,"Fire, Marine & Casualty Insurance",Other / Financial / Services
GO,1771515,Grocery Outlet Holding Corp.,5411,Retail-Grocery Stores,Retail
MCBS,1747068,"MetroCity Bankshares, Inc.",6022,State Commercial Banks,Other / Financial / Services
IVA,1756594,Inventiva S.A.,2834,Pharmaceutical Preparations,Healthcare
ESQ,1531031,"Esquire Financial Holdings, Inc.",6029,"Commercial Banks, NEC",Other / Financial / Services
KURA,1422143,"Kura Oncology, Inc.",2834,Pharmaceutical Preparations,Healthcare
GLAS,1848731,Glass House Brands Inc.,2833,Medicinal Chemicals & Botanical Products,Healthcare
EMO,1517518,ClearBridge Energy Midstream Opportunity Fund Inc.,,,Unknown
AVTX,1534120,"Avalo Therapeutics, Inc.",2834,Pharmaceutical Preparations,Healthcare
HBNC,706129,HORIZON BANCORP INC /IN/,6022,State Commercial Banks,Other / Financial / Services
GSBD,1572694,"Goldman Sachs BDC, Inc.",,,Unknown
GRPN,1490281,"Groupon, Inc.",7311,Services-Advertising Agencies,Other / Financial / Services
FAC,2049662,Factorial Energy Inc.,3690,"Miscellaneous Electrical Machinery, Equipment & Supplies",Industrials
GDRX,1809519,"GoodRx Holdings, Inc.",7374,Services-Computer Processing & Data Preparation,Technology
ETON,1710340,"Eton Pharmaceuticals, Inc.",2834,Pharmaceutical Preparations,Healthcare
BTX,1836057,BlackRock Technology & Private Equity Term Trust,,,Unknown
AMTB,1734342,Amerant Bancorp Inc.,6021,National Commercial Banks,Other / Financial / Services
CPF,701347,CENTRAL PACIFIC FINANCIAL CORP,6022,State Commercial Banks,Other / Financial / Services
JANX,1817713,"Janux Therapeutics, Inc.",2834,Pharmaceutical Preparations,Healthcare
EEX,1579214,"Emerald Holding, Inc.",7389,"Services-Business Services, NEC",Other / Financial / Services
LUCK,1840572,Lucky Strike Entertainment Corp,7900,Services-Amusement & Recreation Services,Other / Financial / Services
PLOW,1287213,"DOUGLAS DYNAMICS, INC",3531,Construction Machinery & Equip,Industrials
PHAT,1783183,"Phathom Pharmaceuticals, Inc.",2834,Pharmaceutical Preparations,Healthcare
EVO,1412558,Evotec SE,2834,Pharmaceutical Preparations,Healthcare
CCNE,736772,CNB FINANCIAL CORP/PA,6022,State Commercial Banks,Other / Financial / Services
EQBK,1227500,EQUITY BANCSHARES INC,6022,State Commercial Banks,Other / Financial / Services
BBN,1493683,BlackRock Taxable Municipal Bond Trust,,,Unknown
ASA,1230869,ASA Gold & Precious Metals Ltd,,,Unknown
FSCO,1568194,FS Credit Opportunities Corp.,,,Unknown
RNP,1224450,COHEN & STEERS REIT & PREFERRED & INCOME FUND INC,,,Unknown
WSR,1175535,Whitestone REIT,6798,Real Estate Investment Trusts,Other / Financial / Services
BFST,1624322,"Business First Bancshares, Inc.",6022,State Commercial Banks,Other / Financial / Services
PCRX,1396814,"Pacira BioSciences, Inc.",2834,Pharmaceutical Preparations,Healthcare
SG,1477815,"Sweetgreen, Inc.",5812,Retail-Eating  Places,Retail
MBWM,1042729,MERCANTILE BANK CORP,6022,State Commercial Banks,Other / Financial / Services
NNE,1923891,Nano Nuclear Energy Inc.,4911,Electric Services,Energy
TROX,1530804,Tronox Holdings plc,2810,Industrial Inorganic Chemicals,Manufacturing
CSR,798359,CENTERSPACE,6798,Real Estate Investment Trusts,Other / Financial / Services
CPAC,1221029,CEMENTOS PACASMAYO SAA,3241,"Cement, Hydraulic",Manufacturing
ARRY,1820721,"Array Technologies, Inc.",3674,Semiconductors & Related Devices,Industrials
HSLV,2013223,Highlander Silver Corp.,1040,Gold and Silver Ores,Other / Financial / Services
GERN,886744,GERON CORP,2834,Pharmaceutical Preparations,Healthcare
LXRX,1062822,"LEXICON PHARMACEUTICALS, INC.",2834,Pharmaceutical Preparations,Healthcare
MFA,1055160,"MFA FINANCIAL, INC.",6798,Real Estate Investment Trusts,Other / Financial / Services
KDK,1853138,"Kodiak AI, Inc.",7373,Services-Computer Integrated Systems Design,Technology
KFRC,930420,KFORCE INC,7363,Services-Help Supply Services,Other / Financial / Services
BMEZ,1785971,BlackRock Health Sciences Term Trust,,,Unknown
DBVT,1613780,DBV Technologies S.A.,2836,"Biological Products, (No Diagnostic Substances)",Healthcare
PDX,1756908,PIMCO Dynamic Income Strategy Fund,,,Unknown
UAMY,101538,UNITED STATES ANTIMONY CORP,3330,Primary Smelting & Refining of  Nonferrous Metals,Manufacturing
VLRS,1520504,"Controladora Vuela Compania de Aviacion, S.A.B. de C.V.",4512,"Air Transportation, Scheduled",Other / Financial / Services
QNST,1117297,"QUINSTREET, INC",7389,"Services-Business Services, NEC",Other / Financial / Services
PHAR,1828316,Pharming Group N.V.,2834,Pharmaceutical Preparations,Healthcare
NAK,1164771,NORTHERN DYNASTY MINERALS LTD,1040,Gold and Silver Ores,Other / Financial / Services
BTZ,1379384,BLACKROCK CREDIT ALLOCATION INCOME TRUST,,,Unknown
DAKT,915779,DAKTRONICS INC /SD/,3990,Miscellaneous Manufacturing Industries,Manufacturing
GOOS,1690511,Canada Goose Holdings Inc.,2300,Apparel & Other Finishd Prods of  Fabrics & Similar Matl,Consumer Goods
ABUS,1447028,Arbutus Biopharma Corp,2834,Pharmaceutical Preparations,Healthcare
ANRO,1999480,"Alto Neuroscience, Inc.",2834,Pharmaceutical Preparations,Healthcare
HAFC,1109242,HANMI FINANCIAL CORP,6021,National Commercial Banks,Other / Financial / Services
UTL,755001,UNITIL CORP,4931,Electric & Other Services Combined,Energy
TRST,357301,TRUSTCO BANK CORP N Y,6022,State Commercial Banks,Other / Financial / Services
NLST,1282631,NETLIST INC,3674,Semiconductors & Related Devices,Industrials
TK,911971,TEEKAY CORP LTD,4412,Deep Sea Foreign Transportation of  Freight,Other / Financial / Services
DSGN,1807120,"Design Therapeutics, Inc.",2834,Pharmaceutical Preparations,Healthcare
INDI,1841925,"indie Semiconductor, Inc.",3674,Semiconductors & Related Devices,Industrials
LBRX,1691082,LB PHARMACEUTICALS INC,2834,Pharmaceutical Preparations,Healthcare
RDVT,1720116,"Red Violet, Inc.",7372,Services-Prepackaged Software,Technology
ANNX,1528115,"Annexon, Inc.",2834,Pharmaceutical Preparations,Healthcare
WRLD,108385,WORLD ACCEPTANCE CORP,6141,Personal Credit Institutions,Other / Financial / Services
ENRD,2095096,Einride AB,7373,Services-Computer Integrated Systems Design,Technology
BLDP,1453015,Ballard Power Systems Inc.,3620,Electrical Industrial Apparatus,Industrials
MSSHY,2087844,Mitsui-Soko Holdings Co Limited/ADR,,,Unknown
AVR,2011514,Anteris Technologies Global Corp.,3842,"Orthopedic, Prosthetic & Surgical Appliances & Supplies",Healthcare
CRCT,1828962,"Cricut, Inc.",3559,"Special Industry Machinery, NEC",Industrials
SUPV,1517399,Grupo Supervielle S.A.,6029,"Commercial Banks, NEC",Other / Financial / Services
NRK,1195739,NUVEEN NEW YORK AMT-FREE QUALITY MUNICIPAL INCOME FUND,,,Unknown
REPL,1737953,"Replimune Group, Inc.",2836,"Biological Products, (No Diagnostic Substances)",Healthcare
BUR,1714174,Burford Capital Ltd,6199,Finance Services,Other / Financial / Services
HTD,1260041,JOHN HANCOCK TAX-ADVANTAGED DIVIDEND INCOME FUND,,,Unknown
SYNSY,2004340,Syensqo SA/ADR,,,Unknown
AIO,1778114,Virtus Artificial Intelligence & Technology Opportunities Fund,,,Unknown
EIG,1379041,"Employers Holdings, Inc.",6331,"Fire, Marine & Casualty Insurance",Other / Financial / Services
NBBK,1979330,"NB Bancorp, Inc.",6036,"Savings Institutions, Not Federally Chartered",Other / Financial / Services
DEC,1922446,Diversified Energy Co,1311,Crude Petroleum & Natural Gas,Energy
KOP,1315257,Koppers Holdings Inc.,2400,Lumber & Wood Products (No Furniture),Manufacturing
AVEX,2096300,AEVEX Corp.,3721,Aircraft,Industrials
BBSI,902791,BARRETT BUSINESS SERVICES INC,7363,Services-Help Supply Services,Other / Financial / Services
KBDC,1747172,"Kayne Anderson BDC, Inc.",,,Unknown
AEBI,2048519,Aebi Schmidt Holding AG,3531,Construction Machinery & Equip,Industrials
FBRX,1419041,"Forte Biosciences, Inc.",2834,Pharmaceutical Preparations,Healthcare
STK,1471420,"Columbia Seligman Premium Technology Growth Fund, Inc.",,,Unknown
FTH,1829802,"Faeth Therapeutics, Inc.",2834,Pharmaceutical Preparations,Healthcare
LTGHY,1569963,Life Healthcare Group Holdings Limited/ADR,,,Unknown
ALDS,1755101,APPlife Digital Solutions Inc,5531,Retail-Auto & Home Supply Stores,Retail
FTK,928054,FLOTEK INDUSTRIES INC/CN/,2890,Miscellaneous Chemical Products,Manufacturing
NXDR,1846069,"Nextdoor Holdings, Inc.",7370,"Services-Computer Programming, Data Processing, Etc.",Technology
LMB,1606163,"Limbach Holdings, Inc.",1700,Construction - Special Trade Contractors,Other / Financial / Services
UMAC,1956955,"Unusual Machines, Inc.",3663,Radio & Tv Broadcasting & Communications Equipment,Industrials
FMCB,1085913,FARMERS & MERCHANTS BANCORP,6021,National Commercial Banks,Other / Financial / Services
BKSY,1753539,BlackSky Technology Inc.,3663,Radio & Tv Broadcasting & Communications Equipment,Industrials
GILT,897322,GILAT SATELLITE NETWORKS LTD,3663,Radio & Tv Broadcasting & Communications Equipment,Industrials
CAC,750686,CAMDEN NATIONAL CORP,6021,National Commercial Banks,Other / Financial / Services
NXP,883618,NUVEEN SELECT TAX FREE INCOME PORTFOLIO,,,Unknown
PSTL,1759774,"Postal Realty Trust, Inc.",6798,Real Estate Investment Trusts,Other / Financial / Services
BBDC,1379785,"Barings BDC, Inc.",,,Unknown
ADSE,1879248,Ads-Tec Energy Public Ltd Co,3690,"Miscellaneous Electrical Machinery, Equipment & Supplies",Industrials
MOMO,1610601,Hello Group Inc.,7372,Services-Prepackaged Software,Technology
PMT,1464423,PennyMac Mortgage Investment Trust,6798,Real Estate Investment Trusts,Other / Financial / Services
ARKO,1823794,ARKO Corp.,5412,Retail-Convenience Stores,Retail
NPK,80172,NATIONAL PRESTO INDUSTRIES INC,3480,"Ordnance & Accessories, (No Vehicles/Guided Missiles)",Manufacturing
HIVE,1720424,HIVE Digital Technologies Ltd.,6199,Finance Services,Other / Financial / Services
LYTS,763532,LSI INDUSTRIES INC,3640,Electric Lighting & Wiring Equipment,Industrials
THFF,714562,FIRST FINANCIAL CORP /IN/,6022,State Commercial Banks,Other / Financial / Services
IPX,1898601,IPERIONX Ltd,1090,Miscellaneous Metal Ores,Other / Financial / Services
GLIBA,2057463,Liberty Capital Corp/NV,4841,Cable & Other Pay Television Services,Other / Financial / Services
ALIT,1809104,"Alight, Inc. / Delaware",7389,"Services-Business Services, NEC",Other / Financial / Services
OXLC,1495222,Oxford Lane Capital Corp.,,,Unknown
PCN,1160990,PIMCO CORPORATE & INCOME STRATEGY FUND,,,Unknown
ACDC,1881487,ProFrac Holding Corp.,1389,"Oil & Gas Field Services, NEC",Energy
RJET,810332,REPUBLIC AIRWAYS HOLDINGS INC.,4512,"Air Transportation, Scheduled",Other / Financial / Services
MAMA,1520358,"Mama's Creations, Inc.",2013,Sausages & Other Prepared Meat Products,Consumer Goods
RPC,1841968,"Ridgepost Capital, Inc.",6282,Investment Advice,Other / Financial / Services
CCXI,2074973,Churchill Capital Corp XI,6770,Blank Checks,Other / Financial / Services
HMH,2021880,HMH Holding Inc,3533,Oil & Gas Field Machinery & Equipment,Industrials
TBPH,1583107,"Theravance Biopharma, Inc.",2834,Pharmaceutical Preparations,Healthcare
AWF,906013,ALLIANCEBERNSTEIN GLOBAL HIGH INCOME FUND INC,,,Unknown
HPK,1792849,"HighPeak Energy, Inc.",1381,Drilling Oil & Gas Wells,Energy
INMD,1742692,InMode Ltd.,3845,Electromedical & Electrotherapeutic Apparatus,Healthcare
NANO,2101833,ATII Holdings Inc.,3559,"Special Industry Machinery, NEC",Industrials
MPB,879635,MID PENN BANCORP INC,6022,State Commercial Banks,Other / Financial / Services
RERE,1838957,ATRenew Inc.,5990,"Retail-Retail Stores, NEC",Retail
BZH,915840,BEAZER HOMES USA INC,1531,Operative Builders,Other / Financial / Services
PHK,1219360,PIMCO HIGH INCOME FUND,,,Unknown
TALK,1803901,"Talkspace, Inc.",8000,Services-Health Services,Healthcare
BCX,1506289,BlackRock Resources & Commodities Strategy Trust,,,Unknown
DSP,1828791,Viant Technology Inc.,7370,"Services-Computer Programming, Data Processing, Etc.",Technology
MITK,807863,MITEK SYSTEMS INC,3577,"Computer Peripheral Equipment, NEC",Technology
EVER,1640428,"EverQuote, Inc.",7370,"Services-Computer Programming, Data Processing, Etc.",Technology
MEC,1766368,"Mayville Engineering Company, Inc.",3460,Metal Forgings & Stampings,Manufacturing
CAPL,1538849,CrossAmerica Partners LP,5172,Wholesale-Petroleum & Petroleum Products (No Bulk Stations),Other / Financial / Services
MOV,72573,MOVADO GROUP INC,3873,"Watches, Clocks, Clockwork Operated Devices/Parts",Manufacturing
TDUP,1484778,ThredUp Inc.,5961,Retail-Catalog & Mail-Order Houses,Retail
ALOY,1567900,REALLOYS INC.,1000,Metal Mining,Other / Financial / Services
JMIA,1756708,Jumia Technologies AG,5961,Retail-Catalog & Mail-Order Houses,Retail
FMNB,709337,FARMERS NATIONAL BANC CORP /OH/,6022,State Commercial Banks,Other / Financial / Services
EVEX,1823652,"Eve Holding, Inc.",3721,Aircraft,Industrials
CCBG,726601,CAPITAL CITY BANK GROUP INC,6022,State Commercial Banks,Other / Financial / Services
GSBC,854560,"GREAT SOUTHERN BANCORP, INC.",6022,State Commercial Banks,Other / Financial / Services
RVI,2085091,Robinhood Ventures Fund I,,,Unknown
FSSL,2065812,FS Specialty Lending Fund,,,Unknown
SCHL,866729,SCHOLASTIC CORP,2731,Books: Publishing or  Publishing & Printing,Manufacturing
HRTG,1598665,"Heritage Insurance Holdings, Inc.",6331,"Fire, Marine & Casualty Insurance",Other / Financial / Services
TALMF,2001201,Fuerte Metals Corp,,,Unknown
WGO,107687,WINNEBAGO INDUSTRIES INC,3716,Motor Homes,Industrials
SMP,93389,"STANDARD MOTOR PRODUCTS, INC.",3714,Motor Vehicle Parts & Accessories,Industrials
BCSF,1655050,"Bain Capital Specialty Finance, Inc.",,,Unknown
GTM,1794515,ZoomInfo Technologies Inc.,7372,Services-Prepackaged Software,Technology
DQ,1477641,DAQO NEW ENERGY CORP.,3674,Semiconductors & Related Devices,Industrials
MATW,63296,MATTHEWS INTERNATIONAL CORP,3360,Nonferrous Foundries (Castings),Manufacturing
MQY,890196,"BLACKROCK MUNIYIELD QUALITY FUND, INC.",,,Unknown
FCBC,859070,FIRST COMMUNITY BANKSHARES INC /VA/,6022,State Commercial Banks,Other / Financial / Services
JKS,1481513,"JinkoSolar Holding Co., Ltd.",3674,Semiconductors & Related Devices,Industrials
GMRS,1898718,GMR Solutions Inc.,4700,Transportation Services,Other / Financial / Services
AMPH,1297184,"Amphastar Pharmaceuticals, Inc.",2834,Pharmaceutical Preparations,Healthcare
DXYZ,1843974,Destiny Tech100 Inc.,,,Unknown
TRNS,99302,TRANSCAT INC,3825,Instruments For Meas & Testing of  Electricity & Elec Signals,Manufacturing
ADAM,1273685,"ADAMAS TRUST, INC.",6798,Real Estate Investment Trusts,Other / Financial / Services
HPP,1482512,"Hudson Pacific Properties, Inc.",6500,Real Estate,Other / Financial / Services
OCS,1953530,Oculis Holding AG,2834,Pharmaceutical Preparations,Healthcare
GCMG,1819796,GCM Grosvenor Inc.,6282,Investment Advice,Other / Financial / Services
ESPR,1434868,"Esperion Therapeutics, Inc.",2834,Pharmaceutical Preparations,Healthcare
CTMX,1501989,"CytomX Therapeutics, Inc.",2834,Pharmaceutical Preparations,Healthcare
MFIC,1278752,MidCap Financial Investment Corp,,,Unknown
PGC,1050743,PEAPACK GLADSTONE FINANCIAL CORP,6029,"Commercial Banks, NEC",Other / Financial / Services
TIGR,1756699,UP Fintech Holding Ltd,6211,"Security Brokers, Dealers & Flotation Companies",Other / Financial / Services
SMBC,916907,"SOUTHERN MISSOURI BANCORP, INC.",6036,"Savings Institutions, Not Federally Chartered",Other / Financial / Services
EGBN,1050441,EAGLE BANCORP INC,6022,State Commercial Banks,Other / Financial / Services
EOI,1300391,Eaton Vance Enhanced Equity Income Fund,,,Unknown
YALA,1794350,Yalla Group Ltd,7370,"Services-Computer Programming, Data Processing, Etc.",Technology
HSTM,1095565,HEALTHSTREAM INC,7370,"Services-Computer Programming, Data Processing, Etc.",Technology
APOG,6845,"APOGEE ENTERPRISES, INC.",3231,"Glass Products, Made of  Purchased Glass",Manufacturing
HTB,1538263,"HomeTrust Bancshares, Inc.",6035,"Savings Institution, Federally Chartered",Other / Financial / Services
CLYM,1768446,"Climb Bio, Inc.",2834,Pharmaceutical Preparations,Healthcare
KODK,31235,EASTMAN KODAK CO,3861,Photographic Equipment & Supplies,Manufacturing
SPFI,1163668,"SOUTH PLAINS FINANCIAL, INC.",6022,State Commercial Banks,Other / Financial / Services
METC,1687187,"Ramaco Resources, Inc.",1220,Silver Ores,Other / Financial / Services
TCGLF,2047190,TechCreate Group Ltd.,7374,Services-Computer Processing & Data Preparation,Technology
NIKA,1145604,"NIKA PHARMACEUTICALS, INC",2834,Pharmaceutical Preparations,Healthcare
PSIX,1137091,"POWER SOLUTIONS INTERNATIONAL, INC.",3510,Engines & Turbines,Industrials
BVS,1665988,Bioventus Inc.,3841,Surgical & Medical Instruments & Apparatus,Healthcare
RIGL,1034842,RIGEL PHARMACEUTICALS INC,2834,Pharmaceutical Preparations,Healthcare
CYRX,1124524,"Cryoport, Inc.",2834,Pharmaceutical Preparations,Healthcare
BRELY,2018463,Brazilian Rare Earths Limited/ADR,,,Unknown
NX,1423221,Quanex Building Products CORP,3350,Rolling Drawing & Extruding of  Nonferrous Metals,Manufacturing
ODD,1907085,Oddity Tech Ltd,2844,"Perfumes, Cosmetics & Other Toilet Preparations",Manufacturing
NABL,1834488,"N-able, Inc.",7372,Services-Prepackaged Software,Technology
MTUS,1598428,Metallus Inc.,3312,"Steel Works, Blast Furnaces & Rolling Mills (Coke Ovens)",Manufacturing
ORRF,826154,ORRSTOWN FINANCIAL SERVICES INC,6022,State Commercial Banks,Other / Financial / Services
SMBK,1038773,SMARTFINANCIAL INC.,6021,National Commercial Banks,Other / Financial / Services
SPRY,1671858,"ARS Pharmaceuticals, Inc.",2834,Pharmaceutical Preparations,Healthcare
MEGI,1855066,NYLI CBRE Global Infrastructure Megatrends Term Fund,,,Unknown
MNTN,1891027,"MNTN, Inc.",7310,Services-Advertising,Other / Financial / Services
ZVRA,1434647,"ZEVRA THERAPEUTICS, INC.",2834,Pharmaceutical Preparations,Healthcare
IMMX,1873835,"Immix Biopharma, Inc.",2834,Pharmaceutical Preparations,Healthcare
ODTX,1882782,"Odyssey Therapeutics, Inc.",2836,"Biological Products, (No Diagnostic Substances)",Healthcare
BOT,2081119,"RoboStrategy, Inc.",,,Unknown
PD,1568100,"PagerDuty, Inc.",7372,Services-Prepackaged Software,Technology
THQ,1604522,abrdn Healthcare Opportunities Fund,,,Unknown
NAVI,1593538,NAVIENT CORP,6211,"Security Brokers, Dealers & Flotation Companies",Other / Financial / Services
ALRS,903419,ALERUS FINANCIAL CORP,6021,National Commercial Banks,Other / Financial / Services
ACRS,1557746,"Aclaris Therapeutics, Inc.",2834,Pharmaceutical Preparations,Healthcare
XOMA,791908,XOMA Royalty Corp,2834,Pharmaceutical Preparations,Healthcare
OIO,1957538,OIO Group,4953,Refuse Systems,Other / Financial / Services
FFC,1174164,Flaherty & Crumrine PREFERRED & INCOME SECURITIES FUND INC,,,Unknown
IVR,1437071,Invesco Mortgage Capital Inc.,6798,Real Estate Investment Trusts,Other / Financial / Services
LXU,60714,"LSB INDUSTRIES, INC.",2810,Industrial Inorganic Chemicals,Manufacturing
HBIA,732417,HILLS BANCORPORATION,6022,State Commercial Banks,Other / Financial / Services
DJCO,783412,DAILY JOURNAL CORP,2711,Newspapers: Publishing or  Publishing & Printing,Manufacturing
HNRG,788965,HALLADOR ENERGY CO,4911,Electric Services,Energy
WLKP,1604665,Westlake Chemical Partners LP,2860,Industrial Organic Chemicals,Manufacturing
BTO,925683,JOHN HANCOCK FINANCIAL OPPORTUNITIES FUND,,,Unknown
NGNE,1404644,Neurogene Inc.,2834,Pharmaceutical Preparations,Healthcare
FWRG,1789940,"First Watch Restaurant Group, Inc.",5812,Retail-Eating  Places,Retail
SIBN,1459839,"SI-BONE, Inc.",3841,Surgical & Medical Instruments & Apparatus,Healthcare
FDUS,1513363,FIDUS INVESTMENT Corp,,,Unknown
OFRM,1696556,"Once Upon a Farm, PBC",2000,Food and Kindred Products,Consumer Goods
LCLN,1925283,"Lincoln International, Inc.",6282,Investment Advice,Other / Financial / Services
IMSR,2019804,Terrestrial Energy Inc. /DE/,3443,Fabricated Plate Work (Boiler Shops),Manufacturing
CRESY,1034957,CRESUD INC,6500,Real Estate,Other / Financial / Services
CAZGF,2074220,Catapult Group International Ltd,,,Unknown
FISI,862831,FINANCIAL INSTITUTIONS INC,6021,National Commercial Banks,Other / Financial / Services
ABTC,1755953,American Bitcoin Corp.,6199,Finance Services,Other / Financial / Services
AAC,2128115,Ares Acquisition Corp III,6770,Blank Checks,Other / Financial / Services
NGVC,1547459,"Natural Grocers by Vitamin Cottage, Inc.",5411,Retail-Grocery Stores,Retail
GGN,1313510,"GAMCO Global Gold, Natural Resources & Income Trust",,,Unknown
SKYH,1823587,Sky Harbour Group Corp,6500,Real Estate,Other / Financial / Services
SHBI,1035092,SHORE BANCSHARES INC,6021,National Commercial Banks,Other / Financial / Services
RMT,912147,"ROYCE MICRO-CAP TRUST, INC.",,,Unknown
AGNT,1495932,"AGNT, Inc.",6531,Real Estate Agents & Managers (For Others),Other / Financial / Services
CODI,1345126,Compass Diversified Holdings,2510,Household Furniture,Consumer Goods
ONT,1643615,"Onterris, Inc.",8742,Services-Management Consulting Services,Other / Financial / Services
NEWP,1369085,NEW PACIFIC METALS CORP,1040,Gold and Silver Ores,Other / Financial / Services
GDOT,1386278,GREEN DOT CORP,6199,Finance Services,Other / Financial / Services
FPH,1574197,"Five Point Holdings, LLC",6500,Real Estate,Other / Financial / Services
HOV,357294,HOVNANIAN ENTERPRISES INC,1531,Operative Builders,Other / Financial / Services
RPD,1560327,"Rapid7, Inc.",7372,Services-Prepackaged Software,Technology
BUI,1528988,"BlackRock Utilities, Infrastructure & Power Opportunities Trust",,,Unknown
HIPO,1828105,Hippo Holdings Inc.,6331,"Fire, Marine & Casualty Insurance",Other / Financial / Services
HYLN,1759631,Hyliion Holdings Corp.,3713,Truck & Bus Bodies,Industrials
DRUG,1827401,BRIGHT MINDS BIOSCIENCES INC.,2834,Pharmaceutical Preparations,Healthcare
HZO,1057060,MARINEMAX INC,5531,Retail-Auto & Home Supply Stores,Retail
SABR,1597033,Sabre Corp,7370,"Services-Computer Programming, Data Processing, Etc.",Technology
CCD,1602584,Calamos Dynamic Convertible & Income Fund,,,Unknown
SSII,1676163,"SS Innovations International, Inc.",3841,Surgical & Medical Instruments & Apparatus,Healthcare
SGP,1778922,"SpyGlass Pharma, Inc.",3841,Surgical & Medical Instruments & Apparatus,Healthcare
NIE,1383441,Virtus Equity & Convertible Income Fund,,,Unknown
ODV,1431852,Osisko Development Corp.,1040,Gold and Silver Ores,Other / Financial / Services
SSYS,1517396,STRATASYS LTD.,3577,"Computer Peripheral Equipment, NEC",Technology
KRNT,1625791,Kornit Digital Ltd.,3555,Printing Trades Machinery & Equipment,Industrials
CBLL,1861107,"Ceribell, Inc.",3845,Electromedical & Electrotherapeutic Apparatus,Healthcare
OMER,1285819,OMEROS CORP,2834,Pharmaceutical Preparations,Healthcare
IBCP,39311,INDEPENDENT BANK CORP /MI/,6022,State Commercial Banks,Other / Financial / Services
CGBD,1544206,"Carlyle Secured Lending, Inc.",,,Unknown
LPTH,889971,LIGHTPATH TECHNOLOGIES INC,3674,Semiconductors & Related Devices,Industrials
ASGI,1793855,abrdn Global Infrastructure Income Fund,,,Unknown
BBNX,1674632,"Beta Bionics, Inc.",3841,Surgical & Medical Instruments & Apparatus,Healthcare
IRWD,1446847,IRONWOOD PHARMACEUTICALS INC,2834,Pharmaceutical Preparations,Healthcare
CWBC,1127371,Community West Bancshares,6022,State Commercial Banks,Other / Financial / Services
SOC,1831481,Sable Offshore Corp.,1311,Crude Petroleum & Natural Gas,Energy
GYRE,1124105,"GYRE THERAPEUTICS, INC.",2834,Pharmaceutical Preparations,Healthcare
MYI,883412,"BLACKROCK MUNIYIELD QUALITY FUND III, INC.",,,Unknown
RGNX,1590877,REGENXBIO Inc.,2836,"Biological Products, (No Diagnostic Substances)",Healthcare
KOPN,771266,KOPIN CORP,3674,Semiconductors & Related Devices,Industrials
SWIM,1833197,"Latham Group, Inc.",3089,"Plastics Products, NEC",Manufacturing
WOOF,1826470,"Petco Health & Wellness Company, Inc.",5990,"Retail-Retail Stores, NEC",Retail
MAX,1818383,"MediaAlpha, Inc.",7389,"Services-Business Services, NEC",Other / Financial / Services
WEST,1806347,Westrock Coffee Co,2080,Beverages,Consumer Goods
LDI,1831631,"loanDepot, Inc.",6199,Finance Services,Other / Financial / Services
LOT,1962746,Lotus Technology Inc.,3711,Motor Vehicles & Passenger Car Bodies,Industrials
HDL,1995306,SUPER HI INTERNATIONAL HOLDING LTD.,5812,Retail-Eating  Places,Retail
ANGX,1865200,"Angel Studios, Inc.",7812,Services-Motion Picture & Video Tape Production,Other / Financial / Services
CARE,1829576,"Carter Bankshares, Inc.",6021,National Commercial Banks,Other / Financial / Services
BLMN,1546417,"Bloomin' Brands, Inc.",5812,Retail-Eating  Places,Retail
PFLT,1504619,PennantPark Floating Rate Capital Ltd.,,,Unknown
REPX,1001614,"Riley Exploration Permian, Inc.",1311,Crude Petroleum & Natural Gas,Energy
FOXF,1424929,FOX FACTORY HOLDING CORP,3751,"Motorcycles, Bicycles & Parts",Industrials
CTO,23795,"CTO Realty Growth, Inc.",6798,Real Estate Investment Trusts,Other / Financial / Services
TXO,1559432,"TXO Partners, L.P.",1311,Crude Petroleum & Natural Gas,Energy
EFOR,890564,Everforth Inc,7363,Services-Help Supply Services,Other / Financial / Services
BIT,1562818,BlackRock Multi-Sector Income Trust,,,Unknown
CSTL,1447362,CASTLE BIOSCIENCES INC,8071,Services-Medical Laboratories,Healthcare
ABXXF,1971975,Abaxx Technologies Inc.,7372,Services-Prepackaged Software,Technology
JBI,1839839,"Janus International Group, Inc.",3442,"Metal Doors, Sash, Frames, Moldings & Trim",Manufacturing
JQC,1227476,Nuveen Credit Strategies Income Fund,,,Unknown
SLRC,1418076,SLR Investment Corp.,,,Unknown
WDI,1819559,Western Asset Diversified Income Fund (WDI),,,Unknown
RA,1655099,Brookfield Real Assets Income Fund Inc.,,,Unknown
AURA,1501796,"Aura Biosciences, Inc.",2836,"Biological Products, (No Diagnostic Substances)",Healthcare
HSHP,1959455,Himalaya Shipping Ltd.,4412,Deep Sea Foreign Transportation of  Freight,Other / Financial / Services
IBTA,1538379,"Ibotta, Inc.",7310,Services-Advertising,Other / Financial / Services
AIAI,2096362,AIAI Holdings Corp,7374,Services-Computer Processing & Data Preparation,Technology
MNPR,1645469,Monopar Therapeutics,2834,Pharmaceutical Preparations,Healthcare
PRAA,1185348,PRA GROUP INC,6153,Short-Term Business Credit Institutions,Other / Financial / Services
PFN,1296250,PIMCO Income Strategy Fund II,,,Unknown
SHEN,354963,SHENANDOAH TELECOMMUNICATIONS CO/VA/,4813,Telephone Communications (No Radiotelephone),Other / Financial / Services
FBYD,1937987,"Falcon's Beyond Global, Inc.",7990,Services-Miscellaneous Amusement & Recreation,Other / Financial / Services
PKE,76267,PARK AEROSPACE CORP,3728,"Aircraft Parts & Auxiliary Equipment, NEC",Industrials
VBNK,1690639,VersaBank,6029,"Commercial Banks, NEC",Other / Financial / Services
DGICA,800457,DONEGAL GROUP INC,6331,"Fire, Marine & Casualty Insurance",Other / Financial / Services
TBLD,1820378,Thornburg Income Builder Opportunities Trust,,,Unknown
INN,1497645,"Summit Hotel Properties, Inc.",6798,Real Estate Investment Trusts,Other / Financial / Services
IGR,1268884,CBRE GLOBAL REAL ESTATE INCOME FUND,,,Unknown
BRSP,1717547,"BrightSpire Capital, Inc.",6798,Real Estate Investment Trusts,Other / Financial / Services
GFR,1966287,Greenfire Resources Ltd.,1311,Crude Petroleum & Natural Gas,Energy
CADL,1841387,"Candel Therapeutics, Inc.",2836,"Biological Products, (No Diagnostic Substances)",Healthcare
SWBI,1092796,"SMITH & WESSON BRANDS, INC.",3480,"Ordnance & Accessories, (No Vehicles/Guided Missiles)",Manufacturing
PAXS,1886878,PIMCO Access Income Fund,,,Unknown
SB,1434754,"SAFE BULKERS, INC.",4412,Deep Sea Foreign Transportation of  Freight,Other / Financial / Services
SXC,1514705,"SunCoke Energy, Inc.",3312,"Steel Works, Blast Furnaces & Rolling Mills (Coke Ovens)",Manufacturing
RBTK,1594204,ZHEN DING RESOURCES INC.,1000,Metal Mining,Other / Financial / Services
VTEX,1793663,VTEX,7372,Services-Prepackaged Software,Technology
PAR,708821,PAR TECHNOLOGY CORP,3578,Calculating & Accounting Machines (No Electronic Computers),Industrials
ALLO,1737287,"Allogene Therapeutics, Inc.",2836,"Biological Products, (No Diagnostic Substances)",Healthcare
PEO,216851,"ADAMS NATURAL RESOURCES FUND, INC.",,,Unknown
RSKD,1851112,RISKIFIED LTD.,7389,"Services-Business Services, NEC",Other / Financial / Services
UTZ,1739566,"Utz Brands, Inc.",2090,Miscellaneous Food Preparations & Kindred Products,Consumer Goods
TIPT,1393726,TIPTREE INC.,6331,"Fire, Marine & Casualty Insurance",Other / Financial / Services
AHRT,1569187,"AH Realty Trust, Inc.",6500,Real Estate,Other / Financial / Services
CCSI,1866633,"Consensus Cloud Solutions, Inc.",7372,Services-Prepackaged Software,Technology
DLY,1788399,DoubleLine Yield Opportunities Fund,,,Unknown
KRO,1257640,KRONOS WORLDWIDE INC,2810,Industrial Inorganic Chemicals,Manufacturing
BMM,1732379,Blue Moon Metals Inc.,1000,Metal Mining,Other / Financial / Services
KRT,1758021,Karat Packaging Inc.,3089,"Plastics Products, NEC",Manufacturing
VEL,1692376,"Velocity Financial, Inc.",6199,Finance Services,Other / Financial / Services
WASH,737468,WASHINGTON TRUST BANCORP INC,6022,State Commercial Banks,Other / Financial / Services
ISOU,1997377,IsoEnergy Ltd.,1090,Miscellaneous Metal Ores,Other / Financial / Services
BOE,1320375,BlackRock Enhanced Global Dividend Trust,,,Unknown
BBOT,1869105,"BridgeBio Oncology Therapeutics, Inc.",2834,Pharmaceutical Preparations,Healthcare
NMFC,1496099,New Mountain Finance Corp,,,Unknown
KRNGY,1494191,Karoon Gas Australia Ltd /ADR/,,,Unknown
FISN,1918102,"DEEP FISSION, INC.",4911,Electric Services,Energy
PRME,1894562,"Prime Medicine, Inc.",2836,"Biological Products, (No Diagnostic Substances)",Healthcare
MAKO,1784930,Mako Mining Corp.,1040,Gold and Silver Ores,Other / Financial / Services
MCS,62234,MARCUS CORP,7830,Services-Motion Picture Theaters,Other / Financial / Services
NKX,1195738,NUVEEN CALIFORNIA AMT-FREE QUALITY MUNICIPAL INCOME FUND,,,Unknown
RLMD,1553643,"RELMADA THERAPEUTICS, INC.",2834,Pharmaceutical Preparations,Healthcare
BWMX,1788257,"BETTERWARE DE MEXICO, S.A.P.I. DE C.V",5961,Retail-Catalog & Mail-Order Houses,Retail
NB,1512228,NIOCORP DEVELOPMENTS LTD,1000,Metal Mining,Other / Financial / Services
TRON,1956744,Tron Inc.,6199,Finance Services,Other / Financial / Services
AROW,717538,ARROW FINANCIAL CORP,6021,National Commercial Banks,Other / Financial / Services
RSVR,1824403,"Reservoir Media, Inc.",7900,Services-Amusement & Recreation Services,Other / Financial / Services
TCMD,1027838,TACTILE SYSTEMS TECHNOLOGY INC,3841,Surgical & Medical Instruments & Apparatus,Healthcare
CASS,708781,CASS INFORMATION SYSTEMS INC,7389,"Services-Business Services, NEC",Other / Financial / Services
PFIS,1056943,PEOPLES FINANCIAL SERVICES CORP.,6021,National Commercial Banks,Other / Financial / Services
MTA,1722606,Metalla Royalty & Streaming Ltd.,1040,Gold and Silver Ores,Other / Financial / Services
VMO,884152,Invesco Municipal Opportunity Trust,,,Unknown
BCAL,1795815,California BanCorp \ CA,6021,National Commercial Banks,Other / Financial / Services
HTZ,1657853,"HERTZ GLOBAL HOLDINGS, INC",7510,Services-Auto Rental & Leasing (No Drivers),Other / Financial / Services
YB,1995520,Yuanbao Inc.,6411,"Insurance Agents, Brokers & Service",Other / Financial / Services
TCBX,1781730,"Third Coast Bancshares, Inc.",6036,"Savings Institutions, Not Federally Chartered",Other / Financial / Services
GAIN,1321741,GLADSTONE INVESTMENT CORPORATIONDE,,,Unknown
MUJ,1053988,"BLACKROCK MUNIHOLDINGS NEW JERSEY QUALITY FUND, INC.",,,Unknown
PHR,1412408,"Phreesia, Inc.",7389,"Services-Business Services, NEC",Other / Financial / Services
SATL,1874315,Satellogic Inc.,3663,Radio & Tv Broadcasting & Communications Equipment,Industrials
TRTX,1630472,"TPG RE Finance Trust, Inc.",6798,Real Estate Investment Trusts,Other / Financial / Services
NVRI,2104052,Enviri Corp,4953,Refuse Systems,Other / Financial / Services
VINP,1826286,Vinci Compass Investments Ltd.,6282,Investment Advice,Other / Financial / Services
CRMD,1410098,CorMedix Inc.,2834,Pharmaceutical Preparations,Healthcare
ACP,1503290,abrdn Income Credit Strategies Fund,,,Unknown
TECX,1681087,"Tectonic Therapeutic, Inc.",2836,"Biological Products, (No Diagnostic Substances)",Healthcare
BHK,1160864,BLACKROCK CORE BOND TRUST,,,Unknown
AENT,1823584,ALLIANCE ENTERTAINMENT HOLDING CORP,5099,"Wholesale-Durable Goods, NEC",Other / Financial / Services
FFMGF,1641229,First Mining Gold Corp.,1040,Gold and Silver Ores,Other / Financial / Services
CGNT,1824814,Cognyte Software Ltd.,7372,Services-Prepackaged Software,Technology
EVH,1628908,"Evolent Health, Inc.",8741,Services-Management Services,Healthcare
VTS,1944558,"Vitesse Energy, Inc.",1311,Crude Petroleum & Natural Gas,Energy
RHNO,1785493,RHINO BITCOIN INC.,1700,Construction - Special Trade Contractors,Other / Financial / Services
CNNE,1704720,"Cannae Holdings, Inc.",5810,Retail-Eating & Drinking Places,Retail
CCOI,1158324,"COGENT COMMUNICATIONS HOLDINGS, INC.",4899,"Communications Services, NEC",Other / Financial / Services
NPB,1336706,NORTHPOINTE BANCSHARES INC,6022,State Commercial Banks,Other / Financial / Services
AMSF,1018979,AMERISAFE INC,6331,"Fire, Marine & Casualty Insurance",Other / Financial / Services
ASPI,1921865,ASP Isotopes Inc.,2890,Miscellaneous Chemical Products,Manufacturing
ALPIB,872716,ALPINE BANKS OF COLORADO,,,Unknown
DMII,2040475,Drugs Made In America Acquisition II Corp.,6770,Blank Checks,Other / Financial / Services
ANL,1944552,Adlai Nortye Ltd.,2834,Pharmaceutical Preparations,Healthcare
ASC,1577437,Ardmore Shipping Corp,4412,Deep Sea Foreign Transportation of  Freight,Other / Financial / Services
RWT,930236,REDWOOD TRUST INC,6798,Real Estate Investment Trusts,Other / Financial / Services
GPRK,1464591,GeoPark Ltd,1311,Crude Petroleum & Natural Gas,Energy
EROC,2110029,"ERock, Inc.",3620,Electrical Industrial Apparatus,Industrials
PWRL,2052053,Powerlaw Corp.,,,Unknown
PDT,855886,JOHN HANCOCK PREMIUM DIVIDEND FUND,,,Unknown
FDMT,1650648,"4D Molecular Therapeutics, Inc.",2836,"Biological Products, (No Diagnostic Substances)",Healthcare
VLGEA,103595,VILLAGE SUPER MARKET INC,5411,Retail-Grocery Stores,Retail
KRUS,1772177,"KURA SUSHI USA, INC.",5812,Retail-Eating  Places,Retail
BALY,1747079,Bally's Corp,7011,Hotels & Motels,Other / Financial / Services
LEGH,1436208,Legacy Housing Corp,2451,Mobile Homes,Manufacturing
NCDL,1737924,Nuveen Churchill Direct Lending Corp.,,,Unknown
ACHV,949858,"ACHIEVE LIFE SCIENCES, INC.",2835,In Vitro & In Vivo Diagnostic Substances,Healthcare
MSBI,1466026,"Midland States Bancorp, Inc.",6022,State Commercial Banks,Other / Financial / Services
TREE,1434621,"LendingTree, Inc.",6163,Loan Brokers,Other / Financial / Services
LAES,1951222,SEALSQ Corp,3674,Semiconductors & Related Devices,Industrials
PUBM,1422930,"PubMatic, Inc.",7370,"Services-Computer Programming, Data Processing, Etc.",Technology
CLDT,1476045,Chatham Lodging Trust,6798,Real Estate Investment Trusts,Other / Financial / Services
RRBI,1071236,RED RIVER BANCSHARES INC,6022,State Commercial Banks,Other / Financial / Services
SWRD,1795851,"Stewards, Inc.",6153,Short-Term Business Credit Institutions,Other / Financial / Services
CERS,1020214,CERUS CORP,3841,Surgical & Medical Instruments & Apparatus,Healthcare
VRRM,1682745,VERRA MOBILITY Corp,4700,Transportation Services,Other / Financial / Services
EVOH,1700844,EvoAir Holdings Inc.,3585,Air-Cond & Warm Air Heatg Equip & Comm & Indl Refrig Equip,Industrials
STTK,1680367,"Shattuck Labs, Inc.",2834,Pharmaceutical Preparations,Healthcare
AGMB,2020932,Agomab Therapeutics NV,2836,"Biological Products, (No Diagnostic Substances)",Healthcare
BHB,743367,BAR HARBOR BANKSHARES,6022,State Commercial Banks,Other / Financial / Services
NDMO,1793129,Nuveen Dynamic Municipal Opportunities Fund,,,Unknown
AXG,1959224,"Solowin Holdings, Ltd.",6211,"Security Brokers, Dealers & Flotation Companies",Other / Financial / Services
NRDS,1625278,"NERDWALLET, INC.",7374,Services-Computer Processing & Data Preparation,Technology
HQL,884121,abrdn Life Sciences Investors,0,,Other / Financial / Services
FBRT,1562528,"Franklin BSP Realty Trust, Inc.",6798,Real Estate Investment Trusts,Other / Financial / Services
EMD,1227862,WESTERN ASSET EMERGING MARKETS DEBT FUND INC.,,,Unknown
CARS,1683606,Cars.com Inc.,7374,Services-Computer Processing & Data Preparation,Technology
MHD,1034665,"BLACKROCK MUNIHOLDINGS FUND, INC.",,,Unknown
NTGR,1122904,"NETGEAR, INC.",3576,Computer Communications Equipment,Technology
LDP,1548717,"Cohen & Steers Ltd Duration Preferred & Income Fund, Inc.",,,Unknown
IHRT,1400891,"iHeartMedia, Inc.",4832,Radio Broadcasting Stations,Other / Financial / Services
HELE,916789,HELEN OF TROY LTD,3634,Electric Housewares & Fans,Industrials
RGR,95029,STURM RUGER & CO INC,3480,"Ordnance & Accessories, (No Vehicles/Guided Missiles)",Manufacturing
KE,1606757,"Kimball Electronics, Inc.",3672,Printed Circuit Boards,Industrials
MDXG,1376339,"MIMEDX GROUP, INC.",3841,Surgical & Medical Instruments & Apparatus,Healthcare
IIM,885601,Invesco Value Municipal Income Trust,,,Unknown
NRGV,1828536,"Energy Vault Holdings, Inc.",3690,"Miscellaneous Electrical Machinery, Equipment & Supplies",Industrials
DSU,1051003,"BLACKROCK DEBT STRATEGIES FUND, INC.",,,Unknown
NOAH,1499543,NOAH HOLDINGS LTD,6282,Investment Advice,Other / Financial / Services
GOOD,1234006,GLADSTONE COMMERCIAL CORP,6519,"Lessors of  Real Property, NEC",Other / Financial / Services
GSM,1639877,Ferroglobe PLC,1000,Metal Mining,Other / Financial / Services
NRIM,1163370,NORTHRIM BANCORP INC,6035,"Savings Institution, Federally Chartered",Other / Financial / Services
GUT,1080720,GABELLI UTILITY TRUST,,,Unknown
SCZM,1548536,Santacruz Silver Mining Ltd.,1040,Gold and Silver Ores,Other / Financial / Services
FAX,790500,"ABRDN ASIA-PACIFIC INCOME FUND, INC.",,,Unknown
SLI,1537137,STANDARD LITHIUM LTD.,2800,Chemicals & Allied Products,Manufacturing
BWAY,1505065,Brainsway Ltd.,3841,Surgical & Medical Instruments & Apparatus,Healthcare
ACNB,715579,ACNB CORP,6022,State Commercial Banks,Other / Financial / Services
BTBT,1710350,"Bit Digital, Inc",6199,Finance Services,Other / Financial / Services
GROY,1834026,Gold Royalty Corp.,1040,Gold and Silver Ores,Other / Financial / Services
GRNT,1928446,"Granite Ridge Resources, Inc.",1311,Crude Petroleum & Natural Gas,Energy
NFBK,1493225,"Northfield Bancorp, Inc.",6035,"Savings Institution, Federally Chartered",Other / Financial / Services
DC,1852353,Dakota Gold Corp.,1000,Metal Mining,Other / Financial / Services
CSV,1016281,CARRIAGE SERVICES INC,7200,Services-Personal Services,Other / Financial / Services
NMCO,1774342,Nuveen Municipal Credit Opportunities Fund,,,Unknown
KLC,1873529,"KinderCare Learning Companies, Inc.",8351,Services-Child Day Care Services,Healthcare
QNC,2106613,Quantum eMotion Corp,7372,Services-Prepackaged Software,Technology
CTKB,1831915,"Cytek Biosciences, Inc.",3826,Laboratory Analytical Instruments,Manufacturing
BWB,1341317,Bridgewater Bancshares Inc,6022,State Commercial Banks,Other / Financial / Services
EVAC,2042902,EQV Ventures Acquisition Corp. II,6770,Blank Checks,Other / Financial / Services
UHT,798783,UNIVERSAL HEALTH REALTY INCOME TRUST,6798,Real Estate Investment Trusts,Other / Financial / Services
BCSS,2064355,Bain Capital GSS Investment Corp.,6770,Blank Checks,Other / Financial / Services
ALT,1326190,"Altimmune, Inc.",2834,Pharmaceutical Preparations,Healthcare
CXII,2114227,Churchill Capital Corp XII,6770,Blank Checks,Other / Financial / Services
CEPF,2034267,"Cantor Equity Partners IV, Inc.",6770,Blank Checks,Other / Financial / Services
BTGO,1740604,"BITGO HOLDINGS, INC.",6199,Finance Services,Other / Financial / Services
DNUT,1857154,"Krispy Kreme, Inc.",5400,Retail-Food Stores,Retail
WHK,1921603,WhiteHawk Minerals Corp.,1311,Crude Petroleum & Natural Gas,Energy
DNA,1830214,"Ginkgo Bioworks Holdings, Inc.",2836,"Biological Products, (No Diagnostic Substances)",Healthcare
ILPT,1717307,Industrial Logistics Properties Trust,6798,Real Estate Investment Trusts,Other / Financial / Services
ELA,701719,Envela Corp,5944,Retail-Jewelry Stores,Retail
RMAX,1581091,"RE/MAX Holdings, Inc.",6531,Real Estate Agents & Managers (For Others),Other / Financial / Services
HY,1173514,"HYSTER-YALE, INC.",3537,"Industrial Trucks, Tractors, Trailors & Stackers",Industrials
KRNY,1617242,Kearny Financial Corp.,6035,"Savings Institution, Federally Chartered",Other / Financial / Services
PRTH,1653558,"Priority Technology Holdings, Inc.",7389,"Services-Business Services, NEC",Other / Financial / Services
THSGF,1832803,THESIS GOLD INC.,,,Unknown
FLGT,1674930,"Fulgent Genetics, Inc.",8071,Services-Medical Laboratories,Healthcare
PACK,1712463,Ranpak Holdings Corp.,2670,Converted Paper & Paperboard Prods (No Contaners/Boxes),Manufacturing
AEXA,2079173,American Exceptionalism Acquisition Corp. A,6770,Blank Checks,Other / Financial / Services
NML,1562051,Neuberger Energy Infrastructure & Income Fund Inc.,,,Unknown
SMWB,1842731,SIMILARWEB LTD.,7370,"Services-Computer Programming, Data Processing, Etc.",Technology
IIIV,1728688,"i3 Verticals, Inc.",7372,Services-Prepackaged Software,Technology
MCFT,1638290,"MasterCraft Boat Holdings, Inc.",3730,Ship & Boat Building & Repairing,Industrials
NVCT,1875558,"Nuvectis Pharma, Inc.",2834,Pharmaceutical Preparations,Healthcare
NPCE,1528287,NeuroPace Inc,3841,Surgical & Medical Instruments & Apparatus,Healthcare
NFGC,1840616,New Found Gold Corp.,1040,Gold and Silver Ores,Other / Financial / Services
AVK,1219120,ADVENT CONVERTIBLE & INCOME FUND,,,Unknown
CIVB,944745,"CIVISTA BANCSHARES, INC.",6022,State Commercial Banks,Other / Financial / Services
SFST,1090009,SOUTHERN FIRST BANCSHARES INC,6021,National Commercial Banks,Other / Financial / Services
IIIN,764401,INSTEEL INDUSTRIES INC,3310,"Steel Works, Blast Furnaces & Rolling & Finishing Mills",Manufacturing
VGM,880892,Invesco Trust for Investment Grade Municipals,,,Unknown
CBNK,1419536,Capital Bancorp Inc,6021,National Commercial Banks,Other / Financial / Services
THM,1134115,INTERNATIONAL TOWER HILL MINES LTD,1000,Metal Mining,Other / Financial / Services
ETJ,1395325,Eaton Vance Risk-Managed Diversified Equity Income Fund,,,Unknown
EVGO,1821159,EVgo Inc.,7500,"Services-Automotive Repair, Services & Parking",Other / Financial / Services
XRN,1533615,Chiron Real Estate Inc.,6798,Real Estate Investment Trusts,Other / Financial / Services
UNTY,920427,UNITY BANCORP INC /NJ/,6022,State Commercial Banks,Other / Financial / Services
SPIR,1816017,"Spire Global, Inc.",4899,"Communications Services, NEC",Other / Financial / Services
SPPP,1539190,SPROTT PHYSICAL PLATINUM & PALLADIUM TRUST,6221,Commodity Contracts Brokers & Dealers,Other / Financial / Services
DDI,1799567,"DoubleDown Interactive Co., Ltd.",7374,Services-Computer Processing & Data Preparation,Technology
CTNM,1855175,"Contineum Therapeutics, Inc.",2834,Pharmaceutical Preparations,Healthcare
OBE,1334388,OBSIDIAN ENERGY LTD.,1311,Crude Petroleum & Natural Gas,Energy
AIIO,1932737,ROBO.AI INC.,3711,Motor Vehicles & Passenger Car Bodies,Industrials
HUYA,1728190,HUYA Inc.,7370,"Services-Computer Programming, Data Processing, Etc.",Technology
ADUR,1863934,ADURO CLEAN TECHNOLOGIES INC.,2800,Chemicals & Allied Products,Manufacturing
MMU,886043,WESTERN ASSET MANAGED MUNICIPALS FUND INC.,,,Unknown
CHW,1396277,Calamos Global Dynamic Income Fund,,,Unknown
TATT,808439,TAT TECHNOLOGIES LTD,3724,Aircraft Engines & Engine Parts,Industrials
TMS,2048951,Teamshares Inc,5900,Retail-Miscellaneous Retail,Retail
FEIM,39020,FREQUENCY ELECTRONICS INC,3825,Instruments For Meas & Testing of  Electricity & Elec Signals,Manufacturing
TOI,1799191,"Oncology Institute, Inc.",8011,Services-Offices & Clinics of  Doctors of  Medicine,Healthcare
EIKN,1861123,"Eikon Therapeutics, Inc.",2836,"Biological Products, (No Diagnostic Substances)",Healthcare
CSHR,2087587,CoinShares PLC,6211,"Security Brokers, Dealers & Flotation Companies",Other / Financial / Services
AIOT,1774170,"Powerfleet, Inc.",3669,"Communications Equipment, NEC",Industrials
MEI,65270,METHODE ELECTRONICS INC,3678,Electronic Connectors,Industrials
ORN,1402829,Orion Group Holdings Inc,1600,Heavy Construction Other Than Bldg Const - Contractors,Other / Financial / Services
MLR,924822,MILLER INDUSTRIES INC /TN/,3713,Truck & Bus Bodies,Industrials
EGY,894627,VAALCO ENERGY INC /DE/,1311,Crude Petroleum & Natural Gas,Energy
OSPN,1044777,OneSpan Inc.,7373,Services-Computer Integrated Systems Design,Technology
BME,1314966,BlackRock Health Sciences Trust,,,Unknown
TMQ,1543418,Trilogy Metals Inc.,1040,Gold and Silver Ores,Other / Financial / Services
ETD,896156,ETHAN ALLEN INTERIORS INC,2511,"Wood Household Furniture, (No Upholstered)",Consumer Goods
DBCA,2095161,D. Boral Acquisition I Corp.,6770,Blank Checks,Other / Financial / Services
FET,1401257,"FORUM ENERGY TECHNOLOGIES, INC.",3533,Oil & Gas Field Machinery & Equipment,Industrials
SVMB,1647822,"Jingbo Technology, Inc.",7372,Services-Prepackaged Software,Technology
OOMA,1327688,OOMA INC,7374,Services-Computer Processing & Data Preparation,Technology
VKQ,877463,Invesco Municipal Trust,,,Unknown
MRRDF,1839886,Meridian Mining UK Societas,,,Unknown
MYGN,899923,MYRIAD GENETICS INC,2835,In Vitro & In Vivo Diagnostic Substances,Healthcare
ASIX,1673985,AdvanSix Inc.,2821,"Plastic Materials, Synth Resins & Nonvulcan Elastomers",Manufacturing
MUA,901243,"BLACKROCK MUNIASSETS FUND, INC.",,,Unknown
ALTI,1838615,"AlTi Global, Inc.",6282,Investment Advice,Other / Financial / Services
WEAV,1609151,"Weave Communications, Inc.",7372,Services-Prepackaged Software,Technology
THW,1635977,abrdn World Healthcare Fund,,,Unknown
VITL,1579733,"Vital Farms, Inc.",2000,Food and Kindred Products,Consumer Goods
XMAX,1473334,XMax Inc.,2510,Household Furniture,Consumer Goods
BBCP,1703956,"Concrete Pumping Holdings, Inc.",1700,Construction - Special Trade Contractors,Other / Financial / Services
GLRE,1385613,"GREENLIGHT CAPITAL RE, LTD.",6331,"Fire, Marine & Casualty Insurance",Other / Financial / Services
TWN,804123,TAIWAN FUND INC,0,,Other / Financial / Services
TLRY,1731348,"Tilray Brands, Inc.",2833,Medicinal Chemicals & Botanical Products,Healthcare
GCBC,1070524,GREENE COUNTY BANCORP INC,6036,"Savings Institutions, Not Federally Chartered",Other / Financial / Services
NKLR,2067627,Terra Innovatum Global N.V.,3443,Fabricated Plate Work (Boiler Shops),Manufacturing
IQI,885125,Invesco Quality Municipal Income Trust,,,Unknown
OXM,75288,OXFORD INDUSTRIES INC,2320,"Men's & Boys' Furnishgs, Work Clothg, & Allied Garments",Consumer Goods
ARVN,1655759,"ARVINAS, INC.",2834,Pharmaceutical Preparations,Healthcare
ACIC,1401521,AMERICAN COASTAL INSURANCE Corp,6331,"Fire, Marine & Casualty Insurance",Other / Financial / Services
CRD-A,25475,CRAWFORD & CO,6411,"Insurance Agents, Brokers & Service",Other / Financial / Services
GEMI,2055592,"Gemini Space Station, Inc.",6199,Finance Services,Other / Financial / Services
CTGO,1502377,Contango Silver & Gold Inc.,1040,Gold and Silver Ores,Other / Financial / Services
BSRR,1130144,SIERRA BANCORP,6022,State Commercial Banks,Other / Financial / Services
BTQ,1821866,BTQ Technologies Corp.,7370,"Services-Computer Programming, Data Processing, Etc.",Technology
OLP,712770,ONE LIBERTY PROPERTIES INC,6798,Real Estate Investment Trusts,Other / Financial / Services
ASMB,1426800,"ASSEMBLY BIOSCIENCES, INC.",2834,Pharmaceutical Preparations,Healthcare
NEXN,1849396,Nexxen International Ltd.,7370,"Services-Computer Programming, Data Processing, Etc.",Technology
HKHC,88000,Horizon Kinetics Holding Corp,6282,Investment Advice,Other / Financial / Services
MSIF,1535778,"MSC INCOME FUND, INC.",,,Unknown
VCV,895531,Invesco California Value Municipal Income Trust,,,Unknown
HBCP,1436425,"HOME BANCORP, INC.",6036,"Savings Institutions, Not Federally Chartered",Other / Financial / Services
FIP,1899883,FTAI Infrastructure Inc.,4011,"Railroads, Line-Haul Operating",Other / Financial / Services
BDN,790816,BRANDYWINE REALTY TRUST,6798,Real Estate Investment Trusts,Other / Financial / Services
URG,1375205,UR-ENERGY INC,1040,Gold and Silver Ores,Other / Financial / Services
ANGO,1275187,ANGIODYNAMICS INC,3841,Surgical & Medical Instruments & Apparatus,Healthcare
FBIZ,1521951,"FIRST BUSINESS FINANCIAL SERVICES, INC.",6022,State Commercial Banks,Other / Financial / Services
MNRO,876427,"MONRO, INC.",7500,"Services-Automotive Repair, Services & Parking",Other / Financial / Services
DPG,1515671,Duff & Phelps Utility & Infrastructure Fund Inc.,,,Unknown
ADV,1776661,Advantage Solutions Inc.,7389,"Services-Business Services, NEC",Other / Financial / Services
EBF,33002,"ENNIS, INC.",2761,Manifold Business Forms,Manufacturing
PROK,1850270,PROKIDNEY CORP.,2836,"Biological Products, (No Diagnostic Substances)",Healthcare
BGY,1393299,BlackRock Enhanced International Dividend Trust,,,Unknown
ZNOG,1131312,ZION OIL & GAS INC,1382,Oil & Gas Field Exploration Services,Energy
MLAB,724004,MESA LABORATORIES INC /CO/,3823,"Industrial Instruments For Measurement, Display, and Control",Manufacturing
KYTX,1994702,"Kyverna Therapeutics, Inc.",2836,"Biological Products, (No Diagnostic Substances)",Healthcare
CTEV,1793229,Claritev Corp,7389,"Services-Business Services, NEC",Other / Financial / Services
MBUU,1590976,"MALIBU BOATS, INC.",3730,Ship & Boat Building & Repairing,Industrials
GUG,1864208,Guggenheim Active Allocation Fund,,,Unknown
SLDP,1844862,"Solid Power, Inc.",3690,"Miscellaneous Electrical Machinery, Equipment & Supplies",Industrials
WNC,879526,WABASH NATIONAL Corp,3715,Truck Trailers,Industrials
PKOH,76282,PARK OHIO HOLDINGS CORP,3460,Metal Forgings & Stampings,Manufacturing
KIDS,1425450,ORTHOPEDIATRICS CORP,3841,Surgical & Medical Instruments & Apparatus,Healthcare
ITIC,720858,INVESTORS TITLE CO,6361,Title Insurance,Other / Financial / Services
CLPT,1285550,"ClearPoint Neuro, Inc.",3841,Surgical & Medical Instruments & Apparatus,Healthcare
VALN,1836564,Valneva SE,2836,"Biological Products, (No Diagnostic Substances)",Healthcare
MG,1436126,"Mistras Group, Inc.",8711,Services-Engineering Services,Healthcare
NMG,1649752,Nouveau Monde Graphite Inc.,1090,Miscellaneous Metal Ores,Other / Financial / Services
EROK,2104882,"EagleRock Land, LLC",6792,Oil Royalty Traders,Other / Financial / Services
NGS,1084991,NATURAL GAS SERVICES GROUP INC,1389,"Oil & Gas Field Services, NEC",Energy
GCGR,2108962,General Catalyst Global Resilience Merger Corp.,6770,Blank Checks,Other / Financial / Services
DDD,910638,3D SYSTEMS CORP,7372,Services-Prepackaged Software,Technology
WIW,1267902,WESTERN ASSET INFLATION-LINKED OPPORTUNITIES & INCOME FUND,,,Unknown
AMRQF,2076631,AMAROQ LTD.,,,Unknown
LOCO,1606366,"El Pollo Loco Holdings, Inc.",5812,Retail-Eating  Places,Retail
ECC,1604174,Eagle Point Credit Co,,,Unknown
EIM,1176984,Eaton Vance Municipal Bond Fund,,,Unknown
CHCT,1631569,Community Healthcare Trust Inc,6798,Real Estate Investment Trusts,Other / Financial / Services
YEXT,1614178,"Yext, Inc.",7374,Services-Computer Processing & Data Preparation,Technology
CYH,1108109,COMMUNITY HEALTH SYSTEMS INC,8062,"Services-General Medical & Surgical Hospitals, NEC",Healthcare
SERV,1832483,Serve Robotics Inc. /DE/,3569,"General Industrial Machinery & Equipment, NEC",Industrials
BGB,1546429,Blackstone Strategic Credit 2027 Term Fund,,,Unknown
ROMA,1945240,Roma Green Finance Ltd,8742,Services-Management Consulting Services,Other / Financial / Services
AQST,1398733,"Aquestive Therapeutics, Inc.",2834,Pharmaceutical Preparations,Healthcare
CLB,1958086,Core Laboratories Inc. /DE/,1389,"Oil & Gas Field Services, NEC",Energy
NWAX,2074878,New America Acquisition I Corp.,6770,Blank Checks,Other / Financial / Services
ETO,1281926,Eaton Vance Tax-Advantaged Global Dividend Opportunities Fund,,,Unknown
PML,1170299,PIMCO MUNICIPAL INCOME FUND II,,,Unknown
MCTA,2035992,Charming Medical Ltd,8090,"Services-Misc Health & Allied Services, NEC",Healthcare
OIS,1121484,"OIL STATES INTERNATIONAL, INC",3533,Oil & Gas Field Machinery & Equipment,Industrials
PAYS,1496443,"Paysign, Inc.",7389,"Services-Business Services, NEC",Other / Financial / Services
OWLS,2025416,OBOOK HOLDINGS INC.,7372,Services-Prepackaged Software,Technology
WRN,1364125,Western Copper & Gold Corp,1000,Metal Mining,Other / Financial / Services
BLW,1233681,BLACKROCK Ltd DURATION INCOME TRUST,,,Unknown
IGD,1285890,Voya GLOBAL EQUITY DIVIDEND & PREMIUM OPPORTUNITY FUND,,,Unknown
GRRR,1903145,Gorilla Technology Group Inc.,7372,Services-Prepackaged Software,Technology
FTHY,1810523,FIRST TRUST HIGH YIELD OPPORTUNITIES 2027 TERM FUND,,,Unknown
CPS,1320461,Cooper-Standard Holdings Inc.,3714,Motor Vehicle Parts & Accessories,Industrials
CNCK,1913847,Coincheck Group N.V.,6199,Finance Services,Other / Financial / Services
SPT,1517375,"Sprout Social, Inc.",7372,Services-Prepackaged Software,Technology
MEVO,2087361,M Evo Global Acquisition Corp II,6770,Blank Checks,Other / Financial / Services
TRC,96869,TEJON RANCH CO,6500,Real Estate,Other / Financial / Services
ZURA,1855644,Zura Bio Ltd,2836,"Biological Products, (No Diagnostic Substances)",Healthcare
YORW,108985,YORK WATER CO,4941,Water Supply,Other / Financial / Services
EDIT,1650664,"Editas Medicine, Inc.",2836,"Biological Products, (No Diagnostic Substances)",Healthcare
WTI,1288403,W&T OFFSHORE INC,1311,Crude Petroleum & Natural Gas,Energy
COFS,803164,CHOICEONE FINANCIAL SERVICES INC,6022,State Commercial Banks,Other / Financial / Services
IFN,917100,"ABERDEEN INDIA FUND, INC.",,,Unknown
OCGN,1372299,"Ocugen, Inc.",2836,"Biological Products, (No Diagnostic Substances)",Healthcare
OBT,1754226,"Orange County Bancorp, Inc. /DE/",6022,State Commercial Banks,Other / Financial / Services
GOGO,1537054,Gogo Inc.,4899,"Communications Services, NEC",Other / Financial / Services
ESEA,1341170,EUROSEAS LTD.,4412,Deep Sea Foreign Transportation of  Freight,Other / Financial / Services
GAU,1377757,Galiano Gold Inc.,1400,Mining & Quarrying of  Nonmetallic Minerals (No Fuels),Other / Financial / Services
GMTL,2039972,Guardian Metal Resources PLC,1000,Metal Mining,Other / Financial / Services
EACO,784539,EACO CORP,5065,"Wholesale-Electronic Parts & Equipment, NEC",Other / Financial / Services
SD,1349436,SANDRIDGE ENERGY INC,1311,Crude Petroleum & Natural Gas,Energy
BSVN,1746129,Bank7 Corp.,6022,State Commercial Banks,Other / Financial / Services
TASK,1829864,"TaskUs, Inc.",7374,Services-Computer Processing & Data Preparation,Technology
RYAM,1597672,RAYONIER ADVANCED MATERIALS INC.,2611,Pulp Mills,Manufacturing
BWMN,1847590,Bowman Consulting Group Ltd.,8742,Services-Management Consulting Services,Other / Financial / Services
VREOF,1771706,Vireo Growth Inc.,2834,Pharmaceutical Preparations,Healthcare
CABA,1759138,"Cabaletta Bio, Inc.",2836,"Biological Products, (No Diagnostic Substances)",Healthcare
GHY,1554697,"PGIM Global High Yield Fund, Inc.",,,Unknown
STRO,1382101,"SUTRO BIOPHARMA, INC.",2836,"Biological Products, (No Diagnostic Substances)",Healthcare
BETR,1835856,Better Home & Finance Holding Co,6163,Loan Brokers,Other / Financial / Services
IDR,1030192,"Idaho Strategic Resources, Inc.",1040,Gold and Silver Ores,Other / Financial / Services
KRSP,2074872,Rice Acquisition Corp 3,6770,Blank Checks,Other / Financial / Services
FVR,1988494,"FrontView REIT, Inc.",6798,Real Estate Investment Trusts,Other / Financial / Services
PACB,1299130,"PACIFIC BIOSCIENCES OF CALIFORNIA, INC.",3826,Laboratory Analytical Instruments,Manufacturing
GDYN,1743725,"GRID DYNAMICS HOLDINGS, INC.",7372,Services-Prepackaged Software,Technology
HKD,1809691,AMTD Digital Inc.,6199,Finance Services,Other / Financial / Services
CTRN,1318484,Citi Trends Inc,5600,Retail-Apparel & Accessory Stores,Retail
PRTA,1559053,PROTHENA CORP PUBLIC LTD CO,2834,Pharmaceutical Preparations,Healthcare
VSTM,1526119,"Verastem, Inc.",2834,Pharmaceutical Preparations,Healthcare
PDLB,1874071,"Ponce Financial Group, Inc.",6035,"Savings Institution, Federally Chartered",Other / Financial / Services
LWAY,814586,"Lifeway Foods, Inc.",2020,Dairy Products,Consumer Goods
CLMB,945983,"Climb Global Solutions, Inc.",5045,Wholesale-Computers & Peripheral Equipment & Software,Other / Financial / Services
GIW,2080019,GigCapital8 Corp.,6770,Blank Checks,Other / Financial / Services
CRAN,2081358,Crane Harbor Acquisition Corp. II,6770,Blank Checks,Other / Financial / Services
NRC,70487,NRC HEALTH,8731,Services-Commercial Physical & Biological Research,Healthcare
DCBO,1829959,Docebo Inc.,7372,Services-Prepackaged Software,Technology
EVMN,2044725,"Evommune, Inc.",2834,Pharmaceutical Preparations,Healthcare
ANSC,1854149,Agriculture & Natural Solutions Acquisition Corp,6770,Blank Checks,Other / Financial / Services
FCCN,1131903,SPECTRAL CAPITAL Corp,7374,Services-Computer Processing & Data Preparation,Technology
KREF,1631596,KKR Real Estate Finance Trust Inc.,6798,Real Estate Investment Trusts,Other / Financial / Services
ELMT,2101698,Elmet Group Co.,3490,Miscellaneous Fabricated Metal Products,Manufacturing
SFIX,1576942,"Stitch Fix, Inc.",5961,Retail-Catalog & Mail-Order Houses,Retail
DDL,1854545,Dingdong (Cayman) Ltd,5961,Retail-Catalog & Mail-Order Houses,Retail
RZLT,1509261,"Rezolute, Inc.",2834,Pharmaceutical Preparations,Healthcare
CRNC,1768267,Cerence Inc.,7372,Services-Prepackaged Software,Technology
CLNE,1368265,Clean Energy Fuels Corp.,4932,Gas & Other Services Combined,Energy
GTEN,1986817,"Gores Holdings X, Inc. / CI",6770,Blank Checks,Other / Financial / Services
TWI,899751,TITAN INTERNATIONAL INC,3312,"Steel Works, Blast Furnaces & Rolling Mills (Coke Ovens)",Manufacturing
KELYA,55135,KELLY SERVICES INC,7363,Services-Help Supply Services,Other / Financial / Services
CBIO,1253689,"CRESCENT BIOPHARMA, INC.",2834,Pharmaceutical Preparations,Healthcare
NMAI,1861115,Nuveen Multi-Asset Income Fund,,,Unknown
HPS,1215913,JOHN HANCOCK PREFERRED INCOME FUND III,,,Unknown
JOUT,788329,JOHNSON OUTDOORS INC,3949,"Sporting & Athletic Goods, NEC",Consumer Goods
VMD,1729149,"VIEMED HEALTHCARE, INC.",8090,"Services-Misc Health & Allied Services, NEC",Healthcare
SOPH,1840706,SOPHiA GENETICS SA,7374,Services-Computer Processing & Data Preparation,Technology
IPI,1421461,"Intrepid Potash, Inc.",1400,Mining & Quarrying of  Nonmetallic Minerals (No Fuels),Other / Financial / Services
OVID,1636651,Ovid Therapeutics Inc.,2834,Pharmaceutical Preparations,Healthcare
BMBL,1830043,Bumble Inc.,7370,"Services-Computer Programming, Data Processing, Etc.",Technology
KIO,1515940,KKR Income Opportunities Fund,,,Unknown
TENX,34956,"TENAX THERAPEUTICS, INC.",2834,Pharmaceutical Preparations,Healthcare
FRPH,844059,"FRP HOLDINGS, INC.",6500,Real Estate,Other / Financial / Services
OFIX,884624,Orthofix Medical Inc.,3841,Surgical & Medical Instruments & Apparatus,Healthcare
SGMT,1400118,Sagimet Biosciences Inc.,2834,Pharmaceutical Preparations,Healthcare
LXFR,1096056,LUXFER HOLDINGS PLC,2810,Industrial Inorganic Chemicals,Manufacturing
MOVE,1734750,"Corvex, Inc.",7374,Services-Computer Processing & Data Preparation,Technology
VVR,1059386,Invesco Senior Income Trust,,,Unknown
VREX,1681622,Varex Imaging Corp,3679,"Electronic Components, NEC",Industrials
APXT,2079253,Apex Treasury Corp,6770,Blank Checks,Other / Financial / Services
CWCO,928340,Consolidated Water Co. Ltd.,4941,Water Supply,Other / Financial / Services
STRZ,929351,STARZ ENTERTAINMENT CORP /CN/,7812,Services-Motion Picture & Video Tape Production,Other / Financial / Services
BWFG,1505732,"Bankwell Financial Group, Inc.",6022,State Commercial Banks,Other / Financial / Services
MFI,1940941,mF International Ltd,7371,Services-Computer Programming Services,Technology
CLFD,796505,"Clearfield, Inc.",3661,Telephone & Telegraph Apparatus,Industrials
NBB,1478888,Nuveen Taxable Municipal Income Fund,,,Unknown
BMRC,1403475,Bank of Marin Bancorp,6022,State Commercial Banks,Other / Financial / Services
MTW,61986,MANITOWOC CO INC,3531,Construction Machinery & Equip,Industrials
CMDB,2033535,Costamare Bulkers Holdings Ltd,4400,Water Transportation,Other / Financial / Services
ETB,1308927,Eaton Vance Tax-Managed Buy-Write Income Fund,,,Unknown
BNTC,1808898,Benitec Biopharma Inc.,2834,Pharmaceutical Preparations,Healthcare
SEAH,2075786,"Seahawk Recycling Holdings, Inc.",5090,Wholesale-Misc Durable Goods,Other / Financial / Services
MAGN,41719,Magnera Corp,2621,Paper Mills,Manufacturing
DIN,49754,"Dine Brands Global, Inc.",5812,Retail-Eating  Places,Retail
ARTV,1817241,"Artiva Biotherapeutics, Inc.",2836,"Biological Products, (No Diagnostic Substances)",Healthcare
NPFD,1865389,Nuveen Variable Rate Preferred & Income Fund,,,Unknown
RBB,1499422,RBB Bancorp,6022,State Commercial Banks,Other / Financial / Services
CBK,1981546,"Commercial Bancgroup, Inc.",6022,State Commercial Banks,Other / Financial / Services
ERII,1421517,"Energy Recovery, Inc.",3559,"Special Industry Machinery, NEC",Industrials
PINWF,2059573,Pinewood Technologies Group plc,,,Unknown
PANL,1606909,Pangaea Logistics Solutions Ltd.,4412,Deep Sea Foreign Transportation of  Freight,Other / Financial / Services
FFA,1291334,FIRST TRUST ENHANCED EQUITY INCOME FUND,,,Unknown
SWMR,2092574,"Swarmer, Inc",7372,Services-Prepackaged Software,Technology
GLAD,1143513,GLADSTONE CAPITAL CORP,,,Unknown
WTBA,1166928,WEST BANCORPORATION INC,6022,State Commercial Banks,Other / Financial / Services
CCCC,1662579,"C4 Therapeutics, Inc.",2836,"Biological Products, (No Diagnostic Substances)",Healthcare
ITRG,1722387,Integra Resources Corp.,1040,Gold and Silver Ores,Other / Financial / Services
DCTH,872912,"DELCATH SYSTEMS, INC.",3841,Surgical & Medical Instruments & Apparatus,Healthcare
NNNN,1982708,Anbio Biotechnology,2835,In Vitro & In Vivo Diagnostic Substances,Healthcare
IEAG,2084396,Infinite Eagle Acquisition Corp.,6770,Blank Checks,Other / Financial / Services
FSTR,352825,FOSTER L B CO,5051,Wholesale-Metals Service Centers & of fices,Other / Financial / Services
ZSQR,1759186,Z Squared Inc.,6199,Finance Services,Other / Financial / Services
ECX,1861974,ECARX Holdings Inc.,7373,Services-Computer Integrated Systems Design,Technology
KBON,2088749,Karbon Capital Partners Corp.,6770,Blank Checks,Other / Financial / Services
SLN,1479615,Silence Therapeutics plc,2834,Pharmaceutical Preparations,Healthcare
LRMR,1374690,"Larimar Therapeutics, Inc.",2834,Pharmaceutical Preparations,Healthcare
NVEC,724910,NVE CORP /NEW/,3674,Semiconductors & Related Devices,Industrials
REAX,1862461,Real Brokerage Inc,6531,Real Estate Agents & Managers (For Others),Other / Financial / Services
HNST,1530979,"Honest Company, Inc.",5961,Retail-Catalog & Mail-Order Houses,Retail
EVN,1074540,Eaton Vance Municipal Income Trust,,,Unknown
GRVY,1313310,"GRAVITY Co., Ltd.",7374,Services-Computer Processing & Data Preparation,Technology
RNLXY,1811115,Renalytix plc,8071,Services-Medical Laboratories,Healthcare
IBEX,1720420,IBEX Ltd,7374,Services-Computer Processing & Data Preparation,Technology
SRTA,1779128,"Strata Critical Medical, Inc.",8000,Services-Health Services,Healthcare
WILC,1030997,G WILLI FOOD INTERNATIONAL LTD,5141,"Wholesale-Groceries, General Line",Other / Financial / Services
GOTU,1768259,Gaotu Techedu Inc.,8200,Services-Educational Services,Healthcare
ZKH,1862044,ZKH Group Ltd,5200,"Retail-Building Materials, Hardware, Garden Supply",Retail
MBVI,2073928,M3-Brigade Acquisition VI Corp.,6770,Blank Checks,Other / Financial / Services
HPI,1176199,JOHN HANCOCK PREFERRED INCOME FUND,,,Unknown
TLNC,2073340,Talon Capital Corp.,6770,Blank Checks,Other / Financial / Services
IMXI,1683695,"International Money Express, Inc.",7389,"Services-Business Services, NEC",Other / Financial / Services
ALTO,778164,"Alto Ingredients, Inc.",2860,Industrial Organic Chemicals,Manufacturing
EPRX,1581178,EUPRAXIA PHARMACEUTICALS INC.,2834,Pharmaceutical Preparations,Healthcare
GBFH,1791145,GBank Financial Holdings Inc.,6022,State Commercial Banks,Other / Financial / Services
CGC,1737927,Canopy Growth Corp,2833,Medicinal Chemicals & Botanical Products,Healthcare
RLGT,1171155,"RADIANT LOGISTICS, INC",4731,Arrangement of  Transportation of  Freight & Cargo,Other / Financial / Services
FGOVF,1064052,FREEGOLD VENTURES LTD,1040,Gold and Silver Ores,Other / Financial / Services
IACO,2091176,Idea Acquisition Corp.,6770,Blank Checks,Other / Financial / Services
EH,1759783,EHang Holdings Ltd,3728,"Aircraft Parts & Auxiliary Equipment, NEC",Industrials
NUAI,2028336,"New ERA Energy & Digital, Inc.",1311,Crude Petroleum & Natural Gas,Energy
ASPN,1145986,ASPEN AEROGELS INC,5030,Wholesale-Lumber & Other Construction Materials,Other / Financial / Services
PHOE,2035709,Phoenix Asia Holdings Ltd,1700,Construction - Special Trade Contractors,Other / Financial / Services
RMNI,1635282,"Rimini Street, Inc.",7389,"Services-Business Services, NEC",Other / Financial / Services
BNED,1634117,"Barnes & Noble Education, Inc.",5940,Retail-Miscellaneous Shopping Goods Stores,Retail
KRAQ,2082119,KRAKacquisition Corp,6770,Blank Checks,Other / Financial / Services
MRAM,1438423,EVERSPIN TECHNOLOGIES INC.,3674,Semiconductors & Related Devices,Industrials
CDRO,1866782,"Codere Online Luxembourg, S.A.",7990,Services-Miscellaneous Amusement & Recreation,Other / Financial / Services
MESH,2081468,Meshflow Acquisition Corp,6770,Blank Checks,Other / Financial / Services
EOLS,1570562,"Evolus, Inc.",2834,Pharmaceutical Preparations,Healthcare
ELVA,1844450,Electrovaya Inc.,3690,"Miscellaneous Electrical Machinery, Equipment & Supplies",Industrials
RCKT,1281895,"ROCKET PHARMACEUTICALS, INC.",2834,Pharmaceutical Preparations,Healthcare
FINS,1745059,Angel Oak Financial Strategies Income Term Trust,,,Unknown
BCAR,2065779,D. Boral ARC Acquisition I Corp.,7372,Services-Prepackaged Software,Technology
QUAD,1481792,"Quad/Graphics, Inc.",2750,Commercial Printing,Manufacturing
TITN,1409171,Titan Machinery Inc.,5990,"Retail-Retail Stores, NEC",Retail
ISD,1534880,"PGIM High Yield Bond Fund, Inc.",,,Unknown
CCRN,1141103,CROSS COUNTRY HEALTHCARE INC,7363,Services-Help Supply Services,Other / Financial / Services
DFP,1559991,Flaherty & Crumrine Dynamic Preferred & Income Fund Inc,,,Unknown
BBW,1113809,BUILD-A-BEAR WORKSHOP INC,5945,"Retail-Hobby, Toy & Game Shops",Retail
MRLN,2028707,"Merlin, Inc.",7373,Services-Computer Integrated Systems Design,Technology
MATV,1000623,"Mativ Holdings, Inc.",2621,Paper Mills,Manufacturing
AMCX,1514991,AMC Global Media Inc.,4841,Cable & Other Pay Television Services,Other / Financial / Services
HELP,1833141,CYBIN INC.,2834,Pharmaceutical Preparations,Healthcare
BOC,1494582,BOSTON OMAHA Corp,6510,Real Estate Operators (No Developers) & Lessors,Other / Financial / Services
ACTG,934549,ACACIA RESEARCH CORP,6794,Patent Owners & Lessors,Other / Financial / Services
BBBY,1130713,"BED BATH & BEYOND, INC.",5961,Retail-Catalog & Mail-Order Houses,Retail
AUTL,1730463,Autolus Therapeutics plc,2836,"Biological Products, (No Diagnostic Substances)",Healthcare
CBAN,711669,COLONY BANKCORP INC,6022,State Commercial Banks,Other / Financial / Services
INV,2001557,"Innventure, Inc.",6770,Blank Checks,Other / Financial / Services
NEWT,1587987,"NewtekOne, Inc.",6021,National Commercial Banks,Other / Financial / Services
BXC,1301787,BlueLinx Holdings Inc.,5031,"Wholesale-Lumber, Plywood, Millwork & Wood Panels",Other / Financial / Services
SMC,2024218,Summit Midstream Corp,4922,Natural Gas Transmission,Energy
HFRO,1710680,HIGHLAND OPPORTUNITIES & INCOME FUND,,,Unknown
FPI,1591670,Farmland Partners Inc.,6798,Real Estate Investment Trusts,Other / Financial / Services
HTT,1692705,High Templar Tech Ltd,6199,Finance Services,Other / Financial / Services
MGMNF,1965615,MAGNA MINING INC.,,,Unknown
PTOR,2093912,Praetorian Acquisition Corp.,6770,Blank Checks,Other / Financial / Services
SI,1699350,"SHOULDER INNOVATIONS, INC.",3841,Surgical & Medical Instruments & Apparatus,Healthcare
WDH,1823986,Waterdrop Inc.,6411,"Insurance Agents, Brokers & Service",Other / Financial / Services
SGU,1002590,"STAR GROUP, L.P.",5990,"Retail-Retail Stores, NEC",Retail
VRNO,1848416,Verano Holdings Corp.,100,Agricultural Production-Crops,Other / Financial / Services
CINT,1868995,CI&T Inc,7371,Services-Computer Programming Services,Technology
CMPX,1738021,"Compass Therapeutics, Inc.",2836,"Biological Products, (No Diagnostic Substances)",Healthcare
SHOE,895447,SHOE STATION GROUP INC,5661,Retail-Shoe Stores,Retail
AIV,922864,APARTMENT INVESTMENT & MANAGEMENT CO,6798,Real Estate Investment Trusts,Other / Financial / Services
VKI,908993,Invesco Advantage Municipal Income Trust II,,,Unknown
OPTU,1702780,"Optimum Communications, Inc.",4841,Cable & Other Pay Television Services,Other / Financial / Services
LSAK,1041514,LESAKA TECHNOLOGIES INC,6099,"Functions Related To Depository Banking, NEC",Other / Financial / Services
KFII,2029976,K&F GROWTH ACQUISITION CORP. II,6770,Blank Checks,Other / Financial / Services
FWRD,912728,FORWARD AIR CORP,4731,Arrangement of  Transportation of  Freight & Cargo,Other / Financial / Services
AIBZ,2100457,Bitzero Holdings Inc.,6199,Finance Services,Other / Financial / Services
XRPN,2044009,Armada Acquisition Corp. II,6770,Blank Checks,Other / Financial / Services
CCAP,1633336,"Crescent Capital BDC, Inc.",,,Unknown
PSFE,1833835,Paysafe Ltd,7389,"Services-Business Services, NEC",Other / Financial / Services
PBFS,1769663,"Pioneer Bancorp, Inc./MD",6036,"Savings Institutions, Not Federally Chartered",Other / Financial / Services
EBS,1367644,Emergent BioSolutions Inc.,2834,Pharmaceutical Preparations,Healthcare
NATH,69733,"NATHANS FAMOUS, INC.",5812,Retail-Eating  Places,Retail
LOGC,2064307,ContextLogic Holdings Inc.,5961,Retail-Catalog & Mail-Order Houses,Retail
ALLT,1365767,Allot Ltd.,3576,Computer Communications Equipment,Technology
FMAO,792966,FARMERS & MERCHANTS BANCORP INC,6035,"Savings Institution, Federally Chartered",Other / Financial / Services
KMDA,1567529,KAMADA LTD,2834,Pharmaceutical Preparations,Healthcare
CLBR,2091024,Colombier Acquisition Corp. III,6770,Blank Checks,Other / Financial / Services
DMAC,1401040,DiaMedica Therapeutics Inc.,2834,Pharmaceutical Preparations,Healthcare
CZNC,810958,CITIZENS & NORTHERN CORP,6022,State Commercial Banks,Other / Financial / Services
PCB,1423869,PCB BANCORP,6022,State Commercial Banks,Other / Financial / Services
PBYI,1401667,"PUMA BIOTECHNOLOGY, INC.",2834,Pharmaceutical Preparations,Healthcare
RBBN,1708055,Ribbon Communications Inc.,7373,Services-Computer Integrated Systems Design,Technology
HVT,216085,HAVERTY FURNITURE COMPANIES INC,5712,Retail-Furniture Stores,Retail
GSKRF,1944955,FIRST NORDIC METALS CORP.,,,Unknown
XFOR,1501697,"X4 Pharmaceuticals, Inc",2836,"Biological Products, (No Diagnostic Substances)",Healthcare
RTAC,2035173,Renatus Tactical Acquisition Corp I,6770,Blank Checks,Other / Financial / Services
PLBC,1168455,PLUMAS BANCORP,6153,Short-Term Business Credit Institutions,Other / Financial / Services
IPSC,1850119,"Century Therapeutics, Inc.",2836,"Biological Products, (No Diagnostic Substances)",Healthcare
UPB,2022626,"Upstream Bio, Inc.",2834,Pharmaceutical Preparations,Healthcare
BLND,1855747,"Blend Labs, Inc.",7370,"Services-Computer Programming, Data Processing, Etc.",Technology
CRAQ,2058359,Cal Redwood Acquisition Corp.,6770,Blank Checks,Other / Financial / Services
RM,1519401,Regional Management Corp.,6141,Personal Credit Institutions,Other / Financial / Services
DGXX,1854368,Digi Power X Inc.,6199,Finance Services,Other / Financial / Services
USNA,896264,USANA HEALTH SCIENCES INC,2833,Medicinal Chemicals & Botanical Products,Healthcare
ISTR,1602658,Investar Holding Corp,6022,State Commercial Banks,Other / Financial / Services
MOBI,1489993,"Mobia Medical, Inc.",3841,Surgical & Medical Instruments & Apparatus,Healthcare
CWH,1669779,"Camping World Holdings, Inc.",5500,Retail-Auto Dealers & Gasoline Stations,Retail
TCI,733590,TRANSCONTINENTAL REALTY INVESTORS INC,6798,Real Estate Investment Trusts,Other / Financial / Services
UROY,1711570,Uranium Royalty Corp.,6221,Commodity Contracts Brokers & Dealers,Other / Financial / Services
GPAT,1834526,GP-Act III Acquisition Corp.,6770,Blank Checks,Other / Financial / Services
CCIX,2006291,Churchill Capital Corp IX/Cayman,7373,Services-Computer Integrated Systems Design,Technology
NPAC,2048948,New Providence Acquisition Corp. III/Cayman,6770,Blank Checks,Other / Financial / Services
QMCO,709283,QUANTUM CORP /DE/,3572,Computer Storage Devices,Technology
VELO,1825079,"Velo3D, Inc.",3559,"Special Industry Machinery, NEC",Industrials
SAAQ,2091222,Space Asset Acquisition Corp.,6770,Blank Checks,Other / Financial / Services
DCX,1957413,Digital Currency X Technology Inc.,3711,Motor Vehicles & Passenger Car Bodies,Industrials
LEO,818972,"BNY MELLON STRATEGIC MUNICIPALS, INC.",,,Unknown
ENTA,1177648,ENANTA PHARMACEUTICALS INC,2834,Pharmaceutical Preparations,Healthcare
MTLS,1091223,MATERIALISE NV,7372,Services-Prepackaged Software,Technology
TACO,2033122,Berto Acquisition Corp.,6770,Blank Checks,Other / Financial / Services
FVRR,1762301,Fiverr International Ltd.,7389,"Services-Business Services, NEC",Other / Financial / Services
SDHY,1812923,PGIM Short Duration High Yield Opportunities Fund,,,Unknown
CAL,14707,CALERES INC,3140,"Footwear, (No Rubber)",Manufacturing
BBCQ,2088295,Bleichroeder Acquisition Corp. II,6770,Blank Checks,Other / Financial / Services
NCV,1214935,Virtus Convertible & Income Fund,,,Unknown
GBAB,1495825,Guggenheim Taxable Municipal Bond & Investment Grade Debt Trust,,,Unknown
BGR,1306550,BlackRock Energy & Resources Trust,,,Unknown
AVIR,1593899,"Atea Pharmaceuticals, Inc.",2834,Pharmaceutical Preparations,Healthcare
GUAC,2081515,Berto Acquisition Corp. II,6770,Blank Checks,Other / Financial / Services
ABEO,318306,ABEONA THERAPEUTICS INC.,2834,Pharmaceutical Preparations,Healthcare
ALF,2010930,Centurion Acquisition Corp.,6770,Blank Checks,Other / Financial / Services
CMCO,1005229,COLUMBUS MCKINNON CORP,3531,Construction Machinery & Equip,Industrials
FRST,1325670,Primis Financial Corp.,6022,State Commercial Banks,Other / Financial / Services
PCAP,2056634,ProCap Acquisition Corp,6770,Blank Checks,Other / Financial / Services
PFL,1244183,PIMCO INCOME STRATEGY FUND,,,Unknown
MBAV,2016072,M3-Brigade Acquisition V Corp.,6770,Blank Checks,Other / Financial / Services
MTAL,2107724,Metals Acquisition Corp. II,6770,Blank Checks,Other / Financial / Services
ZKP,2087447,Lafayette Digital Acquisition Corp. I,6770,Blank Checks,Other / Financial / Services
UXIN,1729173,Uxin Ltd,7389,"Services-Business Services, NEC",Other / Financial / Services
GTN,43196,"GRAY MEDIA, INC",4833,Television Broadcasting Stations,Other / Financial / Services
VHI,59255,VALHI INC /DE/,2810,Industrial Inorganic Chemicals,Manufacturing
SCGX,1277575,SAXON CAPITAL GROUP INC,1311,Crude Petroleum & Natural Gas,Energy
ELTP,1053369,ELITE PHARMACEUTICALS INC /NV/,2834,Pharmaceutical Preparations,Healthcare
RDAG,2055459,Republic Digital Acquisition Co,6770,Blank Checks,Other / Financial / Services
PKBK,1315399,"PARKE BANCORP, INC.",6022,State Commercial Banks,Other / Financial / Services
WENN,2057043,WEN Acquisition Corp,6770,Blank Checks,Other / Financial / Services
PERI,1338940,Perion Network Ltd.,7371,Services-Computer Programming Services,Technology
FRA,1259708,"BLACKROCK FLOATING RATE INCOME STRATEGIES FUND, INC.",,,Unknown
MYN,882150,"BLACKROCK MUNIYIELD NEW YORK QUALITY FUND, INC.",,,Unknown
SOHU,1734107,Sohu.com Ltd,7374,Services-Computer Processing & Data Preparation,Technology
FCBM,1531193,"First Carolina Financial Services, Inc.",6022,State Commercial Banks,Other / Financial / Services
ENHA,1956439,Enhanced Group Inc.,7990,Services-Miscellaneous Amusement & Recreation,Other / Financial / Services
INRE,1528985,"Inland Real Estate Income Trust, Inc.",6798,Real Estate Investment Trusts,Other / Financial / Services
PRLD,1678660,Prelude Therapeutics Inc,2834,Pharmaceutical Preparations,Healthcare
IACQ,2122505,Irenic Acquisition Corp.,6770,Blank Checks,Other / Financial / Services
FOF,1375340,"Cohen & Steers Closed-End Opportunity Fund, Inc.",,,Unknown
RR,1963685,RICHTECH ROBOTICS INC.,3569,"General Industrial Machinery & Equipment, NEC",Industrials
NAN,1074769,NUVEEN NEW YORK QUALITY MUNICIPAL INCOME FUND,,,Unknown
ASTL,1860805,Algoma Steel Group Inc.,3312,"Steel Works, Blast Furnaces & Rolling Mills (Coke Ovens)",Manufacturing
GBLI,1494904,"Global Indemnity Group, LLC",6331,"Fire, Marine & Casualty Insurance",Other / Financial / Services
TMCR,2087398,Metals Royalty Co Inc.,1040,Gold and Silver Ores,Other / Financial / Services
XPER,1788999,Xperi Inc.,7372,Services-Prepackaged Software,Technology
RNGR,1699039,"Ranger Energy Services, Inc.",1389,"Oil & Gas Field Services, NEC",Energy
EAD,1210123,ALLSPRING INCOME OPPORTUNITIES FUND,,,Unknown
MPTI,1902314,"M-tron Industries, Inc.",3679,"Electronic Components, NEC",Industrials
GCO,18498,GENESCO INC,5661,Retail-Shoe Stores,Retail
AVBC,2058758,"Avidia Bancorp, Inc.",6036,"Savings Institutions, Not Federally Chartered",Other / Financial / Services
FTW,2083125,PRESIDIO PRODUCTION Co,1311,Crude Petroleum & Natural Gas,Energy
AEF,846676,"abrdn Emerging Markets ex-China Fund, Inc.",,,Unknown
SOR,91847,SOURCE CAPITAL /DE/,,,Unknown
AUNA,1799207,AUNA S.A.,8011,Services-Offices & Clinics of  Doctors of  Medicine,Healthcare
MZYX,2097376,MOZAYYX Acquisition Corp.,6770,Blank Checks,Other / Financial / Services
FNLC,765207,"First Bancorp, Inc /ME/",6021,National Commercial Banks,Other / Financial / Services
HACQ,2089982,HCM IV Acquisition Corp.,6770,Blank Checks,Other / Financial / Services
AKBA,1517022,"Akebia Therapeutics, Inc.",2834,Pharmaceutical Preparations,Healthcare
BKKT,1820302,"Bakkt, Inc.",6199,Finance Services,Other / Financial / Services
ELMD,1488917,"Electromed, Inc.",3845,Electromedical & Electrotherapeutic Apparatus,Healthcare
VNDA,1347178,Vanda Pharmaceuticals Inc.,2834,Pharmaceutical Preparations,Healthcare
TRVG,1683825,trivago N.V.,7374,Services-Computer Processing & Data Preparation,Technology
ALOV,2083989,"Aldabra 4 Liquidity Opportunity Vehicle, Inc.",6770,Blank Checks,Other / Financial / Services
CDZI,727273,CADIZ INC,4941,Water Supply,Other / Financial / Services
ULH,1308208,"UNIVERSAL LOGISTICS HOLDINGS, INC.",4213,Trucking (No Local),Other / Financial / Services
NATR,275053,NATURES SUNSHINE PRODUCTS INC,2834,Pharmaceutical Preparations,Healthcare
NREF,1786248,"NexPoint Real Estate Finance, Inc.",6798,Real Estate Investment Trusts,Other / Financial / Services
XRX,1770450,Xerox Holdings Corp,3577,"Computer Peripheral Equipment, NEC",Technology
EDD,1388141,"Morgan Stanley Emerging Markets Domestic Debt Fund, Inc.",,,Unknown
LAND,1495240,GLADSTONE LAND Corp,6798,Real Estate Investment Trusts,Other / Financial / Services
NOA,1368519,North American Construction Group Ltd.,1389,"Oil & Gas Field Services, NEC",Energy
LXEO,1907108,"Lexeo Therapeutics, Inc.",2836,"Biological Products, (No Diagnostic Substances)",Healthcare
AII,2007587,"American Integrity Insurance Group, Inc.",6331,"Fire, Marine & Casualty Insurance",Other / Financial / Services
LPRO,1806201,Open Lending Corp,6141,Personal Credit Institutions,Other / Financial / Services
GNE,1528356,Genie Energy Ltd.,4931,Electric & Other Services Combined,Energy
SLP,1023459,"Simulations Plus, Inc.",7373,Services-Computer Integrated Systems Design,Technology
USCB,1901637,"USCB FINANCIAL HOLDINGS, INC.",6022,State Commercial Banks,Other / Financial / Services
OIM,2088325,OneIM Acquisition Corp.,6770,Blank Checks,Other / Financial / Services
FCRS,2074697,FutureCrest Acquisition Corp.,6770,Blank Checks,Other / Financial / Services
OPTX,1866816,"SYNTEC OPTICS HOLDINGS, INC.",3827,Optical Instruments & Lenses,Manufacturing
XNET,1510593,Xunlei Ltd,7372,Services-Prepackaged Software,Technology
PLAY,1525769,"Dave & Buster's Entertainment, Inc.",5812,Retail-Eating  Places,Retail
ATNI,879585,"ATN International, Inc.",4813,Telephone Communications (No Radiotelephone),Other / Financial / Services
SUJA,1934114,"SUJA LIFE, INC.",2080,Beverages,Consumer Goods
MVBF,1277902,MVB FINANCIAL CORP,6022,State Commercial Banks,Other / Financial / Services
LAB,1162194,STANDARD BIOTOOLS INC.,3826,Laboratory Analytical Instruments,Manufacturing
GSRV,2111762,GSR V Acquisition Corp.,6770,Blank Checks,Other / Financial / Services
LND,1499849,BrasilAgro - Brazilian Agricultural Real Estate Co,100,Agricultural Production-Crops,Other / Financial / Services
BCML,1730984,BayCom Corp,6022,State Commercial Banks,Other / Financial / Services
FVAV,1850733,Fortress Value Acquisition Corp. V,6770,Blank Checks,Other / Financial / Services
MGPI,835011,MGP INGREDIENTS INC,5180,"Wholesale-Beer, Wine & Distilled Alcoholic Beverages",Other / Financial / Services
VALU,717720,VALUE LINE INC,6282,Investment Advice,Other / Financial / Services
KNOP,1564180,KNOT Offshore Partners LP,4400,Water Transportation,Other / Financial / Services
OPI,1456772,OFFICE PROPERTIES INCOME TRUST,6500,Real Estate,Other / Financial / Services
NECB,1847398,"NorthEast Community Bancorp, Inc./MD/",6036,"Savings Institutions, Not Federally Chartered",Other / Financial / Services
NCMI,1377630,"National CineMedia, Inc.",7310,Services-Advertising,Other / Financial / Services
AWP,1390195,abrdn Global Premier Properties Fund,,,Unknown
CHMG,763563,CHEMUNG FINANCIAL CORP,6022,State Commercial Banks,Other / Financial / Services
SDHI,2034037,Siddhi Acquisition Corp (Cayman Islands),6770,Blank Checks,Other / Financial / Services
TLS,320121,TELOS CORP,7373,Services-Computer Integrated Systems Design,Technology
ACAA,2096900,Averin Capital Acquisition Corp.,6770,Blank Checks,Other / Financial / Services
GIX,2098712,GigCapital9 Corp.,6770,Blank Checks,Other / Financial / Services
FATE,1434316,FATE THERAPEUTICS INC,2836,"Biological Products, (No Diagnostic Substances)",Healthcare
WEYS,106532,WEYCO GROUP INC,5130,"Wholesale-Apparel, Piece Goods & Notions",Other / Financial / Services
PINE,1786117,"Alpine Income Property Trust, Inc.",6798,Real Estate Investment Trusts,Other / Financial / Services
ACCO,712034,ACCO BRANDS Corp,2780,"Blankbooks, Looseleaf Binders & Bookbindg & Relatd Work",Manufacturing
TACH,2009183,Titan Acquisition Corp.,6770,Blank Checks,Other / Financial / Services
ALUB,2041493,Alussa Energy Acquisition Corp. II,6770,Blank Checks,Other / Financial / Services
API,1802883,"Agora, Inc.",7372,Services-Prepackaged Software,Technology
KTF,839533,DWS MUNICIPAL INCOME TRUST,,,Unknown
OTGA,2077010,OTG Acquisition Corp. I,6770,Blank Checks,Other / Financial / Services
SVCO,1943289,"Silvaco Group, Inc.",7372,Services-Prepackaged Software,Technology
CCII,2064683,Cohen Circle Acquisition Corp. II,6770,Blank Checks,Other / Financial / Services
CLCHF,2125750,Clinch Resources Ltd.,,,Unknown
IPCX,2012318,Inflection Point Acquisition Corp. III,6770,Blank Checks,Other / Financial / Services
FENC,1211583,FENNEC PHARMACEUTICALS INC.,2836,"Biological Products, (No Diagnostic Substances)",Healthcare
ABAT,1576873,AMERICAN BATTERY TECHNOLOGY Co,1400,Mining & Quarrying of  Nonmetallic Minerals (No Fuels),Other / Financial / Services
HIX,1058239,WESTERN ASSET HIGH INCOME FUND II INC.,,,Unknown
MVST,1760689,"Microvast Holdings, Inc.",3690,"Miscellaneous Electrical Machinery, Equipment & Supplies",Industrials
MCI,275694,BARINGS CORPORATE INVESTORS,,,Unknown
RPAY,1720592,Repay Holdings Corp,7389,"Services-Business Services, NEC",Other / Financial / Services
JRI,1539337,Nuveen Real Asset Income & Growth Fund,,,Unknown
NC,789933,NACCO INDUSTRIES INC,1221,Bituminous Coal & Lignite Surface Mining,Other / Financial / Services
CAF,1368493,"Morgan Stanley China A Share Fund, Inc.",,,Unknown
MIY,890393,"BLACKROCK MUNIYIELD MICHIGAN QUALITY FUND, INC.",,,Unknown
OPAL,1842279,OPAL Fuels Inc.,4932,Gas & Other Services Combined,Energy
JGH,1615905,Nuveen Global High Income Fund,,,Unknown
NXG,1506488,NXG NextGen Infrastructure Income Fund,,,Unknown
SCD,1270131,LMP CAPITAL & INCOME FUND INC.,,,Unknown
KCHV,2053799,Kochav Defense Acquisition Corp.,6770,Blank Checks,Other / Financial / Services
CMCL,766011,Caledonia Mining Corp Plc,1040,Gold and Silver Ores,Other / Financial / Services
HCIC,2099093,Hennessy Capital Investment Corp. VIII,6770,Blank Checks,Other / Financial / Services
ARCI,2083910,Archimedes Tech SPAC Partners III Co.,6770,Blank Checks,Other / Financial / Services
WSBF,1569994,"Waterstone Financial, Inc.",6035,"Savings Institution, Federally Chartered",Other / Financial / Services
AVBH,1443575,"Avidbank Holdings, Inc.",6022,State Commercial Banks,Other / Financial / Services
PAII,2069238,Pyrophyte Acquisition Corp. II,6770,Blank Checks,Other / Financial / Services
SOUL,2025608,Soulpower Acquisition Corp.,6770,Blank Checks,Other / Financial / Services
GEVO,1392380,"Gevo, Inc.",2860,Industrial Organic Chemicals,Manufacturing
SBXE,2081909,SilverBox Corp V,6770,Blank Checks,Other / Financial / Services
BDCI,2042292,BTC Development Corp.,6770,Blank Checks,Other / Financial / Services
AXIN,2057030,Axiom Intelligence Acquisition Corp 1,6770,Blank Checks,Other / Financial / Services
CEPL,1009759,"Capstone Energy Plus, Inc.",3510,Engines & Turbines,Industrials
ARTNA,863110,ARTESIAN RESOURCES CORP,4941,Water Supply,Other / Financial / Services
MTRX,866273,MATRIX SERVICE CO,1700,Construction - Special Trade Contractors,Other / Financial / Services
OYSE,2042182,Oyster Enterprises II Acquisition Corp,6770,Blank Checks,Other / Financial / Services
BLZR,2075310,Trailblazer Acquisition Corp.,6770,Blank Checks,Other / Financial / Services
RMR,1644378,RMR GROUP INC.,8742,Services-Management Consulting Services,Other / Financial / Services
HCMA,2069856,HCM III ACQUISITION CORP.,6770,Blank Checks,Other / Financial / Services
HPF,1189740,JOHN HANCOCK PREFERRED INCOME FUND II,,,Unknown
LYEL,1806952,"Lyell Immunopharma, Inc.",2834,Pharmaceutical Preparations,Healthcare
HIO,910068,WESTERN ASSET HIGH INCOME OPPORTUNITY FUND INC.,,,Unknown
YSG,1819580,Yatsen Holding Ltd,2844,"Perfumes, Cosmetics & Other Toilet Preparations",Manufacturing
LE,799288,"LANDS' END, INC.",5651,Retail-Family Clothing Stores,Retail
SORN,2086263,Soren Acquisition Corp.,6770,Blank Checks,Other / Financial / Services
CURR,1862935,Currenc Group Inc.,7389,"Services-Business Services, NEC",Other / Financial / Services
AGCC,2060016,Agencia Comercial Spirits Ltd.,5180,"Wholesale-Beer, Wine & Distilled Alcoholic Beverages",Other / Financial / Services
IPFX,2102041,Inflection Point Acquisition Corp. VI,6770,Blank Checks,Other / Financial / Services
ASG,786035,LIBERTY ALL STAR GROWTH FUND INC.,,,Unknown
ARL,1102238,AMERICAN REALTY INVESTORS INC,6510,Real Estate Operators (No Developers) & Lessors,Other / Financial / Services
DSAC,2082149,Daedalus Special Acquisition Corp.,6770,Blank Checks,Other / Financial / Services
INDP,1857044,"Indaptus Therapeutics, Inc.",2834,Pharmaceutical Preparations,Healthcare
FHTX,1822462,Foghorn Therapeutics Inc.,2834,Pharmaceutical Preparations,Healthcare
ATAC,2135163,Albatross Acquisition Corp,6770,Blank Checks,Other / Financial / Services
BKT,832327,"BLACKROCK INCOME TRUST, INC.",,,Unknown
CVEO,1590584,Civeo Corp,7000,"Hotels, Rooming Houses, Camps & Other Lodging Places",Other / Financial / Services
ZNTL,1725160,"Zentalis Pharmaceuticals, Inc.",2834,Pharmaceutical Preparations,Healthcare
EMF,809708,TEMPLETON EMERGING MARKETS FUND,,,Unknown
KEYY,2102771,Keystone Acquisition Corp.,6770,Blank Checks,Other / Financial / Services
BYND,1655210,"BEYOND MEAT, INC.",2000,Food and Kindred Products,Consumer Goods
SUPX,1897087,SuperX AI Technology Ltd,8742,Services-Management Consulting Services,Other / Financial / Services
SNDL,1766600,SNDL Inc.,2833,Medicinal Chemicals & Botanical Products,Healthcare
OSS,1394056,"ONE STOP SYSTEMS, INC.",3571,Electronic Computers,Technology
AACI,2092897,Armada Acquisition Corp. III,6770,Blank Checks,Other / Financial / Services
PTLO,1871509,Portillo's Inc.,5812,Retail-Eating  Places,Retail
MSC,1713334,STUDIO CITY INTERNATIONAL HOLDINGS Ltd,7011,Hotels & Motels,Other / Financial / Services
ARQQ,1859690,Arqit Quantum Inc.,7372,Services-Prepackaged Software,Technology
ISSC,836690,INNOVATIVE SOLUTIONS & SUPPORT INC,7371,Services-Computer Programming Services,Technology
PALI,1357459,"PALISADE BIO, INC.",2836,"Biological Products, (No Diagnostic Substances)",Healthcare
NWFL,1013272,NORWOOD FINANCIAL CORP,6022,State Commercial Banks,Other / Financial / Services
PHDWY,1765812,"PT Ace Hardware Indonesia, Tbk./ADR",,,Unknown
TWFG,2007596,"TWFG, Inc.",6411,"Insurance Agents, Brokers & Service",Other / Financial / Services
TSBK,1046050,TIMBERLAND BANCORP INC,6036,"Savings Institutions, Not Federally Chartered",Other / Financial / Services
IONR,1896084,ioneer Ltd,1400,Mining & Quarrying of  Nonmetallic Minerals (No Fuels),Other / Financial / Services
CATX,728387,"Perspective Therapeutics, Inc.",2834,Pharmaceutical Preparations,Healthcare
CZFS,739421,CITIZENS FINANCIAL SERVICES INC,6022,State Commercial Banks,Other / Financial / Services
CAII,2115404,Collective Acquisition Corp. II,6770,Blank Checks,Other / Financial / Services
XPOF,1802156,"Xponential Fitness, Inc.",7990,Services-Miscellaneous Amusement & Recreation,Other / Financial / Services
BRW,826020,Saba Capital Income & Opportunities Fund,,,Unknown
BLUW,2050501,Blue Water Acquisition Corp. III,6770,Blank Checks,Other / Financial / Services
JOF,859796,JAPAN SMALLER CAPITALIZATION FUND INC,,,Unknown
BEAG,1852207,Bold Eagle Acquisition Corp.,6770,Blank Checks,Other / Financial / Services
SPXX,1338561,Nuveen S&P 500 Dynamic Overwrite Fund,,,Unknown
TWIN,100378,TWIN DISC INC,3560,General Industrial Machinery & Equipment,Industrials
MASS,1555279,908 Devices Inc.,3829,"Measuring & Controlling Devices, NEC",Manufacturing
ASYS,720500,AMTECH SYSTEMS INC,3559,"Special Industry Machinery, NEC",Industrials
SPCE,1706946,"Virgin Galactic Holdings, Inc",4700,Transportation Services,Other / Financial / Services
SCTH,1703157,"Securetech Innovations, Inc.",3714,Motor Vehicle Parts & Accessories,Industrials
CEPV,2034266,"Cantor Equity Partners V, Inc.",6770,Blank Checks,Other / Financial / Services
RFMZ,1817159,"RiverNorth Flexible Municipal Income Fund II, Inc.",,,Unknown
MSB,65172,MESABI TRUST,6795,Mineral Royalty Traders,Other / Financial / Services
IMRX,1790340,Immuneering Corp,2834,Pharmaceutical Preparations,Healthcare
STRT,933034,STRATTEC SECURITY CORP,3714,Motor Vehicle Parts & Accessories,Industrials
PPT,827773,PUTNAM PREMIER INCOME TRUST,,,Unknown
MBI,814585,MBIA INC,6351,Surety Insurance,Other / Financial / Services
SEG,2009684,Seaport Entertainment Group Inc.,7990,Services-Miscellaneous Amusement & Recreation,Other / Financial / Services
NLCP,1854964,"NewLake Capital Partners, Inc.",6798,Real Estate Investment Trusts,Other / Financial / Services
FERA,2025401,Fifth Era Acquisition Corp I,6770,Blank Checks,Other / Financial / Services
GASS,1328919,StealthGas Inc.,4412,Deep Sea Foreign Transportation of  Freight,Other / Financial / Services
CIX,1049606,COMPX INTERNATIONAL INC,3420,"Cutlery, Handtools & General Hardware",Manufacturing
PACH,2040381,Pioneer Acquisition I Corp,6770,Blank Checks,Other / Financial / Services
PSBD,1794776,Palmer Square Capital BDC Inc.,,,Unknown
ONIT,873860,ONITY GROUP INC.,6162,Mortgage Bankers & Loan Correspondents,Other / Financial / Services
IRD,1228627,"Opus Genetics, Inc.",2834,Pharmaceutical Preparations,Healthcare
NODK,1681206,"NI Holdings, Inc.",6331,"Fire, Marine & Casualty Insurance",Other / Financial / Services
SZZL,2030663,Sizzle Acquisition Corp. II,6770,Blank Checks,Other / Financial / Services
OBA,2034313,Oxley Bridge Acquisition Ltd,6770,Blank Checks,Other / Financial / Services
DRDB,2032528,Roman DBDR Acquisition Corp. II,6770,Blank Checks,Other / Financial / Services
LODE,1120970,Comstock Inc.,2860,Industrial Organic Chemicals,Manufacturing
COSO,1297107,"CoastalSouth Bancshares, Inc.",6022,State Commercial Banks,Other / Financial / Services
ALMU,1828805,"Aeluma, Inc.",3674,Semiconductors & Related Devices,Industrials
TSSI,1320760,"TSS, Inc.",8742,Services-Management Consulting Services,Other / Financial / Services
AFB,1162027,ALLIANCEBERNSTEIN NATIONAL MUNICIPAL INCOME FUND,,,Unknown
EVOX,2077954,Evolution Global Acquisition Corp,6770,Blank Checks,Other / Financial / Services
PMTR,2061473,Perimeter Acquisition Corp. I,6770,Blank Checks,Other / Financial / Services
MLP,63330,MAUI LAND & PINEAPPLE CO INC,6500,Real Estate,Other / Financial / Services
CARL,1794546,"CARLSMED, INC.",3841,Surgical & Medical Instruments & Apparatus,Healthcare
LZM,1958217,Lifezone Metals Ltd,1000,Metal Mining,Other / Financial / Services
CAES,2087965,"Cantor Equity Partners VII, Inc.",6770,Blank Checks,Other / Financial / Services
ATII,2028516,Archimedes Tech SPAC Partners II Co.,6770,Blank Checks,Other / Financial / Services
FSBW,1530249,"FS Bancorp, Inc.",6036,"Savings Institutions, Not Federally Chartered",Other / Financial / Services
TEI,909112,TEMPLETON EMERGING MARKETS INCOME FUND,,,Unknown
ALDF,2031561,Aldel Financial II Inc.,6770,Blank Checks,Other / Financial / Services
CION,1534254,CION Investment Corp,,,Unknown
KOYN,2068454,"CSLM Digital Asset Acquisition Corp III, Ltd",6770,Blank Checks,Other / Financial / Services
OEC,1609804,Orion S.A.,2890,Miscellaneous Chemical Products,Manufacturing
MYFW,1327607,First Western Financial Inc,6022,State Commercial Banks,Other / Financial / Services
CYDY,1175680,CytoDyn Inc.,2834,Pharmaceutical Preparations,Healthcare
SHIP,1448397,Seanergy Maritime Holdings Corp.,4412,Deep Sea Foreign Transportation of  Freight,Other / Financial / Services
RIV,1501072,"RIVERNORTH OPPORTUNITIES FUND, INC.",,,Unknown
BGT,1287480,BLACKROCK FLOATING RATE INCOME TRUST,,,Unknown
LCTX,876343,"Lineage Cell Therapeutics, Inc.",2836,"Biological Products, (No Diagnostic Substances)",Healthcare
GETY,1898496,"Getty Images Holdings, Inc.",7389,"Services-Business Services, NEC",Other / Financial / Services
BKTI,2186,BK Technologies Corp,3663,Radio & Tv Broadcasting & Communications Equipment,Industrials
RNGT,2078653,Range Capital Acquisition Corp II,6770,Blank Checks,Other / Financial / Services
BGS,1278027,"B&G Foods, Inc.",2000,Food and Kindred Products,Consumer Goods
POLE,2025341,Andretti Acquisition Corp. II,6770,Blank Checks,Other / Financial / Services
CMII,2088805,Columbus Circle Capital Corp II,6770,Blank Checks,Other / Financial / Services
HRZN,1487428,Horizon Technology Finance Corp,,,Unknown
TVA,2033991,Texas Ventures Acquisition III Corp,6770,Blank Checks,Other / Financial / Services
ESOA,1357971,Energy Services of America CORP,1623,"Water, Sewer, Pipeline, Comm & Power Line Construction",Other / Financial / Services
AGD,1362481,abrdn Global Dynamic Dividend Fund,,,Unknown
CMTG,1666291,"Claros Mortgage Trust, Inc.",6500,Real Estate,Other / Financial / Services
SAC,2082844,Safeguard Acquisition Corp.,6770,Blank Checks,Other / Financial / Services
PLTS,2053033,Platinum Analytics Cayman Ltd,7372,Services-Prepackaged Software,Technology
ZIP,1617553,"ZIPRECRUITER, INC.",7370,"Services-Computer Programming, Data Processing, Etc.",Technology
JACS,2039058,Jackson Acquisition Co II,6770,Blank Checks,Other / Financial / Services
NNDM,1643303,Nano Dimension Ltd.,3672,Printed Circuit Boards,Industrials
MKLY,2067592,McKinley Acquisition Corp,6770,Blank Checks,Other / Financial / Services
EFR,1258623,Eaton Vance Senior Floating-Rate Trust,,,Unknown
AMRN,897448,AMARIN CORP PLC\UK,2834,Pharmaceutical Preparations,Healthcare
AIRJ,1855474,AirJoule Technologies Corp.,3585,Air-Cond & Warm Air Heatg Equip & Comm & Indl Refrig Equip,Industrials
AEAQ,2083689,Activate Energy Acquisition Corp.,6770,Blank Checks,Other / Financial / Services
BUUU,2047273,BUUU Group Ltd,7900,Services-Amusement & Recreation Services,Other / Financial / Services
VACI,2080023,Viking Acquisition Corp I,4899,"Communications Services, NEC",Other / Financial / Services
MXF,65433,MEXICO FUND INC,,,Unknown
FVCB,1675644,"FVCBankcorp, Inc.",6022,State Commercial Banks,Other / Financial / Services
VOXR,1907909,VOX ROYALTY CORP.,1040,Gold and Silver Ores,Other / Financial / Services
AACO,2099906,Abony Acquisition Corp. I,6770,Blank Checks,Other / Financial / Services
SVIV,2098242,Spring Valley Acquisition Corp. IV,6770,Blank Checks,Other / Financial / Services
ILLU,2101135,Illumination Acquisition Corp. I,6770,Blank Checks,Other / Financial / Services
LPAA,2015502,Launch One Acquisition Corp.,6770,Blank Checks,Other / Financial / Services
LGSXY,1447221,Light S.A./ADR,8880,American Depositary Receipts,Healthcare
FWDI,38264,"Forward Industries, Inc.",6199,Finance Services,Other / Financial / Services
SSTK,1549346,"Shutterstock, Inc.",7374,Services-Computer Processing & Data Preparation,Technology
LEGO,2087450,Legato Merger Corp. IV,6770,Blank Checks,Other / Financial / Services
FNKO,1704711,"Funko, Inc.",3944,"Games, Toys & Children's Vehicles (No Dolls & Bicycles)",Consumer Goods
SITKF,1747657,Sitka Gold Corp.,,,Unknown
NCA,818851,NUVEEN CALIFORNIA MUNICIPAL VALUE FUND,,,Unknown
OTLY,1843586,Oatly Group AB,2000,Food and Kindred Products,Consumer Goods
PRE,1876431,Prenetics Global Ltd,2834,Pharmaceutical Preparations,Healthcare
BRBS,842717,"BLUE RIDGE BANKSHARES, INC.",6022,State Commercial Banks,Other / Financial / Services
ORGO,1661181,Organogenesis Holdings Inc.,2834,Pharmaceutical Preparations,Healthcare
HLLY,1822928,Holley Inc.,3714,Motor Vehicle Parts & Accessories,Industrials
LPBB,2023676,Launch Two Acquisition Corp.,6770,Blank Checks,Other / Financial / Services
NMRA,1885522,"Neumora Therapeutics, Inc.",2836,"Biological Products, (No Diagnostic Substances)",Healthcare
LWAC,2061379,LightWave Acquisition Corp.,6770,Blank Checks,Other / Financial / Services
BACC,2059654,Blue Acquisition Corp/Cayman,6770,Blank Checks,Other / Financial / Services
DVLT,1682149,Datavault AI Inc.,7389,"Services-Business Services, NEC",Other / Financial / Services
CCFN,731122,MUNCY COLUMBIA FINANCIAL Corp,6022,State Commercial Banks,Other / Financial / Services
TMTS,2097364,Spartacus Acquisition Corp. II,6770,Blank Checks,Other / Financial / Services
JMSB,1710482,"John Marshall Bancorp, Inc.",6022,State Commercial Banks,Other / Financial / Services
RAC,2047497,Rithm Acquisition Corp.,6770,Blank Checks,Other / Financial / Services
ARDC,1515324,"Ares Dynamic Credit Allocation Fund, Inc.",,,Unknown
VRXA,2079109,Veraxa Biotech Holding AG,2834,Pharmaceutical Preparations,Healthcare
VHCP,2086264,Vine Hill Capital Investment Corp. II,6770,Blank Checks,Other / Financial / Services
IFRX,1708688,InflaRx N.V.,2834,Pharmaceutical Preparations,Healthcare
RFI,891290,COHEN & STEERS TOTAL RETURN REALTY FUND INC,,,Unknown
ZUMZ,1318008,Zumiez Inc,5600,Retail-Apparel & Accessory Stores,Retail
ITHA,2080985,ITHAX Acquisition Corp III,6770,Blank Checks,Other / Financial / Services
GTERA,2043766,Globa Terra Acquisition Corp,6770,Blank Checks,Other / Financial / Services
NBH,1178839,NEUBERGER MUNICIPAL FUND INC.,,,Unknown
FCCO,932781,FIRST COMMUNITY CORP /SC/,6022,State Commercial Banks,Other / Financial / Services
BCYC,1761612,BICYCLE THERAPEUTICS PLC,2834,Pharmaceutical Preparations,Healthcare
SBC,1930313,SBC Medical Group Holdings Inc,8011,Services-Offices & Clinics of  Doctors of  Medicine,Healthcare
UIS,746838,UNISYS CORP,7373,Services-Computer Integrated Systems Design,Technology
CLLS,1627281,Cellectis S.A.,2836,"Biological Products, (No Diagnostic Substances)",Healthcare
RCKY,895456,"ROCKY BRANDS, INC.",3140,"Footwear, (No Rubber)",Manufacturing
TAKOF,1547452,Volatus Aerospace Inc.,,,Unknown
EFTY,2058349,"ETOILES CAPITAL GROUP CO., LTD",8742,Services-Management Consulting Services,Other / Financial / Services
AIRS,1870940,"Airsculpt Technologies, Inc.",8011,Services-Offices & Clinics of  Doctors of  Medicine,Healthcare
BRBI,2058601,BRBI BR Partners S.A.,6199,Finance Services,Other / Financial / Services
NEGG,1474627,"Newegg Commerce, Inc.",5990,"Retail-Retail Stores, NEC",Retail
JENA,2060337,JENA ACQUISITION Corp II,6770,Blank Checks,Other / Financial / Services
ALCO,3545,"ALICO, INC.",100,Agricultural Production-Crops,Other / Financial / Services
BIXI,2082542,Bitcoin Infrastructure Acquisition Corp Ltd,6770,Blank Checks,Other / Financial / Services
OFLX,1317945,"Omega Flex, Inc.",3430,"Heating Equip, Except Elec & Warm Air; & Plumbing Fixtures",Manufacturing
DSM,855887,"BNY MELLON STRATEGIC MUNICIPAL BOND FUND, INC.",0,,Other / Financial / Services
NHIC,2043699,NewHold Investment Corp. III,6770,Blank Checks,Other / Financial / Services
HVMC,2070602,Highview Merger Corp.,6770,Blank Checks,Other / Financial / Services
GSRF,2072404,GSR IV Acquisition Corp.,6770,Blank Checks,Other / Financial / Services
DUOT,1396536,"DUOS TECHNOLOGIES GROUP, INC.",7372,Services-Prepackaged Software,Technology
FNRN,1114927,FIRST NORTHERN COMMUNITY BANCORP,6035,"Savings Institution, Federally Chartered",Other / Financial / Services
CDPMF,2046223,Cerro de Pasco Resources Inc.,,,Unknown
QLEP,2102155,Quantum Leap Acquisition Corp,6770,Blank Checks,Other / Financial / Services
NCZ,1227857,Virtus Convertible & Income Fund II,,,Unknown
ELDN,1404281,"Eledon Pharmaceuticals, Inc.",2834,Pharmaceutical Preparations,Healthcare
PMO,900422,PUTNAM MUNICIPAL OPPORTUNITIES TRUST,,,Unknown
NL,72162,NL INDUSTRIES INC,2810,Industrial Inorganic Chemicals,Manufacturing
NSLR,1509470,Neostellar Capital Corp.,,,Unknown
FDBC,1098151,FIDELITY D & D BANCORP INC,6021,National Commercial Banks,Other / Financial / Services
SVAQ,2085659,Silicon Valley Acquisition Corp.,6770,Blank Checks,Other / Financial / Services
PESI,891532,PERMA FIX ENVIRONMENTAL SERVICES INC,4955,Hazardous Waste Management,Other / Financial / Services
ACGC,2111542,ACP Holdings Acquisition Corp.,6770,Blank Checks,Other / Financial / Services
ANVI,1570132,"ANVI GLOBAL HOLDINGS, INC.",5400,Retail-Food Stores,Retail
OIA,835333,Invesco Municipal Income Opportunities Trust,,,Unknown
RMM,1771226,"RiverNorth Managed Duration Municipal Income Fund, Inc.",,,Unknown
ACV,1636289,Virtus Diversified Income & Convertible Fund,,,Unknown
IRHO,2051985,Iron Horse Acquisition II Corp.,7389,"Services-Business Services, NEC",Other / Financial / Services
MTNE,2044817,CH4 Natural Solutions Corp,6770,Blank Checks,Other / Financial / Services
SAR,1377936,SARATOGA INVESTMENT CORP.,,,Unknown
GPAC,2085408,General Purpose Acquisition Corp.,6770,Blank Checks,Other / Financial / Services
CV,1378325,"CapsoVision, Inc",3845,Electromedical & Electrotherapeutic Apparatus,Healthcare
SHMD,1987240,SCHMID Group N.V.,3590,Misc Industrial & Commercial Machinery & Equipment,Industrials
HCAC,2079013,Hall Chadwick Acquisition Corp,6770,Blank Checks,Other / Financial / Services
SGLA,1433551,Sino Green Land Corp.,5090,Wholesale-Misc Durable Goods,Other / Financial / Services
OSUR,1116463,ORASURE TECHNOLOGIES INC,3841,Surgical & Medical Instruments & Apparatus,Healthcare
AACP,2102123,Apogee Acquisition Corp,6770,Blank Checks,Other / Financial / Services
SABS,1833214,"SAB Biotherapeutics, Inc.",2836,"Biological Products, (No Diagnostic Substances)",Healthcare
KINS,33992,"KINGSTONE COMPANIES, INC.",6331,"Fire, Marine & Casualty Insurance",Other / Financial / Services
NWBO,1072379,NORTHWEST BIOTHERAPEUTICS INC,2834,Pharmaceutical Preparations,Healthcare
RILY,1464790,"BRC Group Holdings, Inc.",6282,Investment Advice,Other / Financial / Services
AACB,2034334,Artius II Acquisition Inc.,6770,Blank Checks,Other / Financial / Services
FLXS,37472,FLEXSTEEL INDUSTRIES INC,2510,Household Furniture,Consumer Goods
EGHT,1023731,8X8 INC /DE/,7374,Services-Computer Processing & Data Preparation,Technology
NTPIF,829365,NAM TAI PROPERTY INC.,6500,Real Estate,Other / Financial / Services
FUND,825202,SPROTT FOCUS TRUST INC.,0,,Other / Financial / Services
ADAC,2083002,American Drive Acquisition Co,6770,Blank Checks,Other / Financial / Services
SVAC,2074850,Spring Valley Acquisition Corp. III,4911,Electric Services,Energy
ALXO,1810182,ALX ONCOLOGY HOLDINGS INC,2834,Pharmaceutical Preparations,Healthcare
ISBA,842517,ISABELLA BANK CORP,6022,State Commercial Banks,Other / Financial / Services
FGII,2090452,FG Imperii Acquisition Corp.,6770,Blank Checks,Other / Financial / Services
UP,1819516,Wheels Up Experience Inc.,4522,"Air Transportation, Nonscheduled",Other / Financial / Services
UCFI,1901203,CN Healthy Food Tech Group Corp.,2000,Food and Kindred Products,Consumer Goods
BRVMF,1913288,Bravo Mining Corp.,,,Unknown
LPCV,2083728,Launchpad Cadenza Acquisition Corp I,6770,Blank Checks,Other / Financial / Services
NPCT,1835068,Nuveen Core Plus Impact Fund,,,Unknown
KPET,2095297,KPET Ultra Paceline Corp,6770,Blank Checks,Other / Financial / Services
ASLE,1754170,AerSale Corp,5080,"Wholesale-Machinery, Equipment & Supplies",Other / Financial / Services
SES,1819142,SES AI Corp,3690,"Miscellaneous Electrical Machinery, Equipment & Supplies",Industrials
SGHT,1531177,"Sight Sciences, Inc.",3841,Surgical & Medical Instruments & Apparatus,Healthcare
BGH,1521404,BARINGS GLOBAL SHORT DURATION HIGH YIELD FUND,,,Unknown
BORAY,2097461,"Bora Pharmaceuticals Co., Ltd./ADR",,,Unknown
CRLBF,1832928,Cresco Labs Inc.,2833,Medicinal Chemicals & Botanical Products,Healthcare
PNRG,56868,PRIMEENERGY RESOURCES CORP,1311,Crude Petroleum & Natural Gas,Energy
TKNO,1850902,"Alpha Teknova, Inc.",2835,In Vitro & In Vivo Diagnostic Substances,Healthcare
GLSI,1799788,"Greenwich LifeSciences, Inc.",2834,Pharmaceutical Preparations,Healthcare
POWW,1015383,Outdoor Holding Co,7389,"Services-Business Services, NEC",Other / Financial / Services
FUNC,763907,FIRST UNITED CORP/MD/,6021,National Commercial Banks,Other / Financial / Services
JWSMF,1831359,Jaws Mustang Acquisition Corp,6770,Blank Checks,Other / Financial / Services
MMD,1518557,NYLI MacKay DefinedTerm Muni Opportunities Fund,,,Unknown
EFT,1288992,Eaton Vance Floating-Rate Income Trust,,,Unknown
CIA,24090,"CITIZENS, INC.",6311,Life Insurance,Other / Financial / Services
KWY,1072627,KINGSWAY Corp,6331,"Fire, Marine & Casualty Insurance",Other / Financial / Services
KF,748691,KOREA FUND INC,,,Unknown
OVLY,1431567,Oak Valley Bancorp,6022,State Commercial Banks,Other / Financial / Services
AFRI,1903870,Forafric Global PLC,2040,Grain Mill Products,Consumer Goods
BRT,14846,BRT Apartments Corp.,6798,Real Estate Investment Trusts,Other / Financial / Services
REI,1384195,"RING ENERGY, INC.",1311,Crude Petroleum & Natural Gas,Energy
CUB,2015955,Lionheart Holdings,6770,Blank Checks,Other / Financial / Services
EOD,1386067,ALLSPRING GLOBAL DIVIDEND OPPORTUNITY FUND,,,Unknown
DBL,1525201,DoubleLine Opportunistic Credit Fund,,,Unknown
HBB,1709164,Hamilton Beach Brands Holding Co,3634,Electric Housewares & Fans,Industrials
ZH,1835724,Zhihu Inc.,7389,"Services-Business Services, NEC",Other / Financial / Services
BUKS,15847,BUTLER NATIONAL CORP,7990,Services-Miscellaneous Amusement & Recreation,Other / Financial / Services
JCE,1385763,Nuveen Core Equity Alpha Fund,,,Unknown
RNAC,1453687,"Cartesian Therapeutics, Inc.",2834,Pharmaceutical Preparations,Healthcare
TMCI,1630627,"TREACE MEDICAL CONCEPTS, INC.",3841,Surgical & Medical Instruments & Apparatus,Healthcare
JACK,807882,JACK IN THE BOX INC,5812,Retail-Eating  Places,Retail
TVAI,1872228,Thayer Ventures Acquisition Corp II,6770,Blank Checks,Other / Financial / Services
XCBE,2083493,X3 Acquisition Corp. Ltd.,6770,Blank Checks,Other / Financial / Services
WNEB,1157647,"Western New England Bancorp, Inc.",6035,"Savings Institution, Federally Chartered",Other / Financial / Services
SENS,1616543,"Senseonics Holdings, Inc.",3823,"Industrial Instruments For Measurement, Display, and Control",Manufacturing
OPRT,1538716,Oportun Financial Corp,6199,Finance Services,Other / Financial / Services
AVNW,1377789,"AVIAT NETWORKS, INC.",3663,Radio & Tv Broadcasting & Communications Equipment,Industrials
AERG,879911,"APPLIED ENERGETICS, INC.",3812,"Search, Detection, Navigation, Guidance, Aeronautical Sys",Manufacturing
HLXC,2099656,Helix Acquisition Corp. III,6770,Blank Checks,Other / Financial / Services
MIN,826735,MFS INTERMEDIATE INCOME TRUST,,,Unknown
DBI,1319947,Designer Brands Inc.,5661,Retail-Shoe Stores,Retail
SSP,832428,E.W. SCRIPPS Co,4833,Television Broadcasting Stations,Other / Financial / Services
MGNX,1125345,MACROGENICS INC,2834,Pharmaceutical Preparations,Healthcare
TTRX,2023016,Turn Therapeutics Inc.,2834,Pharmaceutical Preparations,Healthcare
PMM,844790,PUTNAM MANAGED MUNICIPAL INCOME TRUST,,,Unknown
CBNA,1392272,CHAIN BRIDGE BANCORP INC,6021,National Commercial Banks,Other / Financial / Services
REEMF,1419806,RARE ELEMENT RESOURCES LTD,1040,Gold and Silver Ores,Other / Financial / Services
QUIK,882508,QUICKLOGIC Corp,3674,Semiconductors & Related Devices,Industrials
SBXD,2015947,SilverBox Corp IV,6770,Blank Checks,Other / Financial / Services
PTHRF,1621910,Pantheon Resources plc,,,Unknown
TCPC,1370755,BlackRock TCP Capital Corp.,,,Unknown
NHIV,2099767,NewHold Investment Corp IV,6770,Blank Checks,Other / Financial / Services
FRAF,723646,FRANKLIN FINANCIAL SERVICES CORP /PA/,6022,State Commercial Banks,Other / Financial / Services
RC,1527590,Ready Capital Corp,6798,Real Estate Investment Trusts,Other / Financial / Services
XSLL,2088807,Xsolla SPAC 1,6770,Blank Checks,Other / Financial / Services
LTBR,1084554,LIGHTBRIDGE Corp,2810,Industrial Inorganic Chemicals,Manufacturing
FUBO,1484769,FuboTV Inc.,7812,Services-Motion Picture & Video Tape Production,Other / Financial / Services
XFLT,1703079,XAI Floating Rate & Alternative Income Trust,,,Unknown
NAGE,1386570,"Niagen Bioscience, Inc.",2833,Medicinal Chemicals & Botanical Products,Healthcare
JDZG,1976908,JIADE Ltd,8200,Services-Educational Services,Healthcare
PAMT,798287,PAMT CORP,4213,Trucking (No Local),Other / Financial / Services
TDF,919893,TEMPLETON DRAGON FUND INC,,,Unknown
CD,1527762,Chaince Digital Holdings Inc.,6199,Finance Services,Other / Financial / Services
MUZE,2093484,Muzero Acquisition Corp,6770,Blank Checks,Other / Financial / Services
KRYXF,1318596,KORYX COPPER INC.,1400,Mining & Quarrying of  Nonmetallic Minerals (No Fuels),Other / Financial / Services
EOT,1454741,Eaton Vance National Municipal Opportunities Trust,,,Unknown
CEPO,2027708,"Cantor Equity Partners I, Inc.",6770,Blank Checks,Other / Financial / Services
HVII,1846416,Hennessy Capital Investment Corp. VII,4911,Electric Services,Energy
TRDA,1689375,"Entrada Therapeutics, Inc.",2834,Pharmaceutical Preparations,Healthcare
TTGT,2018064,"TechTarget, Inc.",4822,Telegraph & Other Message Communications,Other / Financial / Services
OSG,874501,OCTAVE SPECIALTY GROUP INC,6351,Surety Insurance,Other / Financial / Services
HDSN,925528,HUDSON TECHNOLOGIES INC /NY,5080,"Wholesale-Machinery, Equipment & Supplies",Other / Financial / Services
NXDT,1356115,NEXPOINT DIVERSIFIED REAL ESTATE TRUST,6798,Real Estate Investment Trusts,Other / Financial / Services
ORBS,1892492,Eightco Holdings Inc.,6153,Short-Term Business Credit Institutions,Other / Financial / Services
SRZN,1824893,"Surrozen, Inc./DE",2836,"Biological Products, (No Diagnostic Substances)",Healthcare
DNMX,2081125,Dynamix Corp III,6770,Blank Checks,Other / Financial / Services
GALT,1133416,GALECTIN THERAPEUTICS INC,2834,Pharmaceutical Preparations,Healthcare
DSX,1318885,DIANA SHIPPING INC.,4412,Deep Sea Foreign Transportation of  Freight,Other / Financial / Services
NNBR,918541,NN INC,3540,Metalworkg Machinery & Equipment,Industrials
CXDO,1075736,"Crexendo, Inc.",4813,Telephone Communications (No Radiotelephone),Other / Financial / Services
IKT,1750149,"Inhibikase Therapeutics, Inc.",2836,"Biological Products, (No Diagnostic Substances)",Healthcare
AMFN,96664,"American Fusion, Inc.",4911,Electric Services,Energy
HWBK,893847,"HAWTHORN BANCSHARES, INC.",6021,National Commercial Banks,Other / Financial / Services
BPRN,1913971,"Princeton Bancorp, Inc.",6022,State Commercial Banks,Other / Financial / Services
RLTY,1866874,Cohen & Steers Real Estate Opportunities & Income Fund,,,Unknown
RAIL,1320854,"FreightCar America, Inc.",3743,Railroad Equipment,Industrials
MPAA,918251,MOTORCAR PARTS OF AMERICA INC,3714,Motor Vehicle Parts & Accessories,Industrials
FXNC,719402,FIRST NATIONAL CORP /VA/,6022,State Commercial Banks,Other / Financial / Services
CNXU,2066836,Conexeu Sciences Inc.,3842,"Orthopedic, Prosthetic & Surgical Appliances & Supplies",Healthcare
LX,1708259,LexinFintech Holdings Ltd.,6199,Finance Services,Other / Financial / Services
OACC,2029769,Oaktree Acquisition Corp. III Life Sciences,6770,Blank Checks,Other / Financial / Services
ACH,75252,ACCENDRA HEALTH INC/VA/,5047,"Wholesale-Medical, Dental & Hospital Equipment & Supplies",Other / Financial / Services
CAMVF,1407582,Cambria Gold Mines Inc.,,,Unknown
TROO,1412095,"Troops, Inc. /Cayman Islands/",6159,Miscellaneous Business Credit Institution,Other / Financial / Services
SVRSF,1682056,Silver Storm Mining Ltd.,,,Unknown
NHS,1487610,Neuberger High Yield Strategies Fund Inc.,,,Unknown
CFFI,913341,C & F FINANCIAL CORP,6022,State Commercial Banks,Other / Financial / Services
WLII,2083946,Willow Lane Acquisition Corp. II,6770,Blank Checks,Other / Financial / Services
TRX,1173643,TRX GOLD Corp,1040,Gold and Silver Ores,Other / Financial / Services
TOYO,1985273,"TOYO Co., Ltd",3674,Semiconductors & Related Devices,Industrials
WHGOF,1423867,White Gold Corp.,,,Unknown
EU,1500881,enCore Energy Corp.,1090,Miscellaneous Metal Ores,Other / Financial / Services
JAKK,1009829,JAKKS PACIFIC INC,3944,"Games, Toys & Children's Vehicles (No Dolls & Bicycles)",Consumer Goods
ATLO,1132651,AMES NATIONAL CORP,6021,National Commercial Banks,Other / Financial / Services
FGPR,922358,FERRELLGAS PARTNERS L P,5900,Retail-Miscellaneous Retail,Retail
CPZ,1717457,Calamos Long/Short Equity & Dynamic Income Trust,,,Unknown
DMAA,2028614,Drugs Made In America Acquisition Corp.,6770,Blank Checks,Other / Financial / Services
FACT,2028935,FACT II Acquisition Corp.,3728,"Aircraft Parts & Auxiliary Equipment, NEC",Industrials
REA,2095743,"Rare Earths Americas, Inc.",1000,Metal Mining,Other / Financial / Services
NTWO,2028027,Newbury Street II Acquisition Corp,6770,Blank Checks,Other / Financial / Services
NUW,1450445,Nuveen AMT-Free Municipal Value Fund,,,Unknown
TRGS,2098780,TRG Latin America Acquisitions Corp.,6770,Blank Checks,Other / Financial / Services
SIGA,1010086,SIGA TECHNOLOGIES INC,2834,Pharmaceutical Preparations,Healthcare
ATOM,1420520,Atomera Inc,3674,Semiconductors & Related Devices,Industrials
TG,850429,TREDEGAR CORP,3350,Rolling Drawing & Extruding of  Nonferrous Metals,Manufacturing
AUDC,1086434,AUDIOCODES LTD,3661,Telephone & Telegraph Apparatus,Industrials
ERC,1227073,ALLSPRING MULTI-SECTOR INCOME FUND,,,Unknown
PCYO,276720,PURE CYCLE CORP,4941,Water Supply,Other / Financial / Services
CMRC,1626450,"Commerce.com, Inc.",7372,Services-Prepackaged Software,Technology
GLO,1350869,Clough Global Opportunities Fund,,,Unknown
PROF,1628808,Profound Medical Corp.,3841,Surgical & Medical Instruments & Apparatus,Healthcare
PLMK,2030482,"Plum Acquisition Corp, IV",6770,Blank Checks,Other / Financial / Services
TBCH,1493761,Turtle Beach Corp,3669,"Communications Equipment, NEC",Industrials
CLW,1441236,Clearwater Paper Corp,2631,Paperboard Mills,Manufacturing
RELL,355948,"RICHARDSON ELECTRONICS, LTD.",5065,"Wholesale-Electronic Parts & Equipment, NEC",Other / Financial / Services
VNME,2055879,Vendome Acquisition Corp I,6770,Blank Checks,Other / Financial / Services
NUS,1021561,"NU SKIN ENTERPRISES, INC.",5122,"Wholesale-Drugs, Proprietaries & Druggists' Sundries",Other / Financial / Services
ADAG,1818838,Adagene Inc.,2834,Pharmaceutical Preparations,Healthcare
GSVRF,865400,GUANAJUATO SILVER CO LTD,,,Unknown
PFSTY,2120422,Pfisterer Holdings SE/ADR,,,Unknown
TLSI,1826667,"TriSalus Life Sciences, Inc.",3841,Surgical & Medical Instruments & Apparatus,Healthcare
ANGI,1705110,Angi Inc.,7310,Services-Advertising,Other / Financial / Services
ELLO,946394,Ellomay Capital Ltd.,4911,Electric Services,Energy
HCKT,1057379,"HACKETT GROUP, INC.",8742,Services-Management Consulting Services,Other / Financial / Services
RCS,916183,"PIMCO STRATEGIC INCOME FUND, INC.",0,,Other / Financial / Services
ESCA,33488,ESCALADE INC,3949,"Sporting & Athletic Goods, NEC",Consumer Goods
GSIT,1126741,GSI TECHNOLOGY INC,3674,Semiconductors & Related Devices,Industrials
AZ,1866030,A2Z CUST2MATE SOLUTIONS CORP.,3569,"General Industrial Machinery & Equipment, NEC",Industrials
LCNB,1074902,LCNB CORP,6021,National Commercial Banks,Other / Financial / Services
RGCO,1069533,RGC RESOURCES INC,4923,Natural Gas Transmisison & Distribution,Energy
SILC,916793,SILICOM LTD.,3576,Computer Communications Equipment,Technology
SCII,2076739,SC II Acquisition Corp.,6770,Blank Checks,Other / Financial / Services
TBI,768899,"TrueBlue, Inc.",7363,Services-Help Supply Services,Other / Financial / Services
PPHC,1903508,"Public Policy Holding Company, Inc.",8742,Services-Management Consulting Services,Other / Financial / Services
SNFCA,318673,SECURITY NATIONAL FINANCIAL CORP,6199,Finance Services,Other / Financial / Services
FCT,1282850,FIRST TRUST SENIOR FLOATING RATE INCOME FUND II,,,Unknown
LOVE,1701758,Lovesac Co,5712,Retail-Furniture Stores,Retail
LTRX,1114925,LANTRONIX INC,3576,Computer Communications Equipment,Technology
VGZ,783324,VISTA GOLD CORP,1040,Gold and Silver Ores,Other / Financial / Services
QADR,2083217,QDRO Acquisition Corp.,6770,Blank Checks,Other / Financial / Services
CAQ,2100125,Cambridge Acquisition Corp.,6770,Blank Checks,Other / Financial / Services
OHAC,2090787,Oceanhawk Acquisition Corp.,6770,Blank Checks,Other / Financial / Services
LAW,1625641,"CS Disco, Inc.",7372,Services-Prepackaged Software,Technology
MTC,1742518,"MMTEC, INC.",7372,Services-Prepackaged Software,Technology
PDYN,1826681,Palladyne AI Corp.,7372,Services-Prepackaged Software,Technology
SLGL,1684693,Sol-Gel Technologies Ltd.,2834,Pharmaceutical Preparations,Healthcare
COPL,2045473,Copley Acquisition Corp,6770,Blank Checks,Other / Financial / Services
ACIU,1651625,AC Immune SA,2834,Pharmaceutical Preparations,Healthcare
DHY,1061353,CREDIT SUISSE HIGH YIELD CREDIT FUND,,,Unknown
GLOO,2069785,"Gloo Holdings, Inc.",7374,Services-Computer Processing & Data Preparation,Technology
TDRRF,1921050,Tudor Gold Corp.,,,Unknown
USAU,27093,U.S. GOLD CORP.,1000,Metal Mining,Other / Financial / Services
ACRE,1529377,Ares Commercial Real Estate Corp,6798,Real Estate Investment Trusts,Other / Financial / Services
VFF,1584549,"Village Farms International, Inc.",100,Agricultural Production-Crops,Other / Financial / Services
JRS,1158289,NUVEEN REAL ESTATE INCOME FUND,,,Unknown
MITT,1514281,"TPG Mortgage Investment Trust, Inc.",6798,Real Estate Investment Trusts,Other / Financial / Services
RMBI,1767837,"Richmond Mutual Bancorporation, Inc.",6022,State Commercial Banks,Other / Financial / Services
PRQR,1612940,ProQR Therapeutics N.V.,2834,Pharmaceutical Preparations,Healthcare
FRD,39092,FRIEDMAN INDUSTRIES INC,3310,"Steel Works, Blast Furnaces & Rolling & Finishing Mills",Manufacturing
FBLA,2013639,"FB Bancorp, Inc. /MD/",6036,"Savings Institutions, Not Federally Chartered",Other / Financial / Services
LGI,1278211,LAZARD GLOBAL TOTAL RETURN & INCOME FUND INC,,,Unknown
SCM,1551901,Stellus Capital Investment Corp,,,Unknown
NAUT,1808805,"Nautilus Biotechnology, Inc.",3826,Laboratory Analytical Instruments,Manufacturing
VABK,1572334,Virginia National Bankshares Corp,6021,National Commercial Banks,Other / Financial / Services
DWSN,799165,DAWSON GEOPHYSICAL CO,1382,Oil & Gas Field Exploration Services,Energy
EIC,1754836,Eagle Point Income Co Inc.,,,Unknown
FLWS,1084869,1 800 FLOWERS COM INC,5990,"Retail-Retail Stores, NEC",Retail
PSF,1498612,"Cohen & Steers Select Preferred & Income Fund, Inc.",,,Unknown
JILL,1687932,"J.Jill, Inc.",2330,"Women's, Misses':  and Juniors Outerwear",Consumer Goods
MCGA,2064658,Yorkville Acquisition Corp.,6199,Finance Services,Other / Financial / Services
SOCA,2065948,Solarius Capital Acquisition Corp.,6770,Blank Checks,Other / Financial / Services
LMNR,1342423,Limoneira CO,100,Agricultural Production-Crops,Other / Financial / Services
FOSL,883569,"Fossil Group, Inc.",3873,"Watches, Clocks, Clockwork Operated Devices/Parts",Manufacturing
MMT,809173,ABERDEEN MULTI-MARKET INCOME FUND,,,Unknown
CHRS,1512762,"Coherus Oncology, Inc.",2836,"Biological Products, (No Diagnostic Substances)",Healthcare
TARA,1359931,"Protara Therapeutics, Inc.",2836,"Biological Products, (No Diagnostic Substances)",Healthcare
DAAQ,2052162,Digital Asset Acquisition Corp.,6022,State Commercial Banks,Other / Financial / Services
IGAC,2075068,Invest Green Acquisition Corp,6770,Blank Checks,Other / Financial / Services
RDCM,1016838,RADCOM LTD,3577,"Computer Peripheral Equipment, NEC",Technology
PTNM,2046573,Pitanium Ltd,2844,"Perfumes, Cosmetics & Other Toilet Preparations",Manufacturing
DYNC,2028699,Dynamix Corp,6770,Blank Checks,Other / Financial / Services
INR,2029118,"INFINITY NATURAL RESOURCES, INC.",1311,Crude Petroleum & Natural Gas,Energy
LMED,1477960,LataMed AI Corp.,7370,"Services-Computer Programming, Data Processing, Etc.",Technology
OTLK,1649989,"Outlook Therapeutics, Inc.",2836,"Biological Products, (No Diagnostic Substances)",Healthcare
SSAC,2081300,SPACSphere Acquisition Corp.,6770,Blank Checks,Other / Financial / Services
AVAC,2111009,American Ventures Acquisition Corp. I,6770,Blank Checks,Other / Financial / Services
FUFU,1921158,Bitfufu Inc.,6199,Finance Services,Other / Financial / Services
MRBK,1750735,Meridian Corp,6021,National Commercial Banks,Other / Financial / Services
TDWD,2076616,Tailwind 2.0 Acquisition Corp.,6770,Blank Checks,Other / Financial / Services
JLHL,2007846,Julong Holding Ltd,8711,Services-Engineering Services,Healthcare
OBIO,1814114,"Orchestra BioMed Holdings, Inc.",3841,Surgical & Medical Instruments & Apparatus,Healthcare
MACI,2016221,Melar Acquisition Corp. I/Cayman,7389,"Services-Business Services, NEC",Other / Financial / Services
AVXL,1314052,ANAVEX LIFE SCIENCES CORP.,2836,"Biological Products, (No Diagnostic Substances)",Healthcare
FC,886206,FRANKLIN COVEY CO,8741,Services-Management Services,Healthcare
CNDT,1677703,CONDUENT Inc,7389,"Services-Business Services, NEC",Other / Financial / Services
FTF,1233087,FRANKLIN LTD DURATION INCOME TRUST,,,Unknown
TWLV,2052243,Twelve Seas Investment Co III/Cayman,6770,Blank Checks,Other / Financial / Services
KPTI,1503802,Karyopharm Therapeutics Inc.,2834,Pharmaceutical Preparations,Healthcare
HHLKF,1562823,Hot Chili Ltd,,,Unknown
SRV,1400897,NXG Cushing Midstream Energy Fund,,,Unknown
SUMA,2105838,SUMA Acquisition Corp,6770,Blank Checks,Other / Financial / Services
RTB,1419275,"RTB Digital, Inc.",8742,Services-Management Consulting Services,Other / Financial / Services
LATA,2076427,Galata Acquisition Corp. II,6770,Blank Checks,Other / Financial / Services
IVVD,1832038,"Invivyd, Inc.",2836,"Biological Products, (No Diagnostic Substances)",Healthcare
FULC,1680581,"Fulcrum Therapeutics, Inc.",2834,Pharmaceutical Preparations,Healthcare
DYOR,2079292,Insight Digital Partners II,6770,Blank Checks,Other / Financial / Services
FOA,1828937,Finance of America Companies Inc.,6162,Mortgage Bankers & Loan Correspondents,Other / Financial / Services
BLRK,2081532,Bluerock Acquisition Corp.,6770,Blank Checks,Other / Financial / Services
MFIN,1000209,MEDALLION FINANCIAL CORP,6199,Finance Services,Other / Financial / Services
REFI,1867949,"Chicago Atlantic Real Estate Finance, Inc.",6798,Real Estate Investment Trusts,Other / Financial / Services
INBK,1562463,First Internet Bancorp,6022,State Commercial Banks,Other / Financial / Services
KROS,1664710,"Keros Therapeutics, Inc.",2834,Pharmaceutical Preparations,Healthcare
BIII,2087087,Black Spade Acquisition III Co,6770,Blank Checks,Other / Financial / Services
DTIL,1357874,PRECISION BIOSCIENCES INC,2836,"Biological Products, (No Diagnostic Substances)",Healthcare
SVCC,2033593,Stellar V Capital Corp. (Cayman Islands),6770,Blank Checks,Other / Financial / Services
MFM,801961,ABERDEEN MUNICIPAL INCOME FUND,,,Unknown
CAN,1780652,Canaan Inc.,6199,Finance Services,Other / Financial / Services
NKSH,796534,NATIONAL BANKSHARES INC,6021,National Commercial Banks,Other / Financial / Services
IRAB,2077785,Iris Acquisition Corp II,6770,Blank Checks,Other / Financial / Services
GENC,64472,GENCOR INDUSTRIES INC,3531,Construction Machinery & Equip,Industrials
MNTK,1826600,"Montauk Renewables, Inc.",4932,Gas & Other Services Combined,Energy
PNNT,1383414,PENNANTPARK INVESTMENT CORP,,,Unknown
CGEN,1119774,COMPUGEN LTD,2836,"Biological Products, (No Diagnostic Substances)",Healthcare
RDNW,1596961,"RideNow Group, Inc.",7371,Services-Computer Programming Services,Technology
CRAC,2070887,Crown Reserve Acquisition Corp. I,6770,Blank Checks,Other / Financial / Services
RWAY,1653384,Runway Growth Finance Corp.,,,Unknown
BDSX,1439725,BIODESIX INC,8071,Services-Medical Laboratories,Healthcare
MAGH,2046117,Magnitude International Ltd,1731,Electrical Work,Other / Financial / Services
AOMR,1766478,"Angel Oak Mortgage REIT, Inc.",6500,Real Estate,Other / Financial / Services
PMTS,1641614,CPI Card Group Inc.,2750,Commercial Printing,Manufacturing
WALD,1840199,Waldencast plc,2844,"Perfumes, Cosmetics & Other Toilet Preparations",Manufacturing
TII,1791703,Titan Mining Corp,1040,Gold and Silver Ores,Other / Financial / Services
NERV,1598646,"Minerva Neurosciences, Inc.",2834,Pharmaceutical Preparations,Healthcare
IMMR,1058811,IMMERSION CORP,3577,"Computer Peripheral Equipment, NEC",Technology
LIEN,1843162,"Chicago Atlantic BDC, Inc.",,,Unknown
GDEV,1848739,GDEV Inc.,7371,Services-Computer Programming Services,Technology
LFMD,948320,"LifeMD, Inc.",8011,Services-Offices & Clinics of  Doctors of  Medicine,Healthcare
NPV,897421,NUVEEN VIRGINIA QUALITY MUNICIPAL INCOME FUND,,,Unknown
VLN,1863006,Valens Semiconductor Ltd.,3674,Semiconductors & Related Devices,Industrials
SITC,894315,SITE Centers Corp.,6798,Real Estate Investment Trusts,Other / Financial / Services
GCTS,1851961,"GCT Semiconductor Holding, Inc.",3674,Semiconductors & Related Devices,Industrials
ONCH,2054272,1RT Acquisition Corp.,6770,Blank Checks,Other / Financial / Services
PEBK,1093672,PEOPLES BANCORP OF NORTH CAROLINA INC,6022,State Commercial Banks,Other / Financial / Services
IMPP,1876581,Imperial Petroleum Inc./Marshall Islands,4412,Deep Sea Foreign Transportation of  Freight,Other / Financial / Services
UTMD,706698,UTAH MEDICAL PRODUCTS INC,3841,Surgical & Medical Instruments & Apparatus,Healthcare
ALOT,8146,"AstroNova, Inc.",3577,"Computer Peripheral Equipment, NEC",Technology
CZWI,1367859,Citizens Community Bancorp Inc.,6035,"Savings Institution, Federally Chartered",Other / Financial / Services
SMTI,714256,Sanara MedTech Inc.,3842,"Orthopedic, Prosthetic & Surgical Appliances & Supplies",Healthcare
GTE,1273441,GRAN TIERRA ENERGY INC.,1311,Crude Petroleum & Natural Gas,Energy
FJET,1947016,"Starfighters Space, Inc.",4512,"Air Transportation, Scheduled",Other / Financial / Services
BXSY,1059213,BEXIL INVESTMENT TRUST,0,,Other / Financial / Services
EFSI,880641,EAGLE FINANCIAL SERVICES INC,6022,State Commercial Banks,Other / Financial / Services
ASUR,884144,ASURE SOFTWARE INC,7373,Services-Computer Integrated Systems Design,Technology
OPBK,1722010,OP Bancorp,6022,State Commercial Banks,Other / Financial / Services
IIF,916618,"MORGAN STANLEY INDIA INVESTMENT FUND, INC.",,,Unknown
PMMCF,1930459,Pampa Metals Corp,,,Unknown
SABA,828803,Saba Capital Income & Opportunities Fund II,,,Unknown
PTAC,2099095,Patriot Acquisition Corp./CI,6770,Blank Checks,Other / Financial / Services
MAMK,2008007,MaxsMaking Inc.,2390,Miscellaneous Fabricated Textile Products,Consumer Goods
CAMP,1736730,Camp4 Therapeutics Corp,2834,Pharmaceutical Preparations,Healthcare
CDXS,1200375,"CODEXIS, INC.",2860,Industrial Organic Chemicals,Manufacturing
ICTSF,1010134,ICTS INTERNATIONAL N V,7389,"Services-Business Services, NEC",Other / Financial / Services
CMTV,718413,COMMUNITY BANCORP /VT,6021,National Commercial Banks,Other / Financial / Services
TSNDF,1778129,TerrAscend Corp.,100,Agricultural Production-Crops,Other / Financial / Services
IDAC,2090441,Iron Dome Acquisition I Corp.,6770,Blank Checks,Other / Financial / Services
TSI,809559,TCW STRATEGIC INCOME FUND INC,,,Unknown
QNBC,750558,QNB CORP.,6022,State Commercial Banks,Other / Financial / Services
WEWA,1616156,"WEWARDS, INC.",7370,"Services-Computer Programming, Data Processing, Etc.",Technology
SPOK,1289945,"Spok Holdings, Inc",4812,Radiotelephone Communications,Other / Financial / Services
ALTG,1759824,ALTA EQUIPMENT GROUP INC.,5084,Wholesale-Industrial Machinery & Equipment,Other / Financial / Services
EVTL,1867102,Vertical Aerospace Ltd.,3721,Aircraft,Industrials
NBP,1778016,NovaBridge Biosciences,2834,Pharmaceutical Preparations,Healthcare
BGIN,1945565,BGIN BLOCKCHAIN Ltd,6199,Finance Services,Other / Financial / Services
GSHR,2044635,Gesher Acquisition Corp. II,6770,Blank Checks,Other / Financial / Services
CRNT,1119769,CERAGON NETWORKS LTD,3663,Radio & Tv Broadcasting & Communications Equipment,Industrials
AIFU,1413855,AIFU Inc.,6411,"Insurance Agents, Brokers & Service",Other / Financial / Services
RNA,2093101,"Atrium Therapeutics, Inc.",2834,Pharmaceutical Preparations,Healthcare
EGHA,2052547,EGH Acquisition Corp.,6770,Blank Checks,Other / Financial / Services
CCAQ,2041047,COLLECTIVE ACQUISITION CORP.,6770,Blank Checks,Other / Financial / Services
PALO,2101562,PALOMA ACQUISITION CORP I,6770,Blank Checks,Other / Financial / Services
GLATF,1716410,Global Atomic Corp,,,Unknown
GORO,1160791,GOLD RESOURCE CORP,1040,Gold and Silver Ores,Other / Financial / Services
STRS,885508,STRATUS PROPERTIES INC,6552,Land Subdividers & Developers (No Cemeteries),Other / Financial / Services
SPMC,1930147,"Sound Point Meridian Capital, Inc.",,,Unknown
SMHI,1690334,SEACOR Marine Holdings Inc.,4412,Deep Sea Foreign Transportation of  Freight,Other / Financial / Services
TGMPF,2025947,Tantalus Systems Holding Inc.,,,Unknown
JRVR,1620459,"James River Group Holdings, Inc.",6331,"Fire, Marine & Casualty Insurance",Other / Financial / Services
SMNR,1913577,"Semnur Pharmaceuticals, Inc.",2834,Pharmaceutical Preparations,Healthcare
PSRHF,1991413,Pulsar Helium Inc.,,,Unknown
HAVA,2042460,Harvard Ave Acquisition Corp,6770,Blank Checks,Other / Financial / Services
VYGR,1640266,"Voyager Therapeutics, Inc.",2836,"Biological Products, (No Diagnostic Substances)",Healthcare
NKTX,1787400,"Nkarta, Inc.",2834,Pharmaceutical Preparations,Healthcare
MDV,1645873,"MODIV INDUSTRIAL, INC.",6798,Real Estate Investment Trusts,Other / Financial / Services
KISB,803742,KISH BANCORP INC,6021,National Commercial Banks,Other / Financial / Services
FOTB,1099668,"FIRST OTTAWA BANCSHARES, INC.",6022,State Commercial Banks,Other / Financial / Services
CABO,1632127,"Cable One, Inc.",4841,Cable & Other Pay Television Services,Other / Financial / Services
ANIK,898437,"Anika Therapeutics, Inc.",3841,Surgical & Medical Instruments & Apparatus,Healthcare
TDAC,1926599,Translational Development Acquisition Corp.,6770,Blank Checks,Other / Financial / Services
TETOF,1783432,Tectonic Metals Inc.,,,Unknown
VUZI,1463972,Vuzix Corp,3663,Radio & Tv Broadcasting & Communications Equipment,Industrials
CTAA,2094073,Clearthink 1 Acquisition Corp.,6770,Blank Checks,Other / Financial / Services
FCAP,1070296,FIRST CAPITAL INC,6035,"Savings Institution, Federally Chartered",Other / Financial / Services
CFBK,1070680,CF BANKSHARES INC.,6021,National Commercial Banks,Other / Financial / Services
EVI,65312,"EVI INDUSTRIES, INC.",7200,Services-Personal Services,Other / Financial / Services
KRRO,1703647,"Korro Bio, Inc.",2834,Pharmaceutical Preparations,Healthcare
SMRT,1837014,"SmartRent, Inc.",7373,Services-Computer Integrated Systems Design,Technology
IDE,1417802,"Voya Infrastructure, Industrials & Materials Fund",,,Unknown
RICK,935419,"RCI HOSPITALITY HOLDINGS, INC.",5812,Retail-Eating  Places,Retail
NUCL,2089283,Eagle Nuclear Energy Corp.,1090,Miscellaneous Metal Ores,Other / Financial / Services
PPIH,914122,"Perma-Pipe International Holdings, Inc.",3564,Industrial & Commercial Fans & Blowers & Air Purifing Equip,Industrials
SRI,1043337,STONERIDGE INC,3714,Motor Vehicle Parts & Accessories,Industrials
SUGRF,1996493,Sucro Ltd,,,Unknown
SIDU,1879726,Sidus Space Inc.,4812,Radiotelephone Communications,Other / Financial / Services
ETX,1563696,Eaton Vance Municipal Income 2028 Term Trust,,,Unknown
FOCL,1041934,EDAP TMS SA,3845,Electromedical & Electrotherapeutic Apparatus,Healthcare
FF,1337298,FutureFuel Corp.,2860,Industrial Organic Chemicals,Manufacturing
SGC,95574,"SUPERIOR GROUP OF COMPANIES, INC.",2300,Apparel & Other Finishd Prods of  Fabrics & Similar Matl,Consumer Goods
SND,1529628,"Smart Sand, Inc.",1400,Mining & Quarrying of  Nonmetallic Minerals (No Fuels),Other / Financial / Services
CMT,1026655,CORE MOLDING TECHNOLOGIES INC,3089,"Plastics Products, NEC",Manufacturing
EGG,1982961,ENIGMATIG LTD,8742,Services-Management Consulting Services,Other / Financial / Services
TNXP,1430306,Tonix Pharmaceuticals Holding Corp.,2834,Pharmaceutical Preparations,Healthcare
NEN,746514,NEW ENGLAND REALTY ASSOCIATES LIMITED PARTNERSHIP,6513,Operators of  Apartment Buildings,Other / Financial / Services
RXST,1111485,"RxSight, Inc.",3851,Ophthalmic Goods,Manufacturing
FT,833040,FRANKLIN UNIVERSAL TRUST,,,Unknown
CPSS,889609,"CONSUMER PORTFOLIO SERVICES, INC.",6199,Finance Services,Other / Financial / Services
IMUX,1280776,"IMMUNIC, INC.",2834,Pharmaceutical Preparations,Healthcare
VPV,895528,Invesco Pennsylvania Value Municipal Income Trust,,,Unknown
PDEX,788920,PRO DEX INC,3841,Surgical & Medical Instruments & Apparatus,Healthcare
DMB,1565381,"BNY Mellon Municipal Bond Infrastructure Fund, Inc.",,,Unknown
GWRS,1434728,"Global Water Resources, Inc.",4941,Water Supply,Other / Financial / Services
NGEN,1751912,NERVGEN PHARMA CORP.,2834,Pharmaceutical Preparations,Healthcare
KTWO,2086524,K2 Capital Acquisition Corp,6770,Blank Checks,Other / Financial / Services
COOK,1857853,"Traeger, Inc.",3630,Household Appliances,Industrials
AIRO,1927958,"AIRO Group Holdings, Inc.",3721,Aircraft,Industrials
BEBE,2079933,TGE Value Creative Solutions Corp,6770,Blank Checks,Other / Financial / Services
SAFX,2019793,"XCF Global, Inc.",2860,Industrial Organic Chemicals,Manufacturing
FIGX,2059033,FIGX Capital Acquisition Corp.,6770,Blank Checks,Other / Financial / Services
OVBC,894671,OHIO VALLEY BANC CORP,6022,State Commercial Banks,Other / Financial / Services
MSLE,1421642,Satellos Bioscience Inc.,2834,Pharmaceutical Preparations,Healthcare
BRKH,2098707,Burtech Acquisition Corp II,6770,Blank Checks,Other / Financial / Services
QTTB,1661998,Q32 Bio Inc.,2834,Pharmaceutical Preparations,Healthcare
RCMT,700841,"RCM TECHNOLOGIES, INC.",7363,Services-Help Supply Services,Other / Financial / Services
PNPNF,855950,POWER METALLIC MINES INC.,8880,American Depositary Receipts,Healthcare
ETSS,2085932,Energy Transition Special Opportunities,6770,Blank Checks,Other / Financial / Services
AIIA,2073553,AI Infrastructure Acquisition Corp.,6770,Blank Checks,Other / Financial / Services
OAKC,1588871,"Oakworth Capital, Inc.",,,Unknown
SBMT,2067674,SILVER BOW MINING CORP.,1040,Gold and Silver Ores,Other / Financial / Services
ARCT,1768224,Arcturus Therapeutics Holdings Inc.,2834,Pharmaceutical Preparations,Healthcare
SLNH,64463,"Soluna Holdings, Inc",6199,Finance Services,Other / Financial / Services
MWC,2083526,"Micware Co., Ltd.",7371,Services-Computer Programming Services,Technology
KRMD,704440,"KORU Medical Systems, Inc.",3841,Surgical & Medical Instruments & Apparatus,Healthcare
CURV,1792781,Torrid Holdings Inc.,5600,Retail-Apparel & Accessory Stores,Retail
QSI,1816431,Quantum-Si Inc,3829,"Measuring & Controlling Devices, NEC",Manufacturing
AREC,1590715,American Resources Corp,1220,Silver Ores,Other / Financial / Services
PERF,1899830,Perfect Corp.,7372,Services-Prepackaged Software,Technology
BANX,1578987,ArrowMark Financial Corp.,,,Unknown
SMDRF,1939801,SIERRA MADRE GOLD & SILVER LTD.,,,Unknown
FINW,1856365,Finwise Bancorp,6022,State Commercial Banks,Other / Financial / Services
INFU,1337013,"InfuSystem Holdings, Inc",3841,Surgical & Medical Instruments & Apparatus,Healthcare
WRLGF,1733968,West Red Lake Gold Mines Ltd.,,,Unknown
INSE,1615063,"Inspired Entertainment, Inc.",7372,Services-Prepackaged Software,Technology
NRO,1261166,NEUBERGER REAL ESTATE SECURITIES INCOME FUND INC,,,Unknown
HITI,1847409,High Tide Inc.,5990,"Retail-Retail Stores, NEC",Retail
PLX,1006281,"Protalix BioTherapeutics, Inc.",2836,"Biological Products, (No Diagnostic Substances)",Healthcare
INTT,1036262,INTEST CORP,3825,Instruments For Meas & Testing of  Electricity & Elec Signals,Manufacturing
OPP,1678130,"RiverNorth/DoubleLine Strategic Opportunity Fund, Inc.",,,Unknown
ZPTA,1843714,"Zapata Quantum, Inc.",7372,Services-Prepackaged Software,Technology
FORR,1023313,"FORRESTER RESEARCH, INC.",8700,"Services-Engineering, Accounting, Research, Management",Healthcare
TPVG,1580345,TriplePoint Venture Growth BDC Corp.,,,Unknown
TBXXF,1785476,King Copper Discovery Corp.,,,Unknown
LFAC,2084563,Leapfrog Acquisition Corp,6770,Blank Checks,Other / Financial / Services
KLTR,1432133,KALTURA INC,7372,Services-Prepackaged Software,Technology
DERM,1867066,Journey Medical Corp,2834,Pharmaceutical Preparations,Healthcare
EMBC,1872789,Embecta Corp.,3841,Surgical & Medical Instruments & Apparatus,Healthcare
LUCD,1799011,Lucid Diagnostics Inc.,3841,Surgical & Medical Instruments & Apparatus,Healthcare
DEFT,1888274,"Defi Technologies, Inc.",6199,Finance Services,Other / Financial / Services
RFIL,740664,R F INDUSTRIES LTD,3678,Electronic Connectors,Industrials
WHWK,1422142,"Whitehawk Therapeutics, Inc.",2834,Pharmaceutical Preparations,Healthcare
HUMA,1818382,"Humacyte, Inc.",2836,"Biological Products, (No Diagnostic Substances)",Healthcare
PAL,1998768,"Proficient Auto Logistics, Inc",4700,Transportation Services,Other / Financial / Services
CSBB,880417,"CSB Bancorp, Inc.",6022,State Commercial Banks,Other / Financial / Services
STEX,1530766,Streamex Corp.,3845,Electromedical & Electrotherapeutic Apparatus,Healthcare
SEVN,1452477,Seven Hills Realty Trust,6798,Real Estate Investment Trusts,Other / Financial / Services
RBKB,1751783,"Rhinebeck Bancorp, Inc.",6036,"Savings Institutions, Not Federally Chartered",Other / Financial / Services
LCUT,874396,"LIFETIME BRANDS, INC",3420,"Cutlery, Handtools & General Hardware",Manufacturing
III,1371489,Information Services Group Inc.,8742,Services-Management Consulting Services,Other / Financial / Services
GLDG,1538847,GoldMining Inc.,1040,Gold and Silver Ores,Other / Financial / Services
ABOS,1576885,"Acumen Pharmaceuticals, Inc.",2836,"Biological Products, (No Diagnostic Substances)",Healthcare
WIA,1254370,WESTERN ASSET INFLATION-LINKED INCOME FUND,,,Unknown
GF,858706,NEW GERMANY FUND INC,0,,Other / Financial / Services
ACOG,1655923,Alpha Cognition Inc.,2836,"Biological Products, (No Diagnostic Substances)",Healthcare
GAMG,55234,"Global Asset Management Group, Inc.",7990,Services-Miscellaneous Amusement & Recreation,Other / Financial / Services
EXFY,1476840,"Expensify, Inc.",7372,Services-Prepackaged Software,Technology
CBFV,1605301,"CB Financial Services, Inc.",6022,State Commercial Banks,Other / Financial / Services
EBMT,1478454,"Eagle Bancorp Montana, Inc.",6022,State Commercial Banks,Other / Financial / Services
RLEA,1893657,Rubber Leaf Inc,3714,Motor Vehicle Parts & Accessories,Industrials
PHCI,1620749,Panamera Holdings Corp,8742,Services-Management Consulting Services,Other / Financial / Services
BMBN,804563,BENCHMARK BANKSHARES INC,6022,State Commercial Banks,Other / Financial / Services
EQ,1746466,"Equillium, Inc.",2834,Pharmaceutical Preparations,Healthcare
WHG,1165002,WESTWOOD HOLDINGS GROUP INC,6282,Investment Advice,Other / Financial / Services
APYX,719135,Apyx Medical Corp,3841,Surgical & Medical Instruments & Apparatus,Healthcare
MDWD,1593984,MediWound Ltd.,2833,Medicinal Chemicals & Botanical Products,Healthcare
ONEW,1772921,OneWater Marine Inc.,5531,Retail-Auto & Home Supply Stores,Retail
XYF,1725033,X Financial,6199,Finance Services,Other / Financial / Services
TNYA,1858848,"Tenaya Therapeutics, Inc.",2836,"Biological Products, (No Diagnostic Substances)",Healthcare
LARK,1141688,LANDMARK BANCORP INC,6021,National Commercial Banks,Other / Financial / Services
QTRX,1503274,Quanterix Corp,3826,Laboratory Analytical Instruments,Manufacturing
OMSE,2012219,OMS Energy Technologies Inc.,3533,Oil & Gas Field Machinery & Equipment,Industrials
CNTN,1861657,"Canton Strategic Holdings, Inc.",2834,Pharmaceutical Preparations,Healthcare
ACU,2098,ACME UNITED CORP,3420,"Cutlery, Handtools & General Hardware",Manufacturing
STRW,1782430,"Strawberry Fields REIT, Inc.",6798,Real Estate Investment Trusts,Other / Financial / Services
AOUT,1808997,"American Outdoor Brands, Inc.",3949,"Sporting & Athletic Goods, NEC",Consumer Goods
LANV,1922097,Lanvin Group Holdings Ltd,2300,Apparel & Other Finishd Prods of  Fabrics & Similar Matl,Consumer Goods
BVFL,1302387,"BV Financial, Inc.",6035,"Savings Institution, Federally Chartered",Other / Financial / Services
MRUWY,2093667,"Maruwa Co., Ltd./ADR",,,Unknown
ATGL,1967621,Alpha Technology Group Ltd,7371,Services-Computer Programming Services,Technology
HYDTF,1958389,Hydreight Technologies Inc.,,,Unknown
BWIV,2082847,Blue Water Acquisition Corp. IV,6770,Blank Checks,Other / Financial / Services
EHI,1228509,WESTERN ASSET GLOBAL HIGH INCOME FUND INC.,,,Unknown
CRBU,1619856,"Caribou Biosciences, Inc.",2836,"Biological Products, (No Diagnostic Substances)",Healthcare
ESP,33533,ESPEY MFG & ELECTRONICS CORP,3679,"Electronic Components, NEC",Industrials
TONX,1566610,TON Strategy Co,6199,Finance Services,Other / Financial / Services
THRY,1556739,"Thryv Holdings, Inc.",7310,Services-Advertising,Other / Financial / Services
MRDN,1437925,Meridian Holdings Inc./NV,7372,Services-Prepackaged Software,Technology
KVHI,1007587,KVH INDUSTRIES INC \DE\,4899,"Communications Services, NEC",Other / Financial / Services
ECBK,1914605,"ECB Bancorp, Inc. /MD/",6036,"Savings Institutions, Not Federally Chartered",Other / Financial / Services
CRBP,1595097,"Corbus Pharmaceuticals Holdings, Inc.",2834,Pharmaceutical Preparations,Healthcare
LQMT,1141240,LIQUIDMETAL TECHNOLOGIES INC,2800,Chemicals & Allied Products,Manufacturing
BSET,10329,BASSETT FURNITURE INDUSTRIES INC,2511,"Wood Household Furniture, (No Upholstered)",Consumer Goods
HWAIF,1999124,Healwell AI Inc.,,,Unknown
EGAN,1066194,EGAIN Corp,7372,Services-Prepackaged Software,Technology
UTGN,832480,UTG INC,6311,Life Insurance,Other / Financial / Services
HGLB,1622148,HIGHLAND GLOBAL ALLOCATION FUND,,,Unknown
INHD,1961847,INNO HOLDINGS INC.,5990,"Retail-Retail Stores, NEC",Retail
FGFH,786298,FORESIGHT FINANCIAL GROUP INC,6022,State Commercial Banks,Other / Financial / Services
EDF,1501103,Virtus Stone Harbor Emerging Markets Income Fund,,,Unknown
LEE,58361,"LEE ENTERPRISES, Inc",2711,Newspapers: Publishing or  Publishing & Printing,Manufacturing
BCBP,1228454,BCB BANCORP INC,6035,"Savings Institution, Federally Chartered",Other / Financial / Services
ARCL,2073515,ARC Group Acquisition I Corp.,6770,Blank Checks,Other / Financial / Services
TAYD,96536,"TAYLOR DEVICES, INC.",3569,"General Industrial Machinery & Equipment, NEC",Industrials
LFCR,1005286,"LIFECORE BIOMEDICAL, INC. \DE\",2834,Pharmaceutical Preparations,Healthcare
FLC,1245648,FLAHERTY & CRUMRINE TOTAL RETURN FUND INC,,,Unknown
CPKF,847538,CHESAPEAKE FINANCIAL SHARES INC,6021,National Commercial Banks,Other / Financial / Services
ALEC,1653087,"Alector, Inc.",2836,"Biological Products, (No Diagnostic Substances)",Healthcare
DPRO,1786286,Draganfly Inc.,3721,Aircraft,Industrials
NRXP,1719406,"NRX Pharmaceuticals, Inc.",2834,Pharmaceutical Preparations,Healthcare
PAAC,2087446,Proem Acquisition Corp. I,6770,Blank Checks,Other / Financial / Services
BZAI,1871638,"Blaize Holdings, Inc.",3674,Semiconductors & Related Devices,Industrials
CHEC,2047177,Chenghe Acquisition III Co.,6770,Blank Checks,Other / Financial / Services
INGN,1294133,Inogen Inc,3842,"Orthopedic, Prosthetic & Surgical Appliances & Supplies",Healthcare
GGT,921671,GABELLI MULTIMEDIA TRUST INC.,,,Unknown
OZ,1807046,"Belpointe PREP, LLC",6500,Real Estate,Other / Financial / Services
OWLT,1816708,"Owlet, Inc.",3829,"Measuring & Controlling Devices, NEC",Manufacturing
LENZ,1815776,"LENZ Therapeutics, Inc.",2836,"Biological Products, (No Diagnostic Substances)",Healthcare
BRCB,2068577,"Black Rock Coffee Bar, Inc.",5810,Retail-Eating & Drinking Places,Retail
FTHA,2097986,Forefront Tech Holdings Acquisition Corp,6770,Blank Checks,Other / Financial / Services
ECF,793040,ELLSWORTH GROWTH & INCOME FUND LTD,,,Unknown
NRDY,1819404,Nerdy Inc.,8200,Services-Educational Services,Healthcare
DHF,1057861,BNY MELLON HIGH YIELD STRATEGIES FUND,,,Unknown
DHX,1393883,"DHI GROUP, INC.",7389,"Services-Business Services, NEC",Other / Financial / Services
NUTR,2006468,NUSATRIP Inc,4700,Transportation Services,Other / Financial / Services
DOUG,1878897,Douglas Elliman Inc.,6531,Real Estate Agents & Managers (For Others),Other / Financial / Services
RVLGF,1616885,Revival Gold Inc.,,,Unknown
KGEI,1477081,Kolibri Global Energy Inc.,1311,Crude Petroleum & Natural Gas,Energy
PONO,2108164,"Pono Capital Four, Inc.",6770,Blank Checks,Other / Financial / Services
TSKFF,1803800,Talisker Resources Ltd.,,,Unknown
NXPGY,1455632,Mobico Group PLC/ADR,,,Unknown
LAWR,2007599,"Robot Consulting Co., Ltd.",7370,"Services-Computer Programming, Data Processing, Etc.",Technology
NYXH,1857190,Nyxoah SA,3841,Surgical & Medical Instruments & Apparatus,Healthcare
MPV,831655,BARINGS PARTICIPATION INVESTORS,,,Unknown
HUHU,1945415,HUHUTECH International Group Inc.,3360,Nonferrous Foundries (Castings),Manufacturing
MNSB,1693577,"MainStreet Bancshares, Inc.",6022,State Commercial Banks,Other / Financial / Services
CVGI,1290900,"Commercial Vehicle Group, Inc.",3714,Motor Vehicle Parts & Accessories,Industrials
VBF,5094,Invesco Bond Fund,,,Unknown
TORO,1941131,TORO CORP.,4412,Deep Sea Foreign Transportation of  Freight,Other / Financial / Services
HQI,1140102,"HireQuest, Inc.",7363,Services-Help Supply Services,Other / Financial / Services
BSL,1486298,Blackstone Senior Floating Rate 2027 Term Fund,,,Unknown
SY,1758530,So-Young International Inc.,7374,Services-Computer Processing & Data Preparation,Technology
TAVI,2020385,Tavia Acquisition Corp.,6770,Blank Checks,Other / Financial / Services
SKYX,1598981,SKYX Platforms Corp.,3640,Electric Lighting & Wiring Equipment,Industrials
HNVR,1828588,"Hanover Bancorp, Inc. /MD",6022,State Commercial Banks,Other / Financial / Services
OKUR,1637715,"OnKure Therapeutics, Inc.",2834,Pharmaceutical Preparations,Healthcare
PCQ,1140411,PIMCO CALIFORNIA MUNICIPAL INCOME FUND,,,Unknown
ORMP,1176309,ORAMED PHARMACEUTICALS INC.,2834,Pharmaceutical Preparations,Healthcare
PLG,1095052,PLATINUM GROUP METALS LTD,1040,Gold and Silver Ores,Other / Financial / Services
ZONE,1956741,"CleanCore Solutions, Inc.",2842,"Specialty Cleaning, Polishing and Sanitation Preparations",Manufacturing
ACB,1683541,AURORA CANNABIS INC,2833,Medicinal Chemicals & Botanical Products,Healthcare
HCAT,1636422,"Health Catalyst, Inc.",7370,"Services-Computer Programming, Data Processing, Etc.",Technology
NIU,1744781,Niu Technologies,3711,Motor Vehicles & Passenger Car Bodies,Industrials
IPHA,1598599,Innate Pharma SA,2836,"Biological Products, (No Diagnostic Substances)",Healthcare
AMPG,1518461,"AmpliTech Group, Inc.",3669,"Communications Equipment, NEC",Industrials
EARN,1560672,Ellington Credit Co,6798,Real Estate Investment Trusts,Other / Financial / Services
VTN,883265,Invesco Trust for Investment Grade New York Municipals,,,Unknown
MENS,1954488,Jyong Biotech Ltd.,2834,Pharmaceutical Preparations,Healthcare
RENEF,1889112,Cartesian Growth Corp II,6770,Blank Checks,Other / Financial / Services
BZUN,1625414,Baozun Inc.,5961,Retail-Catalog & Mail-Order Houses,Retail
NLOP,1952976,Net Lease Office Properties,6798,Real Estate Investment Trusts,Other / Financial / Services
DIBS,1600641,"1stdibs.com, Inc.",5961,Retail-Catalog & Mail-Order Houses,Retail
PEPG,1835597,PepGen Inc.,2834,Pharmaceutical Preparations,Healthcare
CBUS,1705843,"Cibus, Inc.",2870,Agricultural Chemicals,Manufacturing
RGP,1084765,"RESOURCES CONNECTION, INC.",7389,"Services-Business Services, NEC",Other / Financial / Services
NNY,818850,NUVEEN NEW YORK MUNICIPAL VALUE FUND,,,Unknown
NMP,2054876,NMP Acquisition Corp.,6770,Blank Checks,Other / Financial / Services
ANTX,1880438,"AN2 Therapeutics, Inc.",2834,Pharmaceutical Preparations,Healthcare
FGBI,1408534,"First Guaranty Bancshares, Inc.",6035,"Savings Institution, Federally Chartered",Other / Financial / Services
STXS,1289340,"Stereotaxis, Inc.",3845,Electromedical & Electrotherapeutic Apparatus,Healthcare
AMPY,1533924,Amplify Energy Corp.,1311,Crude Petroleum & Natural Gas,Energy
KORE,1855457,"KORE Group Holdings, Inc.",4899,"Communications Services, NEC",Other / Financial / Services
PYXS,1782223,"Pyxis Oncology, Inc.",2834,Pharmaceutical Preparations,Healthcare
MINE,1823255,MAYFAIR GOLD CORP.,1000,Metal Mining,Other / Financial / Services
SBFG,767405,"SB FINANCIAL GROUP, INC.",6022,State Commercial Banks,Other / Financial / Services
HOFT,1077688,HOOKER FURNISHINGS Corp,2510,Household Furniture,Consumer Goods
TRAK,50471,"ReposiTrak, Inc.",7374,Services-Computer Processing & Data Preparation,Technology
ENBP,1437479,ENB Financial Corp,6021,National Commercial Banks,Other / Financial / Services
NAZ,892992,NUVEEN ARIZONA QUALITY MUNICIPAL INCOME FUND,,,Unknown
EMIS,2075816,Emmis Acquisition Corp.,6770,Blank Checks,Other / Financial / Services
HTLM,2023153,HomesToLife Ltd,5712,Retail-Furniture Stores,Retail
WENC,2104260,West Enclave Merger Corp.,6770,Blank Checks,Other / Financial / Services
SAGU,2083452,Shreya Acquisition Group,6770,Blank Checks,Other / Financial / Services
QRED,2085177,QuasarEdge Acquisition Corp,6770,Blank Checks,Other / Financial / Services
EMYB,1449794,"Embassy Bancorp, Inc.",6022,State Commercial Banks,Other / Financial / Services
CTW,2047148,CTW Cayman,7374,Services-Computer Processing & Data Preparation,Technology
TLSA,1723069,Tiziana Life Sciences Ltd,2834,Pharmaceutical Preparations,Healthcare
IMDX,1642380,Insight Molecular Diagnostics Inc.,2835,In Vitro & In Vivo Diagnostic Substances,Healthcare
LKSP,2043508,Lake Superior Acquisition Corp,6770,Blank Checks,Other / Financial / Services
MIST,1408443,Milestone Pharmaceuticals Inc.,2834,Pharmaceutical Preparations,Healthcare
ZHJD,1794276,Intelligent Hotel Group Ltd.,2870,Agricultural Chemicals,Manufacturing
GLQ,1316463,Clough Global Equity Fund,,,Unknown
GLED,2091484,GalaxyEdge Acquisition Corp,6770,Blank Checks,Other / Financial / Services
CNTB,1835268,Connect Biopharma Holdings Ltd,2834,Pharmaceutical Preparations,Healthcare
LAFA,2079106,LaFayette Acquisition Corp.,6770,Blank Checks,Other / Financial / Services
OXSQ,1259429,Oxford Square Capital Corp.,,,Unknown
ADCT,1771910,ADC Therapeutics SA,2834,Pharmaceutical Preparations,Healthcare
CUE,1645460,"Cue Biopharma, Inc.",2834,Pharmaceutical Preparations,Healthcare
AP,6176,AMPCO PITTSBURGH CORP,3561,Pumps & Pumping Equipment,Industrials
BHLL,1407583,Bunker Hill Mining Corp.,1000,Metal Mining,Other / Financial / Services
CURI,1776909,CuriosityStream Inc.,7812,Services-Motion Picture & Video Tape Production,Other / Financial / Services
EAF,931148,GRAFTECH INTERNATIONAL LTD,3620,Electrical Industrial Apparatus,Industrials
FLX,1858724,BingEx Ltd,4210,Trucking & Courier Services (No Air),Other / Financial / Services
EPSN,1726126,Epsilon Energy Ltd.,1311,Crude Petroleum & Natural Gas,Energy
SPEG,2028735,Silver Pegasus Acquisition Corp.,6770,Blank Checks,Other / Financial / Services
MHF,830487,WESTERN ASSET MUNICIPAL HIGH INCOME FUND INC.,,,Unknown
CHCI,1299969,"Comstock Holding Companies, Inc.",6500,Real Estate,Other / Financial / Services
FLYX,1843973,FLYEXCLUSIVE INC.,4522,"Air Transportation, Nonscheduled",Other / Financial / Services
FMAC,2099232,Future Money Acquisition Corp,6770,Blank Checks,Other / Financial / Services
ONL,1873923,Orion Properties Inc.,6798,Real Estate Investment Trusts,Other / Financial / Services
FREVS,36840,"FIRST REAL ESTATE INVESTMENT TRUST OF NEW JERSEY, INC.",6798,Real Estate Investment Trusts,Other / Financial / Services
SMID,924719,SMITH MIDLAND CORP,3272,"Concrete Products, Except Block & Brick",Manufacturing
WPAC,2081536,White Pearl Acquisition Corp.,6770,Blank Checks,Other / Financial / Services
AIB,2070542,AIB Data Centers Inc.,6221,Commodity Contracts Brokers & Dealers,Other / Financial / Services
BMN,1832871,BlackRock 2037 Municipal Target Term Trust,,,Unknown
SLBK,1657642,"Skyline Bankshares, Inc.",6022,State Commercial Banks,Other / Financial / Services
VIVO,1681348,VivoPower PLC,4931,Electric & Other Services Combined,Energy
HURA,1498382,"TuHURA Biosciences, Inc./NV",2834,Pharmaceutical Preparations,Healthcare
DOMO,1505952,"DOMO, INC.",7372,Services-Prepackaged Software,Technology
SHIM,1887944,Shimmick Corp,1600,Heavy Construction Other Than Bldg Const - Contractors,Other / Financial / Services
PED,1141197,PEDEVCO CORP,1311,Crude Petroleum & Natural Gas,Energy
BMHL,2027815,Bluemount Holdings Ltd,6199,Finance Services,Other / Financial / Services
VENU,1770501,Venu Holding Corp,7900,Services-Amusement & Recreation Services,Other / Financial / Services
GLAI,1473490,"Global AI, Inc.",5960,Retail-Nonstore Retailers,Retail
ARMP,921114,"Armata Pharmaceuticals, Inc.",2836,"Biological Products, (No Diagnostic Substances)",Healthcare
TYGO,1855447,"TIGO ENERGY, INC.",3674,Semiconductors & Related Devices,Industrials
EML,31107,EASTERN CO,3420,"Cutlery, Handtools & General Hardware",Manufacturing
TYFG,1725262,"Tri-County Financial Group, Inc.",6022,State Commercial Banks,Other / Financial / Services
PIM,830622,PUTNAM MASTER INTERMEDIATE INCOME TRUST,,,Unknown
BHR,1574085,Braemar Hotels & Resorts Inc.,6798,Real Estate Investment Trusts,Other / Financial / Services
FNWD,919864,Finward Bancorp,6035,"Savings Institution, Federally Chartered",Other / Financial / Services
DLTH,1649744,DULUTH HOLDINGS INC.,5600,Retail-Apparel & Accessory Stores,Retail
NINE,1532286,"Nine Energy Service, Inc.",1389,"Oil & Gas Field Services, NEC",Energy
CHPT,1777393,"ChargePoint Holdings, Inc.",3690,"Miscellaneous Electrical Machinery, Equipment & Supplies",Industrials
YDES,2011674,YD Bio Ltd,8071,Services-Medical Laboratories,Healthcare
CEPS,2089536,"Cantor Equity Partners VI, Inc.",6770,Blank Checks,Other / Financial / Services
WW,105319,"WW INTERNATIONAL, INC.",7200,Services-Personal Services,Other / Financial / Services
AMWL,1393584,American Well Corp,7389,"Services-Business Services, NEC",Other / Financial / Services
GARLF,1725569,Roxmore Resources Inc.,,,Unknown
GRAF,1897463,Graf Global Corp.,6770,Blank Checks,Other / Financial / Services
JFIN,1743102,Jiayin Group Inc.,6199,Finance Services,Other / Financial / Services
INAC,2063816,Indigo Acquisition Corp.,6770,Blank Checks,Other / Financial / Services
IGA,1332943,Voya Global Advantage & Premium Opportunity Fund,,,Unknown
DMRC,2119322,Digimarc Corp,7373,Services-Computer Integrated Systems Design,Technology
EXOD,1821534,"Exodus Movement, Inc.",6199,Finance Services,Other / Financial / Services
MOLN,1745114,MOLECULAR PARTNERS AG,2836,"Biological Products, (No Diagnostic Substances)",Healthcare
YCY,2075336,AA Mission Acquisition Corp. II,6770,Blank Checks,Other / Financial / Services
SMJF,2070954,SMJ International Holdings Inc.,5030,Wholesale-Lumber & Other Construction Materials,Other / Financial / Services
KULR,1662684,"KULR Technology Group, Inc.",3670,Electronic Components & Accessories,Industrials
AXREF,1175596,AMARC RESOURCES LTD,1040,Gold and Silver Ores,Other / Financial / Services
MX,1325702,MAGNACHIP SEMICONDUCTOR Corp,3674,Semiconductors & Related Devices,Industrials
STLRF,1979408,STLLR Gold Inc.,,,Unknown
KZIA,1075880,KAZIA THERAPEUTICS LTD,2834,Pharmaceutical Preparations,Healthcare
PFD,868578,FLAHERTY & CRUMRINE PREFERRED & INCOME FUND INC,,,Unknown
LGCY,1836754,Legacy Education Inc.,8200,Services-Educational Services,Healthcare
WTF,1987363,Waton Financial Ltd,6200,"Security & Commodity Brokers, Dealers, Exchanges & Services",Other / Financial / Services
SRG,1628063,Seritage Growth Properties,6500,Real Estate,Other / Financial / Services
HURC,315374,HURCO COMPANIES INC,3823,"Industrial Instruments For Measurement, Display, and Control",Manufacturing
MSD,904112,MORGAN STANLEY EMERGING MARKETS DEBT FUND INC,,,Unknown
MPA,891038,BLACKROCK MUNIYIELD PENNSYLVANIA QUALITY FUND,,,Unknown
APUR,2093524,Aperture AC,6770,Blank Checks,Other / Financial / Services
ALPX,2125551,Alpex Acquisition Corp,6770,Blank Checks,Other / Financial / Services
TRAD,2085485,APEX Tech Acquisition Inc.,6770,Blank Checks,Other / Financial / Services
WPGCF,1404353,West Point Gold Corp.,,,Unknown
BHAV,2097288,BHAV Acquisition Corp,6770,Blank Checks,Other / Financial / Services
EVG,1287498,Eaton Vance Short Duration Diversified Income Fund,,,Unknown
UNCY,1766140,"Unicycive Therapeutics, Inc.",2834,Pharmaceutical Preparations,Healthcare
MYX,2080087,Maywood Acquisition Corp. 2,6770,Blank Checks,Other / Financial / Services
GRX,1391437,Gabelli Healthcare & WellnessRx Trust,,,Unknown
VLTLF,1872061,Volt Lithium Corp.,,,Unknown
XFLH,2088103,XFLH Capital Corp,6770,Blank Checks,Other / Financial / Services
SPE,897802,"SPECIAL OPPORTUNITIES FUND, INC.",,,Unknown
DAVA,1656081,Endava plc,7371,Services-Computer Programming Services,Technology
EMPG,2005569,Empro Group Inc.,2844,"Perfumes, Cosmetics & Other Toilet Preparations",Manufacturing
AGMRF,2022059,"Silver Mountain Resources, Inc.",,,Unknown
INSG,1022652,INSEEGO CORP.,3669,"Communications Equipment, NEC",Industrials
MXCT,1287098,"MAXCYTE, INC.",8731,Services-Commercial Physical & Biological Research,Healthcare
PLUN,2065661,Plutonian Acquisition Corp. II,6770,Blank Checks,Other / Financial / Services
UTKN,1919182,Universal Token,6199,Finance Services,Other / Financial / Services
LVWR,1898795,"LiveWire Group, Inc.",3751,"Motorcycles, Bicycles & Parts",Industrials
SRBK,1951276,"SR Bancorp, Inc.",6036,"Savings Institutions, Not Federally Chartered",Other / Financial / Services
BEOB,1480170,BEO BANCORP,,,Unknown
OCC,1000230,OPTICAL CABLE CORP,3357,Drawing & Insulating of  Nonferrous Wire,Manufacturing
INVZ,1835654,Innoviz Technologies Ltd.,3714,Motor Vehicle Parts & Accessories,Industrials
CVRX,1235912,"CVRx, Inc.",3841,Surgical & Medical Instruments & Apparatus,Healthcare
SRGXF,1644540,Surge Copper Corp,,,Unknown
PNBK,1098146,PATRIOT NATIONAL BANCORP INC,6021,National Commercial Banks,Other / Financial / Services
BCV,9521,BANCROFT FUND LTD,,,Unknown
WRAP,1702924,"WRAP TECHNOLOGIES, INC.",3480,"Ordnance & Accessories, (No Vehicles/Guided Missiles)",Manufacturing
BRCC,1891101,BRC Inc.,2080,Beverages,Consumer Goods
HEQ,1496749,John Hancock Diversified Income Fund,,,Unknown
SIF,90168,SIFCO INDUSTRIES INC,3724,Aircraft Engines & Engine Parts,Industrials
SPRB,1683553,"SPRUCE BIOSCIENCES, INC.",2834,Pharmaceutical Preparations,Healthcare
ACNT,95953,ASCENT INDUSTRIES CO.,2800,Chemicals & Allied Products,Manufacturing
CEE,860489,"CENTRAL & EASTERN EUROPE FUND, INC.",,,Unknown
RFAM,2091712,RF Acquisition Corp III,6770,Blank Checks,Other / Financial / Services
SLQT,1794783,"SelectQuote, Inc.",6411,"Insurance Agents, Brokers & Service",Other / Financial / Services
AFBI,1823406,"Affinity Bancshares, Inc.",6036,"Savings Institutions, Not Federally Chartered",Other / Financial / Services
UAC,2098669,United Acquisition Corp. I,6770,Blank Checks,Other / Financial / Services
WHF,1552198,"WhiteHorse Finance, Inc.",,,Unknown
AARD,1774857,"Aardvark Therapeutics, Inc.",2834,Pharmaceutical Preparations,Healthcare
BGX,1504234,Blackstone Long-Short Credit Income Fund,,,Unknown
DOYU,1762417,DouYu International Holdings Ltd,7370,"Services-Computer Programming, Data Processing, Etc.",Technology
GRO,1472326,Brazil Potash Corp.,1400,Mining & Quarrying of  Nonmetallic Minerals (No Fuels),Other / Financial / Services
NPWR,1845437,NET Power Inc.,3620,Electrical Industrial Apparatus,Industrials
JXG,1546383,JX Luxventure Group Inc.,5000,Wholesale-Durable Goods,Other / Financial / Services
CAST,1633369,"FreeCast, Inc.",7374,Services-Computer Processing & Data Preparation,Technology
AGEN,1098972,AGENUS INC,2836,"Biological Products, (No Diagnostic Substances)",Healthcare
GNT,1438893,"GAMCO Natural Resources, Gold & Income Trust",,,Unknown
SCPQ,2083143,Social Commerce Partners Corp,6770,Blank Checks,Other / Financial / Services
VATE,1006837,INNOVATE Corp.,3440,Fabricated Structural Metal Products,Manufacturing
FMBM,740806,F&M BANK CORP,6022,State Commercial Banks,Other / Financial / Services
HYI,1497186,Western Asset High Yield Opportunity Fund Inc.,,,Unknown
TUSK,1679268,"MAMMOTH ENERGY SERVICES, INC.",1389,"Oil & Gas Field Services, NEC",Energy
BGM,1779578,BGM Group Ltd.,2834,Pharmaceutical Preparations,Healthcare
FIRY,1801661,Firy Inc.,7374,Services-Computer Processing & Data Preparation,Technology
HDRN,2023730,"Hadron Energy, Inc.",4911,Electric Services,Energy
PLBY,1803914,"Playboy, Inc.",5900,Retail-Miscellaneous Retail,Retail
CIK,810766,"CREDIT SUISSE ASSET MANAGEMENT INCOME FUND, INC.",,,Unknown
WBX,1866501,Wallbox N.V.,3690,"Miscellaneous Electrical Machinery, Equipment & Supplies",Industrials
ELME,104894,Elme Communities,6798,Real Estate Investment Trusts,Other / Financial / Services
OGI,1620737,ORGANIGRAM GLOBAL INC.,2834,Pharmaceutical Preparations,Healthcare
MVIS,65770,"MICROVISION, INC.",3679,"Electronic Components, NEC",Industrials
SANG,1753368,Sangoma Technologies Corp,7370,"Services-Computer Programming, Data Processing, Etc.",Technology
GNLX,1231457,GENELUX Corp,2834,Pharmaceutical Preparations,Healthcare
BRR,2076163,"ProCap Financial, Inc.",6199,Finance Services,Other / Financial / Services
SSVFF,1397616,SOUTHERN SILVER EXPLORATION CORP,,,Unknown
AXR,6207,AMREP CORP.,6552,Land Subdividers & Developers (No Cemeteries),Other / Financial / Services
LSBK,2059653,"Lake Shore Bancorp, Inc. /MD/",6035,"Savings Institution, Federally Chartered",Other / Financial / Services
AGXPF,1482436,SILVER X MINING CORP.,,,Unknown
IHD,1496292,Voya Emerging Markets High Dividend Equity Fund,,,Unknown
BWG,1504545,BrandywineGLOBAL-Global Income Opportunities Fund Inc,,,Unknown
AURFF,1864597,Tincorp Metals Inc.,,,Unknown
VNJA,1532383,VANJIA CORP,1531,Operative Builders,Other / Financial / Services
WRIV,1328409,WHITE RIVER BANCSHARES CO,,,Unknown
GCUMF,1514860,Gunnison Copper Corp.,,,Unknown
DLNG,1578453,Dynagas LNG Partners LP,4400,Water Transportation,Other / Financial / Services
AMBR,1697818,Amber International Holding Ltd,6199,Finance Services,Other / Financial / Services
CAAS,2037400,"China Automotive Systems, Inc.",3714,Motor Vehicle Parts & Accessories,Industrials
ANNA,1845123,"AleAnna, Inc.",1311,Crude Petroleum & Natural Gas,Energy
GPRO,1500435,"GoPro, Inc.",3861,Photographic Equipment & Supplies,Manufacturing
CGO,1285650,CALAMOS GLOBAL TOTAL RETURN FUND,,,Unknown
SJT,319655,SAN JUAN BASIN ROYALTY TRUST,6792,Oil Royalty Traders,Other / Financial / Services
KTGDF,1583962,K2 Gold Corp,,,Unknown
BOOM,34067,DMC Global Inc.,3390,Miscellaneous Primary Metal Products,Manufacturing
VECA,2081690,Vernal Capital Acquisition Corp.,6770,Blank Checks,Other / Financial / Services
SDHC,1982518,Smith Douglas Homes Corp.,1531,Operative Builders,Other / Financial / Services
HYSR,1481028,"SUNHYDROGEN, INC.",3674,Semiconductors & Related Devices,Industrials
VXRT,72444,"Vaxart, Inc.",2836,"Biological Products, (No Diagnostic Substances)",Healthcare
NMI,830271,NUVEEN MUNICIPAL INCOME FUND INC,,,Unknown
RRGB,1171759,RED ROBIN GOURMET BURGERS INC,5812,Retail-Eating  Places,Retail
ALDX,1341235,"Aldeyra Therapeutics, Inc.",2834,Pharmaceutical Preparations,Healthcare
EPM,1006655,EVOLUTION PETROLEUM CORP,1311,Crude Petroleum & Natural Gas,Energy
WYY,1034760,WIDEPOINT CORP,7373,Services-Computer Integrated Systems Design,Technology
NMT,897419,NUVEEN MASSACHUSETTS QUALITY MUNICIPAL INCOME FUND,,,Unknown
BUDA,2079720,"BUDA JUICE, INC.",2080,Beverages,Consumer Goods
YOOV,2001794,Concorde International Group Ltd.,7381,"Services-Detective, Guard & Armored Car Services",Other / Financial / Services
CLAR,913277,Clarus Corp,3949,"Sporting & Athletic Goods, NEC",Consumer Goods
CCNB,1437213,"Coastal Carolina Bancshares, Inc.",6021,National Commercial Banks,Other / Financial / Services
FTCO,1828377,Fortitude Gold Corp,1040,Gold and Silver Ores,Other / Financial / Services
VTVT,1641489,vTv Therapeutics Inc.,2834,Pharmaceutical Preparations,Healthcare
RCEL,1762303,"AVITA Medical, Inc.",3841,Surgical & Medical Instruments & Apparatus,Healthcare
JHS,759866,JOHN HANCOCK INCOME SECURITIES TRUST,,,Unknown
JYNT,1612630,JOINT Corp,6794,Patent Owners & Lessors,Other / Financial / Services
GHI,1059142,Greystone Housing Impact Investors LP,6199,Finance Services,Other / Financial / Services
NEOV,1748137,NeoVolta Inc.,3690,"Miscellaneous Electrical Machinery, Equipment & Supplies",Industrials
RMMZ,1870833,"RiverNorth Managed Duration Municipal Income Fund II, Inc.",,,Unknown
GUTS,1572616,"FRACTYL HEALTH, INC.",3841,Surgical & Medical Instruments & Apparatus,Healthcare
VFL,895574,abrdn National Municipal Income Fund,,,Unknown
STIM,1227636,"Neuronetics, Inc.",3841,Surgical & Medical Instruments & Apparatus,Healthcare
ENGN,1980845,enGene Therapeutics Inc.,2836,"Biological Products, (No Diagnostic Substances)",Healthcare
WEA,1163792,WESTERN ASSET PREMIER BOND FUND,,,Unknown
TGEN,1537435,TECOGEN INC.,3585,Air-Cond & Warm Air Heatg Equip & Comm & Indl Refrig Equip,Industrials
FXAC,2121703,FortuneX Acquisition Corp,6770,Blank Checks,Other / Financial / Services
ACR,1332551,ACRES Commercial Realty Corp.,6798,Real Estate Investment Trusts,Other / Financial / Services
IPEX,2028355,Inflection Point Acquisition Corp. V,6770,Blank Checks,Other / Financial / Services
MBOT,883975,Microbot Medical Inc.,3841,Surgical & Medical Instruments & Apparatus,Healthcare
PMN,1374339,ProMIS Neurosciences Inc.,2834,Pharmaceutical Preparations,Healthcare
ZVIA,1854139,Zevia PBC,2086,Bottled & Canned Soft Drinks & Carbonated Waters,Consumer Goods
TCX,909494,TUCOWS INC /PA/,7374,Services-Computer Processing & Data Preparation,Technology
CLPR,1649096,Clipper Realty Inc.,6798,Real Estate Investment Trusts,Other / Financial / Services
RYDE,1971115,Ryde Group Ltd,7389,"Services-Business Services, NEC",Other / Financial / Services
USBC,1074828,"USBC, Inc.",6199,Finance Services,Other / Financial / Services
GGZ,1585855,Gabelli Global Small & Mid Cap Value Trust,,,Unknown
COYA,1835022,"Coya Therapeutics, Inc.",2834,Pharmaceutical Preparations,Healthcare
PODC,1940177,"PodcastOne, Inc.",7370,"Services-Computer Programming, Data Processing, Etc.",Technology
TSQ,1499832,"Townsquare Media, Inc.",4832,Radio Broadcasting Stations,Other / Financial / Services
PHD,1305767,"Pioneer Floating Rate Fund, Inc.",,,Unknown
HYNE,2073153,"Hoyne Bancorp, Inc.",6036,"Savings Institutions, Not Federally Chartered",Other / Financial / Services
AKA,1865107,A.K.A. BRANDS HOLDING CORP.,5961,Retail-Catalog & Mail-Order Houses,Retail
ELRE,1438461,Yinfu Gold Corp.,1090,Miscellaneous Metal Ores,Other / Financial / Services
SPRO,1701108,"Spero Therapeutics, Inc.",2834,Pharmaceutical Preparations,Healthcare
VANI,1266806,"Vivani Medical, Inc.",3845,Electromedical & Electrotherapeutic Apparatus,Healthcare
TLYS,1524025,"TILLY'S, INC.",5600,Retail-Apparel & Accessory Stores,Retail
NICM,1526475,NICOLA MINING INC.,1000,Metal Mining,Other / Financial / Services
DMO,1478102,Western Asset Mortgage Opportunity Fund Inc.,,,Unknown
PFO,882071,Flaherty & Crumrine PREFERRED & INCOME OPPORTUNITY FUND INC,,,Unknown
QSEA,2047455,Quartzsea Acquisition Corp,6770,Blank Checks,Other / Financial / Services
SEER,1726445,"Seer, Inc.",3826,Laboratory Analytical Instruments,Manufacturing
APGOF,1811931,Apollo Silver Corp,,,Unknown
IAF,779336,"ABRDN AUSTRALIA EQUITY FUND, INC.",,,Unknown
SKIN,1818093,SkinHealth Systems Inc.,3841,Surgical & Medical Instruments & Apparatus,Healthcare
FPRGF,1555980,Falco Resources Ltd.,,,Unknown
MED,910329,MEDIFAST INC,2090,Miscellaneous Food Preparations & Kindred Products,Consumer Goods
BZFD,1828972,"BuzzFeed, Inc.",4899,"Communications Services, NEC",Other / Financial / Services
BNC,1482541,CEA Industries Inc.,700,Agricultural Services,Other / Financial / Services
NCSM,1692427,"NCS Multistage Holdings, Inc.",1389,"Oil & Gas Field Services, NEC",Energy
OPRX,1448431,OptimizeRx Corp,7389,"Services-Business Services, NEC",Other / Financial / Services
SPAUF,1337090,SPANISH MOUNTAIN GOLD LTD.,,,Unknown
LBCMF,1580110,Copper Giant Resources Corp.,,,Unknown
PLYX,2075320,"Polaryx Therapeutics, Inc.",2834,Pharmaceutical Preparations,Healthcare
FKYS,737875,FIRST KEYSTONE CORP,6022,State Commercial Banks,Other / Financial / Services
BRLT,1866757,"Brilliant Earth Group, Inc.",3910,"Jewelry, Silverware & Plated Ware",Manufacturing
HCHL,2046656,Happy City Holdings Ltd,5812,Retail-Eating  Places,Retail
GHG,1724755,GreenTree Hospitality Group Ltd.,7011,Hotels & Motels,Other / Financial / Services
MCN,1289868,XAI Madison Equity Premium Income Fund,,,Unknown
PGAC,2030829,PANTAGES CAPITAL ACQUISITION Corp,6770,Blank Checks,Other / Financial / Services
ANTA,2044255,Antalpha Platform Holding Co,6221,Commodity Contracts Brokers & Dealers,Other / Financial / Services
ZENA,1997403,"ZenaTech, Inc.",7372,Services-Prepackaged Software,Technology
GRUSF,1463000,Grown Rogue International Inc.,100,Agricultural Production-Crops,Other / Financial / Services
ZJK,1941506,"ZJK Industrial Co., Ltd.",3452,"Bolts, Nuts, Screws, Rivets & Washers",Manufacturing
NIM,890119,NUVEEN SELECT MATURITIES MUNICIPAL FUND,,,Unknown
WSBK,2047235,"Winchester Bancorp, Inc./MD/",6036,"Savings Institutions, Not Federally Chartered",Other / Financial / Services
DRTTF,1340476,DIRTT ENVIRONMENTAL SOLUTIONS LTD,7372,Services-Prepackaged Software,Technology
VWAV,2038439,"VisionWave Holdings, Inc.",7372,Services-Prepackaged Software,Technology
RFL,1713863,"Rafael Holdings, Inc.",2834,Pharmaceutical Preparations,Healthcare
KBLB,1413119,"Kraig Biocraft Laboratories, Inc.",2820,"Plastic Material, Synth Resin/Rubber, Cellulos (No Glass)",Manufacturing
BSBK,1787414,Bogota Financial Corp.,6036,"Savings Institutions, Not Federally Chartered",Other / Financial / Services
UNIB,811211,UNIVERSITY BANCORP INC /DE/,6022,State Commercial Banks,Other / Financial / Services
JHI,759828,JOHN HANCOCK INVESTORS TRUST,,,Unknown
UMEW,1114936,UMeWorld Inc.,7372,Services-Prepackaged Software,Technology
NVX,1859795,NOVONIX Ltd,3690,"Miscellaneous Electrical Machinery, Equipment & Supplies",Industrials
GLU,1282957,GABELLI GLOBAL UTILITY & INCOME TRUST,,,Unknown
TNYZF,1836775,Tiny Ltd.,,,Unknown
NTHI,1979414,"NEONC TECHNOLOGIES HOLDINGS, INC.",2834,Pharmaceutical Preparations,Healthcare
PAI,75398,Western Asset Investment Grade Income Fund Inc.,,,Unknown
BOTJ,1275101,BANK OF THE JAMES FINANCIAL GROUP INC,6022,State Commercial Banks,Other / Financial / Services
CHAR,2024459,Charlton Aria Acquisition Corp,6770,Blank Checks,Other / Financial / Services
AMCI,1937891,AMC Robotics Corp,5700,"Retail-Home Furniture, Furnishings & Equipment Stores",Retail
CRDL,1702123,Cardiol Therapeutics Inc.,2836,"Biological Products, (No Diagnostic Substances)",Healthcare
BSAI,1416090,BLUSKY AI INC.,1040,Gold and Silver Ores,Other / Financial / Services
VRA,1495320,"Vera Bradley, Inc.",3100,Leather & Leather Products,Manufacturing
RACC,2118032,Research Alliance Corp III,6770,Blank Checks,Other / Financial / Services
AMTX,738214,"AEMETIS, INC",2860,Industrial Organic Chemicals,Manufacturing
BNR,1792267,Burning Rock Biotech Ltd,8071,Services-Medical Laboratories,Healthcare
MRT,1852767,"Marti Technologies, Inc.",7510,Services-Auto Rental & Leasing (No Drivers),Other / Financial / Services
UNB,706863,UNION BANKSHARES INC,6022,State Commercial Banks,Other / Financial / Services
SNNGF,1384831,PPX Mining Corp.,,,Unknown
MGYR,1337068,"Magyar Bancorp, Inc.",6035,"Savings Institution, Federally Chartered",Other / Financial / Services
SCOR,1158172,"COMSCORE, INC.",7389,"Services-Business Services, NEC",Other / Financial / Services
SSTI,1351636,"SOUNDTHINKING, INC.",7372,Services-Prepackaged Software,Technology
RENT,1468327,"Rent the Runway, Inc.",5990,"Retail-Retail Stores, NEC",Retail
QUMS,2070900,Quantumsphere Acquisition Corp,6770,Blank Checks,Other / Financial / Services
ENLV,1596812,Enlivex Ltd.,2834,Pharmaceutical Preparations,Healthcare
MNTS,1781162,Momentus Inc.,3760,Guided Missiles & Space Vehicles & Parts,Industrials
PCSC,2017526,Perceptive Capital Solutions Corp,8071,Services-Medical Laboratories,Healthcare
TZOO,1133311,TRAVELZOO,7310,Services-Advertising,Other / Financial / Services
CFSU,1621888,Complete Financial Solutions Inc.,,,Unknown
VMXXF,1594856,VALHALLA METALS INC.,,,Unknown
CODA,1334325,"Coda Octopus Group, Inc.",3812,"Search, Detection, Navigation, Guidance, Aeronautical Sys",Manufacturing
RPT,1614806,Rithm Property Trust Inc.,6798,Real Estate Investment Trusts,Other / Financial / Services
SPWR,1838987,SunPower Inc.,1700,Construction - Special Trade Contractors,Other / Financial / Services
RNGE,1438943,"RANGE IMPACT, INC.",1600,Heavy Construction Other Than Bldg Const - Contractors,Other / Financial / Services
SBI,882300,WESTERN ASSET INTERMEDIATE MUNI FUND INC.,,,Unknown
YDDL,2034723,One & one Green Technologies. INC,5090,Wholesale-Misc Durable Goods,Other / Financial / Services
BAER,1941536,"Bridger Aerospace Group Holdings, Inc.",7389,"Services-Business Services, NEC",Other / Financial / Services
YRD,1631761,Yiren Digital Ltd.,6199,Finance Services,Other / Financial / Services
FLNT,1460329,"Fluent, Inc.",7310,Services-Advertising,Other / Financial / Services
FBIO,1429260,"Fortress Biotech, Inc.",2834,Pharmaceutical Preparations,Healthcare
EMPD,1829794,Empery Digital Inc.,6199,Finance Services,Other / Financial / Services
VRCA,1660334,Verrica Pharmaceuticals Inc.,2834,Pharmaceutical Preparations,Healthcare
SCTSF,1790538,Scottie Resources Corp.,,,Unknown
LGCXF,1921582,Lahontan Gold Corp.,,,Unknown
LAKE,798081,LAKELAND INDUSTRIES INC,3842,"Orthopedic, Prosthetic & Surgical Appliances & Supplies",Healthcare
STHO,1953366,Star Holdings,6519,"Lessors of  Real Property, NEC",Other / Financial / Services
SUNS,2012706,"Sunrise Realty Trust, Inc.",6798,Real Estate Investment Trusts,Other / Financial / Services
HYPR,1833769,"Hyperfine, Inc.",3845,Electromedical & Electrotherapeutic Apparatus,Healthcare
JELD,1674335,"JELD-WEN Holding, Inc.",2430,"Millwood, Veneer, Plywood, & Structural Wood Members",Manufacturing
BDTX,1701541,"Black Diamond Therapeutics, Inc.",2836,"Biological Products, (No Diagnostic Substances)",Healthcare
PROV,1010470,PROVIDENT FINANCIAL HOLDINGS INC,6035,"Savings Institution, Federally Chartered",Other / Financial / Services
VERI,1615165,"Veritone, Inc.",7374,Services-Computer Processing & Data Preparation,Technology
USGO,1947244,U.S. GoldMining Inc.,1040,Gold and Silver Ores,Other / Financial / Services
RVSB,1041368,RIVERVIEW BANCORP INC,6035,"Savings Institution, Federally Chartered",Other / Financial / Services
UFI,100726,UNIFI INC,2200,Textile Mill Products,Consumer Goods
ERH,1279014,ALLSPRING UTILITIES & HIGH INCOME FUND,,,Unknown
XGN,1274737,EXAGEN INC.,8071,Services-Medical Laboratories,Healthcare
NFE,1749723,New Fortress Energy Inc.,4924,Natural Gas Distribution,Energy
HOVR,1930021,New Horizon Aircraft Ltd.,3721,Aircraft,Industrials
NMAD,1335105,"NOMAD POWER SOLUTIONS, INC.",2834,Pharmaceutical Preparations,Healthcare
TRT,732026,TRIO-TECH INTERNATIONAL,3559,"Special Industry Machinery, NEC",Industrials
LPA,1997711,Logistic Properties of the Americas,6500,Real Estate,Other / Financial / Services
EP,887396,EMPIRE PETROLEUM CORP,1311,Crude Petroleum & Natural Gas,Energy
KLRS,1754068,"Kalaris Therapeutics, Inc.",2836,"Biological Products, (No Diagnostic Substances)",Healthcare
SPKL,1884046,Spark I Acquisition Corp,6770,Blank Checks,Other / Financial / Services
KEQU,55529,KEWAUNEE SCIENTIFIC CORP /DE/,3821,Laboratory Apparatus & Furniture,Manufacturing
BWEN,1120370,"BROADWIND, INC.",3360,Nonferrous Foundries (Castings),Manufacturing
SRFM,1936224,SURF AIR MOBILITY INC.,4522,"Air Transportation, Nonscheduled",Other / Financial / Services
LUD,1984124,Luda Technology Group Ltd,3317,Steel Pipe & Tubes,Manufacturing
ONCY,1129928,ONCOLYTICS BIOTECH INC,2834,Pharmaceutical Preparations,Healthcare
ANIX,715446,Anixa Biosciences Inc,2834,Pharmaceutical Preparations,Healthcare
FTZFF,1819258,Fitzroy Minerals Inc.,,,Unknown
CHPG,2024460,ChampionsGate Acquisition Corp,6770,Blank Checks,Other / Financial / Services
FTLF,1374328,"FITLIFE BRANDS, INC.",2833,Medicinal Chemicals & Botanical Products,Healthcare
HERE,1932770,Here Group Ltd,5945,"Retail-Hobby, Toy & Game Shops",Retail
TTEC,1013880,"TTEC Holdings, Inc.",7363,Services-Help Supply Services,Other / Financial / Services
XTRAF,1684505,Xtract One Technologies Inc.,,,Unknown
KGFMF,1853889,Kingfisher Metals Corp.,,,Unknown
LMRXF,1001500,LARAMIDE RESOURCES LTD,,,Unknown
SFBC,1541119,"Sound Financial Bancorp, Inc.",6035,"Savings Institution, Federally Chartered",Other / Financial / Services
BHM,1903382,"Bluerock Homes Trust, Inc.",6798,Real Estate Investment Trusts,Other / Financial / Services
FURY,1514597,FURY GOLD MINES LTD,1040,Gold and Silver Ores,Other / Financial / Services
PCF,810943,HIGH INCOME SECURITIES FUND,,,Unknown
CSTAF,1834032,Constellation Acquisition Corp I,6770,Blank Checks,Other / Financial / Services
PGP,1318025,PIMCO Global StocksPLUS & Income Fund,,,Unknown
HSDT,1610853,Solana Co,6199,Finance Services,Other / Financial / Services
RVRC,1839140,Revium Rx.,2834,Pharmaceutical Preparations,Healthcare
NWPP,1163389,NEW PEOPLES BANKSHARES INC,6022,State Commercial Banks,Other / Financial / Services
COE,1659494,51Talk Online Education Group,8200,Services-Educational Services,Healthcare
WATT,1575793,Energous Corp,3663,Radio & Tv Broadcasting & Communications Equipment,Industrials
QSEP,1103795,"QS Energy, Inc.",3533,Oil & Gas Field Machinery & Equipment,Industrials
FGMC,1906364,FG Merger II Corp.,6770,Blank Checks,Other / Financial / Services
ATHE,1131343,ALTERITY THERAPEUTICS LTD,2834,Pharmaceutical Preparations,Healthcare
SUIG,1425355,SUI Group Holdings Ltd.,6199,Finance Services,Other / Financial / Services
NOEM,1956648,CO2 Energy Transition Corp.,6770,Blank Checks,Other / Financial / Services
FNWB,1556727,First Northwest Bancorp,6036,"Savings Institutions, Not Federally Chartered",Other / Financial / Services
HFUS,1482554,"Hartford Creative Group, Inc.",7374,Services-Computer Processing & Data Preparation,Technology
PBHC,1609065,"Pathfinder Bancorp, Inc.",6022,State Commercial Banks,Other / Financial / Services
PYPD,1611842,PolyPid Ltd.,3841,Surgical & Medical Instruments & Apparatus,Healthcare
PZG,1629210,Paramount Gold Nevada Corp.,1000,Metal Mining,Other / Financial / Services
VIRC,751365,VIRCO MFG CORPORATION,2531,Public Bldg & Related Furniture,Consumer Goods
CHGG,1364954,"CHEGG, INC",8200,Services-Educational Services,Healthcare
RPID,1380106,"RAPID MICRO BIOSYSTEMS, INC.",3826,Laboratory Analytical Instruments,Manufacturing
ICCC,811641,IMMUCELL CORP /DE/,2835,In Vitro & In Vivo Diagnostic Substances,Healthcare
RMI,1746967,"RiverNorth Opportunistic Municipal Income Fund, Inc.",,,Unknown
ARQ,1515156,"Arq, Inc.",2890,Miscellaneous Chemical Products,Manufacturing
VII,2139246,Viking Acquisition Corp. II,6770,Blank Checks,Other / Financial / Services
ULBI,875657,ULTRALIFE CORP,3690,"Miscellaneous Electrical Machinery, Equipment & Supplies",Industrials
ATLX,1540684,Atlas Lithium Corp,1400,Mining & Quarrying of  Nonmetallic Minerals (No Fuels),Other / Financial / Services
RDZN,1868640,Roadzen Inc.,6411,"Insurance Agents, Brokers & Service",Other / Financial / Services
PFBX,770460,PEOPLES FINANCIAL CORP /MS/,6022,State Commercial Banks,Other / Financial / Services
SNWV,1417663,"SANUWAVE Health, Inc.",3841,Surgical & Medical Instruments & Apparatus,Healthcare
GEOS,1001115,GEOSPACE TECHNOLOGIES CORP,3829,"Measuring & Controlling Devices, NEC",Manufacturing
BNAI,1838163,Brand Engagement Network Inc.,7373,Services-Computer Integrated Systems Design,Technology
SXTC,1723980,"China SXT Pharmaceuticals, Inc.",2834,Pharmaceutical Preparations,Healthcare
AMAN,2112457,Amanat Acquisition Corp.,6770,Blank Checks,Other / Financial / Services
FLZH,1706524,"Flash Sports & Media Holdings, Inc.",7900,Services-Amusement & Recreation Services,Other / Financial / Services
ROC,2077709,Rank One Computing Corp,7372,Services-Prepackaged Software,Technology
CCLD,1582982,"CareCloud, Inc.",7372,Services-Prepackaged Software,Technology
VTIX,1606242,Virtuix Holdings Inc.,3577,"Computer Peripheral Equipment, NEC",Technology
GGOXF,877019,Galleon Gold Corp.,1400,Mining & Quarrying of  Nonmetallic Minerals (No Fuels),Other / Financial / Services
TGLO,1066684,THEGLOBE COM INC,7310,Services-Advertising,Other / Financial / Services
CGTX,1455365,COGNITION THERAPEUTICS INC,2836,"Biological Products, (No Diagnostic Substances)",Healthcare
INO,1055726,"INOVIO PHARMACEUTICALS, INC.",2834,Pharmaceutical Preparations,Healthcare
RGT,1514490,"ROYCE GLOBAL TRUST, INC.",,,Unknown
PARK,2069604,"Park Dental Partners, Inc.",8090,"Services-Misc Health & Allied Services, NEC",Healthcare
IGI,1462586,Western Asset Investment Grade Opportunity Trust Inc.,,,Unknown
MYPS,1823878,"PLAYSTUDIOS, Inc.",7372,Services-Prepackaged Software,Technology
FLL,891482,FULL HOUSE RESORTS INC,7011,Hotels & Motels,Other / Financial / Services
CMCM,1597835,Cheetah Mobile Inc.,7372,Services-Prepackaged Software,Technology
RANI,1856725,"Rani Therapeutics Holdings, Inc.",2834,Pharmaceutical Preparations,Healthcare
JLS,1472215,Nuveen Mortgage & Income Fund/MA/,,,Unknown
REKR,1697851,"Rekor Systems, Inc.",3669,"Communications Equipment, NEC",Industrials
NOBH,72205,NOBILITY HOMES INC,2451,Mobile Homes,Manufacturing
VHUB,1972234,"VenHub Global, Inc.",3590,Misc Industrial & Commercial Machinery & Equipment,Industrials
BMEA,1840439,"Biomea Fusion, Inc.",2834,Pharmaceutical Preparations,Healthcare
IAE,1385632,Voya Asia Pacific High Dividend Equity Income Fund,,,Unknown
GCV,845611,GABELLI CONVERTIBLE & INCOME SECURITIES FUND INC,,,Unknown
SDA,1936804,SunCar Technology Group Inc.,7500,"Services-Automotive Repair, Services & Parking",Other / Financial / Services
JUSHF,1909747,Jushi Holdings Inc.,2833,Medicinal Chemicals & Botanical Products,Healthcare
BCRD,1496690,"BlueOne Technologies, Inc.",7389,"Services-Business Services, NEC",Other / Financial / Services
CBKM,1006830,CONSUMERS BANCORP INC /OH/,6021,National Commercial Banks,Other / Financial / Services
LCCC,2049248,Lakeshore Acquisition III Corp.,6770,Blank Checks,Other / Financial / Services
PTHS,1919246,Pelthos Therapeutics Inc.,2836,"Biological Products, (No Diagnostic Substances)",Healthcare
RSKIA,84112,"GEORGE RISK INDUSTRIES, INC.",3669,"Communications Equipment, NEC",Industrials
MHH,1437226,"Mastech Digital, Inc.",8742,Services-Management Consulting Services,Other / Financial / Services
AUBN,750574,"AUBURN NATIONAL BANCORPORATION, INC",6022,State Commercial Banks,Other / Financial / Services
MGF,811922,MFS GOVERNMENT MARKETS INCOME TRUST,,,Unknown
FUSB,717806,"FIRST US BANCSHARES, INC.",6022,State Commercial Banks,Other / Financial / Services
VRDR,1506929,"VERDE RESOURCES, INC.",1040,Gold and Silver Ores,Other / Financial / Services
DFDV,1805526,DeFi Development Corp.,6199,Finance Services,Other / Financial / Services
JATT,2112446,JATT II Acquisition Corp.,6770,Blank Checks,Other / Financial / Services
HFFG,1680873,HF Foods Group Inc.,5140,Wholesale-Groceries & Related Products,Other / Financial / Services
BYNO,1801417,byNordic Acquisition Corp,6770,Blank Checks,Other / Financial / Services
RPMT,1437283,"REGO PAYMENT ARCHITECTURES, INC.",7372,Services-Prepackaged Software,Technology
ALPS,2025774,Alps Group Inc,8000,Services-Health Services,Healthcare
BYFC,1001171,BROADWAY FINANCIAL CORP \DE\,6035,"Savings Institution, Federally Chartered",Other / Financial / Services
GDL,1378701,GDL FUND,,,Unknown
RFAI,2012807,RF Acquisition Corp II,6770,Blank Checks,Other / Financial / Services
GOAI,1983736,Eva Live Inc,7370,"Services-Computer Programming, Data Processing, Etc.",Technology
RLYB,1739410,Rallybio Corp,2834,Pharmaceutical Preparations,Healthcare
CPSH,814676,CPS TECHNOLOGIES CORP/DE/,3260,Pottery & Related Products,Manufacturing
ELTX,1601485,"Elicio Therapeutics, Inc.",2834,Pharmaceutical Preparations,Healthcare
UBCP,731653,UNITED BANCORP INC /OH/,6022,State Commercial Banks,Other / Financial / Services
NUVR,71557,"Nuvera Communications, Inc.",4813,Telephone Communications (No Radiotelephone),Other / Financial / Services
TOP,1848275,TOP Financial Group Ltd,6200,"Security & Commodity Brokers, Dealers, Exchanges & Services",Other / Financial / Services
CWBHF,1750155,"Charlotte's Web Holdings, Inc.",100,Agricultural Production-Crops,Other / Financial / Services
CANG,1725123,Cango Inc.,6199,Finance Services,Other / Financial / Services
RFM,1790177,"RiverNorth Flexible Municipal Income Fund, Inc.",,,Unknown
ENGS,1971828,Energys Group Ltd,1731,Electrical Work,Other / Financial / Services
NZAUF,1925511,Rua Gold Inc.,,,Unknown
BCIC,1372807,BCP Investment Corp,,,Unknown
FDSB,2012726,"Fifth District Bancorp, Inc.",6035,"Savings Institution, Federally Chartered",Other / Financial / Services
GLND,2093507,Greenland Energy Co,1381,Drilling Oil & Gas Wells,Energy
EVF,1070732,Eaton Vance Senior Income Trust,,,Unknown
LONA,1620463,"LeonaBio, Inc.",2836,"Biological Products, (No Diagnostic Substances)",Healthcare
GRWG,1604868,GrowGeneration Corp.,5200,"Retail-Building Materials, Hardware, Garden Supply",Retail
BDCTF,1576159,BuildDirect.com Technologies Inc.,,,Unknown
INTG,69422,INTERGROUP CORP,6513,Operators of  Apartment Buildings,Other / Financial / Services
CRDF,1213037,"Cardiff Oncology, Inc.",2836,"Biological Products, (No Diagnostic Substances)",Healthcare
BYRN,1354866,Byrna Technologies Inc.,3690,"Miscellaneous Electrical Machinery, Equipment & Supplies",Industrials
ORRCF,1390352,OROCO RESOURCE CORP,,,Unknown
MCAH,2109876,Mountain Crest Acquisition 6 Corp.,6770,Blank Checks,Other / Financial / Services
SIMA,2014982,SIM Acquisition Corp. I,6770,Blank Checks,Other / Financial / Services
FVN,2010653,Future Vision II Acquisition Corp.,7373,Services-Computer Integrated Systems Design,Technology
MMTX,2077033,Miluna Acquisition Corp,6770,Blank Checks,Other / Financial / Services
AMTD,1769731,AMTD IDEA GROUP,6199,Finance Services,Other / Financial / Services
ORIQ,2044523,Origin Investment Corp I,6770,Blank Checks,Other / Financial / Services
NRXS,1933567,"Neuraxis, INC",3845,Electromedical & Electrotherapeutic Apparatus,Healthcare
AEYE,1362190,AUDIOEYE INC,7372,Services-Prepackaged Software,Technology
FMN,1199004,Federated Hermes Premier Municipal Income Fund,,,Unknown
CPIX,1087294,CUMBERLAND PHARMACEUTICALS INC,2834,Pharmaceutical Preparations,Healthcare
ARBE,1861841,Arbe Robotics Ltd.,7373,Services-Computer Integrated Systems Design,Technology
AAWH,1756390,"Ascend Wellness Holdings, Inc.",2833,Medicinal Chemicals & Botanical Products,Healthcare
ATRA,1604464,"Atara Biotherapeutics, Inc.",2836,"Biological Products, (No Diagnostic Substances)",Healthcare
OPXS,1397016,Optex Systems Holdings Inc,3827,Optical Instruments & Lenses,Manufacturing
SOTK,806172,SONO TEK CORP,3559,"Special Industry Machinery, NEC",Industrials
MAIA,1878313,"MAIA Biotechnology, Inc.",2834,Pharmaceutical Preparations,Healthcare
ISPR,1948455,Ispire Technology Inc.,2111,Cigarettes,Consumer Goods
DH,1861795,Definitive Healthcare Corp.,7372,Services-Prepackaged Software,Technology
OKYO,1849296,OKYO Pharma Ltd,2836,"Biological Products, (No Diagnostic Substances)",Healthcare
PEW,2051380,GrabAGun Digital Holdings Inc.,5940,Retail-Miscellaneous Shopping Goods Stores,Retail
KSBI,912764,KS BANCORP INC,6036,"Savings Institutions, Not Federally Chartered",Other / Financial / Services
PECE,2088626,Peace Acquisition Corp.,6770,Blank Checks,Other / Financial / Services
BSAA,2051587,BEST SPAC I Acquisition Corp.,8200,Services-Educational Services,Healthcare
CWGL,1562151,"Crimson Wine Group, Ltd",2080,Beverages,Consumer Goods
EDVR,1917599,Endeavor Bancorp,,,Unknown
QTEX,1837493,QTREX Quantum Ltd.,3841,Surgical & Medical Instruments & Apparatus,Healthcare
LCGMF,1339688,LION COPPER & GOLD CORP.,1000,Metal Mining,Other / Financial / Services
PEVM,1879848,PHOENIX MOTOR INC.,3713,Truck & Bus Bodies,Industrials
TEAD,1454938,Teads Holding Co.,7370,"Services-Computer Programming, Data Processing, Etc.",Technology
MMLP,1176334,MARTIN MIDSTREAM PARTNERS L.P.,5171,Wholesale-Petroleum Bulk Stations & Terminals,Other / Financial / Services
CHMI,1571776,Cherry Hill Mortgage Investment Corp,6798,Real Estate Investment Trusts,Other / Financial / Services
ALIS,2026767,Calisa Acquisition Corp,7374,Services-Computer Processing & Data Preparation,Technology
CSPI,356037,CSP INC /MA/,7373,Services-Computer Integrated Systems Design,Technology
CRCUF,868822,Canagold Resources Ltd.,1040,Gold and Silver Ores,Other / Financial / Services
VGI,1528811,Virtus Global Multi-Sector Income Fund,,,Unknown
TELO,1971532,"Telomir Pharmaceuticals, Inc.",2834,Pharmaceutical Preparations,Healthcare
FTCI,1828161,"FTC Solar, Inc.",3674,Semiconductors & Related Devices,Industrials
NAMM,2026514,Namib Minerals,1040,Gold and Silver Ores,Other / Financial / Services
BLNK,1429764,Blink Charging Co.,3690,"Miscellaneous Electrical Machinery, Equipment & Supplies",Industrials
HLP,1855557,Hongli Group Inc.,3569,"General Industrial Machinery & Equipment, NEC",Industrials
AGPU,1446159,Axe Compute Inc.,6199,Finance Services,Other / Financial / Services
ZOMDF,1684144,Zomedica Corp.,2834,Pharmaceutical Preparations,Healthcare
MGTE,1965052,Marblegate Capital Corp,6199,Finance Services,Other / Financial / Services
CPBI,1979332,"Central Plains Bancshares, Inc.",6035,"Savings Institution, Federally Chartered",Other / Financial / Services
ZKIN,1687451,"ZK International Group Co., Ltd.",3490,Miscellaneous Fabricated Metal Products,Manufacturing
RNTX,1420565,"Rein Therapeutics, Inc.",2834,Pharmaceutical Preparations,Healthcare
PFX,1490349,PhenixFIN Corp,,,Unknown
CSTE,1504379,Caesarstone Ltd.,3281,Cut Stone & Stone Products,Manufacturing
PLMJF,1845550,Plum Acquisition Corp. III,6770,Blank Checks,Other / Financial / Services
BARK,1819574,"Bark, Inc.",5990,"Retail-Retail Stores, NEC",Retail
ACRV,1781174,"Acrivon Therapeutics, Inc.",2834,Pharmaceutical Preparations,Healthcare
BODI,1826889,"Beachbody Company, Inc.",5960,Retail-Nonstore Retailers,Retail
CSBR,771856,"CHAMPIONS ONCOLOGY, INC.",2836,"Biological Products, (No Diagnostic Substances)",Healthcare
ACET,1720580,"Adicet Bio, Inc.",2834,Pharmaceutical Preparations,Healthcare
GOSS,1728117,"Gossamer Bio, Inc.",2834,Pharmaceutical Preparations,Healthcare
IDN,1040896,"Intellicheck, Inc.",7372,Services-Prepackaged Software,Technology
MDIA,1784254,Mediaco Holding Inc.,4832,Radio Broadcasting Stations,Other / Financial / Services
UYSC,2036973,UY Scuti Acquisition Corp.,6770,Blank Checks,Other / Financial / Services
GNSS,924383,Genasys Inc.,3651,Household Audio & Video Equipment,Industrials
APAC,2043630,StoneBridge Acquisition II Corp,6770,Blank Checks,Other / Financial / Services
BTMD,1819253,biote Corp.,2833,Medicinal Chemicals & Botanical Products,Healthcare
PUSA,2009312,Aureus Greenway Holdings Inc,7997,Services-Membership Sports & Recreation Clubs,Other / Financial / Services
CPHC,1672909,Canterbury Park Holding Corp,7948,"Services-Racing, Including Track Operation",Other / Financial / Services
SAMG,1549966,Silvercrest Asset Management Group Inc.,6282,Investment Advice,Other / Financial / Services
OM,1484612,"Outset Medical, Inc.",3845,Electromedical & Electrotherapeutic Apparatus,Healthcare
NEXM,795800,NexMetals Mining Corp.,1000,Metal Mining,Other / Financial / Services
WSTN,2076192,Westin Acquisition Corp,6770,Blank Checks,Other / Financial / Services
ASPS,1462418,ALTISOURCE PORTFOLIO SOLUTIONS S.A.,7380,Services-Miscellaneous Business Services,Other / Financial / Services
DTF,879535,DTF TAX-FREE INCOME 2028 TERM FUND INC,,,Unknown
ENTX,1638097,Entera Bio Ltd.,2836,"Biological Products, (No Diagnostic Substances)",Healthcare
UWHR,898171,UWHARRIE CAPITAL CORP,6022,State Commercial Banks,Other / Financial / Services
GLV,1288795,Clough Global Dividend & Income Fund,,,Unknown
GGAZF,1515964,Goldgroup Mining Inc.,,,Unknown
MAYS,54187,MAYS J W INC,6512,Opeators of  Nonresidential Buildings,Other / Financial / Services
CLNN,1822791,Clene Inc.,2834,Pharmaceutical Preparations,Healthcare
GDO,1472341,WESTERN ASSET GLOBAL CORPORATE OPPORTUNITY FUND INC.,,,Unknown
HNNA,1145255,HENNESSY ADVISORS INC,6282,Investment Advice,Other / Financial / Services
KG,2055116,Kestrel Group Ltd,6331,"Fire, Marine & Casualty Insurance",Other / Financial / Services
STLE,779227,STEELE BANCORP INC,6022,State Commercial Banks,Other / Financial / Services
VNCE,1579157,VINCE HOLDING CORP.,5600,Retail-Apparel & Accessory Stores,Retail
BDL,12040,FLANIGANS ENTERPRISES INC,5812,Retail-Eating  Places,Retail
AASP,930245,Agassi Sports Entertainment Corp.,5900,Retail-Miscellaneous Retail,Retail
WKEY,1738699,Wisekey International Holding S.A.,7374,Services-Computer Processing & Data Preparation,Technology
NTIC,875582,NORTHERN TECHNOLOGIES INTERNATIONAL CORP,3470,"Coating, Engraving & Allied Services",Manufacturing
REDW,942895,REDWOOD FINANCIAL INC /MN/,6035,"Savings Institution, Federally Chartered",Other / Financial / Services
FSEA,1943802,"First Seacoast Bancorp, Inc.",6035,"Savings Institution, Federally Chartered",Other / Financial / Services
ANVS,1477845,"Annovis Bio, Inc.",2834,Pharmaceutical Preparations,Healthcare
XTGRF,1288770,XTRA-GOLD RESOURCES CORP,1000,Metal Mining,Other / Financial / Services
PNI,1170311,PIMCO NEW YORK MUNICIPAL INCOME FUND II,,,Unknown
TUNGF,2049560,American Tungsten Corp.,,,Unknown
PYYX,939930,"PYXUS INTERNATIONAL, INC.",5150,Wholesale-Farm Product Raw Materials,Other / Financial / Services
HRTX,818033,"HERON THERAPEUTICS, INC. /DE/",2834,Pharmaceutical Preparations,Healthcare
DTCX,1853825,"Datacentrex, Inc.",7374,Services-Computer Processing & Data Preparation,Technology
GGR,1886190,Gogoro Inc.,3711,Motor Vehicles & Passenger Car Bodies,Industrials
SIREF,1577783,Sirios Resources Inc.,,,Unknown
JUVF,714712,JUNIATA VALLEY FINANCIAL CORP,6022,State Commercial Banks,Other / Financial / Services
OCCI,1716951,"OFS Credit Company, Inc.",,,Unknown
SSEA,2059165,STARRY SEA ACQUISITION CORP,6770,Blank Checks,Other / Financial / Services
NMS,1607997,Nuveen Minnesota Quality Municipal Income Fund,,,Unknown
SPAI,2011208,Safe Pro Group Inc.,3842,"Orthopedic, Prosthetic & Surgical Appliances & Supplies",Healthcare
SEAT,1856031,Vivid Seats Inc.,7990,Services-Miscellaneous Amusement & Recreation,Other / Financial / Services
EAXR,832370,"Ealixir, Inc.",7372,Services-Prepackaged Software,Technology
LFVN,849146,Lifevantage Corp,2834,Pharmaceutical Preparations,Healthcare
ISRLF,1915328,Israel Acquisitions Corp,6770,Blank Checks,Other / Financial / Services
AISP,1842566,"Airship AI Holdings, Inc.",7372,Services-Prepackaged Software,Technology
NXTT,1784970,Next Technology Holding Inc.,7374,Services-Computer Processing & Data Preparation,Technology
VMCAF,1892747,Valuence Merger Corp. I,6770,Blank Checks,Other / Financial / Services
SERA,1534969,"SERA PROGNOSTICS, INC.",8071,Services-Medical Laboratories,Healthcare
ZEPP,1720446,Zepp Health Corp,3571,Electronic Computers,Technology
FRMM,1690080,FORUM MARKETS Inc,6199,Finance Services,Other / Financial / Services
RSSS,1386301,"Research Solutions, Inc.",7389,"Services-Business Services, NEC",Other / Financial / Services
SWZ,813623,Total Return Securities Fund,,,Unknown
AVD,5981,AMERICAN VANGUARD CORP,2870,Agricultural Chemicals,Manufacturing
NNOX,1795251,Nano-X Imaging Ltd.,3844,X-Ray Apparatus & Tubes & Related Irradiation Apparatus,Healthcare
SRL,16859,Scully Royalty Ltd.,6795,Mineral Royalty Traders,Other / Financial / Services
AEC,1519469,ANFIELD ENERGY INC.,1000,Metal Mining,Other / Financial / Services
GANX,1819411,"Gain Therapeutics, Inc.",2834,Pharmaceutical Preparations,Healthcare
MCHX,1224133,MARCHEX INC,7372,Services-Prepackaged Software,Technology
LSE,1985139,"Leishen Energy Holding Co., Ltd.",3533,Oil & Gas Field Machinery & Equipment,Industrials
AIRG,1272842,AIRGAIN INC,3663,Radio & Tv Broadcasting & Communications Equipment,Industrials
TISI,318833,TEAM INC,7600,Services-Miscellaneous Repair Services,Other / Financial / Services
WTG,2053927,Wintergreen Acquisition Corp.,7370,"Services-Computer Programming, Data Processing, Etc.",Technology
CYPH,1509745,CYPHERPUNK TECHNOLOGIES INC.,2834,Pharmaceutical Preparations,Healthcare
DTI,1884516,Drilling Tools International Corp,3533,Oil & Gas Field Machinery & Equipment,Industrials
FSI,1069394,FLEXIBLE SOLUTIONS INTERNATIONAL INC,2890,Miscellaneous Chemical Products,Manufacturing
AUC,1755058,ATIF Holdings Ltd,8742,Services-Management Consulting Services,Other / Financial / Services
SOWG,1490161,Sow Good Inc.,2000,Food and Kindred Products,Consumer Goods
AIRT,353184,AIR T INC,4513,Air Courier Services,Other / Financial / Services
PROP,1162896,Prairie Operating Co.,1311,Crude Petroleum & Natural Gas,Energy
RTGN,1836295,RetinalGenix Technologies Inc.,3841,Surgical & Medical Instruments & Apparatus,Healthcare
NBRG,1918414,Newbridge Acquisition Ltd,6770,Blank Checks,Other / Financial / Services
AEAE,1852016,AltEnergy Acquisition Corp,3714,Motor Vehicle Parts & Accessories,Industrials
CNDA,1851959,Concord Acquisition Corp II,6770,Blank Checks,Other / Financial / Services
BPAC,2064177,Blueport Acquisition Ltd,6770,Blank Checks,Other / Financial / Services
LNZA,1843724,"LanzaTech Global, Inc.",2860,Industrial Organic Chemicals,Manufacturing
IOR,949961,INCOME OPPORTUNITY REALTY INVESTORS INC /TX/,6798,Real Estate Investment Trusts,Other / Financial / Services
JFB,2024306,JFB Construction Holdings,1540,General Bldg Contractors - Nonresidential Bldgs,Other / Financial / Services
EEA,791718,"EUROPEAN EQUITY FUND, INC / MD",0,,Other / Financial / Services
FBSI,912967,FIRST BANCSHARES INC /MO/,6036,"Savings Institutions, Not Federally Chartered",Other / Financial / Services
FATN,1993400,Fatpipe Inc/UT,7372,Services-Prepackaged Software,Technology
GECC,1675033,Great Elm Capital Corp.,,,Unknown
IBIO,1420720,"iBio, Inc.",2834,Pharmaceutical Preparations,Healthcare
CEV,1074692,Eaton Vance California Municipal Income Trust,,,Unknown
AIFC,862861,AI Financial Corp,6221,Commodity Contracts Brokers & Dealers,Other / Financial / Services
DLHC,785557,DLH Holdings Corp.,7363,Services-Help Supply Services,Other / Financial / Services
ODYS,1577445,Odysight.ai Inc.,7373,Services-Computer Integrated Systems Design,Technology
NDLS,1275158,NOODLES & Co,5812,Retail-Eating  Places,Retail
SLNG,1043186,"Stabilis Solutions, Inc.",4924,Natural Gas Distribution,Energy
OSTX,1795091,OS Therapies Inc,2834,Pharmaceutical Preparations,Healthcare
TLPH,1427925,"TALPHERA, INC.",2834,Pharmaceutical Preparations,Healthcare
OZVN,1751707,OZ VISION INC.,4700,Transportation Services,Other / Financial / Services
CIRC,1605888,CIRCLE8 GROUP INC,7363,Services-Help Supply Services,Other / Financial / Services
OPHC,1288855,"OptimumBank Holdings, Inc.",6021,National Commercial Banks,Other / Financial / Services
LNSR,1320350,"LENSAR, Inc.",3841,Surgical & Medical Instruments & Apparatus,Healthcare
THMG,711034,THUNDER MOUNTAIN GOLD INC,1000,Metal Mining,Other / Financial / Services
LEAT,1456189,Leatt Corp,3751,"Motorcycles, Bicycles & Parts",Industrials
HOUR,1874875,"Hour Loop, Inc",5961,Retail-Catalog & Mail-Order Houses,Retail
LGO,1400438,Largo Inc.,1400,Mining & Quarrying of  Nonmetallic Minerals (No Fuels),Other / Financial / Services
IH,1814423,iHuman Inc.,8200,Services-Educational Services,Healthcare
IPWR,1507957,Ideal Power Inc.,3674,Semiconductors & Related Devices,Industrials
NCAUF,1627868,Newcore Gold Ltd.,,,Unknown
BLNC,1632121,"Balance Labs, Inc.",8742,Services-Management Consulting Services,Other / Financial / Services
EUBG,1171326,ENTREPRENEUR UNIVERSE BRIGHT GROUP,8742,Services-Management Consulting Services,Other / Financial / Services
PCM,908187,"PCM FUND, INC.",,,Unknown
XPL,917225,SOLITARIO RESOURCES CORP.,1040,Gold and Silver Ores,Other / Financial / Services
KNDI,1720250,"Kandi Technologies Group, Inc.",3714,Motor Vehicle Parts & Accessories,Industrials
LVO,1491419,"LiveOne, Inc.",5812,Retail-Eating  Places,Retail
DWNX,927719,DELHI BANK CORP,6021,National Commercial Banks,Other / Financial / Services
TCRX,1783328,"TScan Therapeutics, Inc.",2836,"Biological Products, (No Diagnostic Substances)",Healthcare
HIT,2019505,"Health In Tech, Inc.",6411,"Insurance Agents, Brokers & Service",Other / Financial / Services
IMAQ,1846235,International Media Acquisition Corp.,7812,Services-Motion Picture & Video Tape Production,Other / Financial / Services
ROLR,1947210,"High Roller Technologies, Inc.",7900,Services-Amusement & Recreation Services,Other / Financial / Services
CUAUF,1737319,C3 Metals Inc.,,,Unknown
KAZR,2031009,Skyline Builders Group Holding Ltd,1700,Construction - Special Trade Contractors,Other / Financial / Services
XBIT,1626878,XBiotech Inc.,2834,Pharmaceutical Preparations,Healthcare
HANNF,1123267,Hannan Metals Ltd.,1000,Metal Mining,Other / Financial / Services
PLRX,1746473,"PLIANT THERAPEUTICS, INC.",2834,Pharmaceutical Preparations,Healthcare
QXL,797542,QUANTUM X LABS INC.,7372,Services-Prepackaged Software,Technology
CVU,889348,CPI AEROSTRUCTURES INC,3728,"Aircraft Parts & Auxiliary Equipment, NEC",Industrials
DMA,1523289,Destra Multi-Alternative Fund,,,Unknown
MB,2027265,MASTERBEEF GROUP,5812,Retail-Eating  Places,Retail
SIEB,65596,SIEBERT FINANCIAL CORP,6211,"Security Brokers, Dealers & Flotation Companies",Other / Financial / Services
RGS,716643,REGIS CORP,7200,Services-Personal Services,Other / Financial / Services
INVE,1036044,"Identiv, Inc.",3577,"Computer Peripheral Equipment, NEC",Technology
STI,1881551,Solidion Technology Inc.,3690,"Miscellaneous Electrical Machinery, Equipment & Supplies",Industrials
DIT,928465,AMCON DISTRIBUTING CO,5141,"Wholesale-Groceries, General Line",Other / Financial / Services
ENZN,727510,"Viskase Holdings, Inc.",2836,"Biological Products, (No Diagnostic Substances)",Healthcare
BEEP,1847874,Mobile Infrastructure Corp,6500,Real Estate,Other / Financial / Services
ALYAF,1734520,Alithya Group inc,7370,"Services-Computer Programming, Data Processing, Etc.",Technology
NCTY,1296774,The9 LTD,6199,Finance Services,Other / Financial / Services
PGZ,1557523,Principal Real Estate Income Fund,,,Unknown
CATO,18255,CATO CORP,5621,Retail-Women's Clothing Stores,Retail
EDSA,1540159,"Edesa Biotech, Inc.",2834,Pharmaceutical Preparations,Healthcare
MNOV,1226616,MEDICINOVA INC,2834,Pharmaceutical Preparations,Healthcare
VLT,846671,Invesco High Income Trust II,,,Unknown
GEG,1831096,"Great Elm Group, Inc.",7372,Services-Prepackaged Software,Technology
SCLX,1820190,Scilex Holding Co,2836,"Biological Products, (No Diagnostic Substances)",Healthcare
GAMB,1839799,Gambling.com Group Ltd,7990,Services-Miscellaneous Amusement & Recreation,Other / Financial / Services
CLST,1849867,"Catalyst Bancorp, Inc.",6035,"Savings Institution, Federally Chartered",Other / Financial / Services
XCH,1979887,XCHG Ltd,3690,"Miscellaneous Electrical Machinery, Equipment & Supplies",Industrials
IMA,1835579,"ImageneBio, Inc.",2836,"Biological Products, (No Diagnostic Substances)",Healthcare
KVAC,1889983,Keen Vision Acquisition Corp.,6770,Blank Checks,Other / Financial / Services
HFBL,1500375,"Home Federal Bancorp, Inc. of Louisiana",6035,"Savings Institution, Federally Chartered",Other / Financial / Services
NRT,72633,NORTH EUROPEAN OIL ROYALTY TRUST,6792,Oil Royalty Traders,Other / Financial / Services
PLCE,1041859,"Childrens Place, Inc.",5651,Retail-Family Clothing Stores,Retail
RMXI,1970743,"RMX INDUSTRIES, INC.",7370,"Services-Computer Programming, Data Processing, Etc.",Technology
SPCB,1291855,SuperCom Ltd,3674,Semiconductors & Related Devices,Industrials
FFAI,1805521,FARADAY FUTURE INTELLIGENT ELECTRIC INC.,3711,Motor Vehicles & Passenger Car Bodies,Industrials
NAKA,1946573,Nakamoto Inc.,6199,Finance Services,Other / Financial / Services
HYFT,1715925,MindWalk Holdings Corp.,2834,Pharmaceutical Preparations,Healthcare
LINK,828146,INTERLINK ELECTRONICS INC,3577,"Computer Peripheral Equipment, NEC",Technology
NSTS,1881592,"NSTS Bancorp, Inc.",6035,"Savings Institution, Federally Chartered",Other / Financial / Services
PMVP,1699382,"PMV Pharmaceuticals, Inc.",2834,Pharmaceutical Preparations,Healthcare
BOF,1962481,BranchOut Food Inc.,2000,Food and Kindred Products,Consumer Goods
CTOR,1851484,"CITIUS ONCOLOGY, INC.",2834,Pharmaceutical Preparations,Healthcare
SEV,1786471,Aptera Motors Corp,3711,Motor Vehicles & Passenger Car Bodies,Industrials
NRRWF,1680637,Nuran Wireless Inc.,3576,Computer Communications Equipment,Technology
MOB,1898643,Mobilicom Ltd,3721,Aircraft,Industrials
VCUFF,1884122,Vizsla Copper Corp.,,,Unknown
CING,1862150,Cingulate Inc.,2834,Pharmaceutical Preparations,Healthcare
AFCG,1822523,Advanced Flower Capital Inc.,,,Unknown
CRGO,1927719,Freightos Ltd,4731,Arrangement of  Transportation of  Freight & Cargo,Other / Financial / Services
STAK,2002453,STAK Inc.,3533,Oil & Gas Field Machinery & Equipment,Industrials
GPMT,1703644,Granite Point Mortgage Trust Inc.,6798,Real Estate Investment Trusts,Other / Financial / Services
PDCC,1998043,Pearl Diver Credit Co Inc.,,,Unknown
YIBO,1868395,Planet Image International Ltd,3577,"Computer Peripheral Equipment, NEC",Technology
APWC,1026980,ASIA PACIFIC WIRE & CABLE CORP LTD,3357,Drawing & Insulating of  Nonferrous Wire,Manufacturing
GIBO,2034520,GIBO HOLDINGS Ltd,7372,Services-Prepackaged Software,Technology
AURE,1765850,Aurelion Inc.,6199,Finance Services,Other / Financial / Services
SKIL,1774675,Skillsoft Corp.,7372,Services-Prepackaged Software,Technology
BSEM,1658678,"BioStem Technologies, Inc.",2836,"Biological Products, (No Diagnostic Substances)",Healthcare
GENK,1891856,"GEN Restaurant Group, Inc.",5812,Retail-Eating  Places,Retail
EXOZ,2010788,EXOZYMES INC.,2836,"Biological Products, (No Diagnostic Substances)",Healthcare
PMVC,1807765,PMV Consumer Acquisition Corp.,6770,Blank Checks,Other / Financial / Services
DOMH,12239,Dominari Holdings Inc.,6211,"Security Brokers, Dealers & Flotation Companies",Other / Financial / Services
HMR,2029471,Heidmar Maritime Holdings Corp.,4412,Deep Sea Foreign Transportation of  Freight,Other / Financial / Services
LRDC,1442492,"Laredo Oil, Inc.",1311,Crude Petroleum & Natural Gas,Energy
ANPA,2031688,Rich Sparkle Holdings Ltd,7380,Services-Miscellaneous Business Services,Other / Financial / Services
LUNG,1127537,Pulmonx Corp,3841,Surgical & Medical Instruments & Apparatus,Healthcare
ASRV,707605,AMERISERV FINANCIAL INC /PA/,6021,National Commercial Banks,Other / Financial / Services
CNVS,1173204,Cineverse Corp.,7841,Services-Video Tape Rental,Other / Financial / Services
WSHP,2048271,WeShop Holdings Ltd,5900,Retail-Miscellaneous Retail,Retail
IMMP,1506184,IMMUTEP Ltd,2834,Pharmaceutical Preparations,Healthcare
TMRC,1445942,Texas Mineral Resources Corp.,1040,Gold and Silver Ores,Other / Financial / Services
EDRY,1731388,EuroDry Ltd.,4400,Water Transportation,Other / Financial / Services
PTLE,2016337,PTL Ltd,5172,Wholesale-Petroleum & Petroleum Products (No Bulk Stations),Other / Financial / Services
BHST,1723464,BIOHARVEST SCIENCES INC.,2834,Pharmaceutical Preparations,Healthcare
WFCF,1360565,"Where Food Comes From, Inc.",7372,Services-Prepackaged Software,Technology
CTM,1877939,"Castellum, Inc.",8742,Services-Management Consulting Services,Other / Financial / Services
LIDR,1818644,"AEye, Inc.",3714,Motor Vehicle Parts & Accessories,Industrials
STKS,1399520,"ONE Group Hospitality, Inc.",5812,Retail-Eating  Places,Retail
SYHBF,1541190,SKYHARBOUR RESOURCES LTD,,,Unknown
STEM,1758766,"STEM, INC.",7373,Services-Computer Integrated Systems Design,Technology
IZEA,1495231,"IZEA Worldwide, Inc.",7310,Services-Advertising,Other / Financial / Services
ZTEK,1904501,Zentek Ltd.,2890,Miscellaneous Chemical Products,Manufacturing
RSF,1644771,"RiverNorth Capital & Income Fund, Inc.",,,Unknown
CHUC,1134765,"Charlie's Holdings, Inc.",2833,Medicinal Chemicals & Botanical Products,Healthcare
USIO,1088034,"Usio, Inc.",6099,"Functions Related To Depository Banking, NEC",Other / Financial / Services
DXR,27367,DAXOR CORP,,,Unknown
ELBM,1907184,Electra Battery Materials Corp,1400,Mining & Quarrying of  Nonmetallic Minerals (No Fuels),Other / Financial / Services
UPXI,1775194,"UPEXI, INC.",6199,Finance Services,Other / Financial / Services
TC,1743340,Token Cat Ltd,7389,"Services-Business Services, NEC",Other / Financial / Services
CCIF,1517767,Carlyle Credit Income Fund,,,Unknown
FMFG,1698022,"Farmers & Merchants Bancshares, Inc.",6036,"Savings Institutions, Not Federally Chartered",Other / Financial / Services
NPT,2014337,Texxon Holding Ltd,5160,Wholesale-Chemicals & Allied Products,Other / Financial / Services
IMTCF,1288268,Intrepid Metals Corp.,1000,Metal Mining,Other / Financial / Services
LESL,1821806,"Leslie's, Inc.",5990,"Retail-Retail Stores, NEC",Retail
ELTK,1024672,ELTEK LTD,3672,Printed Circuit Boards,Industrials
WWR,839470,"WESTWATER RESOURCES, INC.",1000,Metal Mining,Other / Financial / Services
XLO,1840233,"Xilio Therapeutics, Inc.",2834,Pharmaceutical Preparations,Healthcare
DCGO,1822359,DocGo Inc.,8000,Services-Health Services,Healthcare
BFNH,1310488,"BIOFORCE NANOSCIENCES HOLDINGS, INC.",3826,Laboratory Analytical Instruments,Manufacturing
BGSF,1474903,"BGSF, INC.",7363,Services-Help Supply Services,Other / Financial / Services
MCRB,1609809,"Seres Therapeutics, Inc.",2834,Pharmaceutical Preparations,Healthcare
AUXXF,1725603,A2 Gold Corp.,,,Unknown
BRID,14177,BRIDGFORD FOODS CORP,2013,Sausages & Other Prepared Meat Products,Consumer Goods
CDAQF,1851909,Compass Digital Acquisition Corp.,6770,Blank Checks,Other / Financial / Services
LEEEF,1711141,Leef Brands Inc.,2833,Medicinal Chemicals & Botanical Products,Healthcare
CNTX,1842952,Context Therapeutics Inc.,2834,Pharmaceutical Preparations,Healthcare
JANL,1133062,JANEL CORP,7389,"Services-Business Services, NEC",Other / Financial / Services
UEIC,101984,UNIVERSAL ELECTRONICS INC,3651,Household Audio & Video Equipment,Industrials
GLBS,1499780,GLOBUS MARITIME LTD,4412,Deep Sea Foreign Transportation of  Freight,Other / Financial / Services
BYSI,1677940,BeyondSpring Inc.,2834,Pharmaceutical Preparations,Healthcare
MDNC,1931055,Medinotec Inc.,3841,Surgical & Medical Instruments & Apparatus,Healthcare
SDM,2014955,Smart Digital Group Ltd,7380,Services-Miscellaneous Business Services,Other / Financial / Services
JRSH,1696558,"Jerash Holdings (US), Inc.",2300,Apparel & Other Finishd Prods of  Fabrics & Similar Matl,Consumer Goods
SELF,1031235,"Global Self Storage, Inc.",6798,Real Estate Investment Trusts,Other / Financial / Services
TWG,1978057,Top Wealth Group Holding Ltd,2090,Miscellaneous Food Preparations & Kindred Products,Consumer Goods
RKHNF,1422532,ROCKHAVEN RESOURCES LTD,,,Unknown
CAPN,2024203,Cayson Acquisition Corp,6770,Blank Checks,Other / Financial / Services
SLMT,1939965,Brera Holdings PLC,6199,Finance Services,Other / Financial / Services
XTNT,1453593,"Xtant Medical Holdings, Inc.",3841,Surgical & Medical Instruments & Apparatus,Healthcare
LFS,2030277,"LEIFRAS Co., Ltd.",8200,Services-Educational Services,Healthcare
BSIN,101594,BIG SKY INDUSTRIAL INC.,1311,Crude Petroleum & Natural Gas,Energy
SFWL,1863218,SHENGFENG DEVELOPMENT Ltd,4210,Trucking & Courier Services (No Air),Other / Financial / Services
FLNA,1069530,"FILANA THERAPEUTICS, INC.",2834,Pharmaceutical Preparations,Healthcare
ECOR,1560258,"electroCore, Inc.",3845,Electromedical & Electrotherapeutic Apparatus,Healthcare
SGA,886136,SAGA COMMUNICATIONS INC,4832,Radio Broadcasting Stations,Other / Financial / Services
SRCRF,1467093,Scorpio Gold Corp,1040,Gold and Silver Ores,Other / Financial / Services
WAVE,1846715,Eco Wave Power Global AB (publ),4911,Electric Services,Energy
WTHVF,1562530,Westhaven Gold Corp.,,,Unknown
SODI,91668,SOLITRON DEVICES INC,3674,Semiconductors & Related Devices,Industrials
BDCO,793306,BLUE DOLPHIN ENERGY CO,1311,Crude Petroleum & Natural Gas,Energy
MXE,863900,MEXICO EQUITY & INCOME FUND INC,,,Unknown
CMTL,23197,COMTECH TELECOMMUNICATIONS CORP /DE/,3663,Radio & Tv Broadcasting & Communications Equipment,Industrials
FSHP,1850059,Flag Ship Acquisition Corp,6770,Blank Checks,Other / Financial / Services
YTRA,1516899,"Yatra Online, Inc.",4700,Transportation Services,Other / Financial / Services
PLLMF,1570505,EDGE COPPER Corp,,,Unknown
TLTFF,923883,THERALASE TECHNOLOGIES INC /FI,,,Unknown
OPTT,1378140,"Ocean Power Technologies, Inc.",4911,Electric Services,Energy
LGCL,1954694,Lucas GC Ltd,7370,"Services-Computer Programming, Data Processing, Etc.",Technology
IEHC,50292,IEH Corp,3678,Electronic Connectors,Industrials
XTIA,1529113,"XTI Aerospace, Inc.",7371,Services-Computer Programming Services,Technology
DSWL,946936,DESWELL INDUSTRIES INC,3089,"Plastics Products, NEC",Manufacturing
NRRSF,1778940,Norsemont Mining Inc.,,,Unknown
BSPA,2094107,"Ballston Spa Bancorp, Inc.",6022,State Commercial Banks,Other / Financial / Services
WAMFF,1893899,Alaska Silver Corp.,1040,Gold and Silver Ores,Other / Financial / Services
THCH,1877333,TH International Ltd,5812,Retail-Eating  Places,Retail
CRT,881787,CROSS TIMBERS ROYALTY TRUST,6792,Oil Royalty Traders,Other / Financial / Services
JMM,838131,Nuveen Multi-Market Income Fund,,,Unknown
ZEO,1865506,Zeo Energy Corp.,1700,Construction - Special Trade Contractors,Other / Financial / Services
WETO,1941158,Wetour Robotics Ltd,4100,Local & Suburban Transit & Interurban Hwy Passenger Trans,Other / Financial / Services
AHMA,2010959,AMBITIONS ENTERPRISE MANAGEMENT CO. L.L.C,7900,Services-Amusement & Recreation Services,Other / Financial / Services
INKT,1840229,"MiNK Therapeutics, Inc.",2836,"Biological Products, (No Diagnostic Substances)",Healthcare
ICG,1895597,Intchains Group Ltd,3674,Semiconductors & Related Devices,Industrials
LITB,1523836,"LightInTheBox Holding Co., Ltd.",5961,Retail-Catalog & Mail-Order Houses,Retail
PVL,1520048,Permianville Royalty Trust,1311,Crude Petroleum & Natural Gas,Energy
BOLD,1782303,"Boundless Bio, Inc.",2834,Pharmaceutical Preparations,Healthcare
ITMSF,1285170,INTERMAP TECHNOLOGIES CORP,7374,Services-Computer Processing & Data Preparation,Technology
GCL,2002045,GCL Global Holdings Ltd,7372,Services-Prepackaged Software,Technology
TOUR,1597095,Tuniu Corp,4700,Transportation Services,Other / Financial / Services
GMHS,2000530,Gamehaus Holdings Inc.,7374,Services-Computer Processing & Data Preparation,Technology
MDAI,1833498,"Spectral AI, Inc.",3841,Surgical & Medical Instruments & Apparatus,Healthcare
NCEW,1968043,New Century Logistics (BVI) Ltd,4731,Arrangement of  Transportation of  Freight & Cargo,Other / Financial / Services
FEAM,1888654,"5E Advanced Materials, Inc.",1400,Mining & Quarrying of  Nonmetallic Minerals (No Fuels),Other / Financial / Services
STKE,1846839,SOL Strategies Inc.,6199,Finance Services,Other / Financial / Services
ATYR,1339970,aTYR PHARMA INC,2836,"Biological Products, (No Diagnostic Substances)",Healthcare
INCR,1857030,Intercure Ltd.,2834,Pharmaceutical Preparations,Healthcare
IBAC,1998781,IB Acquisition Corp.,6770,Blank Checks,Other / Financial / Services
OAKV,1865429,"Oak View Bankshares, Inc.",6021,National Commercial Banks,Other / Financial / Services
NOMA,1994214,Nomadar Corp.,7900,Services-Amusement & Recreation Services,Other / Financial / Services
COCH,1840877,"Envoy Medical, Inc.",3842,"Orthopedic, Prosthetic & Surgical Appliances & Supplies",Healthcare
KANP,1230058,KAANAPALI LAND LLC,6552,Land Subdividers & Developers (No Cemeteries),Other / Financial / Services
FTEK,846913,"FUEL TECH, INC.",3564,Industrial & Commercial Fans & Blowers & Air Purifing Equip,Industrials
POCI,867840,"PRECISION OPTICS CORPORATION, INC.",3845,Electromedical & Electrotherapeutic Apparatus,Healthcare
VIOT,1742770,"Viomi Technology Co., Ltd",3630,Household Appliances,Industrials
MREO,1719714,Mereo BioPharma Group plc,2834,Pharmaceutical Preparations,Healthcare
PN,2001288,PN Smart Energy Ltd,5045,Wholesale-Computers & Peripheral Equipment & Software,Other / Financial / Services
CVV,766792,CVD EQUIPMENT CORP,3559,"Special Industry Machinery, NEC",Industrials
STG,1723935,Sunlands Technology Group,8200,Services-Educational Services,Healthcare
WHEN,943535,"WORLD HEALTH ENERGY HOLDINGS, INC.",7372,Services-Prepackaged Software,Technology
BTCS,1436229,BTCS Inc.,6199,Finance Services,Other / Financial / Services
TIL,1789769,"Instil Bio, Inc.",2836,"Biological Products, (No Diagnostic Substances)",Healthcare
BEWFF,1113152,BEWHERE HOLDINGS INC,,,Unknown
HCMC,844856,Healthier Choices Management Corp.,2100,Tobacco Products,Consumer Goods
NXB,2067767,NextBoat Inc.,3730,Ship & Boat Building & Repairing,Industrials
WNRS,1587603,"WINNERS, INC.",7900,Services-Amusement & Recreation Services,Other / Financial / Services
COPR,1263364,Idaho Copper Corp,1000,Metal Mining,Other / Financial / Services
EHTH,1333493,"eHealth, Inc.",6411,"Insurance Agents, Brokers & Service",Other / Financial / Services
MKTW,1805651,"MARKETWISE, INC.",7372,Services-Prepackaged Software,Technology
MCRP,1993431,Micropolis AI Robotics,3714,Motor Vehicle Parts & Accessories,Industrials
FSP,1031316,FRANKLIN STREET PROPERTIES CORP /MA/,6798,Real Estate Investment Trusts,Other / Financial / Services
TACT,1017303,TRANSACT TECHNOLOGIES INC,3577,"Computer Peripheral Equipment, NEC",Technology
CVVUF,1023109,CANALASKA URANIUM LTD,1000,Metal Mining,Other / Financial / Services
HAIN,910406,HAIN CELESTIAL GROUP INC,2000,Food and Kindred Products,Consumer Goods
DRIO,1533998,DarioHealth Corp.,3841,Surgical & Medical Instruments & Apparatus,Healthcare
WYHG,1999860,Wing Yip Food Holdings Group Ltd,2013,Sausages & Other Prepared Meat Products,Consumer Goods
CREX,1356093,"CREATIVE REALITIES, INC.",7373,Services-Computer Integrated Systems Design,Technology
APT,884269,ALPHA PRO TECH LTD,3842,"Orthopedic, Prosthetic & Surgical Appliances & Supplies",Healthcare
GAIA,1089872,"GAIA, INC",7812,Services-Motion Picture & Video Tape Production,Other / Financial / Services
NTWK,1039280,NETSOL TECHNOLOGIES INC,7372,Services-Prepackaged Software,Technology
REVFF,1002366,Gitennes Exploration Inc.,,,Unknown
VOC,1505413,VOC Energy Trust,1311,Crude Petroleum & Natural Gas,Energy
RIBB,2035016,Ribbon Acquisition Corp.,6770,Blank Checks,Other / Financial / Services
AZASF,1701599,Arizona Gold & Silver Inc.,,,Unknown
BRAG,1867834,Bragg Gaming Group Inc.,7377,Services-Computer Rental & Leasing,Technology
BENF,1775734,Beneficient,6199,Finance Services,Other / Financial / Services
POSC,844985,POSITRON CORP,3845,Electromedical & Electrotherapeutic Apparatus,Healthcare
QTI,1844505,"QT IMAGING HOLDINGS, INC.",3845,Electromedical & Electrotherapeutic Apparatus,Healthcare
TCBS,1849466,"Texas Community Bancshares, Inc.",6036,"Savings Institutions, Not Federally Chartered",Other / Financial / Services
NKGFF,1839154,Nevada King Gold Corp.,,,Unknown
BCHT,728385,Birchtech Corp.,3829,"Measuring & Controlling Devices, NEC",Manufacturing
LASE,1807887,Laser Photonics Corp,3690,"Miscellaneous Electrical Machinery, Equipment & Supplies",Industrials
ZTG,2011458,Zenta Group Co Ltd,8742,Services-Management Consulting Services,Other / Financial / Services
LSF,1650696,"Laird Superfood, Inc.",2000,Food and Kindred Products,Consumer Goods
SQNS,1383395,SEQUANS COMMUNICATIONS,3674,Semiconductors & Related Devices,Industrials
NXXT,1817004,"NEXTNRG, INC.",5500,Retail-Auto Dealers & Gasoline Stations,Retail
ALCYF,1901336,Alchemy Investments Acquisition Corp 1,6770,Blank Checks,Other / Financial / Services
ATHR,2026353,"Aether Holdings, Inc.",7372,Services-Prepackaged Software,Technology
KLXE,1738827,"KLX Energy Services Holdings, Inc.",1389,"Oil & Gas Field Services, NEC",Energy
ABLV,1957489,Able View Global Inc.,5960,Retail-Nonstore Retailers,Retail
INMB,1711754,"Inmune Bio, Inc.",2836,"Biological Products, (No Diagnostic Substances)",Healthcare
INVU,862651,"Investview, Inc.",7389,"Services-Business Services, NEC",Other / Financial / Services
FWAC,2116105,Futurewave Acquisition Corp,6770,Blank Checks,Other / Financial / Services
ALSAF,1865111,Alpha Star Acquisition Corp,7372,Services-Prepackaged Software,Technology
BKHA,2000775,Black Hawk Acquisition Corp,2836,"Biological Products, (No Diagnostic Substances)",Healthcare
IBO,1834105,IMPACT BIOMEDICAL INC.,2834,Pharmaceutical Preparations,Healthcare
SRTS,1494891,"Sensus Healthcare, Inc.",3841,Surgical & Medical Instruments & Apparatus,Healthcare
SKYA,1737995,"SkyAI, Inc.",3841,Surgical & Medical Instruments & Apparatus,Healthcare
VGAS,1841425,"Verde Clean Fuels, Inc.",2860,Industrial Organic Chemicals,Manufacturing
ACRG,773717,"American Clean Resources Group, Inc.",1400,Mining & Quarrying of  Nonmetallic Minerals (No Fuels),Other / Financial / Services
MIND,926423,"MIND TECHNOLOGY, INC",3812,"Search, Detection, Navigation, Guidance, Aeronautical Sys",Manufacturing
LFT,1547546,"Lument Finance Trust, Inc.",6798,Real Estate Investment Trusts,Other / Financial / Services
CRSF,924396,Crisp Momentum Inc.,6199,Finance Services,Other / Financial / Services
VIDA,1973062,VIDA Global Inc.,7372,Services-Prepackaged Software,Technology
GPGCF,1813241,Great Pacific Gold Corp.,,,Unknown
OFS,1487918,OFS Capital Corp,,,Unknown
MKDW,1991332,MKDWELL Tech Inc.,3600,Electronic & Other Electrical Equipment (No Computer Equip),Industrials
FMY,1319183,FIRST TRUST MORTGAGE INCOME FUND,,,Unknown
SMOFF,1538189,Sonoro Gold Corp.,,,Unknown
USDE,2080215,StableCoinX Inc.,6199,Finance Services,Other / Financial / Services
SYPR,864240,SYPRIS SOLUTIONS INC,3823,"Industrial Instruments For Measurement, Display, and Control",Manufacturing
SLSN,883107,"SOLESENCE, INC.",2844,"Perfumes, Cosmetics & Other Toilet Preparations",Manufacturing
MGLD,1005101,"Marygold Companies, Inc.",6199,Finance Services,Other / Financial / Services
TPCS,1328792,TECHPRECISION CORP,3440,Fabricated Structural Metal Products,Manufacturing
PGZFF,1566073,Pan Global Resources Inc.,,,Unknown
LOAN,1080340,"MANHATTAN BRIDGE CAPITAL, INC",6798,Real Estate Investment Trusts,Other / Financial / Services
AEI,1750106,Alset Inc.,6500,Real Estate,Other / Financial / Services
PRTS,1378950,"CarParts.com, Inc.",5531,Retail-Auto & Home Supply Stores,Retail
NORD,1011060,Nordicus Partners Corp,8742,Services-Management Consulting Services,Other / Financial / Services
YOUL,2028177,Youlife Group Inc.,8200,Services-Educational Services,Healthcare
TGE,2053456,Generation Essentials Group,2721,Periodicals: Publishing or  Publishing & Printing,Manufacturing
COLA,2028201,Columbus Acquisition Corp/Cayman Islands,6770,Blank Checks,Other / Financial / Services
SRLZF,861972,Salazar Resources Ltd,,,Unknown
MGX,1785279,"Metagenomi Therapeutics, Inc.",2836,"Biological Products, (No Diagnostic Substances)",Healthcare
SNAL,1886894,"Snail, Inc.",7372,Services-Prepackaged Software,Technology
,1872302,Nano Labs Ltd,3674,Semiconductors & Related Devices,Industrials
SPWH,1132105,"SPORTSMAN'S WAREHOUSE HOLDINGS, INC.",5940,Retail-Miscellaneous Shopping Goods Stores,Retail
USPCY,1939479,China Strategic Technology Group Limited/ADR,3510,Engines & Turbines,Industrials
TJGC,1969928,TJGC GROUP Ltd,7311,Services-Advertising Agencies,Other / Financial / Services
HYPD,1682639,"HYPERION DEFI, INC.",2834,Pharmaceutical Preparations,Healthcare
MATH,1682241,Metalpha Technology Holding Ltd,6199,Finance Services,Other / Financial / Services
FNUC,1769697,Frontier Nuclear & Minerals Inc.,1090,Miscellaneous Metal Ores,Other / Financial / Services
GPUS,896493,"Hyperscale Data, Inc.",3533,Oil & Gas Field Machinery & Equipment,Industrials
RAVE,718332,"RAVE RESTAURANT GROUP, INC.",5140,Wholesale-Groceries & Related Products,Other / Financial / Services
DWTX,1818844,"Dogwood Therapeutics, Inc.",2834,Pharmaceutical Preparations,Healthcare
BHIC,1784440,"BioScience Health Innovations, Inc.",7374,Services-Computer Processing & Data Preparation,Technology
YHNA,2020987,YHN Acquisition I Ltd,6770,Blank Checks,Other / Financial / Services
AURX,1091596,"Nuo Therapeutics, Inc.",3841,Surgical & Medical Instruments & Apparatus,Healthcare
EXYN,1960355,"Exyn Technologies, Inc.",7372,Services-Prepackaged Software,Technology
DRYGF,2006413,Dryden Gold Corp.,,,Unknown
PCLA,2018462,PicoCELA Inc.,3640,Electric Lighting & Wiring Equipment,Industrials
GROV,1841761,"Grove Collaborative Holdings, Inc.",5961,Retail-Catalog & Mail-Order Houses,Retail
KTCC,719733,KEY TRONIC CORP,3672,Printed Circuit Boards,Industrials
RYM,1800637,"RYTHM, Inc.",700,Agricultural Services,Other / Financial / Services
PLUT,1933021,Plutus Financial Group Ltd,6200,"Security & Commodity Brokers, Dealers, Exchanges & Services",Other / Financial / Services
UAVS,8504,AgEagle Aerial Systems Inc.,3721,Aircraft,Industrials
ARBK,1841675,Argo Blockchain Plc,6199,Finance Services,Other / Financial / Services
LTRN,1763950,Lantern Pharma Inc.,2834,Pharmaceutical Preparations,Healthcare
NIPG,1966233,NIP Group Inc.,7990,Services-Miscellaneous Amusement & Recreation,Other / Financial / Services
HYOR,1070789,HyOrc Corp,8711,Services-Engineering Services,Healthcare
LGL,61004,LGL GROUP INC,3679,"Electronic Components, NEC",Industrials
NPRFF,1859022,Nepra Foods Inc.,,,Unknown
AIOS,1603993,AIOS Tech Inc.,3490,Miscellaneous Fabricated Metal Products,Manufacturing
MBBC,1835385,"Marathon Bancorp, Inc. /MD/",6036,"Savings Institutions, Not Federally Chartered",Other / Financial / Services
CBAT,2086841,CBAK Energy Technology Ltd,3690,"Miscellaneous Electrical Machinery, Equipment & Supplies",Industrials
ETST,1538495,"Earth Science Tech, Inc.",2834,Pharmaceutical Preparations,Healthcare
RDEXF,1856082,RPX Gold Inc.,,,Unknown
GFLT,1796949,"GenFlat Holdings, Inc.",8742,Services-Management Consulting Services,Other / Financial / Services
VERU,863894,VERU INC.,2834,Pharmaceutical Preparations,Healthcare
SPRU,1772720,SPRUCE POWER HOLDING CORP,4911,Electric Services,Energy
QETA,1978528,Quetta Acquisition Corp,6770,Blank Checks,Other / Financial / Services
IDXG,1054102,"INTERPACE BIOSCIENCES, INC.",3841,Surgical & Medical Instruments & Apparatus,Healthcare
CNF,1733868,CNFinance Holdings Ltd.,6199,Finance Services,Other / Financial / Services
RYOJ,2012600,"rYojbaba Co., Ltd.",8742,Services-Management Consulting Services,Other / Financial / Services
ATVK,1530185,"Globaltek Ventures, Inc.",3714,Motor Vehicle Parts & Accessories,Industrials
XHG,1769256,XChange TEC.INC,6411,"Insurance Agents, Brokers & Service",Other / Financial / Services
MLGO,1800392,MicroAlgo Inc.,7371,Services-Computer Programming Services,Technology
HGBL,849145,Heritage Global Inc.,7389,"Services-Business Services, NEC",Other / Financial / Services
SORA,2033515,AsiaStrategy,5094,"Wholesale-Jewelry, Watches, Precious Stones & Metals",Other / Financial / Services
ELWT,2063863,"Elauwit Connection, Inc.",4899,"Communications Services, NEC",Other / Financial / Services
AGIG,1156041,"ABUNDIA GLOBAL IMPACT GROUP, INC.",1311,Crude Petroleum & Natural Gas,Energy
MYO,1369290,"MYOMO, INC.",3842,"Orthopedic, Prosthetic & Surgical Appliances & Supplies",Healthcare
GLXZ,13156,"Galaxy Gaming, Inc.",7900,Services-Amusement & Recreation Services,Other / Financial / Services
ONMD,1849380,OneMedNet Corp,8731,Services-Commercial Physical & Biological Research,Healthcare
QDMI,1094032,QDM International Inc.,6411,"Insurance Agents, Brokers & Service",Other / Financial / Services
PXS,1640043,Pyxis Tankers Inc.,4412,Deep Sea Foreign Transportation of  Freight,Other / Financial / Services
FSTJ,1525306,First America Resources Corp,5065,"Wholesale-Electronic Parts & Equipment, NEC",Other / Financial / Services
RDI,716634,READING INTERNATIONAL INC,7830,Services-Motion Picture Theaters,Other / Financial / Services
OP,2119416,OpenPayd Global Holdings Ltd,7389,"Services-Business Services, NEC",Other / Financial / Services
AREN,894871,"Arena Group Holdings, Inc.",4841,Cable & Other Pay Television Services,Other / Financial / Services
BBGI,1099160,BEASLEY BROADCAST GROUP INC,4832,Radio Broadcasting Stations,Other / Financial / Services
PDSB,1472091,PDS Biotechnology Corp,2834,Pharmaceutical Preparations,Healthcare
SCYX,1178253,SCYNEXIS INC,2834,Pharmaceutical Preparations,Healthcare
PRPO,1043961,"Precipio, Inc.",3826,Laboratory Analytical Instruments,Manufacturing
ACFN,880984,"ACORN ENERGY, INC.",8711,Services-Engineering Services,Healthcare
SNT,1993727,Senstar Technologies Corp,3669,"Communications Equipment, NEC",Industrials
ELUT,1708527,ELUTIA INC.,2836,"Biological Products, (No Diagnostic Substances)",Healthcare
PLNH,1813452,Planet 13 Holdings Inc.,100,Agricultural Production-Crops,Other / Financial / Services
VHC,1082324,VirnetX Holding Corp,6794,Patent Owners & Lessors,Other / Financial / Services
AACG,1420529,ATA Creativity Global,8200,Services-Educational Services,Healthcare
AVX,1826397,AVAX ONE TECHNOLOGY LTD.,6199,Finance Services,Other / Financial / Services
ILLR,1769624,Triller Group Inc.,6282,Investment Advice,Other / Financial / Services
BRKCF,1019742,BARKSDALE RESOURCES CORP.,,,Unknown
INDO,1757840,Indonesia Energy Corp Ltd,1311,Crude Petroleum & Natural Gas,Energy
RNXT,1574094,"RenovoRx, Inc.",2834,Pharmaceutical Preparations,Healthcare
PHUN,1665300,"Phunware, Inc.",7374,Services-Computer Processing & Data Preparation,Technology
SJ,1753673,Scienjoy Holding Corp,7374,Services-Computer Processing & Data Preparation,Technology
ZOOZ,1992818,ZOOZ Strategy Ltd.,3590,Misc Industrial & Commercial Machinery & Equipment,Industrials
AXIL,1718500,"Axil Brands, Inc.",2844,"Perfumes, Cosmetics & Other Toilet Preparations",Manufacturing
PETS,1040130,PETMED EXPRESS INC,5912,Retail-Drug Stores and Proprietary Stores,Retail
MERC,1333274,MERCER INTERNATIONAL INC.,2611,Pulp Mills,Manufacturing
SOGP,1783407,Sound Group Inc.,7370,"Services-Computer Programming, Data Processing, Etc.",Technology
SACH,1682220,Sachem Capital Corp.,6798,Real Estate Investment Trusts,Other / Financial / Services
PFAI,2032755,Pinnacle Food Group Ltd,700,Agricultural Services,Other / Financial / Services
ALGS,1799448,"Aligos Therapeutics, Inc.",2836,"Biological Products, (No Diagnostic Substances)",Healthcare
OESX,1409375,"ORION ENERGY SYSTEMS, INC.",3640,Electric Lighting & Wiring Equipment,Industrials
DTSQ,2017950,DT Cloud Star Acquisition Corp,6770,Blank Checks,Other / Financial / Services
TETEF,1900679,Technology & Telecommunication Acquisition Corp,7389,"Services-Business Services, NEC",Other / Financial / Services
IXHL,1873875,Incannex Healthcare Inc.,2834,Pharmaceutical Preparations,Healthcare
APLM,1944885,Apollomics Inc.,2834,Pharmaceutical Preparations,Healthcare
CULP,723603,CULP INC,2211,"Broadwoven Fabric Mills, Cotton",Consumer Goods
BGDE,1218683,"Big Digital Energy, Inc.",6199,Finance Services,Other / Financial / Services
ESLA,1844417,"Estrella Immunopharma, Inc.",2836,"Biological Products, (No Diagnostic Substances)",Healthcare
STRR,1210708,"Star Equity Holdings, Inc.",7363,Services-Help Supply Services,Other / Financial / Services
LOOP,1504678,"Loop Industries, Inc.",2800,Chemicals & Allied Products,Manufacturing
NAAS,1712178,NaaS Technology Inc.,5990,"Retail-Retail Stores, NEC",Retail
OMEX,798528,ODYSSEY MARINE EXPLORATION INC,4400,Water Transportation,Other / Financial / Services
MSSAF,1882464,Metal Sky Star Acquisition Corp,6770,Blank Checks,Other / Financial / Services
PPSI,1449792,"PIONEER POWER SOLUTIONS, INC.",3690,"Miscellaneous Electrical Machinery, Equipment & Supplies",Industrials
MNY,1974044,MoneyHero Ltd,7389,"Services-Business Services, NEC",Other / Financial / Services
AERT,1853044,"Aeries Technology, Inc.",8742,Services-Management Consulting Services,Other / Financial / Services
ELOX,1035354,"Eloxx Pharmaceuticals, Inc.",2836,"Biological Products, (No Diagnostic Substances)",Healthcare
NSYS,722313,NORTECH SYSTEMS INC,3679,"Electronic Components, NEC",Industrials
ZDGE,1667313,"Zedge, Inc.",7372,Services-Prepackaged Software,Technology
AFJK,1979005,"Aimei Health Technology Co., Ltd.",6770,Blank Checks,Other / Financial / Services
PAVM,1624326,PAVmed Inc.,3841,Surgical & Medical Instruments & Apparatus,Healthcare
GRF,850027,"EAGLE CAPITAL GROWTH FUND, INC.",,,Unknown
USREF,2037786,Tactical Resources Corp.,1000,Metal Mining,Other / Financial / Services
WPRT,1370416,WESTPORT FUEL SYSTEMS INC.,3510,Engines & Turbines,Industrials
GSIW,1954269,Garden Stage Ltd,6200,"Security & Commodity Brokers, Dealers, Exchanges & Services",Other / Financial / Services
EQTRF,1635729,Altamira Gold Corp.,,,Unknown
GRCE,1444192,"Grace Therapeutics, Inc.",2834,Pharmaceutical Preparations,Healthcare
KFFB,1297341,Kentucky First Federal Bancorp,6035,"Savings Institution, Federally Chartered",Other / Financial / Services
JETMF,1846084,Global Crossing Airlines Group Inc.,4512,"Air Transportation, Scheduled",Other / Financial / Services
ABVC,1173313,"ABVC BIOPHARMA, INC.",2834,Pharmaceutical Preparations,Healthcare
RYET,1873454,Ruanyun Edai Technology Inc.,7372,Services-Prepackaged Software,Technology
KBSX,2014254,FST Corp.,3949,"Sporting & Athletic Goods, NEC",Consumer Goods
QNTO,1391933,"QUAINT OAK BANCORP, INC.",6036,"Savings Institutions, Not Federally Chartered",Other / Financial / Services
ASTI,1350102,"Ascent Solar Technologies, Inc.",3674,Semiconductors & Related Devices,Industrials
VRHI,2078149,"Veri MedTech Holdings, Inc.",7374,Services-Computer Processing & Data Preparation,Technology
SWAG,1872525,"Stran & Company, Inc.",7311,Services-Advertising Agencies,Other / Financial / Services
SNTL,889353,Sentinel Holdings Ltd.,7200,Services-Personal Services,Other / Financial / Services
RDGL,1449349,VIVOS INC,3841,Surgical & Medical Instruments & Apparatus,Healthcare
PXLW,1040161,"PIXELWORKS, INC",7372,Services-Prepackaged Software,Technology
RCON,1442620,"Recon Technology, Ltd",1389,"Oil & Gas Field Services, NEC",Energy
MAMO,1952853,Massimo Group,3790,Miscellaneous Transportation Equipment,Industrials
CNTM,1895249,"ConnectM Technology Solutions, Inc.",1700,Construction - Special Trade Contractors,Other / Financial / Services
MIRA,1904286,"MIRA PHARMACEUTICALS, INC.",2834,Pharmaceutical Preparations,Healthcare
DYAI,1213809,DYADIC INTERNATIONAL INC,2836,"Biological Products, (No Diagnostic Substances)",Healthcare
NSFDF,1009922,NXT Energy Solutions Inc.,1382,Oil & Gas Field Exploration Services,Energy
NIXX,1462223,"Nixxy, Inc.",7371,Services-Computer Programming Services,Technology
IBATF,1786318,INTERNATIONAL BATTERY METALS LTD.,1400,Mining & Quarrying of  Nonmetallic Minerals (No Fuels),Other / Financial / Services
MCAG,1859035,Mountain Crest Acquisition Corp. V,3841,Surgical & Medical Instruments & Apparatus,Healthcare
NEPH,1196298,NEPHROS INC,3841,Surgical & Medical Instruments & Apparatus,Healthcare
CCG,1965473,Cheche Group Inc.,6411,"Insurance Agents, Brokers & Service",Other / Financial / Services
FRFAF,1894942,Fresh Factory B.C. Ltd.,,,Unknown
JSDA,1083522,JONES SODA CO.,2080,Beverages,Consumer Goods
MLCI,2051820,Mount Logan Capital Inc.,6282,Investment Advice,Other / Financial / Services
GREE,1844971,Greenidge Generation Holdings Inc.,6199,Finance Services,Other / Financial / Services
RMCO,1843656,Royalty Management Holding Corp,6794,Patent Owners & Lessors,Other / Financial / Services
GRML,1907223,Greenland Mines Ltd,2836,"Biological Products, (No Diagnostic Substances)",Healthcare
EUDA,1847846,EUDA Health Holdings Ltd,8000,Services-Health Services,Healthcare
KOSS,56701,KOSS CORP,3651,Household Audio & Video Equipment,Industrials
ESAUF,1657800,ESGold Corp.,,,Unknown
GROW,754811,U S GLOBAL INVESTORS INC,6282,Investment Advice,Other / Financial / Services
INIS,1038277,RADNOSTIX INC,3823,"Industrial Instruments For Measurement, Display, and Control",Manufacturing
LOMLF,1509397,Lion One Metals Ltd.,,,Unknown
CYDVF,1394039,Century Lithium Corp.,,,Unknown
BRIA,2000230,BrilliA Inc,2300,Apparel & Other Finishd Prods of  Fabrics & Similar Matl,Consumer Goods
ZYBT,1975641,Zhengye Biotechnology Holding Ltd,2834,Pharmaceutical Preparations,Healthcare
SPMEF,2056030,South Pacific Metals Corp.,,,Unknown
GNS,1847806,Genius Group Ltd,7372,Services-Prepackaged Software,Technology
HKIT,1742341,HiTek Global Inc.,7372,Services-Prepackaged Software,Technology
VRM,1580864,"Vroom, Inc.",5500,Retail-Auto Dealers & Gasoline Stations,Retail
NTRB,1676047,NutriBand Inc.,3842,"Orthopedic, Prosthetic & Surgical Appliances & Supplies",Healthcare
MDBH,1934642,"MDB Capital Holdings, LLC",6199,Finance Services,Other / Financial / Services
BDMD,1982444,Baird Medical Investment Holdings Ltd,3841,Surgical & Medical Instruments & Apparatus,Healthcare
BLNE,1534708,"Beeline Holdings, Inc.",6162,Mortgage Bankers & Loan Correspondents,Other / Financial / Services
DAIO,351998,DATA I/O CORP,3825,Instruments For Meas & Testing of  Electricity & Elec Signals,Manufacturing
SLND,1883814,"Southland Holdings, Inc.",1600,Heavy Construction Other Than Bldg Const - Contractors,Other / Financial / Services
BIOF,1549145,"BLUE BIOFUELS, INC.",2860,Industrial Organic Chemicals,Manufacturing
TELA,1561921,"TELA Bio, Inc.",3841,Surgical & Medical Instruments & Apparatus,Healthcare
GNTA,1838716,Genenta Science S.p.A.,2836,"Biological Products, (No Diagnostic Substances)",Healthcare
SDEV,1389545,Stablecoin Development Corp,2834,Pharmaceutical Preparations,Healthcare
UCL,1775898,uCloudlink Group Inc.,4899,"Communications Services, NEC",Other / Financial / Services
SCWO,933972,374Water Inc.,3621,Motors & Generators,Industrials
PRPL,1643953,"Purple Innovation, Inc.",2510,Household Furniture,Consumer Goods
BZDLF,1527038,KINCORA COPPER LTD,,,Unknown
PBK,2011053,POWERBANK Corp,1700,Construction - Special Trade Contractors,Other / Financial / Services
GDSRF,1427901,Gold Strike Resources Corp.,,,Unknown
TOON,1355848,"Kartoon Studios, Inc.",7812,Services-Motion Picture & Video Tape Production,Other / Financial / Services
COHN,1270436,Cohen & Co Inc.,6211,"Security Brokers, Dealers & Flotation Companies",Other / Financial / Services
CNTY,911147,CENTURY CASINOS INC /CO/,7011,Hotels & Motels,Other / Financial / Services
NSRX,2029039,Nasus Pharma Ltd,2834,Pharmaceutical Preparations,Healthcare
SPPL,1948697,SIMPPLE LTD.,8744,Services-Facilities Support Management Services,Healthcare
YI,1738906,"111, Inc.",5912,Retail-Drug Stores and Proprietary Stores,Retail
FIEE,1467761,"FiEE, Inc.",3661,Telephone & Telegraph Apparatus,Industrials
VTSI,1085243,"VirTra, Inc",3990,Miscellaneous Manufacturing Industries,Manufacturing
TKRFF,1368845,TINKA RESOURCES Ltd,,,Unknown
MHUBF,1869137,MineHub Technologies Inc.,,,Unknown
KCCFF,1726906,Kutcho Copper Corp.,,,Unknown
NNVC,1379006,"NANOVIRICIDES, INC.",2834,Pharmaceutical Preparations,Healthcare
AAME,8177,ATLANTIC AMERICAN CORP,6311,Life Insurance,Other / Financial / Services
LIVE,1045742,LIVE VENTURES Inc,5900,Retail-Miscellaneous Retail,Retail
XOS,1819493,"Xos, Inc.",3714,Motor Vehicle Parts & Accessories,Industrials
GRAN,2027722,Grande Group Ltd/HK,6199,Finance Services,Other / Financial / Services
LITS,1262104,"Lite Strategy, Inc.",2834,Pharmaceutical Preparations,Healthcare
BCTX,1610820,BriaCell Therapeutics Corp.,2834,Pharmaceutical Preparations,Healthcare
VPLM,1410738,Voip-pal.com Inc,3661,Telephone & Telegraph Apparatus,Industrials
PHNMF,1720553,Phenom Resources Corp.,,,Unknown
JAGU,2039273,Jaguar Uranium Corp.,1000,Metal Mining,Other / Financial / Services
DXLG,813298,"DESTINATION XL GROUP, INC.",5651,Retail-Family Clothing Stores,Retail
BATL,1282648,BATTALION OIL CORP,1311,Crude Petroleum & Natural Gas,Energy
PYRGF,1743344,PyroGenesis Canada Inc.,2834,Pharmaceutical Preparations,Healthcare
KPLT,1785424,"Katapult Holdings, Inc.",7359,"Services-Equipment Rental & Leasing, NEC",Other / Financial / Services
BLGO,880242,"BIOLARGO, INC.",2800,Chemicals & Allied Products,Manufacturing
RADX,1949257,Radiopharm Theranostics Ltd,2834,Pharmaceutical Preparations,Healthcare
DGNX,2010499,Diginex Ltd,7374,Services-Computer Processing & Data Preparation,Technology
NSPR,1433607,"InspireMD, Inc.",3841,Surgical & Medical Instruments & Apparatus,Healthcare
BEAT,1779372,"HeartBeam, Inc.",3841,Surgical & Medical Instruments & Apparatus,Healthcare
VASO,839087,VASO Corp,3845,Electromedical & Electrotherapeutic Apparatus,Healthcare
HERZ,880406,"Herzfeld Credit Income Fund, Inc",,,Unknown
VGES,1746119,Vanguard Green Investment Ltd,7200,Services-Personal Services,Other / Financial / Services
UG,101295,UNITED GUARDIAN INC,2844,"Perfumes, Cosmetics & Other Toilet Preparations",Manufacturing
RGCCF,1918151,Relevant Gold Corp.,,,Unknown
CRVO,1053691,CervoMed Inc.,2834,Pharmaceutical Preparations,Healthcare
HOLO,1841209,MicroCloud Hologram Inc.,7370,"Services-Computer Programming, Data Processing, Etc.",Technology
SEOVF,1491434,SERNOVA CORP.,,,Unknown
NTIP,1065078,"NETWORK-1 TECHNOLOGIES, INC.",6794,Patent Owners & Lessors,Other / Financial / Services
DDC,1808110,DDC Enterprise Ltd,2000,Food and Kindred Products,Consumer Goods
GAME,1714562,"GameSquare Holdings, Inc.",7900,Services-Amusement & Recreation Services,Other / Financial / Services
SRGZ,1401835,Star Gold Corp.,1000,Metal Mining,Other / Financial / Services
MLSS,855683,MILESTONE SCIENTIFIC INC.,3842,"Orthopedic, Prosthetic & Surgical Appliances & Supplies",Healthcare
HYEX,1630176,HEALTHY EXTRACTS INC.,2833,Medicinal Chemicals & Botanical Products,Healthcare
FTHM,1753162,Fathom Holdings Inc.,6531,Real Estate Agents & Managers (For Others),Other / Financial / Services
ACTU,1652935,"ACTUATE THERAPEUTICS, INC.",2834,Pharmaceutical Preparations,Healthcare
RDAC,2018145,Rising Dragon Acquisition Corp.,6770,Blank Checks,Other / Financial / Services
BRFH,1487197,BARFRESH FOOD GROUP INC.,2030,"Canned, Frozen & Preservd Fruit, Veg & Food Specialties",Consumer Goods
CRWS,25895,CROWN CRAFTS INC,2211,"Broadwoven Fabric Mills, Cotton",Consumer Goods
SAGGF,1727370,Sterling Metals Corp.,,,Unknown
RSRV,83350,RESERVE PETROLEUM CO,1311,Crude Petroleum & Natural Gas,Energy
SNTI,1854270,"Senti Biosciences Holdings, Inc.",2836,"Biological Products, (No Diagnostic Substances)",Healthcare
TVRD,1346830,"Tvardi Therapeutics, Inc.",2834,Pharmaceutical Preparations,Healthcare
ARAY,1138723,ACCURAY INC,3841,Surgical & Medical Instruments & Apparatus,Healthcare
VIPRF,1684662,SILVER VIPER MINERALS CORP.,,,Unknown
STCB,1539850,"Starco Brands, Inc.",7311,Services-Advertising Agencies,Other / Financial / Services
KDKGF,872699,KLONDIKE GOLD CORP /FI,1040,Gold and Silver Ores,Other / Financial / Services
QUCY,1874252,Quantum Cyber N.V.,2834,Pharmaceutical Preparations,Healthcare
SER,1708599,"Serina Therapeutics, Inc.",2834,Pharmaceutical Preparations,Healthcare
QTZM,1663038,Quantum Genesis AI Corp.,2860,Industrial Organic Chemicals,Manufacturing
AZZTF,1706404,Aztec Minerals Corp.,,,Unknown
GDHG,1928340,GOLDEN HEAVEN GROUP HOLDINGS LTD.,7990,Services-Miscellaneous Amusement & Recreation,Other / Financial / Services
SCAG,2000366,Scage Future,3713,Truck & Bus Bodies,Industrials
GIFT,1760233,"GIFTIFY, INC.",5961,Retail-Catalog & Mail-Order Houses,Retail
NTRP,788611,"NextTrip, Inc.",4700,Transportation Services,Other / Financial / Services
KLNG,1110607,"Koil Energy Solutions, Inc.",3533,Oil & Gas Field Machinery & Equipment,Industrials
DARE,1401914,"Dare Bioscience, Inc.",2834,Pharmaceutical Preparations,Healthcare
CRVW,1377149,CareView Communications Inc,3663,Radio & Tv Broadcasting & Communications Equipment,Industrials
BAFN,1649739,BayFirst Financial Corp.,6022,State Commercial Banks,Other / Financial / Services
KYNB,921299,"KYNTRA BIO, INC.",2834,Pharmaceutical Preparations,Healthcare
RAND,81955,RAND CAPITAL CORP,,,Unknown
ANGH,1871983,Anghami Inc,4899,"Communications Services, NEC",Other / Financial / Services
PC,1998056,Premium Catering (Holdings) Ltd,5812,Retail-Eating  Places,Retail
SCIA,830616,"SCI Engineered Materials, Inc.",3620,Electrical Industrial Apparatus,Industrials
GUER,1832487,"Guerrilla RF, Inc.",3674,Semiconductors & Related Devices,Industrials
AWRE,1015739,AWARE INC /MA/,7372,Services-Prepackaged Software,Technology
BOSC,1005516,BOS BETTER ONLINE SOLUTIONS LTD,3576,Computer Communications Equipment,Technology
UCAR,1939780,U Power Ltd,3690,"Miscellaneous Electrical Machinery, Equipment & Supplies",Industrials
ISTKF,1678748,Intellistake Technologies Corp.,,,Unknown
LSTA,320017,"LISATA THERAPEUTICS, INC.",2834,Pharmaceutical Preparations,Healthcare
LOCL,1840780,Local Bounti Corporation/DE,100,Agricultural Production-Crops,Other / Financial / Services
KSCP,1600983,"Knightscope, Inc.",3669,"Communications Equipment, NEC",Industrials
EVTV,1563568,"AZIO AI HOLDINGS, INC.",3714,Motor Vehicle Parts & Accessories,Industrials
XBP,1839530,"XBP Global Holdings, Inc.",7389,"Services-Business Services, NEC",Other / Financial / Services
PFSB,1967656,"PFS Bancorp, Inc.",6036,"Savings Institutions, Not Federally Chartered",Other / Financial / Services
FUSE,2033383,Fusemachines Inc.,7373,Services-Computer Integrated Systems Design,Technology
ATNM,1388320,"Actinium Pharmaceuticals, Inc.",2834,Pharmaceutical Preparations,Healthcare
PRKA,1297937,"PARKS AMERICA, INC",7990,Services-Miscellaneous Amusement & Recreation,Other / Financial / Services
YSXT,1993463,"YSX Tech Co., Ltd",7500,"Services-Automotive Repair, Services & Parking",Other / Financial / Services
SLGB,1987189,Smart Logistics Global Ltd,4731,Arrangement of  Transportation of  Freight & Cargo,Other / Financial / Services
ZLME,1489300,Zhanling International Ltd,1000,Metal Mining,Other / Financial / Services
WKHS,1425287,Workhorse Group Inc.,3711,Motor Vehicles & Passenger Car Bodies,Industrials
MOBX,1855467,"MOBIX LABS, INC",3674,Semiconductors & Related Devices,Industrials
PLRZ,1893645,Polyrizon Ltd.,3841,Surgical & Medical Instruments & Apparatus,Healthcare
CXXIF,831609,C21 Investments Inc.,2833,Medicinal Chemicals & Botanical Products,Healthcare
GTHP,924515,GUIDED THERAPEUTICS INC,3845,Electromedical & Electrotherapeutic Apparatus,Healthcare
PETV,1512922,"PetVivo Holdings, Inc.",3841,Surgical & Medical Instruments & Apparatus,Healthcare
FMST,1935418,Foremost Clean Energy Ltd.,1090,Miscellaneous Metal Ores,Other / Financial / Services
SRXH,1471727,SRX Global Inc.,2080,Beverages,Consumer Goods
MAUUF,1905688,AERO ENERGY Ltd,,,Unknown
GDST,1858007,Chi Special Acquisition Corp.,3620,Electrical Industrial Apparatus,Industrials
ITHUF,1643154,"iANTHUS CAPITAL HOLDINGS, INC.",100,Agricultural Production-Crops,Other / Financial / Services
FGNX,1591890,FG Nexus Inc.,6199,Finance Services,Other / Financial / Services
EHSI,1089815,Elite Health Systems Inc.,8093,"Services-Specialty Outpatient Facilities, NEC",Healthcare
TRCK,1045942,"Track Group, Inc.",3669,"Communications Equipment, NEC",Industrials
QCLS,1321834,"Q/C TECHNOLOGIES, INC.",2835,In Vitro & In Vivo Diagnostic Substances,Healthcare
FKWL,722572,FRANKLIN WIRELESS CORP,3661,Telephone & Telegraph Apparatus,Industrials
RAPH,1415397,Raphael Pharmaceutical Inc.,2833,Medicinal Chemicals & Botanical Products,Healthcare
IGC,1326205,"IGC Pharma, Inc.",2834,Pharmaceutical Preparations,Healthcare
HTCO,1928948,High-Trend International Group,4412,Deep Sea Foreign Transportation of  Freight,Other / Financial / Services
NCI,1916331,Neo-Concept International Group Holdings Ltd,2300,Apparel & Other Finishd Prods of  Fabrics & Similar Matl,Consumer Goods
TAOX,1571934,TAO Synergies Inc.,6199,Finance Services,Other / Financial / Services
VCGMF,1650196,Visionary Copper & Gold Mines Inc.,,,Unknown
PVCT,315545,"PROVECTUS BIOPHARMACEUTICALS, INC.",2834,Pharmaceutical Preparations,Healthcare
CGDXF,1479480,XALI GOLD CORP.,,,Unknown
BESS,1066764,Bimergen Energy Corp,4911,Electric Services,Energy
HLEO,1953988,Helio Corp /FL/,3760,Guided Missiles & Space Vehicles & Parts,Industrials
CCEL,862692,CRYO CELL INTERNATIONAL INC,8090,"Services-Misc Health & Allied Services, NEC",Healthcare
ATCH,1963088,"AtlasClear Holdings, Inc.",6199,Finance Services,Other / Financial / Services
GRDX,1604191,GridAI Technologies Corp.,4931,Electric & Other Services Combined,Energy
ACCS,843006,ACCESS Newswire Inc.,8742,Services-Management Consulting Services,Other / Financial / Services
JFU,1619544,9F Inc.,6199,Finance Services,Other / Financial / Services
ESGH,1883835,ESG Inc.,100,Agricultural Production-Crops,Other / Financial / Services
PSTV,1095981,"PLUS THERAPEUTICS, INC.",3841,Surgical & Medical Instruments & Apparatus,Healthcare
NCT,2018529,Intercont (Cayman) Ltd,4412,Deep Sea Foreign Transportation of  Freight,Other / Financial / Services
HBIO,1123494,HARVARD BIOSCIENCE INC,3826,Laboratory Analytical Instruments,Manufacturing
WSTRF,1621906,Western Uranium & Vanadium Corp.,1090,Miscellaneous Metal Ores,Other / Financial / Services
WBQNL,1785494,Woodbridge Liquidation Trust,6500,Real Estate,Other / Financial / Services
HWAUF,1817161,Headwater Gold Inc.,,,Unknown
WIMI,1770088,WiMi Hologram Cloud Inc.,7372,Services-Prepackaged Software,Technology
NRDE,1759546,NU RIDE INC.,3711,Motor Vehicles & Passenger Car Bodies,Industrials
FOFA,1871181,"FAMILY OFFICE OF AMERICA, INC.",3841,Surgical & Medical Instruments & Apparatus,Healthcare
ELSE,351789,ELECTRO SENSORS INC,3823,"Industrial Instruments For Measurement, Display, and Control",Manufacturing
LFLRF,1800890,LaFleur Minerals Inc..,,,Unknown
EMCGF,1869601,Embrace Change Acquisition Corp.,6770,Blank Checks,Other / Financial / Services
CRMT,799850,AMERICAS CARMART INC,5500,Retail-Auto Dealers & Gasoline Stations,Retail
USGDF,1726159,AMERICAN PACIFIC MINING CORP,,,Unknown
BIRD,1653909,"Smartbird, Inc.",2300,Apparel & Other Finishd Prods of  Fabrics & Similar Matl,Consumer Goods
INLX,1081745,"INTELLINETICS, INC.",7372,Services-Prepackaged Software,Technology
EMGDF,1790607,Eminent Gold Corp.,,,Unknown
BURU,1814215,"Nuburu, Inc.",3690,"Miscellaneous Electrical Machinery, Equipment & Supplies",Industrials
CLRCF,1903392,ClimateRock,6770,Blank Checks,Other / Financial / Services
QRHC,1442236,Quest Resource Holding Corp,4953,Refuse Systems,Other / Financial / Services
MRMD,1522767,MARIMED INC.,2833,Medicinal Chemicals & Botanical Products,Healthcare
KNGRF,1191832,Kingsmen Resources Ltd.,1400,Mining & Quarrying of  Nonmetallic Minerals (No Fuels),Other / Financial / Services
EVAX,1828253,Evaxion A/S,2836,"Biological Products, (No Diagnostic Substances)",Healthcare
PBMLF,1319150,Pacific Booker Minerals Inc.,1000,Metal Mining,Other / Financial / Services
SPND,867038,SPINDLETOP OIL & GAS CO,1311,Crude Petroleum & Natural Gas,Energy
HSPOF,1946021,Horizon Space Acquisition I Corp.,6770,Blank Checks,Other / Financial / Services
ATCMF,1567663,ATICO MINING Corp,,,Unknown
EURK,2000410,Eureka Acquisition Corp,4400,Water Transportation,Other / Financial / Services
SST,1805833,"System1, Inc.",7370,"Services-Computer Programming, Data Processing, Etc.",Technology
BEEM,1398805,Beam Global,3690,"Miscellaneous Electrical Machinery, Equipment & Supplies",Industrials
RSGLF,1683408,Rocky Shore Gold Ltd.,,,Unknown
RGNT,1912966,REGENTIS BIOMATERIALS LTD.,3842,"Orthopedic, Prosthetic & Surgical Appliances & Supplies",Healthcare
BRNS,1828185,Barinthus Biotherapeutics plc.,2834,Pharmaceutical Preparations,Healthcare
SFRX,1106213,SEAFARER EXPLORATION CORP,7900,Services-Amusement & Recreation Services,Other / Financial / Services
HAFG,1367993,"Holistic Asset Finance Group Co., Ltd.",7380,Services-Miscellaneous Business Services,Other / Financial / Services
NRSN,1875091,NeuroSense Therapeutics Ltd.,2834,Pharmaceutical Preparations,Healthcare
TIGCF,1387473,Triumph Gold Corp.,,,Unknown
PRT,1724009,PermRock Royalty Trust,1311,Crude Petroleum & Natural Gas,Energy
PDC,1944399,Perpetuals.com Ltd,7371,Services-Computer Programming Services,Technology
VIPZ,1832161,"VIP Play, Inc.",5900,Retail-Miscellaneous Retail,Retail
EONR,1842556,EON Resources Inc.,1311,Crude Petroleum & Natural Gas,Energy
PLAG,1117057,Planet Green Holdings Corp.,2030,"Canned, Frozen & Preservd Fruit, Veg & Food Specialties",Consumer Goods
JG,1737339,Aurora Mobile Ltd,7370,"Services-Computer Programming, Data Processing, Etc.",Technology
BTAI,1720893,"BioXcel Therapeutics, Inc.",2834,Pharmaceutical Preparations,Healthcare
OPTH,2027329,Optimi Health Corp.,2834,Pharmaceutical Preparations,Healthcare
FNGR,1602409,"FingerMotion, Inc.",7372,Services-Prepackaged Software,Technology
GDGIF,2027037,"Gemdale Gold, Inc",,,Unknown
GRNQ,1597846,Greenpro Capital Corp.,8742,Services-Management Consulting Services,Other / Financial / Services
ASPC,1890361,ASPAC III Acquisition Corp.,6770,Blank Checks,Other / Financial / Services
MRKR,1094038,"Marker Therapeutics, Inc.",2834,Pharmaceutical Preparations,Healthcare
USEA,1912847,United Maritime Corp,4400,Water Transportation,Other / Financial / Services
ADTI,1420924,"Adapti, Inc.",7900,Services-Amusement & Recreation Services,Other / Financial / Services
LVLU,1780201,"Lulu's Fashion Lounge Holdings, Inc.",5961,Retail-Catalog & Mail-Order Houses,Retail
BCG,1953984,"Binah Capital Group, Inc.",6199,Finance Services,Other / Financial / Services
SGRP,1004989,"SPAR Group, Inc.",7389,"Services-Business Services, NEC",Other / Financial / Services
BONXF,1544770,BONTERRA RESOURCES INC.,,,Unknown
GWH,1819438,"ESS Tech, Inc.",3690,"Miscellaneous Electrical Machinery, Equipment & Supplies",Industrials
STLNF,1729653,Stallion Uranium Corp.,,,Unknown
CLPS,1724542,CLPS Inc,7372,Services-Prepackaged Software,Technology
PAPL,1938109,Pineapple Financial Inc.,6199,Finance Services,Other / Financial / Services
AAUAF,1015647,ALMADEN MINERALS LTD,1000,Metal Mining,Other / Financial / Services
PLSM,2064764,Pulsenmore Ltd.,3841,Surgical & Medical Instruments & Apparatus,Healthcare
ACCL,2038378,Acco Group Holdings Ltd,8742,Services-Management Consulting Services,Other / Financial / Services
HLRTF,1418149,Hillcrest Energy Technologies Ltd.,,,Unknown
LICN,1876766,Lichen International Ltd,8742,Services-Management Consulting Services,Other / Financial / Services
CDLX,1666071,"Cardlytics, Inc.",7370,"Services-Computer Programming, Data Processing, Etc.",Technology
SKKY,1546853,"Skkynet Cloud Systems, Inc.",7372,Services-Prepackaged Software,Technology
SKYE,1516551,"Skye Bioscience, Inc.",2834,Pharmaceutical Preparations,Healthcare
FLD,1889123,"Fold Holdings, Inc.",6199,Finance Services,Other / Financial / Services
IRVRF,1666782,Irving Resources Inc.,,,Unknown
MDXH,1872529,MDxHealth SA,8071,Services-Medical Laboratories,Healthcare
NYC,1595527,American Strategic Investment Co.,6798,Real Estate Investment Trusts,Other / Financial / Services
RETO,1687277,"ReTo Eco-Solutions, Inc.",3290,"Abrasive, Asbestos & Misc Nonmetallic Mineral Prods",Manufacturing
CTSO,1175151,Cytosorbents Corp,3841,Surgical & Medical Instruments & Apparatus,Healthcare
AVAI,1740797,"AVAI BIO, INC.",7374,Services-Computer Processing & Data Preparation,Technology
AAPI,1134982,"Apple iSports Group, Inc.",6411,"Insurance Agents, Brokers & Service",Other / Financial / Services
PMEC,1891944,Primech Holdings Ltd,7340,Services-To Dwellings & Other Buildings,Other / Financial / Services
HPAI,2001699,Helport AI Ltd,7372,Services-Prepackaged Software,Technology
LIQT,1307579,LIQTECH INTERNATIONAL INC,3590,Misc Industrial & Commercial Machinery & Equipment,Industrials
RLBY,34285,RELIABILITY INC,7363,Services-Help Supply Services,Other / Financial / Services
AYTU,1385818,"AYTU BIOPHARMA, INC",2834,Pharmaceutical Preparations,Healthcare
BLIV,1982448,BeLive Holdings,7373,Services-Computer Integrated Systems Design,Technology
DUO,1750593,Fangdd Network Group Ltd.,6500,Real Estate,Other / Financial / Services
MDCX,1997296,Medicus Pharma Ltd.,2834,Pharmaceutical Preparations,Healthcare
CRMZ,315958,CREDITRISKMONITOR COM INC,7320,"Services-Consumer Credit Reporting, Collection Agencies",Other / Financial / Services
AKTX,1541157,Akari Therapeutics Plc,2834,Pharmaceutical Preparations,Healthcare
SDOT,1701756,Sadot Group Inc.,5810,Retail-Eating & Drinking Places,Retail
OPAD,1825024,Offerpad Solutions Inc.,6531,Real Estate Agents & Managers (For Others),Other / Financial / Services
TRSG,1943444,Tungray Technologies Inc,3530,"Construction, Mining & Materials Handling Machinery & Equip",Industrials
APAAF,1419336,Appia Rare Earths & Uranium Corp.,,,Unknown
CLIR,1434524,ClearSign Technologies Corp,3823,"Industrial Instruments For Measurement, Display, and Control",Manufacturing
LFWD,1607962,Lifeward Ltd.,3842,"Orthopedic, Prosthetic & Surgical Appliances & Supplies",Healthcare
XHLD,2030954,"TEN Holdings, Inc.",7389,"Services-Business Services, NEC",Other / Financial / Services
CLRO,840715,CLEARONE INC,3661,Telephone & Telegraph Apparatus,Industrials
YQ,1821468,17 Education & Technology Group Inc.,8200,Services-Educational Services,Healthcare
UTSI,1030471,UTSTARCOM HOLDINGS CORP.,3669,"Communications Equipment, NEC",Industrials
JOB,40570,GEE Group Inc.,7361,Services-Employment Agencies,Other / Financial / Services
CVM,725363,CEL SCI CORP,2836,"Biological Products, (No Diagnostic Substances)",Healthcare
NALG,1059689,North America Lithium & Gold Corp,9995,Non-Operating Establishments,Other / Financial / Services
ATOS,1488039,"ATOSSA THERAPEUTICS, INC.",2834,Pharmaceutical Preparations,Healthcare
EHLD,2032779,Euroholdings Ltd.,4412,Deep Sea Foreign Transportation of  Freight,Other / Financial / Services
RANG,2035644,Range Capital Acquisition Corp.,6770,Blank Checks,Other / Financial / Services
UFG,2021688,Uni-Fuels Holdings Ltd,5172,Wholesale-Petroleum & Petroleum Products (No Bulk Stations),Other / Financial / Services
NMTC,1500198,NEUROONE MEDICAL TECHNOLOGIES Corp,3841,Surgical & Medical Instruments & Apparatus,Healthcare
CDIX,811222,Cardiff Lexington Corp,8011,Services-Offices & Clinics of  Doctors of  Medicine,Healthcare
FOFO,2060083,"Hang Feng Technology Innovation Co., Ltd.",8742,Services-Management Consulting Services,Other / Financial / Services
BMR,1899005,Beamr Imaging Ltd.,7372,Services-Prepackaged Software,Technology
FEDU,1709819,Four Seasons Education (Cayman) Inc.,8200,Services-Educational Services,Healthcare
TXMD,25743,"TherapeuticsMD, Inc.",2834,Pharmaceutical Preparations,Healthcare
IPM,1355839,INTELLIGENT PROTECTION MANAGEMENT CORP.,7370,"Services-Computer Programming, Data Processing, Etc.",Technology
BETRF,1464165,BetterLife Pharma Inc.,2834,Pharmaceutical Preparations,Healthcare
CPHI,1106644,"CHINA PHARMA HOLDINGS, INC.",2834,Pharmaceutical Preparations,Healthcare
BMNM,1275477,"BIMINI CAPITAL MANAGEMENT, INC.",6798,Real Estate Investment Trusts,Other / Financial / Services
SAIH,1847075,SAIHEAT Ltd,6199,Finance Services,Other / Financial / Services
INIKF,1928722,PopReach Corp,,,Unknown
CLRB,1279704,"Cellectar Biosciences, Inc.",2834,Pharmaceutical Preparations,Healthcare
ABCP,20639,AmBase Corp,6512,Opeators of  Nonresidential Buildings,Other / Financial / Services
LPSN,1102993,LIVEPERSON INC,7372,Services-Prepackaged Software,Technology
CFND,2044327,C1 Fund Inc.,,,Unknown
SNNF,2072421,"Seneca Bancorp, Inc.",6021,National Commercial Banks,Other / Financial / Services
CELU,1752828,Celularity Inc,2834,Pharmaceutical Preparations,Healthcare
JL,1948436,J-Long Group Ltd,5600,Retail-Apparel & Accessory Stores,Retail
GEBRF,1570843,Greenbriar Sustainable Living Inc.,6500,Real Estate,Other / Financial / Services
DFLI,1847986,Dragonfly Energy Holdings Corp.,3690,"Miscellaneous Electrical Machinery, Equipment & Supplies",Industrials
CMGHF,1169760,CHAODA MODERN AGRICULTURE HOLDINGS LTD /FI,,,Unknown
QZMRF,811522,QUARTZ MOUNTAIN RESOURCES LTD,1040,Gold and Silver Ores,Other / Financial / Services
RMTI,1041024,"ROCKWELL MEDICAL, INC.",2834,Pharmaceutical Preparations,Healthcare
STFS,2003061,Star Fashion Culture Holdings Ltd,7310,Services-Advertising,Other / Financial / Services
DETX,1919776,"LIBERTY DEFENSE HOLDINGS, LTD.",3812,"Search, Detection, Navigation, Guidance, Aeronautical Sys",Manufacturing
EPOW,1780731,E-Power Inc.,3690,"Miscellaneous Electrical Machinery, Equipment & Supplies",Industrials
BIOX,1769484,Bioceres Crop Solutions Corp.,2870,Agricultural Chemicals,Manufacturing
UONE,1041657,"URBAN ONE, INC.",4832,Radio Broadcasting Stations,Other / Financial / Services
MODD,1074871,"Modular Medical, Inc.",3841,Surgical & Medical Instruments & Apparatus,Healthcare
QNTM,1771885,Quantum Biopharma Ltd.,2834,Pharmaceutical Preparations,Healthcare
CCM,1472072,Concord Medical Services Holdings Ltd,8011,Services-Offices & Clinics of  Doctors of  Medicine,Healthcare
NCEL,1783036,NewcelX Ltd.,2834,Pharmaceutical Preparations,Healthcare
TVGN,1860871,Tevogen Bio Holdings Inc.,2836,"Biological Products, (No Diagnostic Substances)",Healthcare
TTIPF,1877778,"Thiogenesis Therapeutics, Corp.",,,Unknown
CKX,352955,"CKX LANDS, INC.",1311,Crude Petroleum & Natural Gas,Energy
KALA,1479419,"KALA BIO, Inc.",2834,Pharmaceutical Preparations,Healthcare
VNTG,2027160,Vantage Corp (Singapore),4731,Arrangement of  Transportation of  Freight & Cargo,Other / Financial / Services
SPRS,747540,SURGE COMPONENTS INC,5065,"Wholesale-Electronic Parts & Equipment, NEC",Other / Financial / Services
AHT,1232582,ASHFORD HOSPITALITY TRUST INC,6798,Real Estate Investment Trusts,Other / Financial / Services
SMXT,1519472,"SolarMax Technology, Inc.",1700,Construction - Special Trade Contractors,Other / Financial / Services
COGDF,1557440,Compass Gold Corp,,,Unknown
ILAL,1657214,International Land Alliance Inc.,6552,Land Subdividers & Developers (No Cemeteries),Other / Financial / Services
KMRK,2049187,K-TECH SOLUTIONS CO LTD,3944,"Games, Toys & Children's Vehicles (No Dolls & Bicycles)",Consumer Goods
MNDO,1119083,MIND CTI LTD,7371,Services-Computer Programming Services,Technology
ARAI,1818274,Arrive AI Inc.,7340,Services-To Dwellings & Other Buildings,Other / Financial / Services
BRLS,1852973,Borealis Foods Inc.,2000,Food and Kindred Products,Consumer Goods
POWMF,1988634,Power Metal Resources PLC,,,Unknown
VYNE,1566044,VYNE Therapeutics Inc.,2834,Pharmaceutical Preparations,Healthcare
LGVN,1721484,Longeveron Inc.,2834,Pharmaceutical Preparations,Healthcare
PAYD,1017655,PAID INC,7389,"Services-Business Services, NEC",Other / Financial / Services
AVAT,2092446,Avalanche Treasury Corp,6199,Finance Services,Other / Financial / Services
RCG,919567,"RENN Fund, Inc.",,,Unknown
GRLMF,2055938,GreenLight Metals Inc.,,,Unknown
ARKR,779544,ARK RESTAURANTS CORP,5812,Retail-Eating  Places,Retail
CTRM,1720161,Castor Maritime Inc.,4412,Deep Sea Foreign Transportation of  Freight,Other / Financial / Services
MWYN,2030522,"Marwynn Holdings, Inc.",5141,"Wholesale-Groceries, General Line",Other / Financial / Services
FOXX,2013807,Foxx Development Holdings Inc.,3576,Computer Communications Equipment,Technology
ROMJF,1742195,Rubicon Organics Inc.,,,Unknown
MRNO,1988776,Murano Global Investments Plc,7011,Hotels & Motels,Other / Financial / Services
TBTC,1090396,TABLE TRAC INC,7990,Services-Miscellaneous Amusement & Recreation,Other / Financial / Services
PSHG,1481241,Performance Shipping Inc.,4412,Deep Sea Foreign Transportation of  Freight,Other / Financial / Services
GRTX,1563577,"Galera Therapeutics, Inc.",2834,Pharmaceutical Preparations,Healthcare
AAQL,1672571,Antiaging Quantum Living Inc.,7331,Services-Direct Mail Advertising Services,Other / Financial / Services
AIXC,1460702,"AIxCrypto Holdings, Inc.",6199,Finance Services,Other / Financial / Services
LPSIF,1472466,LEGEND POWER SYSTEMS INC.,,,Unknown
RVP,946563,RETRACTABLE TECHNOLOGIES INC,3841,Surgical & Medical Instruments & Apparatus,Healthcare
GOVB,1978811,"Gouverneur Bancorp, Inc./MD/",6036,"Savings Institutions, Not Federally Chartered",Other / Financial / Services
SFCX,1624985,SUPA Consolidated Inc.,7389,"Services-Business Services, NEC",Other / Financial / Services
YXT,1872090,YXT.COM GROUP HOLDING Ltd,7372,Services-Prepackaged Software,Technology
NGTF,1593001,"NightFood Holdings, Inc.",3590,Misc Industrial & Commercial Machinery & Equipment,Industrials
IEGCF,1537317,Independence Gold Corp.,,,Unknown
AMOD,1862463,"ALPHA MODUS HOLDINGS, INC.",6794,Patent Owners & Lessors,Other / Financial / Services
MSBB,1967306,"Mercer Bancorp, Inc.",6036,"Savings Institutions, Not Federally Chartered",Other / Financial / Services
JVA,1007019,COFFEE HOLDING CO INC,2090,Miscellaneous Food Preparations & Kindred Products,Consumer Goods
INTZ,736012,INTRUSION INC,3576,Computer Communications Equipment,Technology
PSQH,1847064,"PSQ Holdings, Inc.",7310,Services-Advertising,Other / Financial / Services
BHV,1169034,BLACKROCK VIRGINIA MUNICIPAL BOND TRUST,,,Unknown
HOWL,1785530,"Werewolf Therapeutics, Inc.",2834,Pharmaceutical Preparations,Healthcare
JGLDF,1686000,Japan Gold Corp.,,,Unknown
GNOLF,1261002,GENOIL INC,1389,"Oil & Gas Field Services, NEC",Energy
RKTO,1711786,Rocket One Inc.,2834,Pharmaceutical Preparations,Healthcare
LPCN,1535955,Lipocine Inc.,2834,Pharmaceutical Preparations,Healthcare
YAAS,1964946,Youxin Technology Ltd,7372,Services-Prepackaged Software,Technology
JF,1716338,J & Friends Holdings Ltd,7370,"Services-Computer Programming, Data Processing, Etc.",Technology
EFOI,924168,"ENERGY FOCUS, INC/DE",3640,Electric Lighting & Wiring Equipment,Industrials
BLTH,1487718,"AMERICAN BATTERY MATERIALS, INC.",1400,Mining & Quarrying of  Nonmetallic Minerals (No Fuels),Other / Financial / Services
TMDE,2009714,TMD Energy Ltd,5172,Wholesale-Petroleum & Petroleum Products (No Bulk Stations),Other / Financial / Services
AIHS,1711012,Senmiao Technology Ltd,7510,Services-Auto Rental & Leasing (No Drivers),Other / Financial / Services
TLF,909724,TANDY LEATHER FACTORY INC,3100,Leather & Leather Products,Manufacturing
INUV,829323,"Inuvo, Inc.",7310,Services-Advertising,Other / Financial / Services
PASW,1897532,"Ping An Biomedical Co., Ltd.",2300,Apparel & Other Finishd Prods of  Fabrics & Similar Matl,Consumer Goods
PSIG,1997201,PS International Group Ltd.,4731,Arrangement of  Transportation of  Freight & Cargo,Other / Financial / Services
MOBQ,1084267,"Mobiquity Technologies, Inc.",7310,Services-Advertising,Other / Financial / Services
ICU,1831868,SeaStar Medical Holding Corp,3841,Surgical & Medical Instruments & Apparatus,Healthcare
AUSI,826253,AURA SYSTEMS INC,3690,"Miscellaneous Electrical Machinery, Equipment & Supplies",Industrials
IRIX,1006045,IRIDEX CORP,3845,Electromedical & Electrotherapeutic Apparatus,Healthcare
GEDC,1174891,"TerraVolt Holdings, Inc.",6798,Real Estate Investment Trusts,Other / Financial / Services
MSGM,1821175,Motorsport Games Inc.,7372,Services-Prepackaged Software,Technology
QH,1781193,QUHUO Ltd,7389,"Services-Business Services, NEC",Other / Financial / Services
SSGC,1584693,SafeSpace Global Corp,7900,Services-Amusement & Recreation Services,Other / Financial / Services
LGPS,2040290,LOGPROSTYLE INC.,1531,Operative Builders,Other / Financial / Services
WMLLF,1077640,Wealth Minerals Ltd.,1000,Metal Mining,Other / Financial / Services
NEUP,1191070,Neuphoria Therapeutics Inc.,2834,Pharmaceutical Preparations,Healthcare
REFR,793524,RESEARCH FRONTIERS INC,6794,Patent Owners & Lessors,Other / Financial / Services
VAUCF,1723047,Viva Gold Corp.,,,Unknown
ONEG,2030834,OneConstruction Group Ltd,1520,General Bldg Contractors - Residential Bldgs,Other / Financial / Services
AUID,1534154,authID Inc.,7372,Services-Prepackaged Software,Technology
DSY,1999297,Big Tree Cloud Holdings Ltd,2670,Converted Paper & Paperboard Prods (No Contaners/Boxes),Manufacturing
MDRR,1654595,"Medalist Diversified, Inc.",6798,Real Estate Investment Trusts,Other / Financial / Services
MAPPF,1493130,PROSTAR HOLDINGS INC. /BC,,,Unknown
NXPL,1058307,NextPlat Corp,4813,Telephone Communications (No Radiotelephone),Other / Financial / Services
CYN,1874097,Cyngn Inc.,7371,Services-Computer Programming Services,Technology
TOMZ,314227,"TOMI Environmental Solutions, Inc.",2860,Industrial Organic Chemicals,Manufacturing
ATCX,1684688,ATLAS CRITICAL MINERALS Corp,1040,Gold and Silver Ores,Other / Financial / Services
HRGN,1563665,"Harvard Apparatus Regenerative Technology, Inc.",3841,Surgical & Medical Instruments & Apparatus,Healthcare
ALLR,1860657,"Allarity Therapeutics, Inc.",2834,Pharmaceutical Preparations,Healthcare
HHS,45919,HARTE HANKS INC,7331,Services-Direct Mail Advertising Services,Other / Financial / Services
TURB,1963439,"Turbo Energy, S.A.",3690,"Miscellaneous Electrical Machinery, Equipment & Supplies",Industrials
KDOZF,1318482,KIDOZ INC.,7311,Services-Advertising Agencies,Other / Financial / Services
ASTC,1001907,ASTROTECH Corp,3826,Laboratory Analytical Instruments,Manufacturing
DUKR,1638911,DUKE Robotics Corp.,3721,Aircraft,Industrials
PRHI,1502292,"Presurance Holdings, Inc.",6331,"Fire, Marine & Casualty Insurance",Other / Financial / Services
RAIN,2028293,"Rain Enhancement Technologies Holdco, Inc.",3590,Misc Industrial & Commercial Machinery & Equipment,Industrials
CLOQ,1437517,"CYBERLOQ TECHNOLOGIES, INC.",7372,Services-Prepackaged Software,Technology
WBSR,1645155,Webstar Technology Group Inc.,7372,Services-Prepackaged Software,Technology
FABC,1086745,"Fabric.AI, Inc.",4899,"Communications Services, NEC",Other / Financial / Services
NNUP,888981,NOCOPI TECHNOLOGIES INC/MD/,3944,"Games, Toys & Children's Vehicles (No Dolls & Bicycles)",Consumer Goods
ORIO,1602842,Orion Digital Corp.,6199,Finance Services,Other / Financial / Services
PLUR,1158780,Pluri Inc.,2836,"Biological Products, (No Diagnostic Substances)",Healthcare
LHAI,2017758,Linkhome Holdings Inc.,6531,Real Estate Agents & Managers (For Others),Other / Financial / Services
AMSS,1851491,AMASS BRANDS,2080,Beverages,Consumer Goods
RECT,1995116,Rectitude Holdings Ltd.,3420,"Cutlery, Handtools & General Hardware",Manufacturing
MYND,1708441,"Mynd.ai, Inc.",3577,"Computer Peripheral Equipment, NEC",Technology
SDST,1831979,Stardust Power Inc.,3330,Primary Smelting & Refining of  Nonferrous Metals,Manufacturing
LRRIF,1992500,Lion Rock Resources Inc.,,,Unknown
JSPR,1788028,"Jasper Therapeutics, Inc.",2836,"Biological Products, (No Diagnostic Substances)",Healthcare
KARX,1729637,Karbon-X Corp.,2844,"Perfumes, Cosmetics & Other Toilet Preparations",Manufacturing
SAGT,2029138,SAGTEC GLOBAL Ltd,7372,Services-Prepackaged Software,Technology
TRGXF,1861479,Terra Rossa Gold Ltd.,,,Unknown
ALGRF,1703292,KENADYR METALS CORP,,,Unknown
MPU,1953021,Mega Matrix Inc,7812,Services-Motion Picture & Video Tape Production,Other / Financial / Services
WNDW,1071840,"SolarWindow Technologies, Inc.",2860,Industrial Organic Chemicals,Manufacturing
OTLC,908259,"Oncotelic Therapeutics, Inc.",2834,Pharmaceutical Preparations,Healthcare
STLY,797465,"HG Holdings, Inc.",6798,Real Estate Investment Trusts,Other / Financial / Services
DBGI,1668010,"Digital Brands Group, Inc.",5600,Retail-Apparel & Accessory Stores,Retail
AIFF,803578,"FIREFLY NEUROSCIENCE, INC.",7372,Services-Prepackaged Software,Technology
PTN,911216,PALATIN TECHNOLOGIES INC,2834,Pharmaceutical Preparations,Healthcare
RAY,1948443,Raytech Holding Ltd,3630,Household Appliances,Industrials
FENG,1509646,Phoenix New Media Ltd,4833,Television Broadcasting Stations,Other / Financial / Services
ARLSF,1852354,ARGO GRAPHENE SOLUTIONS CORP.,,,Unknown
TWOSF,877028,T2 Metals Corp.,,,Unknown
TULP,875355,"BLOOMIA HOLDINGS, INC.",100,Agricultural Production-Crops,Other / Financial / Services
LIMX,1803977,Limitless X Holdings Inc.,7990,Services-Miscellaneous Amusement & Recreation,Other / Financial / Services
WFF,1980210,WF Holding Ltd,3990,Miscellaneous Manufacturing Industries,Manufacturing
LRE,1888980,"LEAD REAL ESTATE CO., LTD",1531,Operative Builders,Other / Financial / Services
AWHL,926617,Aspira Women's Health Inc.,2835,In Vitro & In Vivo Diagnostic Substances,Healthcare
RDGMF,1820025,Ridgeline Minerals Corp,,,Unknown
MGIH,1903995,Millennium Group International Holdings Ltd,2750,Commercial Printing,Manufacturing
GGRP,1854445,"Glimpse Group, Inc.",7371,Services-Computer Programming Services,Technology
MXC,66418,MEXCO ENERGY CORP,1311,Crude Petroleum & Natural Gas,Energy
COSM,1474167,Cosmos Health Inc.,5122,"Wholesale-Drugs, Proprietaries & Druggists' Sundries",Other / Financial / Services
ZEOX,1557376,"Zeo ScientifiX, Inc.",2836,"Biological Products, (No Diagnostic Substances)",Healthcare
UZX,1969401,Linkage Global Inc,5961,Retail-Catalog & Mail-Order Houses,Retail
QNCX,1662774,"Quince Therapeutics, Inc.",2836,"Biological Products, (No Diagnostic Substances)",Healthcare
NTZ,900391,NATUZZI S P A,2510,Household Furniture,Consumer Goods
CXAI,1820875,CXApp Inc.,7372,Services-Prepackaged Software,Technology
RITR,1951229,Reitar Logtech Holdings Ltd,6510,Real Estate Operators (No Developers) & Lessors,Other / Financial / Services
OHCFF,1735514,Light AI Inc.,,,Unknown
TARSF,1409036,Silver North Resources Ltd.,1040,Gold and Silver Ores,Other / Financial / Services
SOS,1346610,SOS Ltd,6200,"Security & Commodity Brokers, Dealers, Exchanges & Services",Other / Financial / Services
EQS,878932,"EQUUS TOTAL RETURN, INC.",,,Unknown
TOPP,1960847,Toppoint Holdings Inc.,4210,Trucking & Courier Services (No Air),Other / Financial / Services
ALAR,1725332,Alarum Technologies Ltd.,7372,Services-Prepackaged Software,Technology
BIVI,1580149,BIOVIE INC.,2834,Pharmaceutical Preparations,Healthcare
VNRX,93314,VOLITIONRX LTD,2835,In Vitro & In Vivo Diagnostic Substances,Healthcare
FLUX,1083743,"Flux Power Holdings, Inc.",3690,"Miscellaneous Electrical Machinery, Equipment & Supplies",Industrials
TRXA,1437750,T-REX Acquisition Corp.,6199,Finance Services,Other / Financial / Services
IHT,82473,INNSUITES HOSPITALITY TRUST,6798,Real Estate Investment Trusts,Other / Financial / Services
MBRX,1659617,"Moleculin Biotech, Inc.",2834,Pharmaceutical Preparations,Healthcare
MRAI,1844392,"Marpai, Inc.",8090,"Services-Misc Health & Allied Services, NEC",Healthcare
IOTR,1997637,iOThree Ltd,4899,"Communications Services, NEC",Other / Financial / Services
KTTA,1841330,Pasithea Therapeutics Corp.,2834,Pharmaceutical Preparations,Healthcare
EPSM,1883437,Epsium Enterprise Ltd,5180,"Wholesale-Beer, Wine & Distilled Alcoholic Beverages",Other / Financial / Services
AWCA,1021917,"Awaysis Capital, Inc.",6512,Opeators of  Nonresidential Buildings,Other / Financial / Services
MOGU,1743971,MOGU Inc.,7389,"Services-Business Services, NEC",Other / Financial / Services
PRKR,914139,PARKERVISION INC,3663,Radio & Tv Broadcasting & Communications Equipment,Industrials
AIJTY,1713923,Jianpu Technology Inc.,7370,"Services-Computer Programming, Data Processing, Etc.",Technology
NHTC,912061,NATURAL HEALTH TRENDS CORP,5190,Wholesale-Miscellaneous Nondurable Goods,Other / Financial / Services
CYCN,1755237,"Cyclerion Therapeutics, Inc.",2834,Pharmaceutical Preparations,Healthcare
STSBF,1307926,South Star Battery Metals Corp.,,,Unknown
GIGM,1105101,GIGAMEDIA Ltd,7370,"Services-Computer Programming, Data Processing, Etc.",Technology
CTXR,1506251,"Citius Pharmaceuticals, Inc.",2834,Pharmaceutical Preparations,Healthcare
SVRN,1869467,OceanPal Inc.,4412,Deep Sea Foreign Transportation of  Freight,Other / Financial / Services
CHKR,1524769,CHESAPEAKE GRANITE WASH TRUST,1311,Crude Petroleum & Natural Gas,Energy
SKYQ,1812447,Sky Quarry Inc.,4955,Hazardous Waste Management,Other / Financial / Services
LEXX,1348362,Lexaria Bioscience Corp.,2834,Pharmaceutical Preparations,Healthcare
UPYY,1677897,UPAY,7372,Services-Prepackaged Software,Technology
PMI,2030617,"Picard Medical, Inc.",3841,Surgical & Medical Instruments & Apparatus,Healthcare
AEHL,1470683,Antelope Enterprise Holdings Ltd,4899,"Communications Services, NEC",Other / Financial / Services
KUBR,1081834,Kuber Resources Corp,4832,Radio Broadcasting Stations,Other / Financial / Services
EDTK,1782309,Skillful Craftsman Education Technology Ltd,8200,Services-Educational Services,Healthcare
OBAI,1756064,"Our Bond, Inc.",4899,"Communications Services, NEC",Other / Financial / Services
NZERF,1509705,New Zealand Energy Corp.,,,Unknown
TPST,1544227,"Tempest Therapeutics, Inc.",2834,Pharmaceutical Preparations,Healthcare
YTFD,1311673,"Yale Transaction Finders, Inc.",6770,Blank Checks,Other / Financial / Services
GTBP,109657,"GT Biopharma, Inc.",2834,Pharmaceutical Preparations,Healthcare
WETH,1826660,Wetouch Technology Inc.,3577,"Computer Peripheral Equipment, NEC",Technology
BLIN,1378590,"Bridgeline Digital, Inc.",7372,Services-Prepackaged Software,Technology
HIND,1427570,"Vyome Holdings, Inc",2834,Pharmaceutical Preparations,Healthcare
SMX,1940674,SMX (Security Matters) Public Ltd Co,3590,Misc Industrial & Commercial Machinery & Equipment,Industrials
TGHL,2024114,GrowHub Ltd,7374,Services-Computer Processing & Data Preparation,Technology
GLOH,1114859,"Glow Holdings, Inc.",7372,Services-Prepackaged Software,Technology
AIEV,1912582,"Thunder Power Holdings, Inc.",3711,Motor Vehicles & Passenger Car Bodies,Industrials
SLAI,1517496,SOLAI Ltd,6199,Finance Services,Other / Financial / Services
DYNR,1111741,"DYNARESOURCE, INC.",1000,Metal Mining,Other / Financial / Services
ZDAI,1966678,"DirectBooking Technology Co., Ltd.",1540,General Bldg Contractors - Nonresidential Bldgs,Other / Financial / Services
LDDD,1892316,Longduoduo Co Ltd,8000,Services-Health Services,Healthcare
GTEC,1735041,Greenland Technologies Holding Corp.,3560,General Industrial Machinery & Equipment,Industrials
MMCP,1879293,"Mag Mile Capital, Inc.",3567,Industrial Process Furnaces & Ovens,Industrials
GTIM,825324,Good Times Restaurants Inc.,5812,Retail-Eating  Places,Retail
NEWH,1371128,"NewHydrogen, Inc.",3081,Unsupported Plastics Film & Sheet,Manufacturing
PCSV,1122020,"PCS Edventures!, Inc.",8200,Services-Educational Services,Healthcare
AUST,1817740,Austin Gold Corp.,1040,Gold and Silver Ores,Other / Financial / Services
BRN,10048,BARNWELL INDUSTRIES INC,1311,Crude Petroleum & Natural Gas,Energy
NEON,87050,Neonode Inc.,3679,"Electronic Components, NEC",Industrials
ANY,1591956,Sphere 3D Corp.,6199,Finance Services,Other / Financial / Services
BGAVF,1500620,Bravada Gold Corp,,,Unknown
APHP,1771995,American Picture House Corp,7900,Services-Amusement & Recreation Services,Other / Financial / Services
TLIH,1982012,Ten-League International Holdings Ltd,5080,"Wholesale-Machinery, Equipment & Supplies",Other / Financial / Services
THH,2044241,TryHard Holdings Ltd,7990,Services-Miscellaneous Amusement & Recreation,Other / Financial / Services
UPLD,1505155,"Upland Software, Inc.",7372,Services-Prepackaged Software,Technology
DGCOF,1809267,Daura Capital Corp.,,,Unknown
MTTAF,1999111,Meta Critical Minerals Inc.,,,Unknown
LSH,1996192,Lakeside Holding Ltd,4731,Arrangement of  Transportation of  Freight & Cargo,Other / Financial / Services
ZJYL,1837821,Jin Medical International Ltd.,3842,"Orthopedic, Prosthetic & Surgical Appliances & Supplies",Healthcare
CALC,1534133,"CalciMedica, Inc.",2834,Pharmaceutical Preparations,Healthcare
BTCT,1796514,BTC Digital Ltd.,6199,Finance Services,Other / Financial / Services
SUNE,22701,"SUNation Energy, Inc.",1700,Construction - Special Trade Contractors,Other / Financial / Services
CAHO,1678105,Caro Holdings Inc.,5961,Retail-Catalog & Mail-Order Houses,Retail
ENDMF,1524326,Enduro Metals Corp.,,,Unknown
MDWK,1295514,"MDWerks, Inc.",2080,Beverages,Consumer Goods
PASG,1787297,"Passage BIO, Inc.",2836,"Biological Products, (No Diagnostic Substances)",Healthcare
RITE,1096296,MINERALRITE Corp,1090,Miscellaneous Metal Ores,Other / Financial / Services
SCNX,1382574,"Scienture Holdings, Inc.",2834,Pharmaceutical Preparations,Healthcare
GWTI,1572386,"GREENWAY TECHNOLOGIES, INC. & SUBSIDIARIES",2860,Industrial Organic Chemicals,Manufacturing
ASFH,1828748,ASIAFIN HOLDINGS CORP.,7389,"Services-Business Services, NEC",Other / Financial / Services
FRECF,1816133,Frequency Exchange Corp.,,,Unknown
SPST,1192323,Superstar Platforms Inc.,7389,"Services-Business Services, NEC",Other / Financial / Services
IVFH,312257,INNOVATIVE FOOD HOLDINGS INC,5141,"Wholesale-Groceries, General Line",Other / Financial / Services
COCP,1412486,"Cocrystal Pharma, Inc.",2834,Pharmaceutical Preparations,Healthcare
NRIS,1603793,"Norris Industries, Inc.",1311,Crude Petroleum & Natural Gas,Energy
SWVL,1875609,Swvl Holdings Corp,7389,"Services-Business Services, NEC",Other / Financial / Services
RCT,2027360,RedCloud Holdings plc,5990,"Retail-Retail Stores, NEC",Retail
DOGZ,1707303,Dogness (International) Corp,3990,Miscellaneous Manufacturing Industries,Manufacturing
DLPN,1282224,"Dolphin Entertainment, Inc.",7200,Services-Personal Services,Other / Financial / Services
WVVI,838875,WILLAMETTE VALLEY VINEYARDS INC,2080,Beverages,Consumer Goods
CNTMF,1758124,Fluent Corp.,,,Unknown
RYES,1424864,Rise Gold Corp.,1000,Metal Mining,Other / Financial / Services
AIRI,1009891,AIR INDUSTRIES GROUP,3728,"Aircraft Parts & Auxiliary Equipment, NEC",Industrials
MTWO,1753373,"M2i Global, Inc.",5050,Wholesale-Metals & Minerals (No Petroleum),Other / Financial / Services
BCDA,925741,"BioCardia, Inc.",2836,"Biological Products, (No Diagnostic Substances)",Healthcare
ADIA,1160420,"Adia Nutrition, Inc.",2833,Medicinal Chemicals & Botanical Products,Healthcare
GRAPF,1715272,First Canadian Graphite Inc.,,,Unknown
ZBAO,1966750,Zhibao Technology Inc.,6411,"Insurance Agents, Brokers & Service",Other / Financial / Services
NAII,787253,NATURAL ALTERNATIVES INTERNATIONAL INC,2833,Medicinal Chemicals & Botanical Products,Healthcare
AIMD,1014763,"Ainos, Inc.",3577,"Computer Peripheral Equipment, NEC",Technology
BFRI,1858685,Biofrontera Inc.,2834,Pharmaceutical Preparations,Healthcare
XERI,1481504,"XERIANT, INC.",3721,Aircraft,Industrials
VCIG,1930510,VCI Global Ltd,8744,Services-Facilities Support Management Services,Healthcare
PCMC,1141964,PUBLIC CO MANAGEMENT CORP,6770,Blank Checks,Other / Financial / Services
GYRO,1589061,"Gyrodyne, LLC",6512,Opeators of  Nonresidential Buildings,Other / Financial / Services
MMA,1981519,MIXED MARTIAL ARTS GROUP LTD,7380,Services-Miscellaneous Business Services,Other / Financial / Services
TAOP,1552670,Taoping Inc.,7372,Services-Prepackaged Software,Technology
INTI,1042418,"Inhibitor Therapeutics, Inc.",2834,Pharmaceutical Preparations,Healthcare
PRZO,1916241,ParaZero Technologies Ltd.,3728,"Aircraft Parts & Auxiliary Equipment, NEC",Industrials
BLRX,1498403,BioLineRx Ltd.,2834,Pharmaceutical Preparations,Healthcare
OXBR,1584831,OXBRIDGE RE HOLDINGS Ltd,6331,"Fire, Marine & Casualty Insurance",Other / Financial / Services
QMCI,1101433,QUOTEMEDIA INC,7389,"Services-Business Services, NEC",Other / Financial / Services
CUPR,1995704,Cuprina Holdings (Cayman) LTD,3842,"Orthopedic, Prosthetic & Surgical Appliances & Supplies",Healthcare
ETS,2053641,Elite Express Holding Inc.,4210,Trucking & Courier Services (No Air),Other / Financial / Services
SMSI,948708,"SMITH MICRO SOFTWARE, INC.",7372,Services-Prepackaged Software,Technology
TPET,1898766,Trio Petroleum Corp,1311,Crude Petroleum & Natural Gas,Energy
CHOW,2041829,ChowChow Cloud International Holdings Ltd,7372,Services-Prepackaged Software,Technology
CFOO,1310630,China Foods Holdings Ltd.,2833,Medicinal Chemicals & Botanical Products,Healthcare
HUIZ,1778982,Huize Holding Ltd,6411,"Insurance Agents, Brokers & Service",Other / Financial / Services
BTOC,1972529,Armlogi Holding Corp.,4220,Public Warehousing & Storage,Other / Financial / Services
COOT,1959994,Australian Oilseeds Holdings Ltd,2070,Fats & Oils,Consumer Goods
BNGO,1411690,"Bionano Genomics, Inc.",3826,Laboratory Analytical Instruments,Manufacturing
INAB,1740279,"IN8BIO, INC.",2836,"Biological Products, (No Diagnostic Substances)",Healthcare
LEDS,1333822,SemiLEDs Corp,3674,Semiconductors & Related Devices,Industrials
EDUC,31667,EDUCATIONAL DEVELOPMENT CORP,5190,Wholesale-Miscellaneous Nondurable Goods,Other / Financial / Services
ICMB,1578348,"Investcorp Credit Management BDC, Inc.",,,Unknown
ULTHF,1850269,NordX Metals Corp.,,,Unknown
BFRG,1829247,"BullFrog AI Holdings, Inc.",2834,Pharmaceutical Preparations,Healthcare
ARTW,7623,ARTS WAY MANUFACTURING CO INC,3523,Farm Machinery & Equipment,Industrials
FNFI,1065823,FIRST NILES FINANCIAL INC,6035,"Savings Institution, Federally Chartered",Other / Financial / Services
AEON,1837607,"AEON Biopharma, Inc.",2834,Pharmaceutical Preparations,Healthcare
ADGM,2006986,"Adagio Medical Holdings, Inc.",3841,Surgical & Medical Instruments & Apparatus,Healthcare
NVNI,1965143,Nvni Group Ltd,7372,Services-Prepackaged Software,Technology
PBSV,1304161,"Pharma-Bio Serv, Inc.",8742,Services-Management Consulting Services,Other / Financial / Services
BKUCF,1463978,BLUE SKY URANIUM CORP.,,,Unknown
UEEC,1096938,"United Health Products, Inc.",3842,"Orthopedic, Prosthetic & Surgical Appliances & Supplies",Healthcare
AIFA,1708341,"All In FutureTech Alliance, Inc.",7900,Services-Amusement & Recreation Services,Other / Financial / Services
TRUFF,1836747,Red Light Holland Corp.,,,Unknown
INTS,1567264,"INTENSITY THERAPEUTICS, INC.",2836,"Biological Products, (No Diagnostic Substances)",Healthcare
KLGDF,1901931,Kalo Gold Corp.,,,Unknown
JBDI,1964314,JBDI Holdings Ltd,3412,"Metal Shipping Barrels, Drums, Kegs & Pails",Manufacturing
LNAI,1527728,Lunai Bioworks Inc.,2834,Pharmaceutical Preparations,Healthcare
ALRTF,1930419,ALR Technologies SG Ltd.,3841,Surgical & Medical Instruments & Apparatus,Healthcare
HCAI,1958399,"Huachen AI Parking Management Technology Holding Co., Ltd",3990,Miscellaneous Manufacturing Industries,Manufacturing
NROM,709005,NOBLE ROMANS INC,5812,Retail-Eating  Places,Retail
CEXYF,1836503,GIANT MINING CORP.,,,Unknown
REED,1140215,"REED'S, INC.",2086,Bottled & Canned Soft Drinks & Carbonated Waters,Consumer Goods
IDAI,1718939,T Stamp Inc,7372,Services-Prepackaged Software,Technology
CMMB,1534248,Chemomab Therapeutics Ltd.,2834,Pharmaceutical Preparations,Healthcare
EBON,1799290,Ebang International Holdings Inc.,6200,"Security & Commodity Brokers, Dealers, Exchanges & Services",Other / Financial / Services
DROR,1282980,"Dror Ortho-Design, Inc.",3843,Dental Equipment & Supplies,Healthcare
IAALF,1450894,IBC Advanced Alloys Corp.,,,Unknown
WKSP,1096275,Worksport Ltd,3714,Motor Vehicle Parts & Accessories,Industrials
CLWT,1026662,EURO TECH HOLDINGS CO LTD,5040,Wholesale-Professional & Commercial Equipment & Supplies,Other / Financial / Services
RSMXF,1858994,Regency Silver Corp.,,,Unknown
KNRX,1982960,KNOREX LTD.,7370,"Services-Computer Programming, Data Processing, Etc.",Technology
CLIK,2020027,Click Holdings Ltd.,7361,Services-Employment Agencies,Other / Financial / Services
GFAI,1804469,"Guardforce AI Co., Ltd.",7381,"Services-Detective, Guard & Armored Car Services",Other / Financial / Services
NGLD,1605481,Nevada Canyon Gold Corp.,1040,Gold and Silver Ores,Other / Financial / Services
ATER,1757715,"Aterian, Inc.",3634,Electric Housewares & Fans,Industrials
ICCM,1584371,IceCure Medical Ltd.,3841,Surgical & Medical Instruments & Apparatus,Healthcare
BHSIF,1432588,BAYHORSE SILVER INC.,,,Unknown
CSDX,1106861,CS DIAGNOSTICS CORP.,2842,"Specialty Cleaning, Polishing and Sanitation Preparations",Manufacturing
AETN,764630,"AETERNUM HEALTH, INC.",3690,"Miscellaneous Electrical Machinery, Equipment & Supplies",Industrials
BON,1816815,Bon Natural Life Ltd,2833,Medicinal Chemicals & Botanical Products,Healthcare
CBLO,1882781,"C2 Blockchain, Inc.",6199,Finance Services,Other / Financial / Services
CISO,1777319,"CISO Global, Inc.",8742,Services-Management Consulting Services,Other / Financial / Services
BIYA,1944712,Baiya International Group Inc.,7361,Services-Employment Agencies,Other / Financial / Services
PRSO,890394,Peraso Inc.,3674,Semiconductors & Related Devices,Industrials
GXAI,1895618,GAXOS.AI INC.,7372,Services-Prepackaged Software,Technology
SEED,1321851,Origin Agritech LTD,100,Agricultural Production-Crops,Other / Financial / Services
RWAX,1119190,"TAP REAL ESTATE TECHNOLOGIES, INC.",5000,Wholesale-Durable Goods,Other / Financial / Services
HNOI,1342916,"HNO International, Inc.",1000,Metal Mining,Other / Financial / Services
UUU,102109,"UNIVERSAL SAFETY PRODUCTS, INC.",5065,"Wholesale-Electronic Parts & Equipment, NEC",Other / Financial / Services
REBN,1707910,"Reborn Coffee, Inc.",5812,Retail-Eating  Places,Retail
MYSE,1648960,"Myseum.AI, Inc.",4822,Telegraph & Other Message Communications,Other / Financial / Services
TRGEF,1989815,Targa Exploration Corp.,,,Unknown
HUDI,1791725,"Huadi International Group Co., Ltd.",3317,Steel Pipe & Tubes,Manufacturing
POM,1877971,POMDOCTOR Ltd,5900,Retail-Miscellaneous Retail,Retail
SEGG,1673481,Sports Entertainment Gaming Global Corp,7372,Services-Prepackaged Software,Technology
CABR,2020737,"Caring Brands, Inc.",2844,"Perfumes, Cosmetics & Other Toilet Preparations",Manufacturing
PHIO,1533040,Phio Pharmaceuticals Corp.,2834,Pharmaceutical Preparations,Healthcare
FEMY,1339005,FEMASYS INC,3841,Surgical & Medical Instruments & Apparatus,Healthcare
FXBY,1068897,FOXBY CORP.,,,Unknown
GDTC,1873093,CytoMed Therapeutics Ltd,2834,Pharmaceutical Preparations,Healthcare
CHAI,1649009,"Core AI Holdings, Inc.",4812,Radiotelephone Communications,Other / Financial / Services
BCLI,1137883,BRAINSTORM CELL THERAPEUTICS INC.,2836,"Biological Products, (No Diagnostic Substances)",Healthcare
ORESF,1481857,Orestone Mining Corp.,,,Unknown
TRAW,1130598,"Traws Pharma, Inc.",2834,Pharmaceutical Preparations,Healthcare
COPAF,1420049,COPAUR MINERALS INC.,,,Unknown
STQN,847942,STRATEGIC ACQUISITIONS INC /NV/,6199,Finance Services,Other / Financial / Services
OSRH,1840425,"OSR Health, Inc.",3841,Surgical & Medical Instruments & Apparatus,Healthcare
PETZ,1684425,"TDH Holdings, Inc.",6531,Real Estate Agents & Managers (For Others),Other / Financial / Services
SKK,1991261,SKK Holdings Ltd,1623,"Water, Sewer, Pipeline, Comm & Power Line Construction",Other / Financial / Services
VNOV,1699709,VitaNova Life Sciences Corp,5130,"Wholesale-Apparel, Piece Goods & Notions",Other / Financial / Services
GOCOQ,1808220,"GoHealth, Inc.",6411,"Insurance Agents, Brokers & Service",Other / Financial / Services
XCUR,1698530,"EXICURE, INC.",2834,Pharmaceutical Preparations,Healthcare
VEEA,1840317,VEEA INC.,7373,Services-Computer Integrated Systems Design,Technology
NYMXF,1018735,NYMOX PHARMACEUTICAL CORP,2835,In Vitro & In Vivo Diagnostic Substances,Healthcare
MTEK,1872964,Maris Tech Ltd.,3669,"Communications Equipment, NEC",Industrials
INEO,1933951,INNEOVA Holdings Ltd,5010,Wholesale-Motor Vehicles & Motor Vehicle Parts & Supplies,Other / Financial / Services
KPRX,1372514,KIORA PHARMACEUTICALS INC,2834,Pharmaceutical Preparations,Healthcare
NAMI,1967631,Jinxin Technology Holding Co,8200,Services-Educational Services,Healthcare
BANL,1914805,CBL International Ltd,5172,Wholesale-Petroleum & Petroleum Products (No Bulk Stations),Other / Financial / Services
PBM,1985062,PSYENCE BIOMEDICAL LTD.,2834,Pharmaceutical Preparations,Healthcare
JAGX,1585608,"Jaguar Health, Inc.",2834,Pharmaceutical Preparations,Healthcare
LHSW,2004024,Lianhe Sowell International Group Ltd,7372,Services-Prepackaged Software,Technology
ELOG,2013320,Eastern International Ltd.,4731,Arrangement of  Transportation of  Freight & Cargo,Other / Financial / Services
TOVX,894158,"Theriva Biologics, Inc.",2834,Pharmaceutical Preparations,Healthcare
CTGL,1498067,SKYTECH ORION GLOBAL CORP.,7372,Services-Prepackaged Software,Technology
BGI,1179821,BIRKS GROUP INC.,5944,Retail-Jewelry Stores,Retail
RMCF,1616262,"Rocky Mountain Chocolate Factory, Inc.",2060,Sugar & Confectionery Products,Consumer Goods
RVSN,1743905,Rail Vision Ltd.,3743,Railroad Equipment,Industrials
FCCI,1807689,"FAST CASUAL CONCEPTS, INC.",5810,Retail-Eating & Drinking Places,Retail
SFHG,1926792,SAMFINE CREATION HOLDINGS GROUP Ltd,2750,Commercial Printing,Manufacturing
PFHO,1138476,PACIFIC HEALTH CARE ORGANIZATION INC,8090,"Services-Misc Health & Allied Services, NEC",Healthcare
BMGL,2004489,Basel Medical Group Ltd,8011,Services-Offices & Clinics of  Doctors of  Medicine,Healthcare
CETY,1329606,"Clean Energy Technologies, Inc.",4924,Natural Gas Distribution,Energy
MSAI,1863990,"MultiSensor AI Holdings, Inc.",3827,Optical Instruments & Lenses,Manufacturing
GP,1584547,GREENPOWER MOTOR Co INC.,3713,Truck & Bus Bodies,Industrials
ECTM,1487798,ECA Marcellus Trust I,1311,Crude Petroleum & Natural Gas,Energy
SINT,1269026,"Sintx Technologies, Inc.",3841,Surgical & Medical Instruments & Apparatus,Healthcare
ELECF,1817083,Electric Royalties Ltd.,,,Unknown
VIZND,1704476,VISIONARY METALS CORP.,,,Unknown
CSAI,1709628,"CLOUDASTRUCTURE, INC.",7370,"Services-Computer Programming, Data Processing, Etc.",Technology
JPOTF,1061612,Jackpot Digital Inc.,7372,Services-Prepackaged Software,Technology
PUBC,1575858,Purebase Corp,2870,Agricultural Chemicals,Manufacturing
DFNS,1787518,T3 Defense Inc.,8742,Services-Management Consulting Services,Other / Financial / Services
LILIF,1689448,Argentina Lithium & Energy Corp.,,,Unknown
IMRN,1660046,Immuron Ltd,2834,Pharmaceutical Preparations,Healthcare
VTGN,1411685,"Vistagen Therapeutics, Inc.",2834,Pharmaceutical Preparations,Healthcare
APUS,1894525,"Apimeds Pharmaceuticals US, Inc.",2834,Pharmaceutical Preparations,Healthcare
MMTIF,1085921,MICROMEM TECHNOLOGIES INC,7371,Services-Computer Programming Services,Technology
HKPD,2007702,"Cellyan Biotechnology Co., Ltd",5122,"Wholesale-Drugs, Proprietaries & Druggists' Sundries",Other / Financial / Services
GMVMF,1495730,GMV Minerals Inc.,,,Unknown
BGL,2019435,Blue Gold Ltd,1000,Metal Mining,Other / Financial / Services
TWOH,1494413,Two Hands Corp,7389,"Services-Business Services, NEC",Other / Financial / Services
MILIF,1866460,Military Metals Corp.,,,Unknown
YNVYF,1427728,YNVISIBLE INTERACTIVE INC.,,,Unknown
GRNL,1282571,GREENLITE VENTURES INC,1000,Metal Mining,Other / Financial / Services
AIRE,1859199,reAlpha Tech Corp.,6500,Real Estate,Other / Financial / Services
XITO,1651932,"Xenous Holdings, Inc.",6770,Blank Checks,Other / Financial / Services
GARWF,1403870,Golden Arrow Resources Corp,,,Unknown
AWX,1061069,AVALON HOLDINGS CORP,4953,Refuse Systems,Other / Financial / Services
OST,1803407,"Ostin Technology Group Co., Ltd.",3679,"Electronic Components, NEC",Industrials
LZMH,1967397,LZ Technology Holdings Ltd,7371,Services-Computer Programming Services,Technology
NIMU,720762,NON INVASIVE MONITORING SYSTEMS INC /FL/,3760,Guided Missiles & Space Vehicles & Parts,Industrials
CVR,19871,CHICAGO RIVET & MACHINE CO,3540,Metalworkg Machinery & Equipment,Industrials
CMCT,908311,Creative Media & Community Trust Corp,6798,Real Estate Investment Trusts,Other / Financial / Services
CLEV,1414382,Concrete Leveling Systems Inc,3590,Misc Industrial & Commercial Machinery & Equipment,Industrials
CBAI,2082729,Coolbit Technologies Ltd,6199,Finance Services,Other / Financial / Services
TDTH,1983550,Trident Digital Tech Holdings Ltd,7389,"Services-Business Services, NEC",Other / Financial / Services
TKLF,1836242,"Tokyo Lifestyle Co., Ltd.",5990,"Retail-Retail Stores, NEC",Retail
GVH,1978527,Globavend Holdings Ltd,4731,Arrangement of  Transportation of  Freight & Cargo,Other / Financial / Services
BICX,1443863,BioCorRx Inc.,8093,"Services-Specialty Outpatient Facilities, NEC",Healthcare
GPMTF,1677084,GPM Metals Inc.,,,Unknown
IVDN,1190370,INNOVATIVE DESIGNS INC,2390,Miscellaneous Fabricated Textile Products,Consumer Goods
DKI,2058584,DarkIris Inc.,7372,Services-Prepackaged Software,Technology
LOBO,1932072,LOBO TECHNOLOGIES LTD.,3751,"Motorcycles, Bicycles & Parts",Industrials
NMEX,1415744,NORTHERN MINERALS & EXPLORATION LTD.,1040,Gold and Silver Ores,Other / Financial / Services
BNKK,1760903,"BONK, INC.",2844,"Perfumes, Cosmetics & Other Toilet Preparations",Manufacturing
BNET,875729,BION ENVIRONMENTAL TECHNOLOGIES INC,2870,Agricultural Chemicals,Manufacturing
LOTT,1568969,Techlott Inc.,7371,Services-Computer Programming Services,Technology
YMAT,1875016,"J-Star Holding Co., Ltd.",3949,"Sporting & Athletic Goods, NEC",Consumer Goods
PLCKF,1848782,Plurilock Security Inc.,,,Unknown
VSA,1592560,VisionSys AI Inc,8200,Services-Educational Services,Healthcare
AMS,744825,AMERICAN SHARED HOSPITAL SERVICES,8071,Services-Medical Laboratories,Healthcare
MARPS,62362,MARINE PETROLEUM TRUST,6792,Oil Royalty Traders,Other / Financial / Services
XELB,1083220,"XCel Brands, Inc.",6794,Patent Owners & Lessors,Other / Financial / Services
IFBD,1815566,"Infobird Co., Ltd",7372,Services-Prepackaged Software,Technology
LCTC,1493137,"Lifeloc Technologies, Inc",3826,Laboratory Analytical Instruments,Manufacturing
CODX,1692415,"Co-Diagnostics, Inc.",3841,Surgical & Medical Instruments & Apparatus,Healthcare
WXM,1979610,WF International Ltd.,1700,Construction - Special Trade Contractors,Other / Financial / Services
HWH,1897245,HWH International Inc.,5122,"Wholesale-Drugs, Proprietaries & Druggists' Sundries",Other / Financial / Services
AQMS,1621832,"Aqua Metals, Inc.",3341,Secondary Smelting & Refining of  Nonferrous Metals,Manufacturing
KWM,2000756,K Wave Media Ltd.,7819,Services-Allied To Motion Picture Production,Other / Financial / Services
RYOOF,1683274,Rio Silver Inc.,,,Unknown
HWKE,1750777,"Hawkeye Systems, Inc.",3861,Photographic Equipment & Supplies,Manufacturing
MTEX,1056358,MANNATECH INC,2833,Medicinal Chemicals & Botanical Products,Healthcare
MOJO,1414953,EQUATOR Beverage Co,2080,Beverages,Consumer Goods
MGNC,1949864,Mag Magna Corp,1400,Mining & Quarrying of  Nonmetallic Minerals (No Fuels),Other / Financial / Services
NXL,1527352,"Nexalin Technology, Inc.",3845,Electromedical & Electrotherapeutic Apparatus,Healthcare
UBXG,1888525,U-BX Technology Ltd.,7370,"Services-Computer Programming, Data Processing, Etc.",Technology
HLYK,1680139,HealthLynked Corp,8011,Services-Offices & Clinics of  Doctors of  Medicine,Healthcare
CVAT,1376793,"Cavitation Technologies, Inc.",700,Agricultural Services,Other / Financial / Services
JUNS,1679628,"JUPITER NEUROSCIENCES, INC.",2834,Pharmaceutical Preparations,Healthcare
OMH,1944902,Ohmyhome Ltd,6531,Real Estate Agents & Managers (For Others),Other / Financial / Services
QWTR,1487091,"Quest Water Global, Inc.",3585,Air-Cond & Warm Air Heatg Equip & Comm & Indl Refrig Equip,Industrials
AGRZ,2009233,Agroz Inc.,100,Agricultural Production-Crops,Other / Financial / Services
CRIS,1108205,CURIS INC,2836,"Biological Products, (No Diagnostic Substances)",Healthcare
GULTU,1565146,Gulf Coast Ultra Deep Royalty Trust,1311,Crude Petroleum & Natural Gas,Energy
FGI,1864943,FGI Industries Ltd.,3430,"Heating Equip, Except Elec & Warm Air; & Plumbing Fixtures",Manufacturing
VS,1701963,Versus Systems Inc.,7374,Services-Computer Processing & Data Preparation,Technology
MVO,1371782,MV Oil Trust,1311,Crude Petroleum & Natural Gas,Energy
MBAI,1610590,Check-Cap Ltd,3844,X-Ray Apparatus & Tubes & Related Irradiation Apparatus,Healthcare
PURE,1006028,"PURE BIOSCIENCE, INC.",2890,Miscellaneous Chemical Products,Manufacturing
CVKD,1937993,"Cadrenal Therapeutics, Inc.",2834,Pharmaceutical Preparations,Healthcare
APRE,1781983,"Aprea Therapeutics, Inc.",2834,Pharmaceutical Preparations,Healthcare
MTVA,1638287,MetaVia Inc.,2834,Pharmaceutical Preparations,Healthcare
SNTW,1619096,Summit Networks Inc.,4953,Refuse Systems,Other / Financial / Services
SPFX,1807893,"STANDARD PREMIUM FINANCE HOLDINGS, INC.",6159,Miscellaneous Business Credit Institution,Other / Financial / Services
CLNV,1391426,Clean Vision Corp,2860,Industrial Organic Chemicals,Manufacturing
ALTUF,1977971,Altura Energy Corp.,,,Unknown
FEBO,1957001,Fenbo Holdings Ltd,3634,Electric Housewares & Fans,Industrials
JCTC,885307,JEWETT CAMERON TRADING CO LTD,5211,Retail-Lumber & Other Building Materials Dealers,Retail
SDCH,1022505,"SideChannel, Inc.",7374,Services-Computer Processing & Data Preparation,Technology
HSCS,1468492,HeartSciences Inc.,3842,"Orthopedic, Prosthetic & Surgical Appliances & Supplies",Healthcare
ADVB,1941029,Advanced Biomed Inc.,8071,Services-Medical Laboratories,Healthcare
CPIVF,1712294,CAPTIVA VERDE WELLNESS CORP.,,,Unknown
SBDS,1870600,"Solo Brands, Inc.",3949,"Sporting & Athletic Goods, NEC",Consumer Goods
FTRK,2027262,Fast Track Group,7900,Services-Amusement & Recreation Services,Other / Financial / Services
KPEA,1502557,Kun Peng International Ltd.,8200,Services-Educational Services,Healthcare
QNRX,1671502,"Quoin Pharmaceuticals, Ltd.",2834,Pharmaceutical Preparations,Healthcare
VRME,1104038,"VerifyMe, Inc.",6199,Finance Services,Other / Financial / Services
YYAI,1674440,AIRWA INC.,7370,"Services-Computer Programming, Data Processing, Etc.",Technology
INM,1728328,InMed Pharmaceuticals Inc.,2834,Pharmaceutical Preparations,Healthcare
SUND,1171838,"Sundance Strategies, Inc.",6411,"Insurance Agents, Brokers & Service",Other / Financial / Services
CMHSF,1889352,COMPREHENSIVE HEALTHCARE SYSTEMS INC. (CANADA),,,Unknown
BRTX,1505497,"BioRestorative Therapies, Inc.",8090,"Services-Misc Health & Allied Services, NEC",Healthcare
HTOO,1819794,Fusion Fuel Green PLC,3590,Misc Industrial & Commercial Machinery & Equipment,Industrials
ZCRMF,1425061,ZINCORE METALS INC,,,Unknown
NCL,1923780,Northann Corp.,3089,"Plastics Products, NEC",Manufacturing
BTTC,2034400,Black Titan Corp,7371,Services-Computer Programming Services,Technology
VNTXF,1754180,FORTE GROUP HOLDINGS INC.,,,Unknown
APMCF,1628935,MORIEN RESOURCES CORP.,,,Unknown
SURG,1392694,"SurgePays, Inc.",4813,Telephone Communications (No Radiotelephone),Other / Financial / Services
CCOOF,1853599,CORE SILVER CORP.,,,Unknown
APCX,1070050,AppTech Payments Corp.,7372,Services-Prepackaged Software,Technology
JZ,1852440,Jianzhi Education Technology Group Co Ltd,8200,Services-Educational Services,Healthcare
IMNN,749647,"Imunon, Inc.",2834,Pharmaceutical Preparations,Healthcare
DTSS,2110423,Datasea Intelligent Technology Ltd.,7372,Services-Prepackaged Software,Technology
SCND,87802,SCIENTIFIC INDUSTRIES INC,3826,Laboratory Analytical Instruments,Manufacturing
YCBD,1644903,"cbdMD, Inc.",2844,"Perfumes, Cosmetics & Other Toilet Preparations",Manufacturing
SYBX,1527599,"SYNLOGIC, INC.",2834,Pharmaceutical Preparations,Healthcare
KTEL,845819,"KonaTel, Inc.",4899,"Communications Services, NEC",Other / Financial / Services
RNAZ,1829635,"Transcode Therapeutics, Inc.",2834,Pharmaceutical Preparations,Healthcare
EWSB,2013792,"EWSB Bancorp, Inc. /MD/",6036,"Savings Institutions, Not Federally Chartered",Other / Financial / Services
UUUFF,2056751,Recharge Resources Ltd.,,,Unknown
CENN,1707919,Cenntro Inc.,3711,Motor Vehicles & Passenger Car Bodies,Industrials
SOAR,1853070,"Volato Group, Inc.",4522,"Air Transportation, Nonscheduled",Other / Financial / Services
HUBC,1905660,Hub Cyber Security Ltd.,3576,Computer Communications Equipment,Technology
BBBMF,1829809,Lux Metals Corp.,,,Unknown
CGDCF,1342325,Carlin Gold Corp,,,Unknown
JTAI,1861622,Jet.AI Inc.,4522,"Air Transportation, Nonscheduled",Other / Financial / Services
KLYG,1372114,"Kelyniam Global, Inc.",8711,Services-Engineering Services,Healthcare
XWEL,1410428,"XWELL, Inc.",7200,Services-Personal Services,Other / Financial / Services
GNVR,1792941,Genvor Inc,100,Agricultural Production-Crops,Other / Financial / Services
ASBP,1847345,"Aspire Biopharma Holdings, Inc.",2834,Pharmaceutical Preparations,Healthcare
AMLM,1356371,"AMERICAN LITHIUM MINERALS, INC.",1000,Metal Mining,Other / Financial / Services
GLXG,1905920,Galaxy Payroll Group Ltd,8700,"Services-Engineering, Accounting, Research, Management",Healthcare
YHGJ,1042187,YUNHONG GREEN CTI LTD.,3060,"Fabricated Rubber Products, NEC",Manufacturing
QURT,1549631,"Quarta-Rad, Inc.",3823,"Industrial Instruments For Measurement, Display, and Control",Manufacturing
BCUFF,1477201,Bell Copper Corp,,,Unknown
ARBB,1930179,ARB IOT Group Ltd,7373,Services-Computer Integrated Systems Design,Technology
UK,1821424,Ucommune International Ltd,7389,"Services-Business Services, NEC",Other / Financial / Services
KAPA,1962011,"Kairos Pharma, LTD.",2834,Pharmaceutical Preparations,Healthcare
ILAG,1814963,Intelligent Living Application Group Inc.,2540,"Partitions, Shelvg, Lockers, & of fice & Store Fixtures",Consumer Goods
ITOC,1970544,iTonic Holdings Ltd,3845,Electromedical & Electrotherapeutic Apparatus,Healthcare
RIME,923601,"Algorhythm Holdings, Inc.",7373,Services-Computer Integrated Systems Design,Technology
DLXY,2025218,Delixy Holdings Ltd,5172,Wholesale-Petroleum & Petroleum Products (No Bulk Stations),Other / Financial / Services
KXIN,1713539,Kaixin Holdings,5500,Retail-Auto Dealers & Gasoline Stations,Retail
AIM,946644,AIM ImmunoTech Inc.,2836,"Biological Products, (No Diagnostic Substances)",Healthcare
CYDX,1388994,"CYduct Diagnostics, Inc.",,,Unknown
NIOMF,1937453,First American Uranium Inc.,,,Unknown
MSN,32621,EMERSON RADIO CORP,3651,Household Audio & Video Equipment,Industrials
GMM,1913749,Global Mofy AI Ltd,7370,"Services-Computer Programming, Data Processing, Etc.",Technology
MTEN,1948099,Mingteng International Corp Inc.,3442,"Metal Doors, Sash, Frames, Moldings & Trim",Manufacturing
TRIB,888721,TRINITY BIOTECH PLC,2835,In Vitro & In Vivo Diagnostic Substances,Healthcare
DTST,1419951,Data Storage Corp,7374,Services-Computer Processing & Data Preparation,Technology
GITS,1911545,"Global Interactive Technologies, Inc.",7370,"Services-Computer Programming, Data Processing, Etc.",Technology
NVNO,1661053,enVVeno Medical Corp,3841,Surgical & Medical Instruments & Apparatus,Healthcare
CGTL,1967822,Creative Global Technology Holdings Ltd,5045,Wholesale-Computers & Peripheral Equipment & Software,Other / Financial / Services
MRM,1819704,Medirom Healthcare Technologies Inc.,7200,Services-Personal Services,Other / Financial / Services
CNSP,1729427,"CNS Pharmaceuticals, Inc.",2834,Pharmaceutical Preparations,Healthcare
GCDT,1926293,Green Circle Decarbonize Technology Ltd,3585,Air-Cond & Warm Air Heatg Equip & Comm & Indl Refrig Equip,Industrials
AHNRF,1304409,ATHENA GOLD CORP,1040,Gold and Silver Ores,Other / Financial / Services
PMCB,1157075,"PharmaCyte Biotech, Inc.",2836,"Biological Products, (No Diagnostic Substances)",Healthcare
FAMI,1701261,"Farmmi, Inc.",2033,"Canned, Fruits, Veg, Preserves, Jams & Jellies",Consumer Goods
RVPH,1742927,"REVIVA PHARMACEUTICALS HOLDINGS, INC.",2834,Pharmaceutical Preparations,Healthcare
VYND,1745078,"Vynleads, Inc.",7200,Services-Personal Services,Other / Financial / Services
MCUJF,1133519,MEDICURE INC,2834,Pharmaceutical Preparations,Healthcare
TGL,1905956,TREASURE GLOBAL INC,7389,"Services-Business Services, NEC",Other / Financial / Services
AITTF,1520556,TRENCHANT TECHNOLOGIES CAPITAL CORP.,,,Unknown
WGRX,2030763,"Wellgistics Health, Inc.",5122,"Wholesale-Drugs, Proprietaries & Druggists' Sundries",Other / Financial / Services
NVVE,1836875,Nuvve Holding Corp.,3690,"Miscellaneous Electrical Machinery, Equipment & Supplies",Industrials
GLE,1908705,Global Engine Group Holding Ltd,7374,Services-Computer Processing & Data Preparation,Technology
EDHL,2024876,Everbright Digital Holding Ltd.,7310,Services-Advertising,Other / Financial / Services
BRGX,1593184,"BIOREGENX, INC.",7370,"Services-Computer Programming, Data Processing, Etc.",Technology
HXHX,1936817,Haoxin Holdings Ltd,4210,Trucking & Courier Services (No Air),Other / Financial / Services
HCWB,1828673,HCW Biologics Inc.,2834,Pharmaceutical Preparations,Healthcare
AIDX,1139685,"20/20 Biolabs, Inc.",8734,Services-Testing Laboratories,Healthcare
ADXN,1574232,Addex Therapeutics Ltd.,2834,Pharmaceutical Preparations,Healthcare
SNES,1680378,"SenesTech, Inc.",2870,Agricultural Chemicals,Manufacturing
KITT,1849820,"Nauticus Robotics, Inc.",3569,"General Industrial Machinery & Equipment, NEC",Industrials
BOLT,1641281,"Bolt Biotherapeutics, Inc.",2834,Pharmaceutical Preparations,Healthcare
CMBMF,1738177,Cambium Networks Corp,3663,Radio & Tv Broadcasting & Communications Equipment,Industrials
BRQL,1854526,DYNAMIC AEROSPACE SYSTEMS Corp,3721,Aircraft,Industrials
LUCY,1808377,Innovative Eyewear Inc,3851,Ophthalmic Goods,Manufacturing
INNPF,1889791,INNOCAN PHARMA Corp,2834,Pharmaceutical Preparations,Healthcare
SPHL,2002236,SPRINGVIEW HOLDINGS LTD,1520,General Bldg Contractors - Residential Bldgs,Other / Financial / Services
CPOP,1807389,"Pop Culture Group Co., Ltd",7900,Services-Amusement & Recreation Services,Other / Financial / Services
EUEMF,1993599,European Energy Metals Corp.,,,Unknown
FBGL,1938534,FBS Global Ltd,1520,General Bldg Contractors - Residential Bldgs,Other / Financial / Services
YJ,1759614,Yunji Inc.,5990,"Retail-Retail Stores, NEC",Retail
AUUD,1554818,AUDDIA INC.,7374,Services-Computer Processing & Data Preparation,Technology
THURF,1536811,Thunderstruck Resources Ltd.,,,Unknown
BNZI,1826011,"Banzai International, Inc.",7372,Services-Prepackaged Software,Technology
CANF,1536196,Can-Fite BioPharma Ltd.,2834,Pharmaceutical Preparations,Healthcare
SYRA,1922335,Syra Health Corp,7361,Services-Employment Agencies,Other / Financial / Services
IMIMF,1866146,Interra Copper Corp.,,,Unknown
TRLEF,1648636,Trillion Energy International Inc.,1311,Crude Petroleum & Natural Gas,Energy
ACON,1635077,"Aclarion, Inc.",8071,Services-Medical Laboratories,Healthcare
AVCRF,1355736,Avricore Health Inc.,2834,Pharmaceutical Preparations,Healthcare
TRBMF,1406944,TORQ RESOURCES INC.,,,Unknown
WAFU,1716770,Wah Fu Education Group Ltd,8200,Services-Educational Services,Healthcare
NXTC,1661059,"NextCure, Inc.",2834,Pharmaceutical Preparations,Healthcare
IONI,1580490,I-ON Digital Corp.,6199,Finance Services,Other / Financial / Services
SERPY,2075349,Top End Energy Ltd/ADR,,,Unknown
NDRA,1681682,ENDRA Life Sciences Inc.,3845,Electromedical & Electrotherapeutic Apparatus,Healthcare
SYNX,1976443,Silynxcom Ltd.,3651,Household Audio & Video Equipment,Industrials
HIRU,925779,HIRU Corp,5812,Retail-Eating  Places,Retail
CLGN,1631487,CollPlant Biotechnologies Ltd,3842,"Orthopedic, Prosthetic & Surgical Appliances & Supplies",Healthcare
GAUZ,1781446,Gauzy Ltd.,3690,"Miscellaneous Electrical Machinery, Equipment & Supplies",Industrials
MMTRS,66496,MILLS MUSIC TRUST,6794,Patent Owners & Lessors,Other / Financial / Services
PMNT,1849221,Perfect Moment Ltd.,2300,Apparel & Other Finishd Prods of  Fabrics & Similar Matl,Consumer Goods
ERNA,748592,Ernexa Therapeutics Inc.,2834,Pharmaceutical Preparations,Healthcare
JCSE,1905511,JE Cleantech Holdings Ltd,3990,Miscellaneous Manufacturing Industries,Manufacturing
LIMN,1971387,"Liminatus Pharma, Inc.",2836,"Biological Products, (No Diagnostic Substances)",Healthcare
CRWE,1103833,"Crown Equity Holdings, Inc.",5734,Retail-Computer & Computer Software Stores,Retail
WLFFF,1544883,Wolfden Resources Corp,,,Unknown
XTLB,1023549,XTL BIOPHARMACEUTICALS LTD,2834,Pharmaceutical Preparations,Healthcare
CRE,2003977,Cre8 Enterprise Ltd,2750,Commercial Printing,Manufacturing
DXYN,29332,DIXIE GROUP INC,2273,Carpets & Rugs,Consumer Goods
ROYL,1694617,"Royale Energy, Inc.",1311,Crude Petroleum & Natural Gas,Energy
BTBD,1718224,"BT Brands, Inc.",5812,Retail-Eating  Places,Retail
IQST,1527702,iQSTEL Inc,4813,Telephone Communications (No Radiotelephone),Other / Financial / Services
GDC,1641398,GD Culture Group Ltd,5050,Wholesale-Metals & Minerals (No Petroleum),Other / Financial / Services
MSGY,2020228,Masonglory Ltd,1700,Construction - Special Trade Contractors,Other / Financial / Services
VSBGF,1757207,VSBLTY GROUPE TECHNOLOGIES CORP.,,,Unknown
AMST,1807166,Amesite Inc.,7372,Services-Prepackaged Software,Technology
SKAS,1128281,"Saker Aviation Services, Inc.",4581,"Airports, Flying Fields & Airport Terminal Services",Other / Financial / Services
TANH,1588084,TANTECH HOLDINGS LTD,2860,Industrial Organic Chemicals,Manufacturing
AMBO,1494558,Ambow Education Holding Ltd.,8200,Services-Educational Services,Healthcare
AIXN,835662,"AiXin Life International, Inc.",5912,Retail-Drug Stores and Proprietary Stores,Retail
OCLN,1419793,"ORIGINCLEAR, INC.",3559,"Special Industry Machinery, NEC",Industrials
SKFG,1794942,"Stark Focus Group, Inc.",5130,"Wholesale-Apparel, Piece Goods & Notions",Other / Financial / Services
CETI,1935092,"Cyber Enviro-Tech, Inc.",3690,"Miscellaneous Electrical Machinery, Equipment & Supplies",Industrials
SILO,1514183,"Silo Pharma, Inc.",2834,Pharmaceutical Preparations,Healthcare
DQWS,1652561,DSwiss Inc,2844,"Perfumes, Cosmetics & Other Toilet Preparations",Manufacturing
ACXP,1736243,"Acurx Pharmaceuticals, Inc.",2834,Pharmaceutical Preparations,Healthcare
HGTXU,862022,HUGOTON ROYALTY TRUST,6792,Oil Royalty Traders,Other / Financial / Services
MFBI,2024899,"Monroe Federal Bancorp, Inc.",6035,"Savings Institution, Federally Chartered",Other / Financial / Services
APM,1734005,Aptorum Group Ltd,3829,"Measuring & Controlling Devices, NEC",Manufacturing
PULM,1574235,"Pulmatrix, Inc.",2834,Pharmaceutical Preparations,Healthcare
CURX,2025942,Curanex Pharmaceuticals Inc,2834,Pharmaceutical Preparations,Healthcare
BCAB,1826892,"BioAtla, Inc.",2836,"Biological Products, (No Diagnostic Substances)",Healthcare
URZEF,1398713,URZ3 ENERGY CORP.,,,Unknown
MGRX,1938046,"MANGOCEUTICALS, INC.",8090,"Services-Misc Health & Allied Services, NEC",Healthcare
XBIO,1534525,"Xenetic Biosciences, Inc.",2834,Pharmaceutical Preparations,Healthcare
JYD,1938186,Jayud Global Logistics Ltd,4731,Arrangement of  Transportation of  Freight & Cargo,Other / Financial / Services
NTCL,1927578,NetClass Technology Inc,7372,Services-Prepackaged Software,Technology
HWNI,1413891,"HIGH WIRE NETWORKS, INC.",4813,Telephone Communications (No Radiotelephone),Other / Financial / Services
CEIN,1309082,"CAMBER ENERGY, INC.",1311,Crude Petroleum & Natural Gas,Energy
GOVX,832489,"GeoVax Labs, Inc.",2834,Pharmaceutical Preparations,Healthcare
CWD,1627282,CaliberCos Inc.,6500,Real Estate,Other / Financial / Services
PIAC,845385,PRINCETON CAPITAL CORP,,,Unknown
VVOS,1716166,"Vivos Therapeutics, Inc.",3841,Surgical & Medical Instruments & Apparatus,Healthcare
ADIL,1513525,"ADIAL PHARMACEUTICALS, INC.",2834,Pharmaceutical Preparations,Healthcare
BABB,1123596,"BAB, INC.",5812,Retail-Eating  Places,Retail
POLA,1622345,"Polar Power, Inc.",3690,"Miscellaneous Electrical Machinery, Equipment & Supplies",Industrials
MEGL,1881472,Magic Empire Global Ltd,6199,Finance Services,Other / Financial / Services
EVGN,1574565,Evogene Ltd.,2870,Agricultural Chemicals,Manufacturing
XCRT,1138586,"Xcelerate, Inc.",8000,Services-Health Services,Healthcare
MWG,1941500,Multi Ways Holdings Ltd,3990,Miscellaneous Manufacturing Industries,Manufacturing
ORKT,1979407,ORANGEKLOUD TECHNOLOGY INC.,7372,Services-Prepackaged Software,Technology
WOK,1929783,WORK Medical Technology Group LTD,3841,Surgical & Medical Instruments & Apparatus,Healthcare
PCSA,1533743,"Processa Pharmaceuticals, Inc.",2834,Pharmaceutical Preparations,Healthcare
DSNY,1099369,DESTINY MEDIA TECHNOLOGIES INC,7372,Services-Prepackaged Software,Technology
ZDPY,1279620,"Zoned Properties, Inc.",6512,Opeators of  Nonresidential Buildings,Other / Financial / Services
GNPX,1595248,"Genprex, Inc.",2834,Pharmaceutical Preparations,Healthcare
IPDN,1546296,"Professional Diversity Network, Inc.",7370,"Services-Computer Programming, Data Processing, Etc.",Technology
MITQ,1770236,MOVING iMAGE TECHNOLOGIES INC.,3861,Photographic Equipment & Supplies,Manufacturing
SONM,1178697,"DNA X, Inc.",3661,Telephone & Telegraph Apparatus,Industrials
SNOA,1367083,"Sonoma Pharmaceuticals, Inc.",3841,Surgical & Medical Instruments & Apparatus,Healthcare
XAIR,1641631,"Beyond Air, Inc.",3841,Surgical & Medical Instruments & Apparatus,Healthcare
MASK,1993097,3 E Network Technology Group Ltd,7371,Services-Computer Programming Services,Technology
MIMI,1998560,Mint Inc Ltd,7389,"Services-Business Services, NEC",Other / Financial / Services
KRTL,1288614,KRTL Holding Group Inc,,,Unknown
MTR,313364,MESA ROYALTY TRUST/TX,6792,Oil Royalty Traders,Other / Financial / Services
GURE,885462,"GULF RESOURCES, INC.",2800,Chemicals & Allied Products,Manufacturing
CELZ,1187953,"CREATIVE MEDICAL TECHNOLOGY HOLDINGS, INC.",2836,"Biological Products, (No Diagnostic Substances)",Healthcare
STME,1493712,Stimcell Energetics Inc.,3841,Surgical & Medical Instruments & Apparatus,Healthcare
ONEI,1388295,OneMeta Inc.,7374,Services-Computer Processing & Data Preparation,Technology
BQ,1815021,Boqii Holding Ltd,5990,"Retail-Retail Stores, NEC",Retail
RMSG,1983324,Real Messenger Corp,7370,"Services-Computer Programming, Data Processing, Etc.",Technology
MHUAF,1835615,"Meihua International Medical Technologies Co., Ltd.",3841,Surgical & Medical Instruments & Apparatus,Healthcare
GELS,1920092,Gelteq Ltd,2834,Pharmaceutical Preparations,Healthcare
DSS,771999,"DSS, INC.",2650,Paperboard Containers & Boxes,Manufacturing
SSM,1840416,Sono Group N.V.,6199,Finance Services,Other / Financial / Services
GLGI,1088413,"GREYSTONE LOGISTICS, INC.",3559,"Special Industry Machinery, NEC",Industrials
HAMRF,1868866,SILVER HAMMER MINING CORP,,,Unknown
CCHH,2074123,CCH Holdings Ltd,5812,Retail-Eating  Places,Retail
GLNS,1375348,Golden Star Resource Corp.,1090,Miscellaneous Metal Ores,Other / Financial / Services
SNTG,1810467,Sentage Holdings Inc.,6199,Finance Services,Other / Financial / Services
NCNA,1709626,NuCana plc,2834,Pharmaceutical Preparations,Healthcare
FASLF,1731854,First Andes Silver Ltd.,,,Unknown
SABOF,1896752,Sabio Holdings Inc.,,,Unknown
NTRX,1363598,"Entrex Carbon Market, Inc.",5712,Retail-Furniture Stores,Retail
OLOX,1023994,OLENOX INDUSTRIES INC.,5030,Wholesale-Lumber & Other Construction Materials,Other / Financial / Services
ALP,1095435,Alpha Compute Corp,6199,Finance Services,Other / Financial / Services
BKYI,1019034,BIO KEY INTERNATIONAL INC,7372,Services-Prepackaged Software,Technology
ENVB,890821,"Enveric Biosciences, Inc.",2834,Pharmaceutical Preparations,Healthcare
CTNT,1951667,CHEETAH NET SUPPLY CHAIN SERVICE INC.,5010,Wholesale-Motor Vehicles & Motor Vehicle Parts & Supplies,Other / Financial / Services
KIQSF,1161814,KELSO TECHNOLOGIES INC,3743,Railroad Equipment,Industrials
LTUM,1415332,Lithium Corp,1000,Metal Mining,Other / Financial / Services
ADMQ,1588014,"ADM ENDEAVORS, INC.",7310,Services-Advertising,Other / Financial / Services
TDIC,2041338,Dreamland Ltd,8741,Services-Management Services,Healthcare
ZSTK,1790169,ZeroStack Corp.,5122,"Wholesale-Drugs, Proprietaries & Druggists' Sundries",Other / Financial / Services
CYCU,1868419,"Cycurion, Inc.",7371,Services-Computer Programming Services,Technology
SRRE,1083490,SUNRISE REAL ESTATE GROUP INC,6513,Operators of  Apartment Buildings,Other / Financial / Services
DFSC,1889823,DEFSEC Technologies Inc.,7372,Services-Prepackaged Software,Technology
CRCW,1688126,Crypto Co,7374,Services-Computer Processing & Data Preparation,Technology
KRKR,1779476,36Kr Holdings Inc.,7389,"Services-Business Services, NEC",Other / Financial / Services
SNGX,812796,"SOLIGENIX, INC.",2834,Pharmaceutical Preparations,Healthcare
MBIO,1680048,"MUSTANG BIO, INC.",2834,Pharmaceutical Preparations,Healthcare
EHGO,1879754,EShallGo Inc.,7359,"Services-Equipment Rental & Leasing, NEC",Other / Financial / Services
NVGLF,1607807,NV Gold Corp,,,Unknown
CDIO,1870144,"Cardio Diagnostics Holdings, Inc.",2835,In Vitro & In Vivo Diagnostic Substances,Healthcare
LCFY,1875547,Locafy Ltd,7370,"Services-Computer Programming, Data Processing, Etc.",Technology
VSEE,1864531,"VSEE HEALTH, INC.",8000,Services-Health Services,Healthcare
AKAN,1888014,AKANDA CORP.,2833,Medicinal Chemicals & Botanical Products,Healthcare
BLIS,1703625,"NAPC Defense, Inc.",7310,Services-Advertising,Other / Financial / Services
RENX,1959023,RenX Enterprises Corp.,4953,Refuse Systems,Other / Financial / Services
MLEC,1937737,Moolec Science SA,2000,Food and Kindred Products,Consumer Goods
INTJ,1916416,Intelligent Group Ltd,8742,Services-Management Consulting Services,Other / Financial / Services
DRMA,1853816,"Dermata Therapeutics, Inc.",2834,Pharmaceutical Preparations,Healthcare
YDKG,1413745,Yueda Digital Holding,7311,Services-Advertising Agencies,Other / Financial / Services
AAMTF,1327899,Armada Mercantile Ltd,,,Unknown
BMRA,73290,BIOMERICA INC,2835,In Vitro & In Vivo Diagnostic Substances,Healthcare
NXTS,1789192,Nexentis Technologies Inc.,2834,Pharmaceutical Preparations,Healthcare
EJH,1769768,E-Home Household Service Holdings Ltd,7600,Services-Miscellaneous Repair Services,Other / Financial / Services
AREB,1648087,AMERICAN REBEL HOLDINGS INC,3490,Miscellaneous Fabricated Metal Products,Manufacturing
DXST,1958133,Decent Holding Inc.,4950,Sanitary Services,Other / Financial / Services
ITHR,1919191,"Intelithrive, Inc.",3690,"Miscellaneous Electrical Machinery, Equipment & Supplies",Industrials
INBS,1725430,INTELLIGENT BIO SOLUTIONS INC.,3841,Surgical & Medical Instruments & Apparatus,Healthcare
CDTG,1793895,CDT Environmental Technology Investment Holdings Ltd,4950,Sanitary Services,Other / Financial / Services
CNFN,1352952,CFN Enterprises Inc.,7389,"Services-Business Services, NEC",Other / Financial / Services
NBLXF,1813419,Noble Plains Uranium Corp.,,,Unknown
HCWC,1948864,HEALTHY CHOICE WELLNESS CORP.,5411,Retail-Grocery Stores,Retail
OBULF,1927026,One Bullion Ltd,,,Unknown
AMZE,1880343,"AMAZE HOLDINGS, INC.",5961,Retail-Catalog & Mail-Order Houses,Retail
WAST,1515139,WASTE ENERGY CORP.,7389,"Services-Business Services, NEC",Other / Financial / Services
NXGL,1468929,"NEXGEL, INC.",3841,Surgical & Medical Instruments & Apparatus,Healthcare
WYGC,723533,Wenyuan Group Corp.,8742,Services-Management Consulting Services,Other / Financial / Services
TCRI,1481443,"TechCom, Inc.",6770,Blank Checks,Other / Financial / Services
VEST,1594968,Loan Artificial Intelligence Corp.,7900,Services-Amusement & Recreation Services,Other / Financial / Services
FMFC,2024656,Kandal M Venture Ltd,3100,Leather & Leather Products,Manufacturing
FCHDF,2048847,Fairchild Gold Corp.,,,Unknown
INBP,1016504,INTEGRATED BIOPHARMA INC,2834,Pharmaceutical Preparations,Healthcare
ELAB,1840563,PMGC Holdings Inc.,2834,Pharmaceutical Preparations,Healthcare
IWSH,1279715,"Wright Investors Service Holdings, Inc.",6282,Investment Advice,Other / Financial / Services
HVGDF,921968,HARVEST GOLD CORP,,,Unknown
CREG,721693,Smart Powerr Corp.,7389,"Services-Business Services, NEC",Other / Financial / Services
BGMS,1130166,"Bio Green Med Solution, Inc.",5099,"Wholesale-Durable Goods, NEC",Other / Financial / Services
LTHIF,1364252,InZinc Mining Ltd.,,,Unknown
PAVS,1751876,Paranovus Entertainment Technology Ltd.,7374,Services-Computer Processing & Data Preparation,Technology
TCRT,1107421,"Alaunos Therapeutics, Inc.",2834,Pharmaceutical Preparations,Healthcare
KWIK,1884164,"KwikClick, Inc.",7374,Services-Computer Processing & Data Preparation,Technology
OLB,1314196,"OLB GROUP, INC.",7389,"Services-Business Services, NEC",Other / Financial / Services
CHNR,793628,CHINA NATURAL RESOURCES INC,1040,Gold and Silver Ores,Other / Financial / Services
BIAF,1712762,"bioAffinity Technologies, Inc.",8731,Services-Commercial Physical & Biological Research,Healthcare
EGMCF,1199392,EMERGENT METALS CORP.,1000,Metal Mining,Other / Financial / Services
BASA,1448705,"BASANITE, INC.",3990,Miscellaneous Manufacturing Industries,Manufacturing
SLE,1621672,"Super League Enterprise, Inc.",7373,Services-Computer Integrated Systems Design,Technology
NWGL,1948294,CL Workshop Group Ltd,2400,Lumber & Wood Products (No Furniture),Manufacturing
FWFW,1492617,"FLYWHEEL ADVANCED TECHNOLOGY, INC.",7380,Services-Miscellaneous Business Services,Other / Financial / Services
WNW,1787803,Meiwu Technology Co Ltd,2840,"Soap, Detergents, Cleang Preparations, Perfumes, Cosmetics",Manufacturing
BMXI,1122993,BROOKMOUNT EXPLORATIONS INC,1400,Mining & Quarrying of  Nonmetallic Minerals (No Fuels),Other / Financial / Services
JWEL,1805594,Jowell Global Ltd.,5960,Retail-Nonstore Retailers,Retail
CYAB,2032341,"CYABRA, INC.",7372,Services-Prepackaged Software,Technology
APVO,1671584,Aptevo Therapeutics Inc.,2834,Pharmaceutical Preparations,Healthcare
MTNB,1582554,"Matinas BioPharma Holdings, Inc.",2834,Pharmaceutical Preparations,Healthcare
TWAV,746210,"TaoWeave, Inc.",7370,"Services-Computer Programming, Data Processing, Etc.",Technology
LMRMF,1588837,Lomiko Metals Inc.,,,Unknown
NIVF,1981662,NewGenIvf Group Ltd,8090,"Services-Misc Health & Allied Services, NEC",Healthcare
CIIT,1557798,"Tianci International, Inc.",3576,Computer Communications Equipment,Technology
POAS,2024258,PHAOS TECHNOLOGY HOLDINGS (CAYMAN) Ltd,3823,"Industrial Instruments For Measurement, Display, and Control",Manufacturing
AMBIQ,1937441,Ambipar Emergency Response,4955,Hazardous Waste Management,Other / Financial / Services
AWLIF,1866034,Ameriwest Critical Metals Inc.,,,Unknown
AZI,1959726,Autozi Internet Technology (Global) Ltd.,7500,"Services-Automotive Repair, Services & Parking",Other / Financial / Services
ZPHYF,1613979,ZEPHYR MINERALS LTD.,,,Unknown
FBLG,1958777,"FibroBiologics, Inc.",2834,Pharmaceutical Preparations,Healthcare
AQB,1603978,AQUABOUNTY TECHNOLOGIES INC,900,"Fishing, Hunting and Trapping",Other / Financial / Services
SMTK,1817760,"SmartKem, Inc.",3674,Semiconductors & Related Devices,Industrials
CPMV,836564,Mosaic ImmunoEngineering Inc.,2836,"Biological Products, (No Diagnostic Substances)",Healthcare
ABVEF,1979484,Above Food Ingredients Inc.,2000,Food and Kindred Products,Consumer Goods
LABT,2079272,Lakewood-Amedex Biotherapeutics Inc.,2834,Pharmaceutical Preparations,Healthcare
OFAL,2036307,OFA Group,8711,Services-Engineering Services,Healthcare
WAI,1938865,Top KingWin Ltd,7389,"Services-Business Services, NEC",Other / Financial / Services
FRSX,1691221,Foresight Autonomous Holdings Ltd.,7372,Services-Prepackaged Software,Technology
SVBL,1031093,"SILVER BULL RESOURCES, INC.",1000,Metal Mining,Other / Financial / Services
ALZN,1677077,"Alzamend Neuro, Inc.",2834,Pharmaceutical Preparations,Healthcare
GPOX,1673475,"GPO Plus, Inc.",8900,"Services-Services, NEC",Healthcare
HTCR,1892322,"HeartCore Enterprises, Inc.",7374,Services-Computer Processing & Data Preparation,Technology
EEIQ,1781397,EpicQuest Education Group International Ltd,8200,Services-Educational Services,Healthcare
SRCO,318299,"SPARTA COMMERCIAL SERVICES, INC.",7389,"Services-Business Services, NEC",Other / Financial / Services
VERTF,1178526,Vertiqal Studios Corp.,,,Unknown
CETX,1435064,CEMTREX INC,1700,Construction - Special Trade Contractors,Other / Financial / Services
SBFM,1402328,Sunshine Biopharma Inc.,2834,Pharmaceutical Preparations,Healthcare
CVSI,1510964,"CV Sciences, Inc.",2834,Pharmaceutical Preparations,Healthcare
LBGJ,1896425,Li Bang International Corp Inc.,3580,Refrigeration & Service Industry Machinery,Industrials
SVRE,1894693,SaverOne 2014 Ltd.,7371,Services-Computer Programming Services,Technology
SCKT,944075,"SOCKET MOBILE, INC.",3571,Electronic Computers,Technology
BUDZ,1393772,"WEED, INC.",8731,Services-Commercial Physical & Biological Research,Healthcare
ROIUF,1736289,Route1 Inc.,,,Unknown
GHST,1121795,GHST World Inc.,7372,Services-Prepackaged Software,Technology
VSME,1951294,VS MEDIA Holdings Ltd,7311,Services-Advertising Agencies,Other / Financial / Services
YYGH,1985337,YY Group Holding Ltd.,7363,Services-Help Supply Services,Other / Financial / Services
CTTH,1035422,"CTT PHARMACEUTICAL HOLDINGS, INC.",2834,Pharmaceutical Preparations,Healthcare
SPTY,1840102,"SPECIFICITY, INC.",7311,Services-Advertising Agencies,Other / Financial / Services
MGN,1995075,Megan Holdings Ltd.,200,Agricultural Prod-Livestock & Animal Specialties,Other / Financial / Services
XPON,1894954,Expion360 Inc.,3690,"Miscellaneous Electrical Machinery, Equipment & Supplies",Industrials
BGLC,1737523,BioNexus Gene Lab Corp,8071,Services-Medical Laboratories,Healthcare
NVSGF,1415758,Nevada Sunrise Metals Corp.,,,Unknown
RHEP,1004724,"REGIONAL HEALTH PROPERTIES, INC",6519,"Lessors of  Real Property, NEC",Other / Financial / Services
WBUY,1946703,WEBUY GLOBAL LTD,5900,Retail-Miscellaneous Retail,Retail
APTOF,882361,Aptose Biosciences Inc.,2836,"Biological Products, (No Diagnostic Substances)",Healthcare
GLMD,1595353,Galmed Pharmaceuticals Ltd.,2834,Pharmaceutical Preparations,Healthcare
RMSL,1412126,RemSleep Holdings Inc.,7200,Services-Personal Services,Other / Financial / Services
CJMB,2032545,CALLAN JMB INC.,7389,"Services-Business Services, NEC",Other / Financial / Services
RDHL,1553846,RedHill Biopharma Ltd.,2834,Pharmaceutical Preparations,Healthcare
BAOS,1811216,Baosheng Media Group Holdings Ltd,7389,"Services-Business Services, NEC",Other / Financial / Services
PRFX,1801834,PRF Technologies Ltd.,2834,Pharmaceutical Preparations,Healthcare
SEAV,1763660,SEATech Ventures Corp.,7380,Services-Miscellaneous Business Services,Other / Financial / Services
CNEY,1780785,CN ENERGY GROUP. INC.,2860,Industrial Organic Chemicals,Manufacturing
ENSC,1716947,"Ensysce Biosciences, Inc.",2834,Pharmaceutical Preparations,Healthcare
VPRB,1376231,"VPR Brands, LP.",7372,Services-Prepackaged Software,Technology
TOFB,730349,TOFUTTI BRANDS INC,2024,Ice Cream & Frozen Desserts,Consumer Goods
SXTP,1946563,"60 DEGREES PHARMACEUTICALS, INC.",2834,Pharmaceutical Preparations,Healthcare
TOPS,1296484,TOP SHIPS INC.,4412,Deep Sea Foreign Transportation of  Freight,Other / Financial / Services
TOGI,1349706,"TurnOnGreen, Inc.",3690,"Miscellaneous Electrical Machinery, Equipment & Supplies",Industrials
PRSI,79661,PORTSMOUTH SQUARE INC,6552,Land Subdividers & Developers (No Cemeteries),Other / Financial / Services
ALUR,1964979,"ALLURION TECHNOLOGIES, INC.",3841,Surgical & Medical Instruments & Apparatus,Healthcare
DEVSF,1854480,DevvStream Corp.,6799,"Investors, NEC",Other / Financial / Services
USAQ,856984,"QHSLab, Inc.",3841,Surgical & Medical Instruments & Apparatus,Healthcare
KAYS,1530746,"Kaya Holdings, Inc.",2834,Pharmaceutical Preparations,Healthcare
HIHO,1026785,HIGHWAY HOLDINGS LTD,3490,Miscellaneous Fabricated Metal Products,Manufacturing
ATXG,1650101,ADDENTAX GROUP CORP.,7330,"Services-Mailing, Reproduction, Commercial Art & Photography",Other / Financial / Services
TNON,1560293,"Tenon Medical, Inc.",3841,Surgical & Medical Instruments & Apparatus,Healthcare
ARTL,1621221,"ARTELO BIOSCIENCES, INC.",2834,Pharmaceutical Preparations,Healthcare
MNDR,1976695,Mobile-health Network Solutions,7372,Services-Prepackaged Software,Technology
GSUN,1826376,Golden Sun Technology Group Ltd.,8200,Services-Educational Services,Healthcare
RBNE,2039060,Robin Energy Ltd.,4412,Deep Sea Foreign Transportation of  Freight,Other / Financial / Services
TUTH,1178660,Standard Dental Labs Inc.,3843,Dental Equipment & Supplies,Healthcare
HYFM,1695295,"HYDROFARM HOLDINGS GROUP, INC.",5190,Wholesale-Miscellaneous Nondurable Goods,Other / Financial / Services
CYAN,768408,CYANOTECH CORP,2833,Medicinal Chemicals & Botanical Products,Healthcare
REVB,1810560,"REVELATION BIOSCIENCES, INC.",2834,Pharmaceutical Preparations,Healthcare
YMT,1991605,Yimutian Inc.,7374,Services-Computer Processing & Data Preparation,Technology
FMHS,1811999,"FARMHOUSE, INC. /NV",7370,"Services-Computer Programming, Data Processing, Etc.",Technology
LVRLF,1168981,CordovaCann Corp.,7900,Services-Amusement & Recreation Services,Other / Financial / Services
CAPS,887151,Capstone Holding Corp.,5030,Wholesale-Lumber & Other Construction Materials,Other / Financial / Services
VRSSF,1879001,Verses AI Inc.,7370,"Services-Computer Programming, Data Processing, Etc.",Technology
XRTX,1729214,XORTX Therapeutics Inc.,2834,Pharmaceutical Preparations,Healthcare
FTFT,1066923,Future FinTech Group Inc.,7389,"Services-Business Services, NEC",Other / Financial / Services
MKZR,1550913,"MacKenzie Realty Capital, Inc.",6798,Real Estate Investment Trusts,Other / Financial / Services
AERA,1605331,AI Era Corp.,6794,Patent Owners & Lessors,Other / Financial / Services
PSYCF,1847706,Psyched Wellness Ltd.,,,Unknown
NWTG,1934245,"Newton Golf Company, Inc.",3949,"Sporting & Athletic Goods, NEC",Consumer Goods
MAGE,1515317,MAGELLAN COPPER & GOLD Corp,1000,Metal Mining,Other / Financial / Services
CNET,1376321,ZW Data Action Technologies Inc.,7370,"Services-Computer Programming, Data Processing, Etc.",Technology
PPCB,1517681,"Propanc Biopharma, Inc.",2834,Pharmaceutical Preparations,Healthcare
ALBT,1630212,Avalon GloboCare Corp.,7371,Services-Computer Programming Services,Technology
NCPL,1414767,Netcapital Inc.,6199,Finance Services,Other / Financial / Services
HCTI,1839285,"Healthcare Triangle, Inc.",7373,Services-Computer Integrated Systems Design,Technology
CHR,1738758,"Cheer Holding, Inc.",7374,Services-Computer Processing & Data Preparation,Technology
TBLLF,1854257,Tombill Mines Ltd,,,Unknown
IZM,1854572,ICZOOM Group Inc.,5731,"Retail-Radio, Tv & Consumer Electronics Stores",Retail
BRQSF,1650575,"Borqs Technologies, Inc.",7373,Services-Computer Integrated Systems Design,Technology
GBR,105744,"New Concept Energy, Inc.",1311,Crude Petroleum & Natural Gas,Energy
PWDY,1435617,"POWERDYNE INTERNATIONAL, INC.",7374,Services-Computer Processing & Data Preparation,Technology
PGOL,1080448,PATRIOT GOLD CORP,1040,Gold and Silver Ores,Other / Financial / Services
AMIX,1617867,"Autonomix Medical, Inc.",3841,Surgical & Medical Instruments & Apparatus,Healthcare
WLDS,1887673,Wearable Devices Ltd.,3576,Computer Communications Equipment,Technology
BTCY,1630113,BIOTRICITY INC.,3841,Surgical & Medical Instruments & Apparatus,Healthcare
UPC,1809616,Universe Pharmaceuticals INC,2834,Pharmaceutical Preparations,Healthcare
MAXNQ,1796898,"Maxeon Solar Technologies, Ltd.",3674,Semiconductors & Related Devices,Industrials
FXHO,1789299,UTime Ltd,3600,Electronic & Other Electrical Equipment (No Computer Equip),Industrials
ISPC,1558569,iSpecimen Inc.,8731,Services-Commercial Physical & Biological Research,Healthcare
ABTS,1864055,Abits Group Inc,6199,Finance Services,Other / Financial / Services
ADTX,1726711,"Aditxt, Inc.",2834,Pharmaceutical Preparations,Healthcare
ONCO,1782107,"Onconetix, Inc.",2834,Pharmaceutical Preparations,Healthcare
AITX,1498148,Artificial Intelligence Technology Solutions Inc.,7372,Services-Prepackaged Software,Technology
KCRD,1696025,"Kindcard, Inc.",5940,Retail-Miscellaneous Shopping Goods Stores,Retail
CCTG,1931717,CCSC Technology International Holdings Ltd,3640,Electric Lighting & Wiring Equipment,Industrials
BYAH,1986247,"Park Ha Biological Technology Co., Ltd.",2840,"Soap, Detergents, Cleang Preparations, Perfumes, Cosmetics",Manufacturing
ICON,1995574,Icon Energy Corp,4412,Deep Sea Foreign Transportation of  Freight,Other / Financial / Services
IVDA,1397183,"Iveda Solutions, Inc.",7372,Services-Prepackaged Software,Technology
VRAX,1885827,Virax Biolabs Group Ltd,2835,In Vitro & In Vivo Diagnostic Substances,Healthcare
LUDG,1960262,"LUDWIG ENTERPRISES, INC.",8071,Services-Medical Laboratories,Healthcare
PW,1532619,Power REIT,6798,Real Estate Investment Trusts,Other / Financial / Services
PMHS,1265521,"Polomar Health Services, Inc.",2834,Pharmaceutical Preparations,Healthcare
AVNI,1113313,ARVANA INC,6770,Blank Checks,Other / Financial / Services
PLTYF,1433309,"Plastec Technologies, Ltd.",3089,"Plastics Products, NEC",Manufacturing
LNTO,2006925,LELANTOS HOLDINGS INC.,4991,Cogeneration Services & Small Power Producers,Other / Financial / Services
CPCPF,1868050,CopperCorp Resources Inc.,,,Unknown
SUGP,1969863,SU Group Holdings Ltd,7381,"Services-Detective, Guard & Armored Car Services",Other / Financial / Services
BITTF,1028357,BITTERROOT RESOURCES LTD,,,Unknown
CAPC,814926,"CAPSTONE COMPANIES, INC.",3640,Electric Lighting & Wiring Equipment,Industrials
FLYE,1975940,"Fly-E Group, Inc.",3711,Motor Vehicles & Passenger Car Bodies,Industrials
OCG,1776067,Oriental Culture Holding LTD,7380,Services-Miscellaneous Business Services,Other / Financial / Services
DCOY,1615219,Decoy Therapeutics Inc.,2834,Pharmaceutical Preparations,Healthcare
SQFT,1080657,"Presidio Property Trust, Inc.",6798,Real Estate Investment Trusts,Other / Financial / Services
BOXL,1624512,Boxlight Corp,8200,Services-Educational Services,Healthcare
SYGCF,1917817,Sylla Gold Corp.,,,Unknown
LMFA,1640384,"LM FUNDING AMERICA, INC.",6199,Finance Services,Other / Financial / Services
WHLT,1025771,CHASE PACKAGING CORP,700,Agricultural Services,Other / Financial / Services
FEED,1326706,"ENvue Medical, Inc.",3842,"Orthopedic, Prosthetic & Surgical Appliances & Supplies",Healthcare
LUVU,1374567,"Luvu Brands, Inc.",2510,Household Furniture,Consumer Goods
SNYR,1562733,Synergy CHC Corp.,2833,Medicinal Chemicals & Botanical Products,Healthcare
ITP,1358190,"IT TECH PACKAGING, INC.",2670,Converted Paper & Paperboard Prods (No Contaners/Boxes),Manufacturing
CMND,1892500,Clearmind Medicine Inc.,2834,Pharmaceutical Preparations,Healthcare
GRI,1824293,"GRI Bio, Inc.",2834,Pharmaceutical Preparations,Healthcare
VSTD,1898604,Vestand Inc.,5812,Retail-Eating  Places,Retail
CHSN,1825349,Chanson International Holding,2000,Food and Kindred Products,Consumer Goods
RAYA,1825875,Erayak Power Solution Group Inc.,3621,Motors & Generators,Industrials
WCT,1990251,Wellchange Holdings Co Ltd,7372,Services-Prepackaged Software,Technology
SNRG,1652539,SusGlobal Energy Corp.,4953,Refuse Systems,Other / Financial / Services
CASIF,1962738,"CASI Pharmaceuticals, Inc.",2834,Pharmaceutical Preparations,Healthcare
VRRCF,1717695,VR Resources Ltd.,,,Unknown
MVNC,1439264,Marvion Inc.,6199,Finance Services,Other / Financial / Services
MFON,1447380,MOBIVITY HOLDINGS CORP.,7372,Services-Prepackaged Software,Technology
EZGO,1806904,EZGO Technologies Ltd.,3751,"Motorcycles, Bicycles & Parts",Industrials
SRKZF,1723455,SKY GOLD CORP.,,,Unknown
BTOG,1735556,BIT ORIGIN Ltd,6199,Finance Services,Other / Financial / Services
AUMN,1011509,Golden Minerals Co,1040,Gold and Silver Ores,Other / Financial / Services
RUBI,1943421,Rubico Inc.,4400,Water Transportation,Other / Financial / Services
BIXT,1445815,"BIOXYTRAN, INC",2834,Pharmaceutical Preparations,Healthcare
NEXR,1885408,Nexera Technologies Ltd,5900,Retail-Miscellaneous Retail,Retail
IPSI,1591913,"Innovative Payment Solutions, Inc.",5961,Retail-Catalog & Mail-Order Houses,Retail
KRFG,774415,"King Resources, Inc.",3612,"Power, Distribution & Specialty Transformers",Industrials
ABCFF,1284237,ABACUS MINING & EXPLORATION CORP,,,Unknown
LSBCF,1946399,"LakeShore Biopharma Co., Ltd.",2834,Pharmaceutical Preparations,Healthcare
OVTZ,1107280,OCULUS INC.,7389,"Services-Business Services, NEC",Other / Financial / Services
VTAK,1716621,"Catheter Precision, Inc.",3841,Surgical & Medical Instruments & Apparatus,Healthcare
LXEH,1814067,Lixiang Education Holding Co. Ltd.,8200,Services-Educational Services,Healthcare
SPRC,1611746,SciSparc Ltd.,2834,Pharmaceutical Preparations,Healthcare
ATMH,1484674,"ALL THINGS MOBILE ANALYTIC, INC.",7389,"Services-Business Services, NEC",Other / Financial / Services
CUEN,1424657,Cuentas Inc.,5140,Wholesale-Groceries & Related Products,Other / Financial / Services
ADMT,849401,"ADM TRONICS UNLIMITED, INC.",3845,Electromedical & Electrotherapeutic Apparatus,Healthcare
ATPC,1713210,Agape ATP Corp,8000,Services-Health Services,Healthcare
CLDI,1855485,"Calidi Biotherapeutics, Inc.",2836,"Biological Products, (No Diagnostic Substances)",Healthcare
MSS,1892292,Maison Solutions Inc.,5411,Retail-Grocery Stores,Retail
SLXN,2022416,Silexion Therapeutics Corp,2836,"Biological Products, (No Diagnostic Substances)",Healthcare
KLSVF,1655531,KLONDIKE SILVER CORP.,,,Unknown
PHGE,1739174,BiomX Inc.,2836,"Biological Products, (No Diagnostic Substances)",Healthcare
BNBX,744452,BNB PLUS CORP.,8734,Services-Testing Laboratories,Healthcare
PMAX,2012096,Powell Max Ltd,7380,Services-Miscellaneous Business Services,Other / Financial / Services
JZXN,1816172,"Jiuzi Holdings, Inc.",5500,Retail-Auto Dealers & Gasoline Stations,Retail
HIGR,1807616,Hi-Great Group Holding Co,7011,Hotels & Motels,Other / Financial / Services
OGEN,1174940,ORAGENICS INC,2834,Pharmaceutical Preparations,Healthcare
NOTE,1823466,"FiscalNote Holdings, Inc.",7389,"Services-Business Services, NEC",Other / Financial / Services
SVUHF,1973368,SRIVARU Holding Ltd,3711,Motor Vehicles & Passenger Car Bodies,Industrials
CISS,1951067,C3is Inc.,4412,Deep Sea Foreign Transportation of  Freight,Other / Financial / Services
CRUCF,1734427,Colibri Resource Corp,,,Unknown
AGMH,1705402,"AGM GROUP HOLDINGS, INC.",7371,Services-Computer Programming Services,Technology
ALTX,775057,ALTEX INDUSTRIES INC,1311,Crude Petroleum & Natural Gas,Energy
VYST,1308027,Vystar Corp,3060,"Fabricated Rubber Products, NEC",Manufacturing
BRWC,1873213,Birdie Win Corp,8200,Services-Educational Services,Healthcare
FBCD,1370816,"FBC Holding, Inc.",5600,Retail-Apparel & Accessory Stores,Retail
TGNT,846377,"Totaligent, Inc.",6153,Short-Term Business Credit Institutions,Other / Financial / Services
VEEE,1855509,"Twin Vee PowerCats, Co.",3730,Ship & Boat Building & Repairing,Industrials
FFLO,1543652,"Free Flow USA, Inc.",5531,Retail-Auto & Home Supply Stores,Retail
GCTK,1506983,"Glucotrack, Inc.",3841,Surgical & Medical Instruments & Apparatus,Healthcare
ACUT,1850767,Accustem Sciences Inc.,2834,Pharmaceutical Preparations,Healthcare
VIVS,1497253,"VivoSim Labs, INC.",2836,"Biological Products, (No Diagnostic Substances)",Healthcare
NCRA,1756180,"NOCERA, INC.",200,Agricultural Prod-Livestock & Animal Specialties,Other / Financial / Services
VISM,1082733,"VISIUM TECHNOLOGIES, INC.",7371,Services-Computer Programming Services,Technology
VIVK,1450704,"Vivakor, Inc.",4953,Refuse Systems,Other / Financial / Services
BBLG,1419554,Bone Biologics Corp,3842,"Orthopedic, Prosthetic & Surgical Appliances & Supplies",Healthcare
FUNI,1502966,"Hypha Labs, Inc.",8734,Services-Testing Laboratories,Healthcare
GWAV,1589149,"Greenwave Technology Solutions, Inc.",5051,Wholesale-Metals Service Centers & of fices,Other / Financial / Services
PKTX,1128189,"ProtoKinetix, Inc.",2834,Pharmaceutical Preparations,Healthcare
LBSR,1172178,LIBERTY STAR URANIUM & METALS CORP.,1000,Metal Mining,Other / Financial / Services
LIFD,1391135,LFTD PARTNERS INC.,2834,Pharmaceutical Preparations,Healthcare
SBEV,1553788,"SPLASH BEVERAGE GROUP, INC.",2080,Beverages,Consumer Goods
AZTR,1701478,"Azitra, Inc.",2834,Pharmaceutical Preparations,Healthcare
LNKS,1972074,Linkers Industries Ltd,3670,Electronic Components & Accessories,Industrials
RPGL,1912884,Republic Power Group Ltd,7372,Services-Prepackaged Software,Technology
ZCMD,1785566,Zhongchao Inc.,8200,Services-Educational Services,Healthcare
EZRA,1812727,"Reliance Global Group, Inc.",6411,"Insurance Agents, Brokers & Service",Other / Financial / Services
YHC,1843165,LQR House Inc.,2080,Beverages,Consumer Goods
MYSZ,1211805,"My Size, Inc.",7372,Services-Prepackaged Software,Technology
RECX,2126221,"Recreatives Industries, Inc.",3711,Motor Vehicles & Passenger Car Bodies,Industrials
GTCH,1471781,GBT Technologies Inc.,8742,Services-Management Consulting Services,Other / Financial / Services
FRGT,1687542,"Freight Technologies, Inc.",4731,Arrangement of  Transportation of  Freight & Cargo,Other / Financial / Services
SGLY,1422892,Singularity Future Technology Ltd.,4731,Arrangement of  Transportation of  Freight & Cargo,Other / Financial / Services
SELXF,1990950,Semilux International Ltd.,3674,Semiconductors & Related Devices,Industrials
DEFG,1874907,Grayscale Decentralized Finance (DeFi) Fund LLC,,,Unknown
VIIQ,1470129,VisitIQ Corp.,7372,Services-Prepackaged Software,Technology
MI,1958713,NFT Ltd,6199,Finance Services,Other / Financial / Services
CRCE,1911467,"Circle Energy, Inc./NV",1311,Crude Petroleum & Natural Gas,Energy
SSEBF,1771039,SILVER SPRUCE RESOURCES INC.,,,Unknown
SOBR,1425627,"SOBR Safe, Inc.",2721,Periodicals: Publishing or  Publishing & Printing,Manufacturing
EMRH,1300306,EMERGING HOLDINGS INC,,,Unknown
IVF,1417926,"INVO Fertility, Inc.",3841,Surgical & Medical Instruments & Apparatus,Healthcare
CLRI,1362516,"Cleartronic, Inc.",4812,Radiotelephone Communications,Other / Financial / Services
BDRX,1643918,Biodexa Pharmaceuticals Plc,2834,Pharmaceutical Preparations,Healthcare
LGHL,1806524,Lion Group Holding Ltd,6211,"Security Brokers, Dealers & Flotation Companies",Other / Financial / Services
ZHDM,1950209,Ainnova Tech,,,Unknown
DAIC,2033770,"CID Holdco, Inc.",7373,Services-Computer Integrated Systems Design,Technology
SETO,794998,SETO HOLDINGS INC,3540,Metalworkg Machinery & Equipment,Industrials
HGYN,1324759,HONG YUAN HOLDING GROUP,2821,"Plastic Materials, Synth Resins & Nonvulcan Elastomers",Manufacturing
PREM,1570937,Premier Air Charter Holdings Inc.,3841,Surgical & Medical Instruments & Apparatus,Healthcare
DRCT,1880613,"Direct Digital Holdings, Inc.",7310,Services-Advertising,Other / Financial / Services
DXF,1499494,Eason Technology Ltd,6199,Finance Services,Other / Financial / Services
LINMF,1066130,Linear Minerals Corp,1000,Metal Mining,Other / Financial / Services
EDBL,1809750,Edible Garden AG Inc,100,Agricultural Production-Crops,Other / Financial / Services
KSEZ,1945619,Kinetic Seas Inc.,6770,Blank Checks,Other / Financial / Services
VYCO,1424768,VYCOR MEDICAL INC,3841,Surgical & Medical Instruments & Apparatus,Healthcare
GMEX,1928581,GMEX Robotics Corp,3949,"Sporting & Athletic Goods, NEC",Consumer Goods
FCUV,1590418,FOCUS UNIVERSAL INC.,3823,"Industrial Instruments For Measurement, Display, and Control",Manufacturing
MWAI,1520118,"MedWellAI, Inc.",6199,Finance Services,Other / Financial / Services
ASNS,1141284,ACTELIS NETWORKS INC,3669,"Communications Equipment, NEC",Industrials
IBG,1924482,Innovation Beverage Group Ltd,2080,Beverages,Consumer Goods
CDT,1896212,CDT Equity Inc.,2834,Pharmaceutical Preparations,Healthcare
AEMD,882291,AETHLON MEDICAL INC,3841,Surgical & Medical Instruments & Apparatus,Healthcare
AVPMF,1445467,AVRUPA MINERALS LTD.,1090,Miscellaneous Metal Ores,Other / Financial / Services
MECPF,1945166,MUSTANG ENERGY CORP.,,,Unknown
MDLK,1611046,ModuLink Inc.,7000,"Hotels, Rooming Houses, Camps & Other Lodging Places",Other / Financial / Services
SHPH,1757499,"Shuttle Pharmaceuticals Holdings, Inc.",2834,Pharmaceutical Preparations,Healthcare
DTCKF,1949478,DAVIS COMMODITIES Ltd,5150,Wholesale-Farm Product Raw Materials,Other / Financial / Services
HEPA,1583771,"Hepion Pharmaceuticals, Inc.",2834,Pharmaceutical Preparations,Healthcare
BNRG,1901215,Brenmiller Energy Ltd.,3433,"Heating Equipment, Except Electric & Warm Air Furnaces",Manufacturing
GTIC,1584480,"Greentech Innovations, Inc.",7372,Services-Prepackaged Software,Technology
FCHL,2023796,Fitness Champs Holdings Ltd,7990,Services-Miscellaneous Amusement & Recreation,Other / Financial / Services
AGNPF,1642178,Grey Matters Health Inc.,2834,Pharmaceutical Preparations,Healthcare
LRHC,1879403,La Rosa Holdings Corp.,6531,Real Estate Agents & Managers (For Others),Other / Financial / Services
IPST,1788230,"IP STRATEGY HOLDINGS, INC.",2080,Beverages,Consumer Goods
TWNPQ,2011954,Twin Hospitality Group Inc.,5812,Retail-Eating  Places,Retail
AIXI,1935172,Xiao-I Corp,7372,Services-Prepackaged Software,Technology
GRHI,894501,"GOLD ROCK HOLDINGS, INC.",7373,Services-Computer Integrated Systems Design,Technology
IMTE,1668438,Integrated Media Technology Ltd,3651,Household Audio & Video Equipment,Industrials
OMQS,278165,OMNIQ Corp.,7373,Services-Computer Integrated Systems Design,Technology
GNLN,1743745,"Greenlane Holdings, Inc.",5099,"Wholesale-Durable Goods, NEC",Other / Financial / Services
FUST,1636051,FUSE GROUP HOLDING INC.,1000,Metal Mining,Other / Financial / Services
WCUFF,1902276,World Copper Ltd.,,,Unknown
BRVO,1444839,Bravo Multinational Inc.,7990,Services-Miscellaneous Amusement & Recreation,Other / Financial / Services
CPMD,1081938,"CANNAPHARMARX, INC.",2834,Pharmaceutical Preparations,Healthcare
FGL,1989930,Founder Group Ltd,1700,Construction - Special Trade Contractors,Other / Financial / Services
BMTM,1568385,"Bright Mountain Media, Inc.",7371,Services-Computer Programming Services,Technology
VBIO,1787740,"Valion Bio, Inc.",2834,Pharmaceutical Preparations,Healthcare
SNBH,1358633,SENTIENT BRANDS HOLDINGS INC.,5734,Retail-Computer & Computer Software Stores,Retail
AGSS,1514443,"AMERIGUARD SECURITY SERVICES, INC.",7381,"Services-Detective, Guard & Armored Car Services",Other / Financial / Services
CNRCF,1996586,Canter Resources Corp.,,,Unknown
FDXTF,1970125,FENDX TECHNOLOGIES INC.,,,Unknown
XXII,1347858,"22nd Century Group, Inc.",2111,Cigarettes,Consumer Goods
KIDZ,2022308,KIDZ AI Inc.,8200,Services-Educational Services,Healthcare
PPBT,1614744,PURPLE BIOTECH LTD.,2834,Pharmaceutical Preparations,Healthcare
RKDA,1469443,"Arcadia Biosciences, Inc.",1311,Crude Petroleum & Natural Gas,Energy
GTLL,932021,GLOBAL TECHNOLOGIES LTD,3663,Radio & Tv Broadcasting & Communications Equipment,Industrials
MITI,802257,"Mitesco, Inc.",7370,"Services-Computer Programming, Data Processing, Etc.",Technology
NUMD,1543637,"Nu-Med Plus, Inc.",3841,Surgical & Medical Instruments & Apparatus,Healthcare
BJDX,1704287,"Bluejay Diagnostics, Inc.",3841,Surgical & Medical Instruments & Apparatus,Healthcare
REOS,1335288,ReoStar Energy CORP,1382,Oil & Gas Field Exploration Services,Energy
GPUSF,1708160,Alset Capital Inc.,,,Unknown
TRUG,1857086,"TruGolf Holdings, Inc.",3949,"Sporting & Athletic Goods, NEC",Consumer Goods
AYRWF,1847462,Ayr Wellness Inc.,2833,Medicinal Chemicals & Botanical Products,Healthcare
QPRC,824416,QUEST PATENT RESEARCH CORP,5190,Wholesale-Miscellaneous Nondurable Goods,Other / Financial / Services
CHEV,1459188,Charging Robotics Inc.,5013,Wholesale-Motor Vehicle Supplies & New Parts,Other / Financial / Services
IMCC,1792030,IM Cannabis Corp.,2833,Medicinal Chemicals & Botanical Products,Healthcare
ESMC,862668,ESCALON MEDICAL CORP,3845,Electromedical & Electrotherapeutic Apparatus,Healthcare
SENR,1576197,"Strategic Environmental & Energy Resources, Inc.",4955,Hazardous Waste Management,Other / Financial / Services
EPWKF,1900720,EPWK Holdings Ltd.,7389,"Services-Business Services, NEC",Other / Financial / Services
ONFO,1825452,"Onfolio Holdings, Inc",7374,Services-Computer Processing & Data Preparation,Technology
SHFS,1854963,"SHF Holdings, Inc.",6199,Finance Services,Other / Financial / Services
BSPK,1409197,"Bespoke Extracts, Inc.",2834,Pharmaceutical Preparations,Healthcare
ASFT,1651992,"Appsoft Technologies, Inc.",7372,Services-Prepackaged Software,Technology
DOGP,1360442,"Dogecoin Cash, Inc.",7200,Services-Personal Services,Other / Financial / Services
RDGT,1856084,Ridgetech Inc.,5912,Retail-Drug Stores and Proprietary Stores,Retail
TRNR,1785056,"Interactive Strength, Inc.",3600,Electronic & Other Electrical Equipment (No Computer Equip),Industrials
SCNI,1611747,Scinai Immunotherapeutics Ltd.,2836,"Biological Products, (No Diagnostic Substances)",Healthcare
PTOS,1172069,"P2 Solar, Inc.",1700,Construction - Special Trade Contractors,Other / Financial / Services
WTER,1532390,ALKALINE WATER Co INC,5140,Wholesale-Groceries & Related Products,Other / Financial / Services
ISCO,1355790,International Stem Cell CORP,2834,Pharmaceutical Preparations,Healthcare
WHLR,1527541,"Wheeler Real Estate Investment Trust, Inc.",6798,Real Estate Investment Trusts,Other / Financial / Services
HSTA,1813603,Hestia Insight Inc.,8742,Services-Management Consulting Services,Other / Financial / Services
BTMCQ,1901799,Bitcoin Depot Inc.,6199,Finance Services,Other / Financial / Services
DPLS,866439,"DarkPulse, Inc.",7372,Services-Prepackaged Software,Technology
TNMG,2013186,TNL Mediagene,7310,Services-Advertising,Other / Financial / Services
GIPR,1651721,"GENERATION INCOME PROPERTIES, INC.",6798,Real Estate Investment Trusts,Other / Financial / Services
SKVI,1085277,"SKINVISIBLE, INC.",2834,Pharmaceutical Preparations,Healthcare
CBDL,1776073,CBD Life Sciences Inc.,2833,Medicinal Chemicals & Botanical Products,Healthcare
CBIH,1411057,"Cannabis Bioscience International Holdings, Inc.",8731,Services-Commercial Physical & Biological Research,Healthcare
ABPO,1893219,"Abpro Holdings, Inc.",2836,"Biological Products, (No Diagnostic Substances)",Healthcare
GENN,1745621,Genneia S.A.,4911,Electric Services,Energy
ZCAR,1854275,"Zoomcar Holdings, Inc.",7510,Services-Auto Rental & Leasing (No Drivers),Other / Financial / Services
EVFM,1618835,"Evofem Biosciences, Inc.",2834,Pharmaceutical Preparations,Healthcare
YBGJ,895464,Yubo International Biotech Ltd,3845,Electromedical & Electrotherapeutic Apparatus,Healthcare
SCDA,1341878,"B-Scada, Inc.",7372,Services-Prepackaged Software,Technology
PFSA,1859807,"Profusa, Inc.",3841,Surgical & Medical Instruments & Apparatus,Healthcare
MMEX,1440799,MMEX Resources Corp,7819,Services-Allied To Motion Picture Production,Other / Financial / Services
RBOT,1812173,Vicarious Surgical Inc.,3842,"Orthopedic, Prosthetic & Surgical Appliances & Supplies",Healthcare
VHAI,1880431,Vocodia Holdings Corp,7371,Services-Computer Programming Services,Technology
FECOF,849997,FEC Resources Inc.,1311,Crude Petroleum & Natural Gas,Energy
STKH,1828098,Steakholder Foods Ltd.,2000,Food and Kindred Products,Consumer Goods
PRPH,868278,"ProPhase Labs, Inc.",2834,Pharmaceutical Preparations,Healthcare
ADNH,1744494,"ADVENT TECHNOLOGIES HOLDINGS, INC.",3690,"Miscellaneous Electrical Machinery, Equipment & Supplies",Industrials
IPW,1830072,iPower Inc.,5200,"Retail-Building Materials, Hardware, Garden Supply",Retail
GV,1892274,Visionary Holdings Inc.,8200,Services-Educational Services,Healthcare
CIMG,1527613,CIMG Inc.,5900,Retail-Miscellaneous Retail,Retail
ELPW,2015691,Elong Power Holding Ltd.,3690,"Miscellaneous Electrical Machinery, Equipment & Supplies",Industrials
ZVSA,1859007,"ZyVersa Therapeutics, Inc.",2834,Pharmaceutical Preparations,Healthcare
IPTNF,1680513,IMPACT ANALYTICS INC.,,,Unknown
MRPT,1143994,MACREPORT NET INC,7389,"Services-Business Services, NEC",Other / Financial / Services
VMAR,1813783,Vision Marine Technologies Inc.,3730,Ship & Boat Building & Repairing,Industrials
ARRT,1530425,"Artisan Consumer Goods, Inc.",1000,Metal Mining,Other / Financial / Services
JEM,2018222,707 Cayman Holdings Ltd.,5600,Retail-Apparel & Accessory Stores,Retail
QIND,1393781,Quality Industrial Corp.,3590,Misc Industrial & Commercial Machinery & Equipment,Industrials
CONC,790273,CONECTISYS CORP,3663,Radio & Tv Broadcasting & Communications Equipment,Industrials
ZICX,1465311,Zicix Corp,7310,Services-Advertising,Other / Financial / Services
ENRT,1346022,Enertopia Corp.,1000,Metal Mining,Other / Financial / Services
CLDVF,1971260,Cloud3 Ventures Inc.,,,Unknown
ORISF,1964664,ORIENTAL RISE HOLDINGS Ltd,100,Agricultural Production-Crops,Other / Financial / Services
ELVG,1741489,"Elvictor Group, Inc.",8742,Services-Management Consulting Services,Other / Financial / Services
EEGI,1043150,"Eline Entertainment Group, Inc.",1520,General Bldg Contractors - Residential Bldgs,Other / Financial / Services
ATXI,1644963,"AVENUE THERAPEUTICS, INC.",2834,Pharmaceutical Preparations,Healthcare
NULGF,1502758,NuLegacy Gold Corp,,,Unknown
HAO,1954594,Haoxi Health Technology Ltd,7311,Services-Advertising Agencies,Other / Financial / Services
AGTX,1603345,Agentix Corp.,2836,"Biological Products, (No Diagnostic Substances)",Healthcare
ZNB,1747661,Zeta Network Group,8200,Services-Educational Services,Healthcare
NAFS,1409253,"Havana Roasters Coffee Companies, Inc.",8742,Services-Management Consulting Services,Other / Financial / Services
EMMA,822370,"Emmaus Life Sciences, Inc.",2834,Pharmaceutical Preparations,Healthcare
GNTOF,1346917,GENTOR RESOURCES INC.,1000,Metal Mining,Other / Financial / Services
ZSPC,1637147,"zSpace, Inc.",7372,Services-Prepackaged Software,Technology
GMER,1454742,"GOOD GAMING, INC.",7372,Services-Prepackaged Software,Technology
RAKR,1872292,Rainmaker Worldwide Inc.,2086,Bottled & Canned Soft Drinks & Carbonated Waters,Consumer Goods
DGTEF,1978151,Eat & Beyond Global Holdings Inc.,,,Unknown
NRHI,1680689,"Natural Resource Holdings, Inc.",5960,Retail-Nonstore Retailers,Retail
PNYG,1784058,Pony Group Inc.,7500,"Services-Automotive Repair, Services & Parking",Other / Financial / Services
PAIYY,1757143,Aesthetic Medical International Holdings Group Ltd,8093,"Services-Specialty Outpatient Facilities, NEC",Healthcare
QSJC,1753391,"TANCHENG GROUP CO., LTD.",7370,"Services-Computer Programming, Data Processing, Etc.",Technology
ODYY,1626644,"Odyssey Health, Inc.",3841,Surgical & Medical Instruments & Apparatus,Healthcare
VIVC,1703073,VIVIC CORP.,7990,Services-Miscellaneous Amusement & Recreation,Other / Financial / Services
DBMM,1127475,"Digital Brand Media & Marketing Group, Inc.",7389,"Services-Business Services, NEC",Other / Financial / Services
MNTR,1599117,"Mentor Capital, Inc.",6799,"Investors, NEC",Other / Financial / Services
MDCE,1404593,Medical Care Technologies Inc.,7389,"Services-Business Services, NEC",Other / Financial / Services
CSUI,1680132,CANNABIS SUISSE CORP.,6500,Real Estate,Other / Financial / Services
CBMJ,1452583,"CONSERVATIVE BROADCAST MEDIA & PUBLISHING, INC.",4911,Electric Services,Energy
CERO,1870404,"CERO THERAPEUTICS HOLDINGS, INC.",2836,"Biological Products, (No Diagnostic Substances)",Healthcare
TAAG,1386044,"Awareness Group, Inc.",6163,Loan Brokers,Other / Financial / Services
WORX,1674227,SCWorx Corp.,7374,Services-Computer Processing & Data Preparation,Technology
KUST,1342958,"KUSTOM ENTERTAINMENT, INC.",3663,Radio & Tv Broadcasting & Communications Equipment,Industrials
LITSF,1978165,LITHOS GROUP LTD.,,,Unknown
JFIL,1517389,"Jubilant Flame International, Ltd",7371,Services-Computer Programming Services,Technology
SNBRQ,827187,Sleep Number Corp,2510,Household Furniture,Consumer Goods
OZSC,1679817,"OZOP ENERGY SOLUTIONS, INC.",3690,"Miscellaneous Electrical Machinery, Equipment & Supplies",Industrials
TLSS,1463208,"Transportation & Logistics Systems, Inc.",4700,Transportation Services,Other / Financial / Services
WINT,946486,WINDTREE THERAPEUTICS INC /DE/,2836,"Biological Products, (No Diagnostic Substances)",Healthcare
EMBYF,1487615,Nexera Energy Inc.,,,Unknown
XAGE,1842939,"Longevity Health Holdings, Inc.",2840,"Soap, Detergents, Cleang Preparations, Perfumes, Cosmetics",Manufacturing
GFMH,820771,Goliath Film & Media Holdings,7822,Services-Motion Picture & Video Tape Distribution,Other / Financial / Services
CBDY,1586554,Target Group Inc.,2833,Medicinal Chemicals & Botanical Products,Healthcare
OWPC,1622244,"One World Products, Inc.",2834,Pharmaceutical Preparations,Healthcare
NOTVQ,720154,"Inotiv, Inc.",8731,Services-Commercial Physical & Biological Research,Healthcare
LGMK,1566826,"LogicMark, Inc.",3842,"Orthopedic, Prosthetic & Surgical Appliances & Supplies",Healthcare
BZYR,724445,BURZYNSKI RESEARCH INSTITUTE INC,2835,In Vitro & In Vivo Diagnostic Substances,Healthcare
RMTG,1760026,Regenerative Medical Technology Group Inc.,5990,"Retail-Retail Stores, NEC",Retail
GGLXF,800523,GGL RESOURCES CORP.,,,Unknown
SKYI,1555017,"Sky Century Investment, Inc.",8741,Services-Management Services,Healthcare
HGAS,1817232,Global Gas Corp,2810,Industrial Inorganic Chemicals,Manufacturing
FMTOF,1888151,Femto Technologies Inc.,7372,Services-Prepackaged Software,Technology
SLDC,1427644,"Solidus Communications, Inc.",4813,Telephone Communications (No Radiotelephone),Other / Financial / Services
NSTM,912544,NovelStem International Corp.,5990,"Retail-Retail Stores, NEC",Retail
NMHI,1947861,Nature's Miracle Holding Inc.,3523,Farm Machinery & Equipment,Industrials
MCOM,1788841,micromobility.com Inc.,7389,"Services-Business Services, NEC",Other / Financial / Services
KAVL,1762239,"Kaival Brands Innovations Group, Inc.",5960,Retail-Nonstore Retailers,Retail
MSPR,1802450,"MSP Recovery, Inc.",7374,Services-Computer Processing & Data Preparation,Technology
DDDX,1453122,"3DX Industries, Inc.",2750,Commercial Printing,Manufacturing
PTCO,1609258,PetroGas Co,1311,Crude Petroleum & Natural Gas,Energy
RTCJF,1381074,Baijiayun Group Ltd,7372,Services-Prepackaged Software,Technology
AIBT,1763329,"AIBOTICS, INC.",2833,Medicinal Chemicals & Botanical Products,Healthcare
STAI,1994624,ScanTech AI Systems Inc.,3825,Instruments For Meas & Testing of  Electricity & Elec Signals,Manufacturing
PTIX,1022899,"Protagenic Therapeutics, Inc.\new",2834,Pharmaceutical Preparations,Healthcare
NIHK,1084475,"Video River Networks, Inc.",6500,Real Estate,Other / Financial / Services
BFCH,1395005,"UNLOCKD, Inc.",1000,Metal Mining,Other / Financial / Services
CYTOF,1601936,Altamira Therapeutics Ltd.,2834,Pharmaceutical Preparations,Healthcare
GRPS,1990446,"Trans American Aquaculture, Inc",200,Agricultural Prod-Livestock & Animal Specialties,Other / Financial / Services
TIRXF,1782941,TIAN RUIXIANG HOLDINGS LTD,6411,"Insurance Agents, Brokers & Service",Other / Financial / Services
SBIG,1801602,"SpringBig Holdings, Inc.",7371,Services-Computer Programming Services,Technology
IOBTQ,1865494,"IO Biotech, Inc.",2834,Pharmaceutical Preparations,Healthcare
AOXY,352991,ADVANCED OXYGEN TECHNOLOGIES INC,6500,Real Estate,Other / Financial / Services
SOPAQ,1817511,SOCIETY PASS INCORPORATED.,7389,"Services-Business Services, NEC",Other / Financial / Services
ITOX,1290658,"IIOT-OXYS, Inc.",7372,Services-Prepackaged Software,Technology
LIPO,1347242,LIPELLA PHARMACEUTICALS INC.,2834,Pharmaceutical Preparations,Healthcare
ETUGF,1877430,E2Gold Inc.,,,Unknown
SATT,1661600,SATIVUS TECH CORP.,8742,Services-Management Consulting Services,Other / Financial / Services
CWPE,1741220,CW Petroleum Corp,5172,Wholesale-Petroleum & Petroleum Products (No Bulk Stations),Other / Financial / Services
NUWE,1506492,"Nuwellis, Inc.",3845,Electromedical & Electrotherapeutic Apparatus,Healthcare
FYNN,1497230,Fyntechnical Innovations Inc,7374,Services-Computer Processing & Data Preparation,Technology
GREH,1084937,Green Rain Energy Holdings Inc.,9995,Non-Operating Establishments,Other / Financial / Services
CBDW,1877461,1606 CORP.,7372,Services-Prepackaged Software,Technology
MTLK,1098462,METALINK LTD,3674,Semiconductors & Related Devices,Industrials
ATDS,1068689,"Data443 Risk Mitigation, Inc.",7372,Services-Prepackaged Software,Technology
GPLB,1392449,Green Planet Bio Engineering Co. Ltd.,2836,"Biological Products, (No Diagnostic Substances)",Healthcare
ONAR,1682265,Onar Holding Corp,7310,Services-Advertising,Other / Financial / Services
GCAN,1695473,"Greater Cannabis Company, Inc.",2834,Pharmaceutical Preparations,Healthcare
NNAX,1132509,New Momentum Corp.,8741,Services-Management Services,Healthcare
GRVE,918573,GROOVE BOTANICALS INC.,1311,Crude Petroleum & Natural Gas,Energy
STEK,1511820,Stemtech Corp,5122,"Wholesale-Drugs, Proprietaries & Druggists' Sundries",Other / Financial / Services
MEHA,1837254,Functional Brands Inc.,2833,Medicinal Chemicals & Botanical Products,Healthcare
INLF,1991592,INLIF Ltd,3569,"General Industrial Machinery & Equipment, NEC",Industrials
GRXXF,1823126,Critical Reagent Processing Corp.,,,Unknown
OMTK,1404804,Omnitek Engineering Corp,3714,Motor Vehicle Parts & Accessories,Industrials
UOKAF,1741534,MDJM LTD,6531,Real Estate Agents & Managers (For Others),Other / Financial / Services
LEEN,1230524,"Leopard Energy, Inc.",8742,Services-Management Consulting Services,Other / Financial / Services
PTPI,1815903,"Petros Pharmaceuticals, Inc.",2834,Pharmaceutical Preparations,Healthcare
BBLR,1873722,Bubblr Inc.,7370,"Services-Computer Programming, Data Processing, Etc.",Technology
ECPL,1356914,ECOPLUS INC,8090,"Services-Misc Health & Allied Services, NEC",Healthcare
SPOWF,1227282,Strata Power Corp,1311,Crude Petroleum & Natural Gas,Energy
FOXO,1812360,FOXO TECHNOLOGIES INC.,8731,Services-Commercial Physical & Biological Research,Healthcare
BSFC,1730773,Blue Star Foods Corp.,2092,Prepared Fresh or  Frozen Fish & Seafoods,Consumer Goods
BOTY,1407704,"LINGERIE FIGHTING CHAMPIONSHIPS, INC.",7900,Services-Amusement & Recreation Services,Other / Financial / Services
CNBX,1343009,CNBX Pharmaceuticals Inc.,2834,Pharmaceutical Preparations,Healthcare
FATAQ,1705012,"Fat Brands, Inc",5812,Retail-Eating  Places,Retail
CIRX,813716,CIRTRAN CORP,2080,Beverages,Consumer Goods
ESSI,1490873,"ECO SCIENCE SOLUTIONS, INC.",5900,Retail-Miscellaneous Retail,Retail
SVVC,1495584,"Firsthand Technology Value Fund, Inc.",,,Unknown
FCHS,1416876,"First Choice Healthcare Solutions, Inc.",8071,Services-Medical Laboratories,Healthcare
ALDA,1062506,ATLANTICA INC,6770,Blank Checks,Other / Financial / Services
MGAM,1886362,"Mobile Global Esports, Inc.",7900,Services-Amusement & Recreation Services,Other / Financial / Services
WNLV,1558740,Winvest Group Ltd,7812,Services-Motion Picture & Video Tape Production,Other / Financial / Services
CPTAF,1967478,Captivision Inc.,3690,"Miscellaneous Electrical Machinery, Equipment & Supplies",Industrials
BHATF,1759136,Blue Hat Interactive Entertainment Technology,5160,Wholesale-Chemicals & Allied Products,Other / Financial / Services
CMLS,1058623,CUMULUS MEDIA INC,4832,Radio Broadcasting Stations,Other / Financial / Services
NBND,1725911,NetBrands Corp.,6199,Finance Services,Other / Financial / Services
CLOW,1619227,"Cloudweb, Inc.",7370,"Services-Computer Programming, Data Processing, Etc.",Technology
GBUX,1169138,"GIVBUX, INC.",7389,"Services-Business Services, NEC",Other / Financial / Services
RGBP,1589150,Regen BioPharma Inc,2834,Pharmaceutical Preparations,Healthcare
PNXP,1710495,PINEAPPLE EXPRESS CANNABIS Co,7372,Services-Prepackaged Software,Technology
GRLF,915661,GREEN LEAF INNOVATIONS INC,2050,Bakery Products,Consumer Goods
BINI,1499961,"BOLLINGER INNOVATIONS, INC.",3711,Motor Vehicles & Passenger Car Bodies,Industrials
SIGY,1642159,"Sigyn Therapeutics, Inc.",3841,Surgical & Medical Instruments & Apparatus,Healthcare
OCEA,1869974,"Ocean Biomedical, Inc.",2834,Pharmaceutical Preparations,Healthcare
BMPA,1130781,"BMP AI Technologies, Inc.",7812,Services-Motion Picture & Video Tape Production,Other / Financial / Services
BDPT,1575142,"BIOADAPTIVES, INC.",2834,Pharmaceutical Preparations,Healthcare
TMGI,1434601,"Transglobal Management Group, Inc.",4832,Radio Broadcasting Stations,Other / Financial / Services
USAM,1804792,ARES STRATEGIC MINING INC.,1400,Mining & Quarrying of  Nonmetallic Minerals (No Fuels),Other / Financial / Services
WLGSF,1899658,"WANG & LEE GROUP, Inc.",1700,Construction - Special Trade Contractors,Other / Financial / Services
IGTA,1866838,Inception Growth Acquisition Ltd,6770,Blank Checks,Other / Financial / Services
GTIJF,1879373,GRAPHJET TECHNOLOGY,3620,Electrical Industrial Apparatus,Industrials
STRG,1803096,"STARGUIDE GROUP, INC.",5190,Wholesale-Miscellaneous Nondurable Goods,Other / Financial / Services
KMCM,2107523,Titan Holdings Corp.,1000,Metal Mining,Other / Financial / Services
BID,2094919,Tribeca Strategic Acquisition Corp.,6770,Blank Checks,Other / Financial / Services
MSAV,2099338,MSAV Holdings Ltd,7359,"Services-Equipment Rental & Leasing, NEC",Other / Financial / Services
TVIV,2096755,Texas Ventures Acquisition IV Corp,6770,Blank Checks,Other / Financial / Services
GOW,2097702,GOWell Energy Technology,3533,Oil & Gas Field Machinery & Equipment,Industrials
IMC,2098395,IMC Rare Earths Ltd,1000,Metal Mining,Other / Financial / Services
MOT,2099681,MetaOptics Ltd,3827,Optical Instruments & Lenses,Manufacturing
NYB,2100835,NYB Holdings Ltd,2833,Medicinal Chemicals & Botanical Products,Healthcare
TBCV,2140030,"Thunder Bridge Capital Partners V, Ltd.",,,Unknown
BCCQ,2128045,Bleichroeder Acquisition Corp. III,6770,Blank Checks,Other / Financial / Services
MLAA,2094265,Mountain Lake Acquisition Corp. II,6770,Blank Checks,Other / Financial / Services
GDHRY,2129466,"Guangdong Huayan Robotics Co, Ltd./ADR",,,Unknown
HCAX,2130219,Hall Chadwick Acquisition Corp II,,,Unknown
RVII,2131040,Robinhood Ventures Fund II,,,Unknown
BEMPY,2137137,Bangkok Expressway & Metro Public Co Limited/ADR,,,Unknown
CBAGY,2138373,Carabao Group Public Co Limited/ADR,,,Unknown
RREV,2123969,RRE Ventures Acquisition Corp.,6770,Blank Checks,Other / Financial / Services
MPJPY,2100603,Metaplanet Inc.,,,Unknown
MRCO,2106436,Mercator Acquisition Corp.,6770,Blank Checks,Other / Financial / Services
CGCF,2126043,Cartesian Growth Corp IV,6770,Blank Checks,Other / Financial / Services
JMKE,2127043,Jersey Mike's Subs Inc.,5812,Retail-Eating  Places,Retail
BCLGY,2127862,BALTIC CLASSIFIEDS GROUP PLC/ADR,,,Unknown
GFTFF,2103596,Grafton Resources Inc.,,,Unknown
SUCH,2104032,Suchness Tech Ltd,3674,Semiconductors & Related Devices,Industrials
TP,2104296,Ticketplus Ltd.,7990,Services-Miscellaneous Amusement & Recreation,Other / Financial / Services
NCO,2116230,Southern Cross Acquisition I Corp.,6770,Blank Checks,Other / Financial / Services
SICOF,2117702,Silverco Mining Ltd.,,,Unknown
YARRF,2099818,Pirate Gold Corp.,,,Unknown
MTLMY,2091028,Metallium Limited/ADR,,,Unknown
AFNDY,2101973,Allfunds Group PLC./ADR,,,Unknown
ANJFY,2098397,"Anjoy Foods Group Co., Ltd./ADR",,,Unknown
CRAUY,2094687,"Chery Automobile Co., Ltd./ADR",,,Unknown
RUIH,2094989,RUI Holdings Inc,8744,Services-Facilities Support Management Services,Healthcare
PCAI,2131101,Powercheck AI Holdings Ltd,8090,"Services-Misc Health & Allied Services, NEC",Healthcare
SAMO,2125567,Samos Energy Acquisition Corp,6770,Blank Checks,Other / Financial / Services
CSCM,2136449,Crestone Strategic Capital Acquisition Corp,,,Unknown
OPNHY,2131812,Open House Group Co. Ltd/ADR,,,Unknown
ULIT,2134552,US Elemental Inc.,1400,Mining & Quarrying of  Nonmetallic Minerals (No Fuels),Other / Financial / Services
NATNF,2096533,Nation Gold Corp.,,,Unknown
TGRGF,2094900,Tiger Gold Corp.,,,Unknown
EBGCY,2123531,Eastroc Beverage Group Co. Ltd/ADR,8880,American Depositary Receipts,Healthcare
DGAC,2111038,DISCIPLINED GROWTH ACQUISITION Corp,6770,Blank Checks,Other / Financial / Services
TELYF,2113853,TELYRX HOLDINGS INC.,,,Unknown
CMPLY,2117197,Com7 PCL/ADR,,,Unknown
SHOT,2104879,RMG ML Sports Holdings,6770,Blank Checks,Other / Financial / Services
HYPG,2107730,Grayscale Hyperliquid Staking ETF,6221,Commodity Contracts Brokers & Dealers,Other / Financial / Services
JNGDY,2109559,"Jingdong Industrials, Inc./ADR",,,Unknown
GYGY,2111846,Game Your Game Inc.,7372,Services-Prepackaged Software,Technology
FRTRY,2098710,"Fortior Technology (Shenzhen) Co., Ltd./ADR",,,Unknown
MNTGY,2123346,"Montage Technology Co., Ltd./ADR",8880,American Depositary Receipts,Healthcare
CCCT,2123471,Columbus Circle Capital Corp III,6770,Blank Checks,Other / Financial / Services
CSQR,2105398,"Csquare, Inc.",7370,"Services-Computer Programming, Data Processing, Etc.",Technology
VAT,2109801,"VARSAL TECH, INC.",2800,Chemicals & Allied Products,Manufacturing
XLAB,2109869,D. Boral ARC Merger Corp,7372,Services-Prepackaged Software,Technology
KCAC-UN,2102713,Kensington Capital Acquisition Corp. VI,6770,Blank Checks,Other / Financial / Services
BLDC,2097508,"Blockfusion Digital Infrastructure, Inc.",7374,Services-Computer Processing & Data Preparation,Technology
ETHB,2099103,iShares Staked Ethereum Trust ETF,6221,Commodity Contracts Brokers & Dealers,Other / Financial / Services
WSAT,2101411,WISeSat.Space Holdings Corp.,4899,"Communications Services, NEC",Other / Financial / Services
BWOW,2053791,Bitwise Dogecoin ETF,6221,Commodity Contracts Brokers & Dealers,Other / Financial / Services
BLTG,2045873,BOUNDLESS GROUP,3827,Optical Instruments & Lenses,Manufacturing
DFSLY,2038919,Defeng Solife Holdings Limited/ADR,,,Unknown
SBMW,2036060,"Security Midwest Bancorp, Inc.",6036,"Savings Institutions, Not Federally Chartered",Other / Financial / Services
MYCRY,2032399,Mycronic AB/ADR,,,Unknown
RENGY,2092252,"Rengo Co., Ltd./ADR",,,Unknown
OBNK,2042444,Osprey BONK Trust,,,Unknown
JOSS,2067746,"JOSS Realty REIT, Inc.",6798,Real Estate Investment Trusts,Other / Financial / Services
SOUD,2070237,Hacker Interstellar Inc.,7370,"Services-Computer Programming, Data Processing, Etc.",Technology
BMOK,2071607,BM Acquisition Corp.,6770,Blank Checks,Other / Financial / Services
CPXXY,2071911,Capital Power Corp/ADR,,,Unknown
PSBTY,2063685,PT Sumber Alfaria Trijaya Tbk/ADR,,,Unknown
BXRLY,2056450,Boxer Retail Limited/ADR,,,Unknown
SOEZ,2057388,Franklin Solana Trust,6221,Commodity Contracts Brokers & Dealers,Other / Financial / Services
ELFTY,2073615,Element Fleet Management Corp./ADR,,,Unknown
NWCYY,2073913,North West Co Inc./ADR,,,Unknown
EVON,2075036,EvoNexus Group LTD,7370,"Services-Computer Programming, Data Processing, Etc.",Technology
STJNY,2077242,Stella-Jones Inc./ADR,,,Unknown
ASKRY,2078895,Asker Healthcare Group AB/ADR,,,Unknown
QMLS,2084026,"QumulusAI, Inc.",7374,Services-Computer Processing & Data Preparation,Technology
SBCLY,2087852,Sumitomo Bakelite Co Limited/ADR,,,Unknown
BHYP,2088139,Bitwise Hyperliquid ETF,6221,Commodity Contracts Brokers & Dealers,Other / Financial / Services
OBBCY,2088339,"OBIC Business Consultants Co., Ltd./ADR",,,Unknown
EXCBF,2088688,Excalibur Metals Corp.,,,Unknown
ADBT,2084227,"Advasa Holdings, Inc.",7372,Services-Prepackaged Software,Technology
STDN,2086716,"Standard Nuclear, Inc.",2810,Industrial Inorganic Chemicals,Manufacturing
RSMIY,2086869,RESOLUTION MINERALS LTD/ADR,,,Unknown
CLNK,2082889,Bitwise Chainlink ETF,6221,Commodity Contracts Brokers & Dealers,Other / Financial / Services
BAGZ,2115027,Cryptex Digital Market Cap ETF,6211,"Security Brokers, Dealers & Flotation Companies",Other / Financial / Services
LEDR,2109823,Leader's Advantage Acquisition Corp.,6770,Blank Checks,Other / Financial / Services
XTND,2111860,"Xtend AI Robotics, Inc.",3760,Guided Missiles & Space Vehicles & Parts,Industrials
OSPR,2113481,Osprey Acquisition Corp. III,6770,Blank Checks,Other / Financial / Services
JAB,2128739,JAB Acquisition Corp I,6770,Blank Checks,Other / Financial / Services
LARS,2140589,Laris Growth Acquisition Corp.,,,Unknown
ATAYY,2127653,American Tungsten & Antimony Ltd,,,Unknown
LAWK,2122791,Lawaken Group Inc.,5600,Retail-Apparel & Accessory Stores,Retail
MUYNY,2123524,Muyuan Foods Co. Ltd/ADR,8880,American Depositary Receipts,Healthcare
BVGLY,2127839,Bellevue Gold Ltd./ADR,,,Unknown
JXIRY,2128458,Jiaxin International Resources Investment Limited/ADR,,,Unknown
SHILY,2111790,Shanghai Iluvatar CoreX Semiconductor Co Ltd/ADR,,,Unknown
SKHY,2120882,SK hynix Inc.,3674,Semiconductors & Related Devices,Industrials
WXILY,2123372,"Wuxi Lead Intelligent Equipment Co., Ltd./ADR",,,Unknown
AIST,2109082,AI STRATEGY INC.,6770,Blank Checks,Other / Financial / Services
PSQL,2119292,Bleichroeder Acquisition France Merger Sub 2,7374,Services-Computer Processing & Data Preparation,Technology
CVCPY,2120046,CVC Capital Partners plc/ADR,,,Unknown
ORCRY,2142762,Organo Corporation/ADR,,,Unknown
LTGR,2104177,Long Table Growth Corp.,6770,Blank Checks,Other / Financial / Services
HGZDY,2128813,"Hangzhou Diagens Biotechnology Co., Ltd./ADR",,,Unknown
TEAC,2129595,Tidewise Acquisition Corp,,,Unknown
OBX,2130606,"Gazelle Parent, Inc.",2834,Pharmaceutical Preparations,Healthcare
FTRA,2131853,FutureCorp Space Acquisition 1,6770,Blank Checks,Other / Financial / Services
EULLY,2127859,EUROPEAN LITHIUM LTD/ADR,,,Unknown
SIAMY,2138369,Siam Global House Public Co Limited/ADR,,,Unknown
AADX,2118195,"Applied Aerospace & Defense, Inc.",3728,"Aircraft Parts & Auxiliary Equipment, NEC",Industrials
ISNR,2123475,Snow Rothschild Acquisition Corp.,6770,Blank Checks,Other / Financial / Services
BHTGY,2125951,"Beijing Haizhi Technology Group Co., Ltd./ADR",,,Unknown
JONE,2129056,Jones Ventures INTL Acquisition1 Corp,6770,Blank Checks,Other / Financial / Services
FDMM,2129659,Freedom Metals Acquisition Corp.,6770,Blank Checks,Other / Financial / Services
MCFN,2131882,"McCarthy Finney, Inc.",7374,Services-Computer Processing & Data Preparation,Technology
SIGEY,2132082,"Sigenergy Technology Co., Ltd./ADR",,,Unknown
MTAK,2133136,Market Technology Acquisition Corp,6770,Blank Checks,Other / Financial / Services
BDDD,2133836,Bridge III Acquisition Ltd,6770,Blank Checks,Other / Financial / Services
PNSB,2087419,"PSB Financial, Inc.",6036,"Savings Institutions, Not Federally Chartered",Other / Financial / Services
NHKSY,2087500,NHK Spring Co. Ltd/ADR,,,Unknown
ITHEY,2134539,Ithaca Energy PLC/ADR,,,Unknown
SXZTY,2135894,"Shanghai Xizhi Technology Co., Ltd./ADR",,,Unknown
MIAC,2136530,Meridian3 Industrials Acquisition Corp,6770,Blank Checks,Other / Financial / Services
PTAXY,2089174,Paltac Corporation/ADR,,,Unknown
TEICY,2089506,TOSEI CORP/ADR,,,Unknown
LAGH,2090910,Lagarosse Holdings Ltd,2080,Beverages,Consumer Goods
CDTHY,2091663,CONDUIT HOLDINGS LTD/ADR,,,Unknown
SGPIY,2099326,"Seres Group Co., Ltd./ADR",,,Unknown
IPVV,2105274,"InterPrivate Investment Partners V, Inc.",6770,Blank Checks,Other / Financial / Services
CHON,2095150,ChainOn Group Ltd,7371,Services-Computer Programming Services,Technology
SMGSY,2093227,SMG Swiss Marketplace Group AG/ADR,,,Unknown
NTCMY,2126620,Natura Cosmeticos S.A./ADR,,,Unknown
DTRSY,2127860,DATELINE RESOURCES LTD/ADR,,,Unknown
TLAC,2128462,Three Lions Acquisition Corp.,,,Unknown
TYOEY,2128619,Toyo Engineering Corporation/ADR,,,Unknown
MNYCY,2131961,Manycore Tech Inc./ADR,,,Unknown
THARY,2133810,Tharisa plc,8880,American Depositary Receipts,Healthcare
NORT,2135939,Norient Acquisition,,,Unknown
HUAQY,2136116,Huaqin Co. LTD/ADR,,,Unknown
OCLT,2137679,OceanLight Acquisition Corp,6770,Blank Checks,Other / Financial / Services
PRLG,2137754,Prologium Holding Inc.,,,Unknown
RACD,2137777,Research Alliance Corp IV,6770,Blank Checks,Other / Financial / Services
NARA,2138186,"Narragansett Bancorp, Inc.",,,Unknown
SHNTY,2138554,"Shanghai Top Numerical Control Technology Co., Ltd./ADR",,,Unknown
NGCOY,2092248,"Nagase & Co., Ltd./ADR",,,Unknown
WATR,2092314,Air Water Ventures Ltd,2080,Beverages,Consumer Goods
FRTT,2092967,Fort Technology Inc,2870,Agricultural Chemicals,Manufacturing
NBKBY,2093618,Noba Bank Group AG/ADR,,,Unknown
ZJGIY,2093654,Zijin Gold International Co Limited/ADR,,,Unknown
ODKUY,2108124,"Odakyu Electric Railway Co., Ltd./ADR",,,Unknown
GDMT,2105318,Gold Mountain Acquisition Corp.,6770,Blank Checks,Other / Financial / Services
SSHBY,2107375,"SBI Shinsei Bank, Limited/ADR",,,Unknown
MDKGY,2098332,Merdeka Gold Resources Tbk PT/ADR,,,Unknown
EWAV,2100704,East West Ave Acquisition Corp.,6770,Blank Checks,Other / Financial / Services
SNSC,2101240,SunScout Holding Ltd,3674,Semiconductors & Related Devices,Industrials
NRGFF,2102593,AE Fuels Corp,,,Unknown
SKAI,2103029,Sky Acquisition Group,6770,Blank Checks,Other / Financial / Services
MSBT,2103612,Morgan Stanley Bitcoin Trust,6221,Commodity Contracts Brokers & Dealers,Other / Financial / Services
RGKUY,2141099,Rigaku Holdings Corporation/ADR,,,Unknown
SWBKY,2098324,Shawbrook Group plc/ADR,,,Unknown
EFGH,2104943,Embed Financial Group Holdings,7389,"Services-Business Services, NEC",Other / Financial / Services
SICCY,2098860,"SICC Co., Ltd./ADR",,,Unknown
INEOF,2099727,INEO Tech Corp.,,,Unknown
GBNB,2106762,Grayscale BNB ETF,6221,Commodity Contracts Brokers & Dealers,Other / Financial / Services
SCOP,2108383,Sprott Physical Copper Trust,1090,Miscellaneous Metal Ores,Other / Financial / Services
MMXGY,2109556,Minimax Group Inc./ADR,,,Unknown
CMBY,2123232,Cumberland Farms Ltd,5500,Retail-Auto Dealers & Gasoline Stations,Retail
KNWAY,2109545,Knowledge Atlas Technology Joint Stock Co Limited/ADR,,,Unknown
GIDHF,2109547,GigaDevice Semiconductor Inc./ADR,,,Unknown
AELKY,2110583,ASELSAN Elektronik Sanayi ve Ticaret Anonim Sirketi/ADR,,,Unknown
MTGLY,2128448,Mininglamp Technology Group Limited/ADR,,,Unknown
SXTEY,2128597,"Shenzhen Xunce Technology Co., Ltd./ADR",,,Unknown
YICC,2130386,Yorkville International Capital Corp.,6770,Blank Checks,Other / Financial / Services
VGTHY,2131322,"Victory Giant Technology (HuiZhou) Co., Ltd./ADR",,,Unknown
ZABKY,2138474,Zabka Group S.A./ADR,,,Unknown
LNFGY,2140948,Lion Finance Group PLC/ADR,,,Unknown
THYP,2090011,21Shares Hyperliquid ETF,6221,Commodity Contracts Brokers & Dealers,Other / Financial / Services
MSH,2137634,MAO SHAN HUANG HOLDINGS Ltd,5140,Wholesale-Groceries & Related Products,Other / Financial / Services
PLCI,2122392,Pelican Acquisition II Corp,6770,Blank Checks,Other / Financial / Services
ICGSF,2123553,ICG Silver & Gold Ltd.,,,Unknown
SKBBY,2125904,"Sichuan Kelun-Biotech Biopharmaceutical Co., Ltd./ADR",,,Unknown
BRTM,2131350,B&R Technology Merger Corp.,6770,Blank Checks,Other / Financial / Services
KGBMY,2133892,Kongsberg Maritime ASA/ADR,,,Unknown
LKYLY,2091585,Locksley Resources Limited/ADR,,,Unknown
TKDG,2092287,3 KNIGHTS DYNAMICS GROUP Ltd,7371,Services-Computer Programming Services,Technology
SIAI,2112466,Silentium Ltd.,7372,Services-Prepackaged Software,Technology
APBD,2114463,AParadise II Acquisition Corp.,6770,Blank Checks,Other / Financial / Services
LTAFF,2115899,Lithium Africa Corp.,,,Unknown
BEJEF,2116276,Beijer Ref AB/ADR,,,Unknown
AMPM,2049323,AM PM Group Ltd,7900,Services-Amusement & Recreation Services,Other / Financial / Services
SMFSY,2048270,"Sumitomo Forestry Co., Ltd./ADR",,,Unknown
ALEUY,2046098,ALLEGRO.EU SA/ADR,,,Unknown
DYBTY,2085208,Duality Biotherapeutics Inc/ADR,,,Unknown
RKAM,2087716,"ROKIT America, Inc.",2834,Pharmaceutical Preparations,Healthcare
TRBG,2088375,Turbogen Ltd.,4931,Electric & Other Services Combined,Energy
SNEVY,2089488,SUNEVISION HOLDINGS/ADR,,,Unknown
XRPZ,2059438,Franklin XRP Trust,6221,Commodity Contracts Brokers & Dealers,Other / Financial / Services
MNZLY,2062807,Mercury NZ Ltd./ADR,,,Unknown
FSOL,2063380,Fidelity Solana Fund,6221,Commodity Contracts Brokers & Dealers,Other / Financial / Services
LSHGY,2063675,Louis Hachette Group/ADR,,,Unknown
PCPGY,2053411,PC Partner Group Ltd/ADR,,,Unknown
PRNCF,2045300,Prince Silver Corp.,,,Unknown
GHRTF,2045434,Greenheart Gold Inc.,,,Unknown
UPX,2046370,Uptrend Holdings Ltd,1540,General Bldg Contractors - Nonresidential Bldgs,Other / Financial / Services
OTAI,2094076,Starlink AI Acquisition Corp,6770,Blank Checks,Other / Financial / Services
DPDSY,2094201,DPC DASH LTD/ADR,,,Unknown
VBNB,2066824,VanEck BNB ETF,6221,Commodity Contracts Brokers & Dealers,Other / Financial / Services
RECCY,2070570,Reece Limited/ADR,,,Unknown
HNPHY,2073669,Hansoh Pharmaceutical Group Co Limited/ADR,,,Unknown
TMKVY,2073901,Tamarack Valley Energy Ltd./ADR,,,Unknown
CSCCY,2075918,Capstone Copper Corp./ADR,,,Unknown
VSGRY,2075141,VusionGroup,,,Unknown
GGRPY,2075474,GPT Group/ADR,,,Unknown
APEX,2069858,APEX Global Solutions Ltd,3470,"Coating, Engraving & Allied Services",Manufacturing
FRLCY,2065932,Freelancer Ltd,,,Unknown
VIRMF,2074745,Viridian Metals Inc.,,,Unknown
IBL,2075038,I Bella Perfect Inc.,8011,Services-Offices & Clinics of  Doctors of  Medicine,Healthcare
PRSKY,2071912,PrairieSky Royalty Ltd/ADR,,,Unknown
AESP,2082526,Aeon Acquisition I Corp.,6770,Blank Checks,Other / Financial / Services
APNA,2085795,APEIRON ACQUISITION VEHICLE I,6770,Blank Checks,Other / Financial / Services
FHFFY,2082876,Foshan Haitian Flavouring & Food Co Ltd./ADR,,,Unknown
KHOBF,2084698,KHEOBA Ltd,7371,Services-Computer Programming Services,Technology
NEUC,2093976,Neucleus Group Ltd,8200,Services-Educational Services,Healthcare
PNIG,2089778,Pacipic Nexus IntelliTech Group,3569,"General Industrial Machinery & Equipment, NEC",Industrials
JAYGF,2092243,Blue Jay Gold Corp.,,,Unknown
AKCLY,2087856,Aica Kogyo Co Limited/ADR,,,Unknown
GHXI,2086438,"Gores Holdings XI, Inc.",6770,Blank Checks,Other / Financial / Services
ARTC,2086545,Art Technology Acquisition Corp.,6770,Blank Checks,Other / Financial / Services
NHLTY,2060863,Nightingale Health Plc,,,Unknown
DNCLY,2065660,"DeNA Co., Ltd./ADR",,,Unknown
YGSHY,2053843,Yangzijiang Shipbuilding Holdings Ltd/ADR,,,Unknown
NEUT,2065741,Neutrans Inc.,4899,"Communications Services, NEC",Other / Financial / Services
IDPEY,2062803,IDP Education Ltd./ADR,,,Unknown
GRCPY,2063671,Canal Plus SA/ADR,,,Unknown
ROZE,2075335,ROZE AI INC.,7373,Services-Computer Integrated Systems Design,Technology
KOEI,2070087,"Koei Group Co., Ltd.",4953,Refuse Systems,Other / Financial / Services
SAPUY,2072563,Saputo Inc./ADR,,,Unknown
STA,2049977,"Starton Holdings, Inc.",2834,Pharmaceutical Preparations,Healthcare
CLBZ,2050338,Collab Z Inc.,6500,Real Estate,Other / Financial / Services
CLRLY,2063231,Central Retail Corp Public Co Limited/ADR,,,Unknown
MREGY,2063417,Meridian Energy Ltd/ADR,,,Unknown
LILW,2065821,Little West Holdings Inc.,2080,Beverages,Consumer Goods
SCBXY,2066600,SCB X Public Co Ltd,,,Unknown
CAPI,2066925,"CAPSTONE 72, INC.",6500,Real Estate,Other / Financial / Services
BSTR,2083583,"BSTR Holdings, Inc.",6199,Finance Services,Other / Financial / Services
QSOL,2074409,Invesco Galaxy Solana ETF,6221,Commodity Contracts Brokers & Dealers,Other / Financial / Services
BKPOY,2075877,Bank Pekao S.A./ADR,,,Unknown
IDXMF,2067171,IDEX METALS CORP.,,,Unknown
SMPHY,2063413,SM Prime Holdings Inc./ADR,,,Unknown
JXAMY,2065485,JX Advanced Metals Corporation/ADR,,,Unknown
FNIGY,2073638,Finning International Inc./ADR,,,Unknown
TPZEY,2073655,Topaz Energy Corp./ADR,,,Unknown
ACMIF,2065282,Allied Critical Metals Corp.,,,Unknown
TDOG,2064314,21Shares Dogecoin ETF,6221,Commodity Contracts Brokers & Dealers,Other / Financial / Services
THCLY,2064381,"Toho Co., Ltd./ADR",,,Unknown
MDAT,2091521,Web3Labs Global Inc.,8742,Services-Management Consulting Services,Other / Financial / Services
GLVPY,2089499,GLENVEAGH PROPERTIES PLC/ADR,,,Unknown
YLY,2053115,Zi Yun Dong Fang Ltd,7200,Services-Personal Services,Other / Financial / Services
SSRLY,2073972,Sienna Senior Living Inc./ADR,,,Unknown
SVICY,2074157,StorageVault Canada Inc./ADR,,,Unknown
GIVE,2074158,Wealth Management System Inc.,7372,Services-Prepackaged Software,Technology
TKCYY,2066601,"Tokyo Ohka Kogyo Co., Ltd./ADR",,,Unknown
ONWRY,2059986,Onward Medical N.V./ADR,,,Unknown
HZRBY,2060217,"Horizon Robotics, Inc./ADR",,,Unknown
SPGH,2062925,Smart Pointer Group Holdings Ltd,4731,Arrangement of  Transportation of  Freight & Cargo,Other / Financial / Services
SUIS,2060703,Canary Staked SUI ETF,6221,Commodity Contracts Brokers & Dealers,Other / Financial / Services
BITA,2089969,iShares Bitcoin Premium Income ETF,6221,Commodity Contracts Brokers & Dealers,Other / Financial / Services
CNYGF,2090651,Canary Gold Corp.,,,Unknown
ZSICY,2076398,"Zhejiang Sanhua Intelligent Controls Co., Ltd./ADR",,,Unknown
UNIU,2077715,"RiverNorth Long Prime Unicorn Fund I, Inc.",,,Unknown
AMTU,2078570,"AMATUHI HOLDINGS, INC.",1520,General Bldg Contractors - Residential Bldgs,Other / Financial / Services
GTLRY,2087843,Greatland Resources Limited/ADR,,,Unknown
UATCY,2084585,"Unisound AI Technology Co., Ltd./ADR",,,Unknown
BTECH,2086775,BTECH Corp,6770,Blank Checks,Other / Financial / Services
ZGJLY,2087840,"Zhejiang Leapmotor Technology Co., Ltd./ADR",,,Unknown
ZSHLY,2088776,"Zensho Holdings Co., Ltd./ADR",,,Unknown
TKNZ,2089855,T. Rowe Price Active Crypto ETF,6221,Commodity Contracts Brokers & Dealers,Other / Financial / Services
MBGL,2090312,Mobility Global Inc.,7389,"Services-Business Services, NEC",Other / Financial / Services
CLYD,2094256,"BEACON TOPCO, INC.",2834,Pharmaceutical Preparations,Healthcare
NTMJ,2084296,Nintech Mould Factory Inc.,3089,"Plastics Products, NEC",Manufacturing
POCH,2085836,"POCHE TECHNOLOGY CO., Ltd",7311,Services-Advertising Agencies,Other / Financial / Services
GONYF,2081438,GO Residential Real Estate Investment Trust,,,Unknown
TCLXY,2073804,TCL Electronics Holdings Limited/ADR,,,Unknown
BIREY,2073268,Birchcliff Energy Ltd./ADR,,,Unknown
METRY,2073643,METRO INC./ADR,,,Unknown
NPIXY,2072389,Northland Power Inc./ADR,,,Unknown
GRVT,2078037,GreenVector Holdings Ltd,3241,"Cement, Hydraulic",Manufacturing
PDSRX,1756404,Principal Real Asset Fund,,,Unknown
WDSP,1813744,"World Scan Project, Inc.",5045,Wholesale-Computers & Peripheral Equipment & Software,Other / Financial / Services
ETCG,1705181,Grayscale Ethereum Classic Trust (ETC),6221,Commodity Contracts Brokers & Dealers,Other / Financial / Services
BAR,1690437,GraniteShares Gold Trust,6221,Commodity Contracts Brokers & Dealers,Other / Financial / Services
PLTM,1690842,GraniteShares Platinum Trust,6221,Commodity Contracts Brokers & Dealers,Other / Financial / Services
GDLC,1729997,Grayscale CoinDesk Crypto 5 ETF,6221,Commodity Contracts Brokers & Dealers,Other / Financial / Services
LIME,1699963,"Neutron Holdings, Inc.",7372,Services-Prepackaged Software,Technology
REF,1787117,Reformation Inc.,2330,"Women's, Misses':  and Juniors Outerwear",Consumer Goods
DGNOF,1790693,Diagnos Inc.,,,Unknown
HZEN,1748945,Grayscale Horizen Trust (ZEN),6221,Commodity Contracts Brokers & Dealers,Other / Financial / Services
LTCN,1732406,Grayscale Litecoin Trust (LTC),6221,Commodity Contracts Brokers & Dealers,Other / Financial / Services
ZCSH,1720265,Grayscale Zcash Trust (ZEC),6221,Commodity Contracts Brokers & Dealers,Other / Financial / Services
DCFBS,1630745,"DCFC Holdings, LLC",,,Unknown
ODRS,1610718,"Outdoor Specialty Products, Inc.",3949,"Sporting & Athletic Goods, NEC",Consumer Goods
CPPBY,1551468,Central Pattana Public Co Limited/ADR,,,Unknown
BPRE,1551047,Bluerock Private Real Estate Fund,,,Unknown
OUNZ,1546652,VanEck Merk Gold ETF,6221,Commodity Contracts Brokers & Dealers,Other / Financial / Services
IPSAY,1582820,IPSOS/ADR,,,Unknown
EYUBY,1562294,Electricity Generating Public Co Limited/ADR,8880,American Depositary Receipts,Healthcare
BITW,1723788,Bitwise 10 Crypto Index ETF,6221,Commodity Contracts Brokers & Dealers,Other / Financial / Services
AAAU,1708646,Goldman Sachs Physical Gold ETF,6221,Commodity Contracts Brokers & Dealers,Other / Financial / Services
MSYND,1693687,GREENLIT VENTURES INC.,8742,Services-Management Consulting Services,Other / Financial / Services
FDCTD,1722731,"FDCTECH, INC.",7372,Services-Prepackaged Software,Technology
UVIX,1793497,VS Trust,6221,Commodity Contracts Brokers & Dealers,Other / Financial / Services
BITB,1763415,Bitwise Bitcoin ETF,6221,Commodity Contracts Brokers & Dealers,Other / Financial / Services
GIXI,1782265,Gix Internet Ltd.,7372,Services-Prepackaged Software,Technology
OBTC,1767057,Osprey Bitcoin Trust,6221,Commodity Contracts Brokers & Dealers,Other / Financial / Services
IAUM,1759124,iShares Gold Trust Micro,6221,Commodity Contracts Brokers & Dealers,Other / Financial / Services
BCHG,1732409,Grayscale Bitcoin Cash Trust (BCH),6221,Commodity Contracts Brokers & Dealers,Other / Financial / Services
VCRDX,1812286,Harrison Street Infrastructure Income Fund,,,Unknown
CBPHF,1856491,"Clover Biopharmaceuticals, Ltd.",,,Unknown
ORIB,1854183,Orion Bliss Corp.,2840,"Soap, Detergents, Cleang Preparations, Perfumes, Cosmetics",Manufacturing
QSP,1618755,Restaurant Brands International Limited Partnership,5812,Retail-Eating  Places,Retail
BDRY,1610940,Amplify Commodity Trust,6221,Commodity Contracts Brokers & Dealers,Other / Financial / Services
BUHPY,1547870,Bumrungrad Hospital Public Co Limited/ADR,8880,American Depositary Receipts,Healthcare
PTMSY,1575356,PT MDS Retailing Tbk/ADR,8880,American Depositary Receipts,Healthcare
WNHK,1503658,"Winning Catering Group, Inc.",6500,Real Estate,Other / Financial / Services
DSRNY,1544088,DiaSorin SpA/ADR,,,Unknown
PRBRY,1503812,PREMIUM BRANDS HOLDINGS Corp,,,Unknown
MROSY,1516535,Melrose Industries Plc/ADR,8880,American Depositary Receipts,Healthcare
BPYPP,1545772,Brookfield Property Partners L.P.,6500,Real Estate,Other / Financial / Services
UGA,1396878,"United States Gasoline Fund, LP",6221,Commodity Contracts Brokers & Dealers,Other / Financial / Services
OAK-PA,1403528,"Brookfield Oaktree Holdings, LLC",6282,Investment Advice,Other / Financial / Services
BIPH,1406234,Brookfield Infrastructure Partners L.P.,4400,Water Transportation,Other / Financial / Services
PPLT,1460235,abrdn Platinum ETF Trust,6221,Commodity Contracts Brokers & Dealers,Other / Financial / Services
JTGEY,1472033,"Citibank,N.A./ADR",,,Unknown
TSEOQ,1519061,Trinseo PLC,2821,"Plastic Materials, Synth Resins & Nonvulcan Elastomers",Manufacturing
BOTX,1643721,DATZ WORLD HOLDINGS CORP.,8742,Services-Management Consulting Services,Other / Financial / Services
GLDM,1618181,World Gold Trust,6221,Commodity Contracts Brokers & Dealers,Other / Financial / Services
GDOG,2055510,Grayscale Dogecoin Trust ETF,6221,Commodity Contracts Brokers & Dealers,Other / Financial / Services
GLEI,1871890,Galaxy Enterprises Inc. /WY/,6531,Real Estate Agents & Managers (For Others),Other / Financial / Services
OSOL,1868282,Osprey Solana Trust,,,Unknown
NSNFY,2027166,"Nissin Foods Holdings Co., Ltd./ADR",,,Unknown
GTAO,2029297,Grayscale Bittensor Trust (TAO),6221,Commodity Contracts Brokers & Dealers,Other / Financial / Services
XRP,2039525,Bitwise XRP ETF,6221,Commodity Contracts Brokers & Dealers,Other / Financial / Services
NCIQ,2031069,Hashdex Nasdaq CME Crypto Index ETF,6221,Commodity Contracts Brokers & Dealers,Other / Financial / Services
EZPZ,2033807,Franklin Crypto Trust,6221,Commodity Contracts Brokers & Dealers,Other / Financial / Services
CCEYF,1992604,CanCambria Energy Corp.,,,Unknown
EZBC,1992870,Franklin Templeton Digital Holdings Trust,6221,Commodity Contracts Brokers & Dealers,Other / Financial / Services
QETH,1995569,Invesco Galaxy Ethereum ETF,6221,Commodity Contracts Brokers & Dealers,Other / Financial / Services
BTC,2015034,Grayscale Bitcoin Mini Trust ETF,6221,Commodity Contracts Brokers & Dealers,Other / Financial / Services
TSLVF,1852753,TIER ONE SILVER INC.,,,Unknown
FBDT,1892704,"First Breach, Inc.",3480,"Ordnance & Accessories, (No Vehicles/Guided Missiles)",Manufacturing
OCAC,1926314,Ocean Capital Acquisition Corp,6770,Blank Checks,Other / Financial / Services
HODL,1838028,VanEck Bitcoin ETF,6221,Commodity Contracts Brokers & Dealers,Other / Financial / Services
EIIA,1896036,Eagle Point Institutional Income Fund,,,Unknown
SCTX,1853921,"Scribe Therapeutics, Inc.",2836,"Biological Products, (No Diagnostic Substances)",Healthcare
FBTC,1852317,Fidelity Wise Origin Bitcoin Fund,6221,Commodity Contracts Brokers & Dealers,Other / Financial / Services
ETHV,1860788,VanEck Ethereum ETF,6221,Commodity Contracts Brokers & Dealers,Other / Financial / Services
ODOT,1857629,Osprey Polkadot Trust,,,Unknown
VCX,1867090,"Fundrise Innovation Fund, LLC",,,Unknown
HODO,1903595,House of Doge Inc.,6199,Finance Services,Other / Financial / Services
TCRG,1879270,Cannaisseur Group Inc.,2833,Medicinal Chemicals & Botanical Products,Healthcare
XXC,1875994,XINXU COPPER INDUSTRY TECHNOLOGY Ltd,3350,Rolling Drawing & Extruding of  Nonferrous Metals,Manufacturing
ARKB,1869699,Ark 21Shares Bitcoin ETF,6221,Commodity Contracts Brokers & Dealers,Other / Financial / Services
BTCO,1855781,Invesco Galaxy Bitcoin ETF,6221,Commodity Contracts Brokers & Dealers,Other / Financial / Services
BTCW,1850391,WisdomTree Bitcoin Fund,6221,Commodity Contracts Brokers & Dealers,Other / Financial / Services
OABIW,1846253,"OmniAb, Inc.",8731,Services-Commercial Physical & Biological Research,Healthcare
GSOL,1896677,Grayscale Solana Staking ETF,6221,Commodity Contracts Brokers & Dealers,Other / Financial / Services
FGDL,1858258,Franklin Templeton Holdings Trust,6221,Commodity Contracts Brokers & Dealers,Other / Financial / Services
MANA,1852023,Grayscale Decentraland Trust (MANA),,,Unknown
GLNK,1852025,Grayscale Chainlink Trust ETF,6221,Commodity Contracts Brokers & Dealers,Other / Financial / Services
GBAT,1852040,Grayscale Basic Attention Token Trust (BAT),,,Unknown
BABYD,1807936,Else Nutrition Holdings Inc.,,,Unknown
GXLM,1761325,Grayscale Stellar Lumens Trust (XLM),6221,Commodity Contracts Brokers & Dealers,Other / Financial / Services
SEQC,1779977,"SeeQC, Inc.",7374,Services-Computer Processing & Data Preparation,Technology
ETHE,1725210,Grayscale Ethereum Staking ETF,6221,Commodity Contracts Brokers & Dealers,Other / Financial / Services
ICR-PA,1690012,"InPoint Commercial Real Estate Income, Inc.",6798,Real Estate Investment Trusts,Other / Financial / Services
GLIV,1852024,Grayscale Livepeer Trust (LPT),,,Unknown
ITRE,1861448,"IntriEnergy, Inc.",,,Unknown
AUGCF,1839290,AU Gold Corp.,,,Unknown
EMI,1838003,"Encore Medical, Inc.",3841,Surgical & Medical Instruments & Apparatus,Healthcare
BRRR,1841175,CoinShares Bitcoin ETF,6221,Commodity Contracts Brokers & Dealers,Other / Financial / Services
OBNB,1916101,Osprey BNB Chain Trust,,,Unknown
CUPPF,2021989,Super Copper Corp.,,,Unknown
PDYTY,2032887,PT Dayamitra Telekomunikasi Tbk/ADR,,,Unknown
KKSIY,2033019,Kokusai Electric Corporation/ADR,,,Unknown
PGIM,1923622,PGIM Private Credit Fund,,,Unknown
FRBT,1925062,"Forbright, Inc.",6022,State Commercial Banks,Other / Financial / Services
VSOL,2028541,VanEck Solana ETF,6221,Commodity Contracts Brokers & Dealers,Other / Financial / Services
SCTAY,2032517,Sectra AB/ADR,,,Unknown
FETH,2000046,Fidelity Ethereum Fund,6199,Finance Services,Other / Financial / Services
IDIA,1997389,Innovative Digital Investors Acquisition Corp.,6770,Blank Checks,Other / Financial / Services
NOPFF,1991188,Nevada Organic Phosphate Inc.,,,Unknown
DEFI,1985840,Hashdex Commodities Trust,6221,Commodity Contracts Brokers & Dealers,Other / Financial / Services
IBIT,1980994,iShares Bitcoin Trust ETF,6221,Commodity Contracts Brokers & Dealers,Other / Financial / Services
TDGGF,1972589,TDG Gold Corp.,,,Unknown
NXNT,1976663,"Nexscient, Inc.",7372,Services-Prepackaged Software,Technology
BRBF,1976870,BRB Foods Inc.,2000,Food and Kindred Products,Consumer Goods
VTNMF,1981775,V Ten Metals Corp.,,,Unknown
TVCN,1952670,TV Channels Network Inc.,4899,"Communications Services, NEC",Other / Financial / Services
CGL,1934387,CGL Logistics Holdings Ltd,4731,Arrangement of  Transportation of  Freight & Cargo,Other / Financial / Services
GXRP,2037427,Grayscale XRP Trust ETF,6221,Commodity Contracts Brokers & Dealers,Other / Financial / Services
XDT,2038688,Xdata Group,7372,Services-Prepackaged Software,Technology
CTWO,1958928,COTWO ADVISORS PHYSICAL EUROPEAN CARBON ALLOWANCE TRUST,6199,Finance Services,Other / Financial / Services
TOXR,2028835,21Shares XRP ETF,6221,Commodity Contracts Brokers & Dealers,Other / Financial / Services
PMHMY,2030632,Perfect Medical Health Management Ltd./ADR,,,Unknown
MGNO,2033615,"Magnolia Bancorp, Inc.",6035,"Savings Institution, Federally Chartered",Other / Financial / Services
KPL,2000208,Kepler Group Ltd,6411,"Insurance Agents, Brokers & Service",Other / Financial / Services
USDW,1977837,MADE IN USA INC.,7374,Services-Computer Processing & Data Preparation,Technology
ETH,2020455,Grayscale Ethereum Staking Mini ETF,6221,Commodity Contracts Brokers & Dealers,Other / Financial / Services
ETHW,2013744,Bitwise Ethereum ETF,6199,Finance Services,Other / Financial / Services
KOGDF,2008257,KO Gold Inc.,,,Unknown
VZSLY,2031760,Vizsla Royalties Corp.,,,Unknown
ITXP,2025878,"Independence Power Holdings, Inc.",8700,"Services-Engineering, Accounting, Research, Management",Healthcare
VAVX,2060717,VanEck Avalanche ETF,6221,Commodity Contracts Brokers & Dealers,Other / Financial / Services
TSUI,2061626,21Shares Sui ETF,6221,Commodity Contracts Brokers & Dealers,Other / Financial / Services
GGTKY,2059690,PT GoTo Gojek Tokopedia Tbk/ADR,,,Unknown
DDHLY,2034300,Digital Domain Holdings Limited/ADR,,,Unknown
GBNXY,2071913,Gibson Energy Inc/ADR,,,Unknown
STSUF,2077638,Satsuma Technology PLC,,,Unknown
UNID,2077697,"RiverNorth Short Prime Unicorn Fund I, Inc",,,Unknown
MLIZY,2080003,MELIUZ S.A.,,,Unknown
LBRJ,1999119,"Libera Gaming Operations, Inc",7990,Services-Miscellaneous Amusement & Recreation,Other / Financial / Services
ETHA,2000638,iShares Ethereum Trust ETF,6221,Commodity Contracts Brokers & Dealers,Other / Financial / Services
PSUS,2002660,"Pershing Square USA, Ltd.",,,Unknown
NMCPF,2003813,Nuvau Minerals Corp,,,Unknown
CRGT,1958489,"Cortigent, Inc.",3845,Electromedical & Electrotherapeutic Apparatus,Healthcare
ITG,2110117,"ITG, Inc./DE/",1623,"Water, Sewer, Pipeline, Comm & Power Line Construction",Other / Financial / Services
AMAC,2110119,AMR Resources Acquisition Corp.,6770,Blank Checks,Other / Financial / Services
BREZ,2095443,Breeze Acquisition Corp. II,6770,Blank Checks,Other / Financial / Services
APMC,2101393,AmperCap Acquisition Co,6770,Blank Checks,Other / Financial / Services
WLCO,2101470,Wilco 63 Corp,6770,Blank Checks,Other / Financial / Services
FFGG,2102972,FF Global Holdings Ltd,5099,"Wholesale-Durable Goods, NEC",Other / Financial / Services
ADIG,2105139,ADI GLOBAL DISTRIBUTION INC.,5072,Wholesale-Hardware,Other / Financial / Services
ORNJY,2093314,OranjeBTC S.A. Educacao E Investmentimento/ADR,8880,American Depositary Receipts,Healthcare
MTMTY,2090231,Metlen Energy & Metals PLC/ADR,,,Unknown
HRBAY,2088827,"Horiba, Ltd./ADR",,,Unknown
CCIL,2083945,CALM Chain International Ltd,7361,Services-Employment Agencies,Other / Financial / Services
LSBA,2075589,Law's Business Group Holding Ltd,8742,Services-Management Consulting Services,Other / Financial / Services
BAVA,2086017,Bitwise Avalanche ETF,6221,Commodity Contracts Brokers & Dealers,Other / Financial / Services
MARH,2087064,Starrygazey Inc.,8742,Services-Management Consulting Services,Other / Financial / Services
NSURF,2002326,North Shore Uranium Ltd.,,,Unknown
INHI,1997950,Unitrend Entertainment Group Ltd,7822,Services-Motion Picture & Video Tape Distribution,Other / Financial / Services
EZET,2011535,Franklin Ethereum Trust,6221,Commodity Contracts Brokers & Dealers,Other / Financial / Services
TSOL,2028834,21Shares Solana ETF,6221,Commodity Contracts Brokers & Dealers,Other / Financial / Services
SGIHY,2027330,"Sugi Holdings Co., Ltd./ADR",8880,American Depositary Receipts,Healthcare
PMA,1956166,Ming Shing Group Holdings Ltd,1700,Construction - Special Trade Contractors,Other / Financial / Services
LPCHY,2023870,Lapco Holdings Limited/ADR,,,Unknown
CCLV,2027982,"C2 Capital Group, Inc.",7374,Services-Computer Processing & Data Preparation,Technology
ENT,2028464,"ENTRATA, INC.",7372,Services-Prepackaged Software,Technology
GSUI,2034012,Grayscale Sui Staking ETF,6221,Commodity Contracts Brokers & Dealers,Other / Financial / Services
NNRGF,1951593,Ninepoint Energy Fund,,,Unknown
GSMT,1940243,Global-Smart.Tech Inc.,6199,Finance Services,Other / Financial / Services
PBRRY,2034467,PT Barito Renewables Energy Tbk/ADR,,,Unknown
KYTFY,2042187,Kyoto Financial Group Inc/ADR,,,Unknown
SOLC,2041869,Canary Marinade Solana ETF,6221,Commodity Contracts Brokers & Dealers,Other / Financial / Services
MOGMF,2011589,Mogotes Metals Inc.,,,Unknown
GSNR,2025000,Grayscale Near Trust (NEAR),6221,Commodity Contracts Brokers & Dealers,Other / Financial / Services
GAVA,2035053,Grayscale Avalanche Staking ETF,6221,Commodity Contracts Brokers & Dealers,Other / Financial / Services
MIMDF,1920576,MiMedia Holdings Inc.,,,Unknown
DAVI,2039072,DAVION HEALTHCARE PLC,3841,Surgical & Medical Instruments & Apparatus,Healthcare
MDDTY,2038958,Mandatum Oyj/ADR,,,Unknown
RCWBY,1969729,Rockwool A/S/ADR,,,Unknown
TETH,1992508,21Shares Ethereum ETF,6221,Commodity Contracts Brokers & Dealers,Other / Financial / Services
STCK,2024996,Grayscale Stacks Trust (STX),,,Unknown
MKAR,2052373,Mkango Rare Earths Ltd,1040,Gold and Silver Ores,Other / Financial / Services
BSOL,2045872,Bitwise Solana Staking ETF,6221,Commodity Contracts Brokers & Dealers,Other / Financial / Services
DBP,1383057,Invesco DB Precious Metals Fund,6221,Commodity Contracts Brokers & Dealers,Other / Financial / Services
USL,1405528,"United States 12 Month Oil Fund, LP",6221,Commodity Contracts Brokers & Dealers,Other / Financial / Services
IAU,1278680,ISHARES GOLD TRUST,6221,Commodity Contracts Brokers & Dealers,Other / Financial / Services
FXB,1353611,Invesco CurrencyShares British Pound Sterling Trust,6221,Commodity Contracts Brokers & Dealers,Other / Financial / Services
FXY,1353613,Invesco CurrencyShares Japanese Yen Trust,6221,Commodity Contracts Brokers & Dealers,Other / Financial / Services
GJO,1340909,"STRATS SM TRUST FOR WAL-MART STORES, INC. SECURITIES, SERIES 2005-4",6189,Asset-Backed Securities,Other / Financial / Services
XSIAX,1124959,VOYA CREDIT INCOME FUND,,,Unknown
TSM,1046179,TAIWAN SEMICONDUCTOR MANUFACTURING CO LTD,3674,Semiconductors & Related Devices,Industrials
QQQ,1067839,"INVESCO QQQ TRUST, SERIES 1",,,Unknown
ZTR,836412,Virtus Total Return Fund Inc.,,,Unknown
UELMO,100826,UNION ELECTRIC CO,4911,Electric Services,Energy
AILIH,18654,Ameren Illinois Co,4931,Electric & Other Services Combined,Energy
CITR,894556,CitroTech Inc.,2800,Chemicals & Allied Products,Manufacturing
DIA,1041130,SPDR DOW JONES INDUSTRIAL AVERAGE ETF TRUST,,,Unknown
EMP,66901,"ENTERGY MISSISSIPPI, LLC",4911,Electric Services,Energy
CHSCP,823277,CHS INC,5150,Wholesale-Farm Product Raw Materials,Other / Financial / Services
GPJA,41091,GEORGIA POWER CO,4911,Electric Services,Energy
CMS-PB,201533,CONSUMERS ENERGY CO,4931,Electric & Other Services Combined,Energy
EAI,7323,"ENTERGY ARKANSAS, LLC",4911,Electric Services,Energy
NRUC,70502,NATIONAL RURAL UTILITIES COOPERATIVE FINANCE CORP /DC/,6159,Miscellaneous Business Credit Institution,Other / Financial / Services
ENJ,71508,"ENTERGY NEW ORLEANS, LLC",4931,Electric & Other Services Combined,Energy
PPURF,1495651,Ucore Rare Metals Inc.,,,Unknown
PALL,1459862,abrdn Palladium ETF Trust,6221,Commodity Contracts Brokers & Dealers,Other / Financial / Services
BNO,1472494,"United States Brent Oil Fund, LP",6221,Commodity Contracts Brokers & Dealers,Other / Financial / Services
PCGC,1365359,"HYDRO POWER TECHNOLOGIES, INC.",5180,"Wholesale-Beer, Wine & Distilled Alcoholic Beverages",Other / Financial / Services
DBA,1383082,INVESCO DB AGRICULTURE FUND,6221,Commodity Contracts Brokers & Dealers,Other / Financial / Services
DBB,1383084,INVESCO DB BASE METALS FUND,6221,Commodity Contracts Brokers & Dealers,Other / Financial / Services
GBTC,1588489,Grayscale Bitcoin Trust ETF,6221,Commodity Contracts Brokers & Dealers,Other / Financial / Services
GJP,1343491,"STRATS(SM) TRUST FOR DOMINION RESOURCES, INC. SECURITIES, SERIES 2005-6",6189,Asset-Backed Securities,Other / Financial / Services
GJR,1353226,"STRATS(SM) Trust for Procter & Gamble Securities, Series 2006-1",6189,Asset-Backed Securities,Other / Financial / Services
FXC,1353612,Invesco CurrencyShares Canadian Dollar Trust,6221,Commodity Contracts Brokers & Dealers,Other / Financial / Services
GJS,1356284,"STRATS(SM) Trust for Goldman Sachs Group Securities, Series 2006-2",6189,Asset-Backed Securities,Other / Financial / Services
UDN,1383149,INVESCO DB US DOLLAR INDEX BEARISH FUND,6221,Commodity Contracts Brokers & Dealers,Other / Financial / Services
ETI-P,1427437,"ENTERGY TEXAS, INC.",4911,Electric Services,Energy
UNL,1405513,"United States 12 Month Natural Gas Fund, LP",6221,Commodity Contracts Brokers & Dealers,Other / Financial / Services
SGOL,1450923,abrdn Gold ETF Trust,6221,Commodity Contracts Brokers & Dealers,Other / Financial / Services
WYTC,1560143,WYTEC INTERNATIONAL INC,4822,Telegraph & Other Message Communications,Other / Financial / Services
GLTR,1483386,abrdn Precious Metals Basket ETF Trust,6221,Commodity Contracts Brokers & Dealers,Other / Financial / Services
KTH,1283464,STRUCTURED PRODUCTS CORP CORTS TR FOR PECO ENERGY CAP TR III,6189,Asset-Backed Securities,Other / Financial / Services
DBC,1328237,Invesco DB Commodity Index Tracking Fund,6221,Commodity Contracts Brokers & Dealers,Other / Financial / Services
USCI,1479247,United States Commodity Index Funds Trust,6221,Commodity Contracts Brokers & Dealers,Other / Financial / Services
DBO,1383058,Invesco DB Oil Fund,6221,Commodity Contracts Brokers & Dealers,Other / Financial / Services
GJT,1357660,"STRATS(SM) Trust for Allstate Corp Securities, Series 2006-3",6189,Asset-Backed Securities,Other / Financial / Services
FXF,1353615,Invesco CurrencyShares Swiss Franc Trust,6221,Commodity Contracts Brokers & Dealers,Other / Financial / Services
GSG,1332174,iShares S&P GSCI Commodity-Indexed Trust,6221,Commodity Contracts Brokers & Dealers,Other / Financial / Services
FXE,1328598,Invesco CurrencyShares Euro Trust,6221,Commodity Contracts Brokers & Dealers,Other / Financial / Services
FXA,1353614,Invesco CurrencyShares Australian Dollar Trust,6221,Commodity Contracts Brokers & Dealers,Other / Financial / Services
ELC,1348952,"ENTERGY LOUISIANA, LLC",4911,Electric Services,Energy
SLV,1330568,iShares Silver Trust,6221,Commodity Contracts Brokers & Dealers,Other / Financial / Services
GEHDF,1291313,Great Eastern Holdings Ltd,,,Unknown
DBE,1383062,Invesco DB Energy Fund,6221,Commodity Contracts Brokers & Dealers,Other / Financial / Services
UNG,1376227,"United States Natural Gas Fund, LP",6221,Commodity Contracts Brokers & Dealers,Other / Financial / Services
JBK,1284143,LEHMAN ABS CORP GOLDMAN SACHS CAP 1 SEC BACKED SER 2004-6,6189,Asset-Backed Securities,Other / Financial / Services
CUVL,1290877,Clinuvel Pharmaceuticals Ltd,8880,American Depositary Receipts,Healthcare
SIVR,1450922,abrdn Silver ETF Trust,6221,Commodity Contracts Brokers & Dealers,Other / Financial / Services
IVHI,1009919,"Invech Holdings, Inc.",8742,Services-Management Consulting Services,Other / Financial / Services
PYT,1294808,PPLUS Trust Series GSC-2,6189,Asset-Backed Securities,Other / Financial / Services
KTN,1283337,STRUCTURED PRODUCTS CORP CRED ENHANCE CORTS TR FOR AON CAP A,6189,Asset-Backed Securities,Other / Financial / Services
SGMOQ,1001233,"SANGAMO THERAPEUTICS, INC",2836,"Biological Products, (No Diagnostic Substances)",Healthcare
MDY,936958,SPDR S&P MIDCAP 400 ETF TRUST,,,Unknown
IPB,1267332,MERRILL LYNCH DEPOSITOR INC INDEXPLUS TRUST SERIES 2003-1,6189,Asset-Backed Securities,Other / Financial / Services
SDSYA,1163609,SOUTH DAKOTA SOYBEAN PROCESSORS LLC,2070,Fats & Oils,Consumer Goods
NHFLF,1075822,NORTHFIELD CAPITAL CORP,,,Unknown
SPCX,1181412,SPACE EXPLORATION TECHNOLOGIES CORP,7370,"Services-Computer Programming, Data Processing, Etc.",Technology
AEBMY,1174511,ANADOLU EFES BIRACILIK VE MALT SANAYI A S/ADR,8880,American Depositary Receipts,Healthcare
MADL,1052354,MAN AHL DIVERSIFIED I LP,6221,Commodity Contracts Brokers & Dealers,Other / Financial / Services
SPY,884394,SPDR S&P 500 ETF TRUST,,,Unknown
MAAI,912595,MID AMERICA APARTMENT COMMUNITIES INC.,6798,Real Estate Investment Trusts,Other / Financial / Services
SVA,1084201,SINOVAC BIOTECH LTD,2834,Pharmaceutical Preparations,Healthcare
GJH,1286405,STRATS SM TRUST FOR U S CELL CORP SEC SERIES 2004 6,6189,Asset-Backed Securities,Other / Financial / Services
USO,1327068,"United States Oil Fund, LP",6221,Commodity Contracts Brokers & Dealers,Other / Financial / Services
GLD,1222333,SPDR GOLD TRUST,6221,Commodity Contracts Brokers & Dealers,Other / Financial / Services
GOOG,1652044,Alphabet Inc.,7370,"Services-Computer Programming, Data Processing, Etc.",Technology
USB-PA,36104,US BANCORP DE,6021,National Commercial Banks,Other / Financial / Services
BRK-A,1067983,BERKSHIRE HATHAWAY INC,6331,"Fire, Marine & Casualty Insurance",Other / Financial / Services
ASMLF,937966,ASML HOLDING NV,3559,"Special Industry Machinery, NEC",Industrials
TSMWF,1046179,TAIWAN SEMICONDUCTOR MANUFACTURING CO LTD,3674,Semiconductors & Related Devices,Industrials
BABAF,1577552,Alibaba Group Holding Ltd,7389,"Services-Business Services, NEC",Other / Financial / Services
JPM-PC,19617,JPMORGAN CHASE & CO,6021,National Commercial Banks,Other / Financial / Services
NVSEF,1114448,NOVARTIS AG,2834,Pharmaceutical Preparations,Healthcare
PCCYF,1108329,PETROCHINA CO LTD,1311,Crude Petroleum & Natural Gas,Energy
BML-PG,70858,BANK OF AMERICA CORP /DE/,6021,National Commercial Banks,Other / Financial / Services
BML-PL,70858,BANK OF AMERICA CORP /DE/,6021,National Commercial Banks,Other / Financial / Services
BAC-PB,70858,BANK OF AMERICA CORP /DE/,6021,National Commercial Banks,Other / Financial / Services
TOYOF,1094517,TOYOTA MOTOR CORP/,3711,Motor Vehicles & Passenger Car Bodies,Industrials
CILJF,1268896,CHINA LIFE INSURANCE CO LTD,6311,Life Insurance,Other / Financial / Services
BAC-PK,70858,BANK OF AMERICA CORP /DE/,6021,National Commercial Banks,Other / Financial / Services
MBFJF,67088,MITSUBISHI UFJ FINANCIAL GROUP INC,6029,"Commercial Banks, NEC",Other / Financial / Services
RYDAF,1306965,Shell plc,1311,Crude Petroleum & Natural Gas,Energy
NONOF,353278,NOVO NORDISK A S,2834,Pharmaceutical Preparations,Healthcare
BCDRF,891478,"Banco Santander, S.A.",6029,"Commercial Banks, NEC",Other / Financial / Services
HBCYF,1089113,HSBC HOLDINGS PLC,6035,"Savings Institution, Federally Chartered",Other / Financial / Services
WFC-PY,72971,WELLS FARGO & COMPANY/MN,6021,National Commercial Banks,Other / Financial / Services
BHPLF,811809,BHP Group Ltd,1000,Metal Mining,Other / Financial / Services
ABLZF,1091587,ABB LTD,3613,Switchgear & Switchboard Apparatus,Industrials
ABBNY,1091587,ABB LTD,3613,Switchgear & Switchboard Apparatus,Industrials
SAPGF,1000184,SAP SE,7372,Services-Prepackaged Software,Technology
WFC-PL,72971,WELLS FARGO & COMPANY/MN,6021,National Commercial Banks,Other / Financial / Services
SNEJF,313838,Sony Group Corp,3651,Household Audio & Video Equipment,Industrials
TBB,732717,AT&T INC.,4813,Telephone Communications (No Radiotelephone),Other / Financial / Services
SNYNF,1121404,Sanofi,2834,Pharmaceutical Preparations,Healthcare
BTAFF,1303523,British American Tobacco p.l.c.,2111,Cigarettes,Consumer Goods
UNLYF,217410,UNILEVER PLC,2840,"Soap, Detergents, Cleang Preparations, Perfumes, Cosmetics",Manufacturing
BUDFF,1668717,Anheuser-Busch InBev SA/NV,2082,Malt Beverages,Consumer Goods
WFC-PC,72971,WELLS FARGO & COMPANY/MN,6021,National Commercial Banks,Other / Financial / Services
DTEGF,946770,DEUTSCHE TELEKOM AG,4812,Radiotelephone Communications,Other / Financial / Services
GLAXF,1131399,GSK plc,2834,Pharmaceutical Preparations,Healthcare
BPAQF,313807,BP PLC,2911,Petroleum Refining,Energy
RTPPF,863064,RIO TINTO PLC,1000,Metal Mining,Other / Financial / Services
SMFNF,1022837,"SUMITOMO MITSUI FINANCIAL GROUP, INC.",6029,"Commercial Banks, NEC",Other / Financial / Services
IDEXF,1438656,Industria de Diseno Textil Inditex SA / ADR,,,Unknown
BYDDF,1445162,BYD CO LTD,,,Unknown
NCRRP,70866,NCR Voyix Corp,3578,Calculating & Accounting Machines (No Electronic Computers),Industrials
CMXHF,1274152,CSL LTD,,,Unknown
AIQUF,1161167,L AIR LIQUIDE SA /FI,,,Unknown
SNPMF,1123658,CHINA PETROLEUM & CHEMICAL CORP,2911,Petroleum Refining,Energy
MBGAF,1067318,DAIMLER AG,3711,Motor Vehicles & Passenger Car Bodies,Industrials
NETTF,1110646,"NetEase, Inc.",7372,Services-Prepackaged Software,Technology
USB-PH,36104,US BANCORP DE,6021,National Commercial Banks,Other / Financial / Services
EBBNF,895728,ENBRIDGE INC,4610,Pipe Lines (No Natural Gas),Other / Financial / Services
CTA-PB,30554,"EIDP, Inc.",2820,"Plastic Material, Synth Resin/Rubber, Cellulos (No Glass)",Manufacturing
USB-PP,36104,US BANCORP DE,6021,National Commercial Banks,Other / Financial / Services
BAESF,895564,BAE SYSTEMS PLC /FI/,,,Unknown
NTTYY,769594,NIPPON TELEGRAPH & TELEPHONE CORP,4813,Telephone Communications (No Radiotelephone),Other / Financial / Services
NOKBF,924613,NOKIA CORP,3663,Radio & Tv Broadcasting & Communications Equipment,Industrials
PPRUF,1445465,Kering,,,Unknown
AMXOF,1129137,AMERICA MOVIL SAB DE CV/,4813,Telephone Communications (No Radiotelephone),Other / Financial / Services
GLCNF,1524684,Glencore plc/ADR,8880,American Depositary Receipts,Healthcare
MS-PK,895421,MORGAN STANLEY,6211,"Security Brokers, Dealers & Flotation Companies",Other / Financial / Services
PBR-A,1119639,PETROBRAS - PETROLEO BRASILEIRO SA,1311,Crude Petroleum & Natural Gas,Energy
KDDIF,1106215,KDDI CORP,,,Unknown
STOHF,1140625,EQUINOR ASA,2911,Petroleum Refining,Energy
MS-PE,895421,MORGAN STANLEY,6211,"Security Brokers, Dealers & Flotation Companies",Other / Financial / Services
RLXXF,929869,RELX PLC,7389,"Services-Business Services, NEC",Other / Financial / Services
BAIDF,1329099,"Baidu, Inc.",7370,"Services-Computer Programming, Data Processing, Etc.",Technology
DGEAF,835403,DIAGEO PLC,2080,Beverages,Consumer Goods
EIPAF,1002242,ENI SPA,1311,Crude Petroleum & Natural Gas,Energy
CCZ,1166691,COMCAST CORP,4841,Cable & Other Pay Television Services,Other / Financial / Services
WEBNF,719245,WESTPAC BANKING CORP,6029,"Commercial Banks, NEC",Other / Financial / Services
IFNNF,1107457,INFINEON TECHNOLOGIES AG,3674,Semiconductors & Related Devices,Industrials
MZHOF,1335730,MIZUHO FINANCIAL GROUP INC,6021,National Commercial Banks,Other / Financial / Services
HTHIF,47710,HITACHI LTD,1600,Heavy Construction Other Than Bldg Const - Contractors,Other / Financial / Services
NGGTF,1004315,NATIONAL GRID PLC,4922,Natural Gas Transmission,Energy
TKPHF,1395064,TAKEDA PHARMACEUTICAL CO LTD,2834,Pharmaceutical Preparations,Healthcare
DKILF,1446519,Daikin Industries Ltd,,,Unknown
BECEF,718940,BCE INC,4813,Telephone Communications (No Radiotelephone),Other / Financial / Services
SPG-PJ,1063761,SIMON PROPERTY GROUP INC.,6798,Real Estate Investment Trusts,Other / Financial / Services
BSQKZ,1512673,"Block, Inc.",7372,Services-Prepackaged Software,Technology
CTA-PA,30554,"EIDP, Inc.",2820,"Plastic Material, Synth Resin/Rubber, Cellulos (No Glass)",Manufacturing
TNCAF,1232384,TC ENERGY CORP,4922,Natural Gas Transmission,Energy
INGVF,1039765,ING GROEP NV,6029,"Commercial Banks, NEC",Other / Financial / Services
MET-PA,1099219,METLIFE INC,6311,Life Insurance,Other / Financial / Services
TRPCF,1269238,Trip.com Group Ltd,7389,"Services-Business Services, NEC",Other / Financial / Services
ITOCF,355363,ITOCHU CORP,,,Unknown
MET-PE,1099219,METLIFE INC,6311,Life Insurance,Other / Financial / Services
LLDTF,1160106,Lloyds Banking Group plc,6029,"Commercial Banks, NEC",Other / Financial / Services
BBVXF,842180,"BANCO BILBAO VIZCAYA ARGENTARIA, S.A.",6029,"Commercial Banks, NEC",Other / Financial / Services
HLNCF,1900304,Haleon plc,2844,"Perfumes, Cosmetics & Other Toilet Preparations",Manufacturing
TCANF,1232384,TC ENERGY CORP,4922,Natural Gas Transmission,Energy
PSA-PH,1393311,Public Storage,6798,Real Estate Investment Trusts,Other / Financial / Services
BAMXF,1446250,Bayerische Motoren Werke AG/ADR,8880,American Depositary Receipts,Healthcare
JDCMF,1549802,"JD.com, Inc.",5990,"Retail-Retail Stores, NEC",Retail
HNDAF,715153,HONDA MOTOR CO LTD,3711,Motor Vehicles & Passenger Car Bodies,Industrials
SVNDF,1359519,SEVEN & I HOLDINGS CO LTD,,,Unknown
BAMGF,1001085,BROOKFIELD Corp /ON/,6512,Opeators of  Nonresidential Buildings,Other / Financial / Services
MRAAF,1450468,"Murata Manufacturing Co., Ltd./ADR",,,Unknown
PINXF,1569964,People's Insurance Co (Group) of China Limited/ADR,8880,American Depositary Receipts,Healthcare
BMDPF,1002788,BANCA MONTE DEI PASCHI DI SIENA SPA,8880,American Depositary Receipts,Healthcare
HEI-A,46619,HEICO CORP,3724,Aircraft Engines & Engine Parts,Industrials
TCKRF,886986,TECK RESOURCES LTD,1400,Mining & Quarrying of  Nonmetallic Minerals (No Fuels),Other / Financial / Services
CRARF,1279967,CREDIT AGRICOLE S A,,,Unknown
ENAKF,1136808,E.ON SE,4900,"Electric, Gas & Sanitary Services",Other / Financial / Services
RBSPF,844150,NatWest Group plc,6029,"Commercial Banks, NEC",Other / Financial / Services
ERIXF,717826,ERICSSON LM TELEPHONE CO,3663,Radio & Tv Broadcasting & Communications Equipment,Industrials
PUKPF,1116578,PRUDENTIAL PLC,6311,Life Insurance,Other / Financial / Services
WOPEF,844551,WOODSIDE ENERGY GROUP LTD,1311,Crude Petroleum & Natural Gas,Energy
FNCTF,1038143,ORANGE,4813,Telephone Communications (No Radiotelephone),Other / Financial / Services
ALL-PH,899051,ALLSTATE CORP,6331,"Fire, Marine & Casualty Insurance",Other / Financial / Services
BIP,1406234,Brookfield Infrastructure Partners L.P.,4400,Water Transportation,Other / Financial / Services
LEN-B,920760,LENNAR CORP /NEW/,1520,General Bldg Contractors - Residential Bldgs,Other / Financial / Services
CIXPF,1535628,CaixaBank/ADR,,,Unknown
BCLYF,312069,BARCLAYS PLC,6029,"Commercial Banks, NEC",Other / Financial / Services
RSMDF,943819,RESMED INC,3841,Surgical & Medical Instruments & Apparatus,Healthcare
CODGF,1012037,COMPAGNIE DE SAINT GOBAIN,,,Unknown
LAAOF,1791706,Li Auto Inc.,3711,Motor Vehicles & Passenger Car Bodies,Industrials
VWSYF,1330306,VESTAS WIND SYSTEMS A/S,8880,American Depositary Receipts,Healthcare
ORXCF,1070304,ORIX CORP,6159,Miscellaneous Business Credit Institution,Other / Financial / Services
TEFOF,814052,TELEFONICA S A,4813,Telephone Communications (No Radiotelephone),Other / Financial / Services
VODPF,839923,VODAFONE GROUP PUBLIC LTD CO,4812,Radiotelephone Communications,Other / Financial / Services
BBDO,1160330,BANK BRADESCO,6022,State Commercial Banks,Other / Financial / Services
GNMSF,1434265,GENMAB A/S,2834,Pharmaceutical Preparations,Healthcare
ANNSF,1700171,Aena S.A./ADR,,,Unknown
DLR-PK,1297996,"DIGITAL REALTY TRUST, INC.",6798,Real Estate Investment Trusts,Other / Financial / Services
HRNNF,1712356,Hydro One Ltd,4911,Electric Services,Energy
STMEF,932787,STMicroelectronics N.V.,3674,Semiconductors & Related Devices,Industrials
FWONK,1560385,Liberty Media Corp,4833,Television Broadcasting Stations,Other / Financial / Services
HKHHF,1142231,HEINEKEN HOLDING N V,,,Unknown
AMSYF,1243429,ArcelorMittal,3312,"Steel Works, Blast Furnaces & Rolling Mills (Coke Ovens)",Manufacturing
SAXPF,1436778,Sampo OYJ,,,Unknown
RYAOF,1038683,RYANAIR HOLDINGS PLC,4512,"Air Transportation, Scheduled",Other / Financial / Services
MKC-V,63754,MCCORMICK & CO INC,2090,Miscellaneous Food Preparations & Kindred Products,Consumer Goods
TNRSF,1190723,TENARIS SA,3312,"Steel Works, Blast Furnaces & Rolling Mills (Coke Ovens)",Manufacturing
CAJPY,16988,CANON INC,3861,Photographic Equipment & Supplies,Manufacturing
RSTRF,1618755,Restaurant Brands International Limited Partnership,5812,Retail-Eating  Places,Retail
MARUF,801645,MARUBENI CORP /FI,,,Unknown
SOJC,92122,SOUTHERN CO,4911,Electric Services,Energy
CAJFF,16988,CANON INC,3861,Photographic Equipment & Supplies,Manufacturing
HMRZF,1396282,H&M HENNES & MAURITZ AB,,,Unknown
FCNCB,798941,FIRST CITIZENS BANCSHARES INC /DE/,6022,State Commercial Banks,Other / Financial / Services
COCSF,910631,COCA COLA FEMSA SAB DE CV,2086,Bottled & Canned Soft Drinks & Carbonated Waters,Consumer Goods
ICHGF,858446,INTERCONTINENTAL HOTELS GROUP PLC /NEW/,7011,Hotels & Motels,Other / Financial / Services
TELNF,1126113,TELENOR ASA,4813,Telephone Communications (No Radiotelephone),Other / Financial / Services
RCIAF,733099,ROGERS COMMUNICATIONS INC,4841,Cable & Other Pay Television Services,Other / Financial / Services
FOX,1754301,Fox Corp,4833,Television Broadcasting Stations,Other / Financial / Services
XPNGF,1810997,XPENG INC.,3711,Motor Vehicles & Passenger Car Bodies,Industrials
Z,1617640,"ZILLOW GROUP, INC.",7389,"Services-Business Services, NEC",Other / Financial / Services
STT-PG,93751,STATE STREET CORP,6022,State Commercial Banks,Other / Financial / Services
KYOCF,57083,KYOCERA CORP,3674,Semiconductors & Related Devices,Industrials
FWONB,1560385,Liberty Media Corp,4833,Television Broadcasting Stations,Other / Financial / Services
EDRVY,1516534,EDP Renewables S.A./ADR,8880,American Depositary Receipts,Healthcare
BKZHY,1459334,Santander Bank Polska SA/ADR,,,Unknown
POAHF,1450346,Porsche Automobil Holding SE / ADR,,,Unknown
NRSCF,1163653,NOMURA HOLDINGS INC,6211,"Security Brokers, Dealers & Flotation Companies",Other / Financial / Services
NWS,1564708,NEWS CORP,2711,Newspapers: Publishing or  Publishing & Printing,Manufacturing
JHIUF,1159152,James Hardie Industries plc,3272,"Concrete Products, Except Block & Brick",Manufacturing
SPXSF,1518542,Spirax-Sarco Engineering PLC/ADR,8880,American Depositary Receipts,Healthcare
MAA,912595,MID AMERICA APARTMENT COMMUNITIES INC.,6798,Real Estate Investment Trusts,Other / Financial / Services
RYLPF,313216,KONINKLIJKE PHILIPS NV,3844,X-Ray Apparatus & Tubes & Related Irradiation Apparatus,Healthcare
AMCCF,1748790,Amcor plc,3990,Miscellaneous Manufacturing Industries,Manufacturing
SURDF,1450159,"Sumitomo Realty & Development Co., Ltd./ADR",,,Unknown
BIO-B,12208,"BIO-RAD LABORATORIES, INC.",3826,Laboratory Analytical Instruments,Manufacturing
CHKIF,1041668,CHINA SOUTHERN AIRLINES CO LTD,4512,"Air Transportation, Scheduled",Other / Financial / Services
ADTTF,1158838,ADVANTEST CORP,3674,Semiconductors & Related Devices,Industrials
KEY-PK,91576,KEYCORP /NEW/,6021,National Commercial Banks,Other / Financial / Services
FSNUF,904868,Fresenius SE & Co. KGaA,3841,Surgical & Medical Instruments & Apparatus,Healthcare
TEVJF,818686,TEVA PHARMACEUTICAL INDUSTRIES LTD,2834,Pharmaceutical Preparations,Healthcare
AKZOF,3124,AKZO NOBEL NV,2800,Chemicals & Allied Products,Manufacturing
SGIOF,1281721,SHIONOGI & CO LTD,8880,American Depositary Receipts,Healthcare
FRFFF,915191,FAIRFAX FINANCIAL HOLDINGS LTD/ CAN,6331,"Fire, Marine & Casualty Insurance",Other / Financial / Services
APO-PA,1858681,"Apollo Global Management, Inc.",6282,Investment Advice,Other / Financial / Services
KEY-PI,91576,KEYCORP /NEW/,6021,National Commercial Banks,Other / Financial / Services
NIOIF,1736541,NIO Inc.,3711,Motor Vehicles & Passenger Car Bodies,Industrials
FNGD,927971,BANK OF MONTREAL /CAN/,6029,"Commercial Banks, NEC",Other / Financial / Services
GFIOF,1172724,GOLD FIELDS LTD,1040,Gold and Silver Ores,Other / Financial / Services
NCSYF,1003935,NICE Ltd.,7372,Services-Prepackaged Software,Technology
RKLIF,930157,RENTOKIL INITIAL PLC /FI,8741,Services-Management Services,Healthcare
SVYSF,930826,SOLVAY S A /ADR/,,,Unknown
GELYF,1474968,Geely Automobile Holdings Limited/ADR,,,Unknown
NMPGY,1333172,Navios Maritime Holdings Inc.,4412,Deep Sea Foreign Transportation of  Freight,Other / Financial / Services
WSO-B,105016,WATSCO INC,5070,Wholesale-Hardware & Plumbing & Heating Equipment & Supplies,Other / Financial / Services
FMCQF,1333141,Fresenius Medical Care AG,8090,"Services-Misc Health & Allied Services, NEC",Healthcare
MAA-PI,912595,MID AMERICA APARTMENT COMMUNITIES INC.,6798,Real Estate Investment Trusts,Other / Financial / Services
LBRDB,1611983,Liberty Broadband Corp,4841,Cable & Other Pay Television Services,Other / Financial / Services
RF-PC,1281761,REGIONS FINANCIAL CORP,6021,National Commercial Banks,Other / Financial / Services
SNNUF,845982,SMITH & NEPHEW PLC,3842,"Orthopedic, Prosthetic & Surgical Appliances & Supplies",Healthcare
SHECF,1442651,"Shin-Etsu Chemical Co., Ltd.",,,Unknown
BF-B,14693,BROWN FORMAN CORP,2080,Beverages,Consumer Goods
LBRDK,1611983,Liberty Broadband Corp,4841,Cable & Other Pay Television Services,Other / Financial / Services
BZLFF,1072397,BUNZL PLC,5141,"Wholesale-Groceries, General Line",Other / Financial / Services
ALMMF,1161611,ALUMINUM CORP OF CHINA LTD,3334,Primary Production of  Aluminum,Manufacturing
ERRAF,1127248,EMERA INC,4911,Electric Services,Energy
PIRBF,1437441,Piraeus Bank S.A.,,,Unknown
UHAL-B,4457,U-Haul Holding Co /NV/,7510,Services-Auto Rental & Leasing (No Drivers),Other / Financial / Services
SBYSF,1786909,Sibanye Stillwater Ltd,1040,Gold and Silver Ores,Other / Financial / Services
TAP-A,24545,MOLSON COORS BEVERAGE CO,2082,Malt Beverages,Consumer Goods
DQJCF,1446597,Don Quijote Holdings Co Ltd,8880,American Depositary Receipts,Healthcare
PBNNF,1504122,PT Bank Negara Indonesia (Persero) Tbk/ADR,,,Unknown
WPPGF,806968,WPP plc,7311,Services-Advertising Agencies,Other / Financial / Services
PRYMF,1437672,Prysmian S.p.A.,,,Unknown
AOMFF,1062066,ALSTOM,3621,Motors & Generators,Industrials
GPAEF,1347557,Pacific Airport Group,4581,"Airports, Flying Fields & Airport Terminal Services",Other / Financial / Services
MNBEF,1034983,MINEBEA MITSUMI Inc.,3670,Electronic Components & Accessories,Industrials
AEGOF,769218,AEGON LTD.,6311,Life Insurance,Other / Financial / Services
FREJO,1026214,FEDERAL HOME LOAN MORTGAGE CORP,6111,Federal & Federally-Sponsored Credit Agencies,Other / Financial / Services
SMTOF,95227,SUMITOMO ELECTRIC INDUSTRIES LTD/ADR/,8880,American Depositary Receipts,Healthcare
YAMHF,1447100,"Yamaha Motor Co., Ltd.",8880,American Depositary Receipts,Healthcare
GLIBB,2057463,Liberty Capital Corp/NV,4841,Cable & Other Pay Television Services,Other / Financial / Services
NDEKF,353991,NITTO DENKO CORP / ADR/,8880,American Depositary Receipts,Healthcare
ASRMF,1123452,SOUTHEAST AIRPORT GROUP,4581,"Airports, Flying Fields & Airport Terminal Services",Other / Financial / Services
SBMFF,1604982,Sino Biopharmaceutical Limited/ADR,,,Unknown
JGSHF,1567172,"JG Summit Holdings, Inc./ADR",8880,American Depositary Receipts,Healthcare
LBTYB,1570585,Liberty Global Ltd.,4841,Cable & Other Pay Television Services,Other / Financial / Services
UEPCN,100826,UNION ELECTRIC CO,4911,Electric Services,Energy
CXMSF,1076378,CEMEX SAB DE CV,3241,"Cement, Hydraulic",Manufacturing
SAPIF,2072563,Saputo Inc./ADR,,,Unknown
CIG-C,1157557,ENERGY CO OF MINAS GERAIS,4911,Electric Services,Energy
DINRF,1544379,"SCREEN Holdings Co., Ltd./ADR",,,Unknown
PSORF,938323,PEARSON PLC,2731,Books: Publishing or  Publishing & Printing,Manufacturing
UEPEO,100826,UNION ELECTRIC CO,4911,Electric Services,Energy
UEPEP,100826,UNION ELECTRIC CO,4911,Electric Services,Energy
PSNYW,1884082,Polestar Automotive Holding UK PLC,3711,Motor Vehicles & Passenger Car Bodies,Industrials
SASOF,314590,SASOL LTD,1311,Crude Petroleum & Natural Gas,Energy
VNORP,899689,VORNADO REALTY TRUST,6798,Real Estate Investment Trusts,Other / Financial / Services
OSCUF,1600520,"Japan Exchange Group, Inc./ADR",,,Unknown
NWOEF,1372920,New Oriental Education & Technology Group Inc.,8200,Services-Educational Services,Healthcare
CLUS,1346287,Cluster Group Holdings Ltd Co,4899,"Communications Services, NEC",Other / Financial / Services
VNO-PL,899689,VORNADO REALTY TRUST,6798,Real Estate Investment Trusts,Other / Financial / Services
UEPCP,100826,UNION ELECTRIC CO,4911,Electric Services,Energy
VNO-PM,899689,VORNADO REALTY TRUST,6798,Real Estate Investment Trusts,Other / Financial / Services
UNBLF,1453932,Unibail-Rodamco SE/ADR,,,Unknown
YMHAY,1447100,"Yamaha Motor Co., Ltd.",8880,American Depositary Receipts,Healthcare
UEPEN,100826,UNION ELECTRIC CO,4911,Electric Services,Energy
BLBLF,1723690,Bilibili Inc.,7374,Services-Computer Processing & Data Preparation,Technology
VOYA-PB,1535929,"Voya Financial, Inc.",6311,Life Insurance,Other / Financial / Services
XZJCF,1562805,Mitsui Kinzoku Co Ltd./ADR,,,Unknown
GIFLF,1438569,Grifols SA,2834,Pharmaceutical Preparations,Healthcare
KOSCF,1668501,Kose Corporation/ADR,,,Unknown
PADEF,1489079,Adaro Energy PT/ADR/,8880,American Depositary Receipts,Healthcare
GIFOF,1438569,Grifols SA,2834,Pharmaceutical Preparations,Healthcare
MSUXF,1710864,Misumi Group Inc./ADR,,,Unknown
ATDRF,1647435,Auto Trader Group plc/ADR,,,Unknown
DSECF,1481045,Daiwa Securities Group Inc.,8880,American Depositary Receipts,Healthcare
CMSA,811156,CMS ENERGY CORP,4931,Electric & Other Services Combined,Energy
SLG-PI,1040971,SL GREEN REALTY CORP,6798,Real Estate Investment Trusts,Other / Financial / Services
RCWLY,1969729,Rockwool A/S/ADR,,,Unknown
BCUCF,1581285,Brunello Cucinelli S.p.A./ADR,,,Unknown
BMRPF,1671235,B&M European Value Retail S.A./ADR,,,Unknown
LIFX,1581760,"Life360, Inc.",7374,Services-Computer Processing & Data Preparation,Technology
GIKLY,1438569,Grifols SA,2834,Pharmaceutical Preparations,Healthcare
RUSHB,1012019,RUSH ENTERPRISES INC \TX\,5500,Retail-Auto Dealers & Gasoline Stations,Retail
BLFBY,1506721,Balfour Beatty plc/ADR,,,Unknown
HACBY,793742,HACHIJUNI BANK LTD,,,Unknown
ALTB,1642365,Alpine Auto Brokers Inc.,5990,"Retail-Retail Stores, NEC",Retail
SFGRF,2084022,Sony Financial Group Inc./ADR,,,Unknown
UNMA,5513,Unum Group,6321,Accident & Health Insurance,Other / Financial / Services
SLFPF,1370418,STANDARD LIFE PLC,,,Unknown
RTMVF,1516536,Rightmove PLC/ADR,,,Unknown
MITUF,1446420,Mitsui Chemicals Inc,,,Unknown
BPOPO,763901,"POPULAR, INC.",6022,State Commercial Banks,Other / Financial / Services
HGMCF,1023514,HARMONY GOLD MINING CO LTD,1040,Gold and Silver Ores,Other / Financial / Services
SSRGF,921638,SSR MINING INC.,6795,Mineral Royalty Traders,Other / Financial / Services
ZLDPF,2068427,Zealand Pharma A/S/ADR,,,Unknown
PHTCF,78150,PLDT Inc.,4813,Telephone Communications (No Radiotelephone),Other / Financial / Services
PCG-PE,1004980,PG&E Corp,4931,Electric & Other Services Combined,Energy
AKO-B,925261,ANDINA BOTTLING CO INC,2086,Bottled & Canned Soft Drinks & Carbonated Waters,Consumer Goods
PPENF,1469395,Pampa Energy Inc.,4911,Electric Services,Energy
PCG-PD,1004980,PG&E Corp,4931,Electric & Other Services Combined,Energy
PCG-PC,1004980,PG&E Corp,4931,Electric & Other Services Combined,Energy
FNMFN,310522,FEDERAL NATIONAL MORTGAGE ASSOCIATION FANNIE MAE,6111,Federal & Federally-Sponsored Credit Agencies,Other / Financial / Services
PCG-PH,1004980,PG&E Corp,4931,Electric & Other Services Combined,Energy
PCG-PG,1004980,PG&E Corp,4931,Electric & Other Services Combined,Energy
GAERF,1378239,Central North Airport Group,4581,"Airports, Flying Fields & Airport Terminal Services",Other / Financial / Services
AXS-PE,1214816,AXIS CAPITAL HOLDINGS LTD,6331,"Fire, Marine & Casualty Insurance",Other / Financial / Services
DTW,936340,DTE ENERGY CO,4911,Electric Services,Energy
SPTJF,908732,SINOPEC SHANGHAI PETROCHEMICAL CO LTD,2821,"Plastic Materials, Synth Resins & Nonvulcan Elastomers",Manufacturing
PIFMF,1445211,"Indofood Sukses Makmur, Tbk",,,Unknown
PCG-PI,1004980,PG&E Corp,4931,Electric & Other Services Combined,Energy
DISPF,1671750,Disco Corporation/ADR,,,Unknown
TCMFF,932470,TELECOM ARGENTINA SA,4813,Telephone Communications (No Radiotelephone),Other / Financial / Services
SLMBP,1032033,SLM Corp,6141,Personal Credit Institutions,Other / Financial / Services
BELFB,729580,BEL FUSE INC /NJ,3677,"Electronic Coils, Transformers & Other Inductors",Industrials
DLAKF,1049724,DEUTSCHE LUFTHANSA A G /FI,,,Unknown
SF-PB,720672,STIFEL FINANCIAL CORP,6211,"Security Brokers, Dealers & Flotation Companies",Other / Financial / Services
TWO-PC,1465740,TWO HARBORS INVESTMENT CORP.,6798,Real Estate Investment Trusts,Other / Financial / Services
ATROB,8063,ASTRONICS CORP,3728,"Aircraft Parts & Auxiliary Equipment, NEC",Industrials
LBTYK,1570585,Liberty Global Ltd.,4841,Cable & Other Pay Television Services,Other / Financial / Services
GEF-B,43920,"GREIF, INC",3412,"Metal Shipping Barrels, Drums, Kegs & Pails",Manufacturing
BATRK,1958140,"Atlanta Braves Holdings, Inc.",7900,Services-Amusement & Recreation Services,Other / Financial / Services
TYTMF,1447101,Tokyo Tatemono Co Ltd,8880,American Depositary Receipts,Healthcare
MOG-B,67887,MOOG INC.,3590,Misc Industrial & Commercial Machinery & Equipment,Industrials
VLYPP,714310,VALLEY NATIONAL BANCORP,6021,National Commercial Banks,Other / Financial / Services
RYKKF,1592049,Ryohin Keikaku Co/ADR,,,Unknown
TWO-PB,1465740,TWO HARBORS INVESTMENT CORP.,6798,Real Estate Investment Trusts,Other / Financial / Services
TWO-PA,1465740,TWO HARBORS INVESTMENT CORP.,6798,Real Estate Investment Trusts,Other / Financial / Services
WRB-PE,11544,BERKLEY W R CORP,6331,"Fire, Marine & Casualty Insurance",Other / Financial / Services
SOHGY,1536787,ALSOK Co Ltd./ADR,,,Unknown
WBS-PF,801337,WEBSTER FINANCIAL CORP,6021,National Commercial Banks,Other / Financial / Services
UA,1336917,"Under Armour, Inc.",2300,Apparel & Other Finishd Prods of  Fabrics & Similar Matl,Consumer Goods
VLYPO,714310,VALLEY NATIONAL BANCORP,6021,National Commercial Banks,Other / Financial / Services
RLJ-PA,1511337,RLJ Lodging Trust,6798,Real Estate Investment Trusts,Other / Financial / Services
PEB-PF,1474098,Pebblebrook Hotel Trust,6798,Real Estate Investment Trusts,Other / Financial / Services
PEB-PE,1474098,Pebblebrook Hotel Trust,6798,Real Estate Investment Trusts,Other / Financial / Services
CIM-PA,1409493,CHIMERA INVESTMENT CORP,6798,Real Estate Investment Trusts,Other / Financial / Services
TY-P,99614,TRI-CONTINENTAL Corp,,,Unknown
PTXAF,1545057,PT XLSMART Telecom Sejahtera Tbk/ADR,8880,American Depositary Receipts,Healthcare
HMDCF,1648257,HUTCHMED (China) Ltd,2834,Pharmaceutical Preparations,Healthcare
FMCCG,1026214,FEDERAL HOME LOAN MORTGAGE CORP,6111,Federal & Federally-Sponsored Credit Agencies,Other / Financial / Services
AEBZY,1174511,ANADOLU EFES BIRACILIK VE MALT SANAYI A S/ADR,8880,American Depositary Receipts,Healthcare
FNMAM,310522,FEDERAL NATIONAL MORTGAGE ASSOCIATION FANNIE MAE,6111,Federal & Federally-Sponsored Credit Agencies,Other / Financial / Services
AILLI,18654,Ameren Illinois Co,4931,Electric & Other Services Combined,Energy
CENTA,887733,CENTRAL GARDEN & PET CO,5190,Wholesale-Miscellaneous Nondurable Goods,Other / Financial / Services
TRTN-PA,1660734,Triton International Ltd,7359,"Services-Equipment Rental & Leasing, NEC",Other / Financial / Services
NSA-PA,1618563,National Storage Affiliates Trust,6798,Real Estate Investment Trusts,Other / Financial / Services
BATRB,1958140,"Atlanta Braves Holdings, Inc.",7900,Services-Amusement & Recreation Services,Other / Financial / Services
WELPP,107815,WISCONSIN ELECTRIC POWER CO,4911,Electric Services,Energy
AILLM,18654,Ameren Illinois Co,4931,Electric & Other Services Combined,Energy
AILLN,18654,Ameren Illinois Co,4931,Electric & Other Services Combined,Energy
CDGLF,1448611,ComfortDelGro Corp Ltd,,,Unknown
FNMAN,310522,FEDERAL NATIONAL MORTGAGE ASSOCIATION FANNIE MAE,6111,Federal & Federally-Sponsored Credit Agencies,Other / Financial / Services
SRG-PA,1628063,Seritage Growth Properties,6500,Real Estate,Other / Financial / Services
TROLB,98677,TOOTSIE ROLL INDUSTRIES INC,2060,Sugar & Confectionery Products,Consumer Goods
AILIM,18654,Ameren Illinois Co,4931,Electric & Other Services Combined,Energy
FMCCJ,1026214,FEDERAL HOME LOAN MORTGAGE CORP,6111,Federal & Federally-Sponsored Credit Agencies,Other / Financial / Services
FNMAI,310522,FEDERAL NATIONAL MORTGAGE ASSOCIATION FANNIE MAE,6111,Federal & Federally-Sponsored Credit Agencies,Other / Financial / Services
CODQL,1770561,Coronado Global Resources Inc.,1220,Silver Ores,Other / Financial / Services
WBHC,885275,WILSON BANK HOLDING CO,6021,National Commercial Banks,Other / Financial / Services
GLPGF,1421876,Lakefront Biotherapeutics NV,2834,Pharmaceutical Preparations,Healthcare
TBNGY,1489088,PT Bukit Asam Tbk/ADR,,,Unknown
AILLO,18654,Ameren Illinois Co,4931,Electric & Other Services Combined,Energy
LXP-PC,910108,LXP Industrial Trust,6798,Real Estate Investment Trusts,Other / Financial / Services
FNMAT,310522,FEDERAL NATIONAL MORTGAGE ASSOCIATION FANNIE MAE,6111,Federal & Federally-Sponsored Credit Agencies,Other / Financial / Services
AILIN,18654,Ameren Illinois Co,4931,Electric & Other Services Combined,Energy
FNMAK,310522,FEDERAL NATIONAL MORTGAGE ASSOCIATION FANNIE MAE,6111,Federal & Federally-Sponsored Credit Agencies,Other / Financial / Services
IFCNF,2035057,Inficon Holding AG/ADR,,,Unknown
FNMAL,310522,FEDERAL NATIONAL MORTGAGE ASSOCIATION FANNIE MAE,6111,Federal & Federally-Sponsored Credit Agencies,Other / Financial / Services
FNMFM,310522,FEDERAL NATIONAL MORTGAGE ASSOCIATION FANNIE MAE,6111,Federal & Federally-Sponsored Credit Agencies,Other / Financial / Services
AILLP,18654,Ameren Illinois Co,4931,Electric & Other Services Combined,Energy
WLYB,107140,"JOHN WILEY & SONS, INC.",2731,Books: Publishing or  Publishing & Printing,Manufacturing
FNMAO,310522,FEDERAL NATIONAL MORTGAGE ASSOCIATION FANNIE MAE,6111,Federal & Federally-Sponsored Credit Agencies,Other / Financial / Services
TUFBY,1562296,Thai Union Group Public Co Limited/ADR,8880,American Depositary Receipts,Healthcare
FNMAG,310522,FEDERAL NATIONAL MORTGAGE ASSOCIATION FANNIE MAE,6111,Federal & Federally-Sponsored Credit Agencies,Other / Financial / Services
FNMFO,310522,FEDERAL NATIONAL MORTGAGE ASSOCIATION FANNIE MAE,6111,Federal & Federally-Sponsored Credit Agencies,Other / Financial / Services
ARZTF,1423210,ARYZTA AG (fka IAWS GROUP PLC),,,Unknown
TCNNF,1754195,Trulieve Cannabis Corp.,2833,Medicinal Chemicals & Botanical Products,Healthcare
GDV-PH,1260729,GABELLI DIVIDEND & INCOME TRUST,,,Unknown
FISK,1553079,"Empire State Realty OP, L.P.",6798,Real Estate Investment Trusts,Other / Financial / Services
GRPFF,912892,"GRUPO TELEVISA, S.A.B.",4833,Television Broadcasting Stations,Other / Financial / Services
EVOTF,1412558,Evotec SE,2834,Pharmaceutical Preparations,Healthcare
NGL-PC,1504461,NGL Energy Partners LP,4922,Natural Gas Transmission,Energy
BFS-PD,907254,"SAUL CENTERS, INC.",6798,Real Estate Investment Trusts,Other / Financial / Services
FMCCL,1026214,FEDERAL HOME LOAN MORTGAGE CORP,6111,Federal & Federally-Sponsored Credit Agencies,Other / Financial / Services
OGCP,1553079,"Empire State Realty OP, L.P.",6798,Real Estate Investment Trusts,Other / Financial / Services
AGM-A,845877,FEDERAL AGRICULTURAL MORTGAGE CORP,6111,Federal & Federally-Sponsored Credit Agencies,Other / Financial / Services
FMCKL,1026214,FEDERAL HOME LOAN MORTGAGE CORP,6111,Federal & Federally-Sponsored Credit Agencies,Other / Financial / Services
LTGHF,1569963,Life Healthcare Group Holdings Limited/ADR,,,Unknown
DRSHF,1671541,DroneShield Ltd,,,Unknown
PMT-PA,1464423,PennyMac Mortgage Investment Trust,6798,Real Estate Investment Trusts,Other / Financial / Services
LILAK,1712184,Liberty Latin America Ltd.,4841,Cable & Other Pay Television Services,Other / Financial / Services
PMT-PB,1464423,PennyMac Mortgage Investment Trust,6798,Real Estate Investment Trusts,Other / Financial / Services
OLPX,1868726,"OLAPLEX HOLDINGS, INC.",2844,"Perfumes, Cosmetics & Other Toilet Preparations",Manufacturing
SBOEF,1578955,SBO AG/ADR,,,Unknown
LILAB,1712184,Liberty Latin America Ltd.,4841,Cable & Other Pay Television Services,Other / Financial / Services
FMCCS,1026214,FEDERAL HOME LOAN MORTGAGE CORP,6111,Federal & Federally-Sponsored Credit Agencies,Other / Financial / Services
MHLA,1412100,"Maiden Holdings, Ltd.",6331,"Fire, Marine & Casualty Insurance",Other / Financial / Services
FMCCO,1026214,FEDERAL HOME LOAN MORTGAGE CORP,6111,Federal & Federally-Sponsored Credit Agencies,Other / Financial / Services
CODI-PB,1345126,Compass Diversified Holdings,2510,Household Furniture,Consumer Goods
BH,1726173,Biglari Holdings Inc.,5812,Retail-Eating  Places,Retail
FMCKN,1026214,FEDERAL HOME LOAN MORTGAGE CORP,6111,Federal & Federally-Sponsored Credit Agencies,Other / Financial / Services
FREJN,1026214,FEDERAL HOME LOAN MORTGAGE CORP,6111,Federal & Federally-Sponsored Credit Agencies,Other / Financial / Services
CMGMF,1503154,Chemring Group PLC/ADR,,,Unknown
FMCCN,1026214,FEDERAL HOME LOAN MORTGAGE CORP,6111,Federal & Federally-Sponsored Credit Agencies,Other / Financial / Services
FMCKO,1026214,FEDERAL HOME LOAN MORTGAGE CORP,6111,Federal & Federally-Sponsored Credit Agencies,Other / Financial / Services
FMCKJ,1026214,FEDERAL HOME LOAN MORTGAGE CORP,6111,Federal & Federally-Sponsored Credit Agencies,Other / Financial / Services
FMCKM,1026214,FEDERAL HOME LOAN MORTGAGE CORP,6111,Federal & Federally-Sponsored Credit Agencies,Other / Financial / Services
FREGP,1026214,FEDERAL HOME LOAN MORTGAGE CORP,6111,Federal & Federally-Sponsored Credit Agencies,Other / Financial / Services
GLOP-PA,1598655,GasLog Partners LP,4400,Water Transportation,Other / Financial / Services
FMCCH,1026214,FEDERAL HOME LOAN MORTGAGE CORP,6111,Federal & Federally-Sponsored Credit Agencies,Other / Financial / Services
FMCCK,1026214,FEDERAL HOME LOAN MORTGAGE CORP,6111,Federal & Federally-Sponsored Credit Agencies,Other / Financial / Services
HL-PB,719413,HECLA MINING CO/DE/,1400,Mining & Quarrying of  Nonmetallic Minerals (No Fuels),Other / Financial / Services
FMCCP,1026214,FEDERAL HOME LOAN MORTGAGE CORP,6111,Federal & Federally-Sponsored Credit Agencies,Other / Financial / Services
FMCCM,1026214,FEDERAL HOME LOAN MORTGAGE CORP,6111,Federal & Federally-Sponsored Credit Agencies,Other / Financial / Services
FMCKP,1026214,FEDERAL HOME LOAN MORTGAGE CORP,6111,Federal & Federally-Sponsored Credit Agencies,Other / Financial / Services
GLASF,1848731,Glass House Brands Inc.,2833,Medicinal Chemicals & Botanical Products,Healthcare
SENEB,88948,Seneca Foods Corp,2033,"Canned, Fruits, Veg, Preserves, Jams & Jellies",Consumer Goods
DGICB,800457,DONEGAL GROUP INC,6331,"Fire, Marine & Casualty Insurance",Other / Financial / Services
GRAF-UN,1897463,Graf Global Corp.,6770,Blank Checks,Other / Financial / Services
FXCNF,1164009,FIH Mobile Ltd,,,Unknown
HCACU,2079013,Hall Chadwick Acquisition Corp,6770,Blank Checks,Other / Financial / Services
FUEMF,2001201,Fuerte Metals Corp,,,Unknown
KELYB,55135,KELLY SERVICES INC,7363,Services-Help Supply Services,Other / Financial / Services
GTN-A,43196,"GRAY MEDIA, INC",4833,Television Broadcasting Stations,Other / Financial / Services
MEOBF,1345099,MESOBLAST LTD,2836,"Biological Products, (No Diagnostic Substances)",Healthcare
DRDGF,1023512,DRDGOLD LTD,1040,Gold and Silver Ores,Other / Financial / Services
GDRZF,1072725,GOLD RESERVE LTD,1040,Gold and Silver Ores,Other / Financial / Services
HOVVB,357294,HOVNANIAN ENTERPRISES INC,1531,Operative Builders,Other / Financial / Services
CMRE-PC,1503584,Costamare Inc.,4412,Deep Sea Foreign Transportation of  Freight,Other / Financial / Services
CLVLF,1290877,Clinuvel Pharmaceuticals Ltd,8880,American Depositary Receipts,Healthcare
HLTC,1561032,"National Healthcare Properties, Inc.",6798,Real Estate Investment Trusts,Other / Financial / Services
HVT-A,216085,HAVERTY FURNITURE COMPANIES INC,5712,Retail-Furniture Stores,Retail
GGT-PE,921671,GABELLI MULTIMEDIA TRUST INC.,,,Unknown
BRSYF,1505065,Brainsway Ltd.,3841,Surgical & Medical Instruments & Apparatus,Healthcare
UMH-PD,752642,"UMH PROPERTIES, INC.",6798,Real Estate Investment Trusts,Other / Financial / Services
OXLCM,1495222,Oxford Lane Capital Corp.,,,Unknown
MTGRF,1537543,MGX Resources Limited/ADR,,,Unknown
ERLFF,1271554,Entree Resources Ltd.,1040,Gold and Silver Ores,Other / Financial / Services
TIHRF,2133810,Tharisa plc,8880,American Depositary Receipts,Healthcare
NEWTI,1587987,"NewtekOne, Inc.",6021,National Commercial Banks,Other / Financial / Services
PTCHF,1782999,PureTech Health plc,2834,Pharmaceutical Preparations,Healthcare
OXLCO,1495222,Oxford Lane Capital Corp.,,,Unknown
CRD-B,25475,CRAWFORD & CO,6411,"Insurance Agents, Brokers & Service",Other / Financial / Services
UURAF,1495651,Ucore Rare Metals Inc.,,,Unknown
TBRG,1169445,"TruBridge, Inc.",7371,Services-Computer Programming Services,Technology
CLVLY,1290877,Clinuvel Pharmaceuticals Ltd,8880,American Depositary Receipts,Healthcare
GSCCF,1896084,ioneer Ltd,1400,Mining & Quarrying of  Nonmetallic Minerals (No Fuels),Other / Financial / Services
AVHHL,1762303,"AVITA Medical, Inc.",3841,Surgical & Medical Instruments & Apparatus,Healthcare
VSOGF,1762506,"Vista Energy, S.A.B. de C.V.",1311,Crude Petroleum & Natural Gas,Energy
ARTNB,863110,ARTESIAN RESOURCES CORP,4941,Water Supply,Other / Financial / Services
OABI,1846253,"OmniAb, Inc.",8731,Services-Commercial Physical & Biological Research,Healthcare
CKDXF,1815620,Opthea Ltd,2836,"Biological Products, (No Diagnostic Substances)",Healthcare
CNTHP,23426,CONNECTICUT LIGHT & POWER CO,4911,Electric Services,Energy
CGEH,1009759,"Capstone Energy Plus, Inc.",3510,Engines & Turbines,Industrials
IHRTB,1400891,"iHeartMedia, Inc.",4832,Radio Broadcasting Stations,Other / Financial / Services
CNLPL,23426,CONNECTICUT LIGHT & POWER CO,4911,Electric Services,Energy
NCZ-PA,1227857,Virtus Convertible & Income Fund II,,,Unknown
DFPH,1799191,"Oncology Institute, Inc.",8011,Services-Offices & Clinics of  Doctors of  Medicine,Healthcare
DSX-PB,1318885,DIANA SHIPPING INC.,4412,Deep Sea Foreign Transportation of  Freight,Other / Financial / Services
CNTHO,23426,CONNECTICUT LIGHT & POWER CO,4911,Electric Services,Energy
RVRF,1641601,River Financial Corp,6022,State Commercial Banks,Other / Financial / Services
MTMV,1393044,Motomova Inc,3825,Instruments For Meas & Testing of  Electricity & Elec Signals,Manufacturing
CHMI-PB,1571776,Cherry Hill Mortgage Investment Corp,6798,Real Estate Investment Trusts,Other / Financial / Services
RLFTY,1854078,MindMaze Therapeutics Holding SA,2834,Pharmaceutical Preparations,Healthcare
PRRUF,1506184,IMMUTEP Ltd,2834,Pharmaceutical Preparations,Healthcare
CNTHN,23426,CONNECTICUT LIGHT & POWER CO,4911,Electric Services,Energy
SLNCF,1479615,Silence Therapeutics plc,2834,Pharmaceutical Preparations,Healthcare
APLMW,1944885,Apollomics Inc.,2834,Pharmaceutical Preparations,Healthcare
CNLHP,23426,CONNECTICUT LIGHT & POWER CO,4911,Electric Services,Energy
ARCXF,1243429,ArcelorMittal,3312,"Steel Works, Blast Furnaces & Rolling Mills (Coke Ovens)",Manufacturing
CNLTP,23426,CONNECTICUT LIGHT & POWER CO,4911,Electric Services,Energy
HEXEY,1577568,Euronext Athens Holding S.A./ADR,,,Unknown
CNLTL,23426,CONNECTICUT LIGHT & POWER CO,4911,Electric Services,Energy
IPHYF,1598599,Innate Pharma SA,2836,"Biological Products, (No Diagnostic Substances)",Healthcare
CNPWM,23426,CONNECTICUT LIGHT & POWER CO,4911,Electric Services,Energy
PRTHU,1653558,"Priority Technology Holdings, Inc.",7389,"Services-Business Services, NEC",Other / Financial / Services
CHMI-PA,1571776,Cherry Hill Mortgage Investment Corp,6798,Real Estate Investment Trusts,Other / Financial / Services
CNLHO,23426,CONNECTICUT LIGHT & POWER CO,4911,Electric Services,Energy
CNPWP,23426,CONNECTICUT LIGHT & POWER CO,4911,Electric Services,Energy
LANDP,1495240,GLADSTONE LAND Corp,6798,Real Estate Investment Trusts,Other / Financial / Services
CNLPM,23426,CONNECTICUT LIGHT & POWER CO,4911,Electric Services,Energy
CNLTN,23426,CONNECTICUT LIGHT & POWER CO,4911,Electric Services,Energy
VSBC,1697884,VITASPRING BIOMEDICAL CO. LTD.,8731,Services-Commercial Physical & Biological Research,Healthcare
ENO,71508,"ENTERGY NEW ORLEANS, LLC",4931,Electric & Other Services Combined,Energy
CNLHN,23426,CONNECTICUT LIGHT & POWER CO,4911,Electric Services,Energy
BNIGF,1851651,Beroni Group Ltd,2834,Pharmaceutical Preparations,Healthcare
IVEVF,1756594,Inventiva S.A.,2834,Pharmaceutical Preparations,Healthcare
ECXJ,1823635,"CXJ GROUP CO., Ltd",3714,Motor Vehicle Parts & Accessories,Industrials
SB-PC,1434754,"SAFE BULKERS, INC.",4412,Deep Sea Foreign Transportation of  Freight,Other / Financial / Services
EBRCZ,1347123,"EBR Systems, Inc.",3841,Surgical & Medical Instruments & Apparatus,Healthcare
VROYF,2031760,Vizsla Royalties Corp.,,,Unknown
ARRKF,1855743,ARRAS MINERALS CORP.,1000,Metal Mining,Other / Financial / Services
AMEGF,2129284,American Eagle Gold Corp.,1040,Gold and Silver Ores,Other / Financial / Services
CHPGF,1394189,Chesapeake Gold Corp,,,Unknown
LUCN,1726079,"Lucent, Inc.",7389,"Services-Business Services, NEC",Other / Financial / Services
BBXIB,1814974,"BBX Capital, Inc.",5400,Retail-Food Stores,Retail
LIXT,1335105,"NOMAD POWER SOLUTIONS, INC.",2834,Pharmaceutical Preparations,Healthcare
NVNXF,1859795,NOVONIX Ltd,3690,"Miscellaneous Electrical Machinery, Equipment & Supplies",Industrials
CRTD,1357671,"Creatd, Inc.",4522,"Air Transportation, Nonscheduled",Other / Financial / Services
AOAO,2042320,Alpha One Inc.,4899,"Communications Services, NEC",Other / Financial / Services
RAASY,1804583,Cloopen Group Holding Ltd,7372,Services-Prepackaged Software,Technology
TTSH,1552800,"TILE SHOP HOLDINGS, INC.",5700,"Retail-Home Furniture, Furnishings & Equipment Stores",Retail
RDIB,716634,READING INTERNATIONAL INC,7830,Services-Motion Picture Theaters,Other / Financial / Services
HUSIF,1526475,NICOLA MINING INC.,1000,Metal Mining,Other / Financial / Services
SFDL,818677,SECURITY FEDERAL CORP,6022,State Commercial Banks,Other / Financial / Services
ENDI,1908984,ENDI Corp.,6282,Investment Advice,Other / Financial / Services
BCV-PA,9521,BANCROFT FUND LTD,,,Unknown
BCTF,1668340,"Bancorp 34, Inc.",6035,"Savings Institution, Federally Chartered",Other / Financial / Services
BKSC,1007273,BANK OF SOUTH CAROLINA CORP,6022,State Commercial Banks,Other / Financial / Services
OCGSF,942149,Outcrop Silver & Gold Corp,1000,Metal Mining,Other / Financial / Services
RGBPP,1589150,Regen BioPharma Inc,2834,Pharmaceutical Preparations,Healthcare
GLU-PB,1282957,GABELLI GLOBAL UTILITY & INCOME TRUST,,,Unknown
GFASY,1389207,Gafisa S.A.,1520,General Bldg Contractors - Residential Bldgs,Other / Financial / Services
BCOW,1847360,"1895 Bancorp of Wisconsin, Inc. /MD/",6036,"Savings Institutions, Not Federally Chartered",Other / Financial / Services
ATEK,1882198,Athena Technology Acquisition Corp. II,4955,Hazardous Waste Management,Other / Financial / Services
RLFTF,1854078,MindMaze Therapeutics Holding SA,2834,Pharmaceutical Preparations,Healthcare
CPTP,202947,CAPITAL PROPERTIES INC /RI/,6519,"Lessors of  Real Property, NEC",Other / Financial / Services
GSL-PB,1430725,"Global Ship Lease, Inc.",4412,Deep Sea Foreign Transportation of  Freight,Other / Financial / Services
KBSR,1482430,"KBS Real Estate Investment Trust III, Inc.",6798,Real Estate Investment Trusts,Other / Financial / Services
CULL,1845799,"Cullman Bancorp, Inc. /MD/",6036,"Savings Institutions, Not Federally Chartered",Other / Financial / Services
TKLS,1429393,"Trutankless, Inc.",3630,Household Appliances,Industrials
CMCAF,1865248,Piermont Valley Acquisition Corp,6770,Blank Checks,Other / Financial / Services
JOCM,1907425,JOCOM HOLDINGS CORP.,7380,Services-Miscellaneous Business Services,Other / Financial / Services
GGROU,1489874,Golden Growers Cooperative,700,Agricultural Services,Other / Financial / Services
CBRRF,1845149,Chain Bridge I,6770,Blank Checks,Other / Financial / Services
SOHON,1301236,Sotherly Hotels Inc.,6798,Real Estate Investment Trusts,Other / Financial / Services
HSTC,797564,"HST Global, Inc.",2834,Pharmaceutical Preparations,Healthcare
HCIL,1086303,"Hongchang International Co., Ltd",3845,Electromedical & Electrotherapeutic Apparatus,Healthcare
ASCBF,1876716,ASPAC II Acquisition Corp.,6770,Blank Checks,Other / Financial / Services
FSHPU,1850059,Flag Ship Acquisition Corp,6770,Blank Checks,Other / Financial / Services
LIVG,1593549,"Livento Group, Inc.",7372,Services-Prepackaged Software,Technology
MAPS,1779474,"WM TECHNOLOGY, INC.",7372,Services-Prepackaged Software,Technology
FUUFF,1703118,F3 Uranium Corp.,,,Unknown
STRC,1050446,Strategy Inc,6199,Finance Services,Other / Financial / Services
UBOH,1087456,UNITED BANCSHARES INC/OH,6021,National Commercial Banks,Other / Financial / Services
CIZN,1075706,CITIZENS HOLDING CO /MS/,6022,State Commercial Banks,Other / Financial / Services
TRLC,1550453,TriLinc Global Impact Fund LLC,6199,Finance Services,Other / Financial / Services
MDNAF,1807983,Medicenna Therapeutics Corp.,2834,Pharmaceutical Preparations,Healthcare
NSRCF,1302084,NextSource Materials Inc.,1040,Gold and Silver Ores,Other / Financial / Services
ARSMF,1804792,ARES STRATEGIC MINING INC.,1400,Mining & Quarrying of  Nonmetallic Minerals (No Fuels),Other / Financial / Services
VICP,1468639,"Vicapsys Life Sciences, Inc.",2834,Pharmaceutical Preparations,Healthcare
NZEOF,1445654,New Zealand Oil & Gas Ltd/ADR,,,Unknown
JETBF,1846084,Global Crossing Airlines Group Inc.,4512,"Air Transportation, Scheduled",Other / Financial / Services
BBXIA,1814974,"BBX Capital, Inc.",5400,Retail-Food Stores,Retail
UONEK,1041657,"URBAN ONE, INC.",4832,Radio Broadcasting Stations,Other / Financial / Services
RMHI,1452804,"Retrieve Medical Holdings, Inc.",2834,Pharmaceutical Preparations,Healthcare
WINV,1854463,WinVest Acquisition Corp.,6770,Blank Checks,Other / Financial / Services
MLMC,1099234,"FrankSpeech Network, Inc.",7841,Services-Video Tape Rental,Other / Financial / Services
WSKEF,1738699,Wisekey International Holding S.A.,7374,Services-Computer Processing & Data Preparation,Technology
SCYYF,1408146,SCANDIUM INTERNATIONAL MINING CORP.,1000,Metal Mining,Other / Financial / Services
GBNY,1823365,"Generations Bancorp NY, Inc.",6035,"Savings Institution, Federally Chartered",Other / Financial / Services
BIOE,1723059,Bio Essence Corp,2834,Pharmaceutical Preparations,Healthcare
BAYA,1969475,Bayview Acquisition Corp,6770,Blank Checks,Other / Financial / Services
ANPCF,1620678,ANGLE plc,,,Unknown
SALM,1050606,"SALEM MEDIA GROUP, INC. /DE/",4832,Radio Broadcasting Stations,Other / Financial / Services
LTSV,1619312,"Lightstone Value Plus REIT IV, Inc.",6798,Real Estate Investment Trusts,Other / Financial / Services
AATC,943034,AUTOSCOPE TECHNOLOGIES CORP,3829,"Measuring & Controlling Devices, NEC",Manufacturing
OMCC,1000045,OLD MARKET CAPITAL Corp,6153,Short-Term Business Credit Institutions,Other / Financial / Services
CLCS,1569340,"Cell Source, Inc.",2834,Pharmaceutical Preparations,Healthcare
HSTI,1365388,"High Sierra Technologies, Inc.",6770,Blank Checks,Other / Financial / Services
GWLL,1800373,"GOLDENWELL BIOTECH, INC.",2000,Food and Kindred Products,Consumer Goods
AVLNF,1362898,Avalon Advanced Materials Inc.,1000,Metal Mining,Other / Financial / Services
OSBK,1076691,OCONEE FINANCIAL CORP,6022,State Commercial Banks,Other / Financial / Services
XTXXF,1891512,Adastra Holdings Ltd.,2834,Pharmaceutical Preparations,Healthcare
WVVIP,838875,WILLAMETTE VALLEY VINEYARDS INC,2080,Beverages,Consumer Goods
LTCH,1826000,"Latch, Inc.",5072,Wholesale-Hardware,Other / Financial / Services
HLLK,1331421,"HALLMARK VENTURE GROUP, INC.",6500,Real Estate,Other / Financial / Services
ILLMF,1861233,illumin Holdings Inc.,7374,Services-Computer Processing & Data Preparation,Technology
VWFB,1913838,"VWF Bancorp, Inc.",6036,"Savings Institutions, Not Federally Chartered",Other / Financial / Services
MRZLF,1301854,Mirasol Resources Ltd,,,Unknown
BZRD,1765826,"Blubuzzard, Inc.",6770,Blank Checks,Other / Financial / Services
BRCNF,1158399,Burcon NutraScience Corp,2020,Dairy Products,Consumer Goods
SFES,86115,SAFEGUARD SCIENTIFICS INC,6799,"Investors, NEC",Other / Financial / Services
MSW,1956166,Ming Shing Group Holdings Ltd,1700,Construction - Special Trade Contractors,Other / Financial / Services
GSTX,1497649,Graphene & Solar Technologies Ltd,1000,Metal Mining,Other / Financial / Services
ZIVO,1101026,"Zivo Bioscience, Inc.",2836,"Biological Products, (No Diagnostic Substances)",Healthcare
BQST,1568628,Bioquest Corp,2834,Pharmaceutical Preparations,Healthcare
WNFT,1528188,Worldwide NFT Inc.,7374,Services-Computer Processing & Data Preparation,Technology
WHLRD,1527541,"Wheeler Real Estate Investment Trust, Inc.",6798,Real Estate Investment Trusts,Other / Financial / Services
GLBZ,890066,GLEN BURNIE BANCORP,6022,State Commercial Banks,Other / Financial / Services
ANEB,1815974,"Anebulo Pharmaceuticals, Inc.",2834,Pharmaceutical Preparations,Healthcare
PRNAF,1131343,ALTERITY THERAPEUTICS LTD,2834,Pharmaceutical Preparations,Healthcare
MNTCF,2123346,"Montage Technology Co., Ltd./ADR",8880,American Depositary Receipts,Healthcare
SGTM,1895251,"Sustainable Green Team, Ltd.",700,Agricultural Services,Other / Financial / Services
TVE,1376986,Tennessee Valley Authority,4911,Electric Services,Energy
ABIT,1095146,Athena Bitcoin Global,6199,Finance Services,Other / Financial / Services
MCLE,1827855,Medicale Corp.,8000,Services-Health Services,Healthcare
TVC,1376986,Tennessee Valley Authority,4911,Electric Services,Energy
CUBT,1400271,Curative Biotechnology Inc,2836,"Biological Products, (No Diagnostic Substances)",Healthcare
GLUC,1420108,"Glucose Health, Inc.",2833,Medicinal Chemicals & Botanical Products,Healthcare
AGLY,1673504,Atlantis Glory Inc.,8742,Services-Management Consulting Services,Other / Financial / Services
TXRP,1133798,"TX Rail Products, Inc.",5084,Wholesale-Industrial Machinery & Equipment,Other / Financial / Services
PAXH,1350156,PREAXIA HEALTH CARE PAYMENT SYSTEMS INC.,5700,"Retail-Home Furniture, Furnishings & Equipment Stores",Retail
TAIT,942126,TAITRON COMPONENTS INC,5065,"Wholesale-Electronic Parts & Equipment, NEC",Other / Financial / Services
EVTK,1816554,EVENTIKO INC.,7990,Services-Miscellaneous Amusement & Recreation,Other / Financial / Services
APHD,1490054,"VERDE BIO HOLDINGS, INC.",1311,Crude Petroleum & Natural Gas,Energy
CJAX,1763925,CoJax Oil & Gas Corp,1311,Crude Petroleum & Natural Gas,Energy
FEOVF,936801,OCEANIC IRON ORE CORP,6199,Finance Services,Other / Financial / Services
XONI,2040753,"Xtreme One Entertainment, Inc.",7900,Services-Amusement & Recreation Services,Other / Financial / Services
MGTI,1001601,"MGT CAPITAL INVESTMENTS, INC.",6199,Finance Services,Other / Financial / Services
NEXCF,1737270,Nextech3D.AI Corp.,7371,Services-Computer Programming Services,Technology
SWISF,1771755,Sekur Private Data Ltd.,4822,Telegraph & Other Message Communications,Other / Financial / Services
BLMH,1996210,"BLUM HOLDINGS, INC.",5900,Retail-Miscellaneous Retail,Retail
FULO,1092570,FULLNET COMMUNICATIONS INC,4813,Telephone Communications (No Radiotelephone),Other / Financial / Services
CARV,1016178,CARVER BANCORP INC,6035,"Savings Institution, Federally Chartered",Other / Financial / Services
VISL,1565228,"Vislink Technologies, Inc.",3669,"Communications Equipment, NEC",Industrials
NPHC,1119643,NUTRA PHARMA CORP,2833,Medicinal Chemicals & Botanical Products,Healthcare
NGHI,1574676,"Galenfeha, Inc.",8711,Services-Engineering Services,Healthcare
VQSSF,1777765,VIQ Solutions Inc.,7370,"Services-Computer Programming, Data Processing, Etc.",Technology
GBCS,727346,"SELECTIS HEALTH, INC.",6798,Real Estate Investment Trusts,Other / Financial / Services
EGLXF,1854233,Enthusiast Gaming Holdings Inc. / Canada,7900,Services-Amusement & Recreation Services,Other / Financial / Services
HMMR,1539680,HAMMER TECHNOLOGY HOLDINGS CORP.,4899,"Communications Services, NEC",Other / Financial / Services
SITS,1468978,"SOUTHERN ITS INTERNATIONAL, INC.",7372,Services-Prepackaged Software,Technology
EESH,1138867,"EESTech, Inc.",4941,Water Supply,Other / Financial / Services
BRRN,1397795,Bryn Inc.,8741,Services-Management Services,Healthcare
MVCO,924095,"Metavesco, Inc.",6199,Finance Services,Other / Financial / Services
SLTN,1508786,"SILVERTON ENERGY, INC.",3021,Rubber & Plastics Footwear,Manufacturing
SILEF,1545224,Silver Elephant Mining Corp.,1000,Metal Mining,Other / Financial / Services
ILXP,1115864,ECOMINAS CORP.,1400,Mining & Quarrying of  Nonmetallic Minerals (No Fuels),Other / Financial / Services
BBBXF,1548958,Brixton Metals Corp,,,Unknown
LCHD,1715433,Leader Capital Holdings Corp.,7371,Services-Computer Programming Services,Technology
FGCO,1377167,"Financial Gravity Companies, Inc.",6199,Finance Services,Other / Financial / Services
VMNT,1605057,"Vemanti Group, Inc.",6199,Finance Services,Other / Financial / Services
SUIC,1394108,SUIC Worldwide Holdings Ltd.,2860,Industrial Organic Chemicals,Manufacturing
INNI,1098482,"Innovaro, Inc.",6770,Blank Checks,Other / Financial / Services
NXMH,1811530,"Next Meats Holdings, Inc.",2000,Food and Kindred Products,Consumer Goods
RSCF,1103090,"REFLECT SCIENTIFIC, INC.",3821,Laboratory Apparatus & Furniture,Manufacturing
EGTYF,1629632,Eguana Technologies Inc.,,,Unknown
TGCB,1815632,"Tego Cyber, Inc.",7370,"Services-Computer Programming, Data Processing, Etc.",Technology
DTGI,1014052,"Digerati Technologies, Inc.",7374,Services-Computer Processing & Data Preparation,Technology
GLVT,1693687,GREENLIT VENTURES INC.,8742,Services-Management Consulting Services,Other / Financial / Services
MTTCF,1828098,Steakholder Foods Ltd.,2000,Food and Kindred Products,Consumer Goods
VCNX,1205922,"VACCINEX, INC.",2834,Pharmaceutical Preparations,Healthcare
NUVI,1410708,Emo Capital Corp.,2870,Agricultural Chemicals,Manufacturing
KNOS,1108248,KRONOS ADVANCED TECHNOLOGIES INC,3564,Industrial & Commercial Fans & Blowers & Air Purifing Equip,Industrials
WDLF,1281984,"Decentral Life, Inc.",6199,Finance Services,Other / Financial / Services
FZMD,319016,"Fuse Medical, Inc.",5047,"Wholesale-Medical, Dental & Hospital Equipment & Supplies",Other / Financial / Services
BWMG,1166708,"Brownie's Marine Group, Inc",3949,"Sporting & Athletic Goods, NEC",Consumer Goods
ACRL,1584618,"Atacama Resources International, Inc.",1000,Metal Mining,Other / Financial / Services
CANN,1477009,TREES Corp (Colorado),5912,Retail-Drug Stores and Proprietary Stores,Retail
EBZT,1730869,"Everything Blockchain, Inc.",7372,Services-Prepackaged Software,Technology
RDAR,1384365,"Telvantis, Inc.",7371,Services-Computer Programming Services,Technology
ECIA,930775,ENCISION INC,3841,Surgical & Medical Instruments & Apparatus,Healthcare
GRFXY,1816723,Graphex Group Ltd,3620,Electrical Industrial Apparatus,Industrials
UCASU,1723517,UC Asset LP,6799,"Investors, NEC",Other / Financial / Services
CETXP,1435064,CEMTREX INC,1700,Construction - Special Trade Contractors,Other / Financial / Services
GPLL,1883083,"GPL Holdings, Inc.",6770,Blank Checks,Other / Financial / Services
UCLE,1543623,US NUCLEAR CORP.,3829,"Measuring & Controlling Devices, NEC",Manufacturing
REE,1843588,REE Automotive Ltd.,3711,Motor Vehicles & Passenger Car Bodies,Industrials
BPTH,1133818,"BIO-PATH HOLDINGS, INC.",2834,Pharmaceutical Preparations,Healthcare
IWAL,1498372,iWallet Corp,3669,"Communications Equipment, NEC",Industrials
TPHS,724742,Trinity Place Holdings Inc.,6512,Opeators of  Nonresidential Buildings,Other / Financial / Services
JRSS,1597892,JRSIS HEALTH CARE Corp,8060,Services-Hospitals,Healthcare
VYRE,1127007,CABO VERDE CAPITAL INC.,4941,Water Supply,Other / Financial / Services
MYCB,1556801,"My City Builders, Inc.",6500,Real Estate,Other / Financial / Services
SSHT,1975222,SSHT S&T Group Ltd.,8742,Services-Management Consulting Services,Other / Financial / Services
GOGR,1378866,Go Green Global Technologies Corp.,3677,"Electronic Coils, Transformers & Other Inductors",Industrials
RNGC,1434740,Ranger Gold Corp.,1040,Gold and Silver Ores,Other / Financial / Services
SYIN,1292490,"Synbio International, Inc.",7374,Services-Computer Processing & Data Preparation,Technology
TNBI,1452011,Tanke Biosciences Corp,2040,Grain Mill Products,Consumer Goods
JFTH,1857910,"Japan Food Tech Holdings, Inc.",6770,Blank Checks,Other / Financial / Services
SRMX,841533,"SADDLE RANCH MEDIA, INC.",3640,Electric Lighting & Wiring Equipment,Industrials
AXIM,1514946,"AXIM BIOTECHNOLOGIES, INC.",2834,Pharmaceutical Preparations,Healthcare
WHLRP,1527541,"Wheeler Real Estate Investment Trust, Inc.",6798,Real Estate Investment Trusts,Other / Financial / Services
BKTH,1144392,MEGOLA INC,2890,Miscellaneous Chemical Products,Manufacturing
CLSDQ,1539029,"Clearside Biomedical, Inc.",2834,Pharmaceutical Preparations,Healthcare
KITL,1608092,Kisses From Italy Inc.,5810,Retail-Eating & Drinking Places,Retail
AHRO,1338929,"Authentic Holdings, Inc.",5130,"Wholesale-Apparel, Piece Goods & Notions",Other / Financial / Services
SFWJ,1919847,"Software Effective Solutions, Corp.",7371,Services-Computer Programming Services,Technology
SPQS,803097,"SportsQuest, Inc.",7900,Services-Amusement & Recreation Services,Other / Financial / Services
BRLL,1631463,Barrel Energy Inc.,1311,Crude Petroleum & Natural Gas,Energy
MGHL,1162283,MORGAN GROUP HOLDING CO,6200,"Security & Commodity Brokers, Dealers, Exchanges & Services",Other / Financial / Services
GSAC,890725,GELSTAT CORP,2834,Pharmaceutical Preparations,Healthcare
MOBBW,1898643,Mobilicom Ltd,3721,Aircraft,Industrials
MNZO,1119949,Exxsun Corp,1311,Crude Petroleum & Natural Gas,Energy
PCYN,812306,PROCYON CORP,2834,Pharmaceutical Preparations,Healthcare
INKW,1585380,"Greene Concepts, Inc",2086,Bottled & Canned Soft Drinks & Carbonated Waters,Consumer Goods
LYRA,1327273,"Lyra Therapeutics, Inc.",3841,Surgical & Medical Instruments & Apparatus,Healthcare
NWPG,1289223,"Newport Gold, Inc.",1040,Gold and Silver Ores,Other / Financial / Services
CPWR,827099,Ocean Thermal Energy Corp,4931,Electric & Other Services Combined,Energy
PLSH,1552189,"PANACEA LIFE SCIENCES HOLDINGS, INC.",2833,Medicinal Chemicals & Botanical Products,Healthcare
FVTI,1626745,"Fortune Valley Treasures, Inc.",5900,Retail-Miscellaneous Retail,Retail
GMZP,1973160,GEMZ Corp. NV,1520,General Bldg Contractors - Residential Bldgs,Other / Financial / Services
HBUV,1639068,Hubilu Venture Corp,6510,Real Estate Operators (No Developers) & Lessors,Other / Financial / Services
CDSG,946112,"China Dongsheng International, Inc.",1000,Metal Mining,Other / Financial / Services
PHBI,1435181,Pharmagreen Biotech Inc.,4581,"Airports, Flying Fields & Airport Terminal Services",Other / Financial / Services
NTRR,1512886,NEUTRA CORP.,2833,Medicinal Chemicals & Botanical Products,Healthcare
DTII,1533357,DEFENSE TECHNOLOGIES INTERNATIONAL CORP.,1040,Gold and Silver Ores,Other / Financial / Services
FGNV,1687919,FORGE INNOVATION DEVELOPMENT CORP.,6552,Land Subdividers & Developers (No Cemeteries),Other / Financial / Services
SSKN,1051514,"STRATA Skin Sciences, Inc.",3841,Surgical & Medical Instruments & Apparatus,Healthcare
NGCG,1061040,"New Generation Consumer Group, Inc.",7371,Services-Computer Programming Services,Technology
MAJI,1492448,Nextel Medical Corp.,4899,"Communications Services, NEC",Other / Financial / Services
MDEX,1318268,Madison Technologies Inc.,5900,Retail-Miscellaneous Retail,Retail
ADMG,1171008,ADAMANT DRI PROCESSING & MINERALS GROUP,1000,Metal Mining,Other / Financial / Services
ILST,1100788,INTERNATIONAL STAR INC,6794,Patent Owners & Lessors,Other / Financial / Services
BLPG,1416697,"Blue Line Protection Group, Inc.",5900,Retail-Miscellaneous Retail,Retail
KACLF,1865468,Kairous Acquisition Corp. Ltd,6770,Blank Checks,Other / Financial / Services
EHVVF,1653606,"Ehave, Inc.",7371,Services-Computer Programming Services,Technology
ASII,1464865,"Accredited Solutions, Inc.",2080,Beverages,Consumer Goods
RTON,1580262,"Right On Brands, Inc.",5900,Retail-Miscellaneous Retail,Retail
CRDV,1084551,Community Redevelopment Inc.,6552,Land Subdividers & Developers (No Cemeteries),Other / Financial / Services
APSI,1553264,AQUA POWER SYSTEMS INC.,4911,Electric Services,Energy
TPICQ,1455684,"TPI COMPOSITES, INC",3510,Engines & Turbines,Industrials
MMMW,1117228,MASS MEGAWATTS WIND POWER INC,4991,Cogeneration Services & Small Power Producers,Other / Financial / Services
SHGI,1874138,"Sparx Holdings Group, Inc.",3585,Air-Cond & Warm Air Heatg Equip & Comm & Indl Refrig Equip,Industrials
LTESF,1946746,Leet INC.,7372,Services-Prepackaged Software,Technology
GXXM,1681556,"GEX MANAGEMENT, INC.",8742,Services-Management Consulting Services,Other / Financial / Services
VGLS,1091326,"SB Technology Holdings, Inc.",2834,Pharmaceutical Preparations,Healthcare
EDGM,1652958,"Edgemode, Inc.",8082,Services-Home Health Care Services,Healthcare
OXBRW,1584831,OXBRIDGE RE HOLDINGS Ltd,6331,"Fire, Marine & Casualty Insurance",Other / Financial / Services
KOAN,897078,"Resonate Blends, Inc.",7372,Services-Prepackaged Software,Technology
GMBL,1451448,"ESPORTS ENTERTAINMENT GROUP, INC.",7900,Services-Amusement & Recreation Services,Other / Financial / Services
EMED,1715819,"Electromedical Technologies, Inc",3841,Surgical & Medical Instruments & Apparatus,Healthcare
NICH,772263,NITCHES INC,2330,"Women's, Misses':  and Juniors Outerwear",Consumer Goods
BACK,1729944,"IMAC Holdings, Inc.",8093,"Services-Specialty Outpatient Facilities, NEC",Healthcare
DPUI,1791929,"DISCOUNT PRINT USA, INC.",2750,Commercial Printing,Manufacturing
ENDV,1528172,"ENDONOVO THERAPEUTICS, INC.",3845,Electromedical & Electrotherapeutic Apparatus,Healthcare
IVPR,1939365,"INSPIRE VETERINARY PARTNERS, INC.",700,Agricultural Services,Other / Financial / Services
GIPL,1837774,Global Innovative Platforms Inc.,3841,Surgical & Medical Instruments & Apparatus,Healthcare
SONX,1407973,"Sonendo, Inc.",3843,Dental Equipment & Supplies,Healthcare
SEII,819926,SHARING ECONOMY INTERNATIONAL INC.,7373,Services-Computer Integrated Systems Design,Technology
DWAY,1394638,"Driveitaway Holdings, Inc.",8200,Services-Educational Services,Healthcare
ACBM,1622996,"ACRO BIOMEDICAL CO., LTD.",7900,Services-Amusement & Recreation Services,Other / Financial / Services
SNPW,1343465,Sun Pacific Holding Corp.,7310,Services-Advertising,Other / Financial / Services
DSGT,1413909,DSG Global Inc.,7373,Services-Computer Integrated Systems Design,Technology
DLTI,1420368,DLT Resolution Inc.,7200,Services-Personal Services,Other / Financial / Services
YGMZF,1782037,MingZhu Logistics Holdings Ltd,4700,Transportation Services,Other / Financial / Services
SONG,1671132,Music Licensing Inc.,7900,Services-Amusement & Recreation Services,Other / Financial / Services
COSG,1706509,Cosmos Group Holdings Inc.,6199,Finance Services,Other / Financial / Services
CICC,1534254,CION Investment Corp,,,Unknown
AHII,1545236,American Heritage International Inc.,4950,Sanitary Services,Other / Financial / Services
BPYPM,1545772,Brookfield Property Partners L.P.,6500,Real Estate,Other / Financial / Services
BPYPN,1545772,Brookfield Property Partners L.P.,6500,Real Estate,Other / Financial / Services
BPYPO,1545772,Brookfield Property Partners L.P.,6500,Real Estate,Other / Financial / Services
SOHGF,1536787,ALSOK Co Ltd./ADR,,,Unknown
XRN-PA,1533615,Chiron Real Estate Inc.,6798,Real Estate Investment Trusts,Other / Financial / Services
XRN-PB,1533615,Chiron Real Estate Inc.,6798,Real Estate Investment Trusts,Other / Financial / Services
TFIN-P,1539638,"Triumph Financial, Inc.",6022,State Commercial Banks,Other / Financial / Services
RITM-PF,1556593,Rithm Capital Corp.,6798,Real Estate Investment Trusts,Other / Financial / Services
RITM-PE,1556593,Rithm Capital Corp.,6798,Real Estate Investment Trusts,Other / Financial / Services
GRTUF,1564538,GRANITE REAL ESTATE INVESTMENT TRUST,6798,Real Estate Investment Trusts,Other / Financial / Services
RITM-PA,1556593,Rithm Capital Corp.,6798,Real Estate Investment Trusts,Other / Financial / Services
RITM-PB,1556593,Rithm Capital Corp.,6798,Real Estate Investment Trusts,Other / Financial / Services
RITM-PC,1556593,Rithm Capital Corp.,6798,Real Estate Investment Trusts,Other / Financial / Services
RITM-PD,1556593,Rithm Capital Corp.,6798,Real Estate Investment Trusts,Other / Financial / Services
CTTRF,1520504,"Controladora Vuela Compania de Aviacion, S.A.B. de C.V.",4512,"Air Transportation, Scheduled",Other / Financial / Services
BTDPF,1516324,Barratt Developments PLC/ADR,,,Unknown
MLSPF,1516535,Melrose Industries Plc/ADR,8880,American Depositary Receipts,Healthcare
ISADY,1608401,ISS A/S / ADR,,,Unknown
ISFFF,1608401,ISS A/S / ADR,,,Unknown
REXR-PB,1571283,"Rexford Industrial Realty, Inc.",6798,Real Estate Investment Trusts,Other / Financial / Services
REXR-PC,1571283,"Rexford Industrial Realty, Inc.",6798,Real Estate Investment Trusts,Other / Financial / Services
DLNG-PA,1578453,Dynagas LNG Partners LP,4400,Water Transportation,Other / Financial / Services
GIPRW,1651721,"GENERATION INCOME PROPERTIES, INC.",6798,Real Estate Investment Trusts,Other / Financial / Services
TRTX-PC,1630472,"TPG RE Finance Trust, Inc.",6798,Real Estate Investment Trusts,Other / Financial / Services
RVMDW,1628171,"Revolution Medicines, Inc.",2836,"Biological Products, (No Diagnostic Substances)",Healthcare
ITRMF,1659323,Iterum Therapeutics plc,2834,Pharmaceutical Preparations,Healthcare
SHLAF,1655190,Schindler Holding AG/ADR,,,Unknown
SHLRF,1655190,Schindler Holding AG/ADR,,,Unknown
JPHLF,1665275,"Japan Post Holdings Co., Ltd./ADR",,,Unknown
FINCF,1666175,Fortis Inc.,4911,Electric Services,Energy
FRTSF,1666175,Fortis Inc.,4911,Electric Services,Energy
FTPSF,1666175,Fortis Inc.,4911,Electric Services,Energy
FRTJF,1666175,Fortis Inc.,4911,Electric Services,Energy
FORFF,1666175,Fortis Inc.,4911,Electric Services,Energy
FTRSF,1666175,Fortis Inc.,4911,Electric Services,Energy
BKSY-WT,1753539,BlackSky Technology Inc.,3663,Radio & Tv Broadcasting & Communications Equipment,Industrials
LTRYW,1673481,Sports Entertainment Gaming Global Corp,7372,Services-Prepackaged Software,Technology
TPTS,1674356,"Terra Property Trust, Inc.",6798,Real Estate Investment Trusts,Other / Financial / Services
ZTOEF,1677250,ZTO Express (Cayman) Inc.,4210,Trucking & Courier Services (No Air),Other / Financial / Services
SWDS,1711929,"Starwood Real Estate Income Trust, Inc.",6798,Real Estate Investment Trusts,Other / Financial / Services
SWDR,1711929,"Starwood Real Estate Income Trust, Inc.",6798,Real Estate Investment Trusts,Other / Financial / Services
GPMT-PA,1703644,Granite Point Mortgage Trust Inc.,6798,Real Estate Investment Trusts,Other / Financial / Services
MNSBP,1693577,"MainStreet Bancshares, Inc.",6022,State Commercial Banks,Other / Financial / Services
OPTEY,1815620,Opthea Ltd,2836,"Biological Products, (No Diagnostic Substances)",Healthcare
DFDVW,1805526,DeFi Development Corp.,6199,Finance Services,Other / Financial / Services
DFUKF,1805526,DeFi Development Corp.,6199,Finance Services,Other / Financial / Services
GCGJ,1765048,GUOCHUN INTERNATIONAL INC.,7370,"Services-Computer Programming, Data Processing, Etc.",Technology
ACAT,1781726,NP Life Sciences Health Industry Group Inc.,8200,Services-Educational Services,Healthcare
IVBXF,1774163,Innovent Biologics Inc/ADR,,,Unknown
MSPRW,1802450,"MSP Recovery, Inc.",7374,Services-Computer Processing & Data Preparation,Technology
MSPRZ,1802450,"MSP Recovery, Inc.",7374,Services-Computer Processing & Data Preparation,Technology
EVLVW,1805385,"Evolv Technologies Holdings, Inc.",3577,"Computer Peripheral Equipment, NEC",Technology
KCLHF,1795589,Kingsoft Cloud Holdings Ltd,7372,Services-Prepackaged Software,Technology
OAK-PB,1403528,"Brookfield Oaktree Holdings, LLC",6282,Investment Advice,Other / Financial / Services
BIPJ,1406234,Brookfield Infrastructure Partners L.P.,4400,Water Transportation,Other / Financial / Services
BRIPF,1406234,Brookfield Infrastructure Partners L.P.,4400,Water Transportation,Other / Financial / Services
BIPI,1406234,Brookfield Infrastructure Partners L.P.,4400,Water Transportation,Other / Financial / Services
BIP-PA,1406234,Brookfield Infrastructure Partners L.P.,4400,Water Transportation,Other / Financial / Services
BIP-PB,1406234,Brookfield Infrastructure Partners L.P.,4400,Water Transportation,Other / Financial / Services
AGQ,1415311,ProShares Trust II,6221,Commodity Contracts Brokers & Dealers,Other / Financial / Services
BOIL,1415311,ProShares Trust II,6221,Commodity Contracts Brokers & Dealers,Other / Financial / Services
EUO,1415311,ProShares Trust II,6221,Commodity Contracts Brokers & Dealers,Other / Financial / Services
VIXY,1415311,ProShares Trust II,6221,Commodity Contracts Brokers & Dealers,Other / Financial / Services
YCL,1415311,ProShares Trust II,6221,Commodity Contracts Brokers & Dealers,Other / Financial / Services
YCS,1415311,ProShares Trust II,6221,Commodity Contracts Brokers & Dealers,Other / Financial / Services
ZSL,1415311,ProShares Trust II,6221,Commodity Contracts Brokers & Dealers,Other / Financial / Services
UCO,1415311,ProShares Trust II,6221,Commodity Contracts Brokers & Dealers,Other / Financial / Services
UGL,1415311,ProShares Trust II,6221,Commodity Contracts Brokers & Dealers,Other / Financial / Services
ULE,1415311,ProShares Trust II,6221,Commodity Contracts Brokers & Dealers,Other / Financial / Services
UVXY,1415311,ProShares Trust II,6221,Commodity Contracts Brokers & Dealers,Other / Financial / Services
VIXM,1415311,ProShares Trust II,6221,Commodity Contracts Brokers & Dealers,Other / Financial / Services
SCO,1415311,ProShares Trust II,6221,Commodity Contracts Brokers & Dealers,Other / Financial / Services
SVXY,1415311,ProShares Trust II,6221,Commodity Contracts Brokers & Dealers,Other / Financial / Services
GLL,1415311,ProShares Trust II,6221,Commodity Contracts Brokers & Dealers,Other / Financial / Services
KOLD,1415311,ProShares Trust II,6221,Commodity Contracts Brokers & Dealers,Other / Financial / Services
CIMO,1409493,CHIMERA INVESTMENT CORP,6798,Real Estate Investment Trusts,Other / Financial / Services
CIMP,1409493,CHIMERA INVESTMENT CORP,6798,Real Estate Investment Trusts,Other / Financial / Services
CIMN,1409493,CHIMERA INVESTMENT CORP,6798,Real Estate Investment Trusts,Other / Financial / Services
CIM-PD,1409493,CHIMERA INVESTMENT CORP,6798,Real Estate Investment Trusts,Other / Financial / Services
CIM-PB,1409493,CHIMERA INVESTMENT CORP,6798,Real Estate Investment Trusts,Other / Financial / Services
CIM-PC,1409493,CHIMERA INVESTMENT CORP,6798,Real Estate Investment Trusts,Other / Financial / Services
AXIA-PC,1439124,AXIA Energia S.A.,4911,Electric Services,Energy
IVR-PC,1437071,Invesco Mortgage Capital Inc.,6798,Real Estate Investment Trusts,Other / Financial / Services
ATLCL,1464343,Atlanticus Holdings Corp,6141,Personal Credit Institutions,Other / Financial / Services
ATLCP,1464343,Atlanticus Holdings Corp,6141,Personal Credit Institutions,Other / Financial / Services
ATLCZ,1464343,Atlanticus Holdings Corp,6141,Personal Credit Institutions,Other / Financial / Services
CLDT-PA,1476045,Chatham Lodging Trust,6798,Real Estate Investment Trusts,Other / Financial / Services
LOB-PA,1462120,"Live Oak Bancshares, Inc.",6022,State Commercial Banks,Other / Financial / Services
JTGLF,1472033,"Citibank,N.A./ADR",,,Unknown
HPP-PC,1482512,"Hudson Pacific Properties, Inc.",6500,Real Estate,Other / Financial / Services
SKLTF,1487139,Seek Ltd,8880,American Depositary Receipts,Healthcare
CUBB,1488813,"Customers Bancorp, Inc.",6022,State Commercial Banks,Other / Financial / Services
MITN,1514281,"TPG Mortgage Investment Trust, Inc.",6798,Real Estate Investment Trusts,Other / Financial / Services
MITP,1514281,"TPG Mortgage Investment Trust, Inc.",6798,Real Estate Investment Trusts,Other / Financial / Services
MITT-PA,1514281,"TPG Mortgage Investment Trust, Inc.",6798,Real Estate Investment Trusts,Other / Financial / Services
MITT-PB,1514281,"TPG Mortgage Investment Trust, Inc.",6798,Real Estate Investment Trusts,Other / Financial / Services
MITT-PC,1514281,"TPG Mortgage Investment Trust, Inc.",6798,Real Estate Investment Trusts,Other / Financial / Services
PFXNZ,1490349,PhenixFIN Corp,,,Unknown
KRNGF,1494191,Karoon Gas Australia Ltd /ADR/,,,Unknown
NMFCZ,1496099,New Mountain Finance Corp,,,Unknown
VRMWW,1580864,"Vroom, Inc.",5500,Retail-Auto Dealers & Gasoline Stations,Retail
LAAI,1594968,Loan Artificial Intelligence Corp.,7900,Services-Amusement & Recreation Services,Other / Financial / Services
IHICF,1567526,IHI Corporation/ADR,,,Unknown
INBKZ,1562463,First Internet Bancorp,6022,State Commercial Banks,Other / Financial / Services
CMRE-PD,1503584,Costamare Inc.,4412,Deep Sea Foreign Transportation of  Freight,Other / Financial / Services
CMRE-PB,1503584,Costamare Inc.,4412,Deep Sea Foreign Transportation of  Freight,Other / Financial / Services
NSLRL,1509470,Neostellar Capital Corp.,,,Unknown
AMPGZ,1518461,"AmpliTech Group, Inc.",3669,"Communications Equipment, NEC",Industrials
AMPGR,1518461,"AmpliTech Group, Inc.",3669,"Communications Equipment, NEC",Industrials
SFDMF,1493507,Shanghai Fudan Microelectronics Co Limited/ADR/,8880,American Depositary Receipts,Healthcare
BTGRF,1546538,BTS Group Holdings Public Co Limited/ADR,8880,American Depositary Receipts,Healthcare
BTLWF,1546538,BTS Group Holdings Public Co Limited/ADR,8880,American Depositary Receipts,Healthcare
BEPH,1533232,Brookfield Renewable Partners L.P.,4911,Electric Services,Energy
BEPI,1533232,Brookfield Renewable Partners L.P.,4911,Electric Services,Energy
BEP-PA,1533232,Brookfield Renewable Partners L.P.,4911,Electric Services,Energy
BEPJ,1533232,Brookfield Renewable Partners L.P.,4911,Electric Services,Energy
PTWRY,1523872,PT Tower Bersama Infrastructure Tbk/ADR,8880,American Depositary Receipts,Healthcare
PTFRF,1523872,PT Tower Bersama Infrastructure Tbk/ADR,8880,American Depositary Receipts,Healthcare
ATH-PA,1527469,Athene Holding Ltd.,6311,Life Insurance,Other / Financial / Services
ATHS,1527469,Athene Holding Ltd.,6311,Life Insurance,Other / Financial / Services
ATH-PB,1527469,Athene Holding Ltd.,6311,Life Insurance,Other / Financial / Services
ATH-PD,1527469,Athene Holding Ltd.,6311,Life Insurance,Other / Financial / Services
ATH-PE,1527469,Athene Holding Ltd.,6311,Life Insurance,Other / Financial / Services
RC-PC,1527590,Ready Capital Corp,6798,Real Estate Investment Trusts,Other / Financial / Services
MBUMF,1534281,"Mabuchi Motor Co., Ltd./ADR",8880,American Depositary Receipts,Healthcare
RCD,1527590,Ready Capital Corp,6798,Real Estate Investment Trusts,Other / Financial / Services
RC-PE,1527590,Ready Capital Corp,6798,Real Estate Investment Trusts,Other / Financial / Services
GDHLF,1526125,GDS Holdings Ltd,7370,"Services-Computer Programming, Data Processing, Etc.",Technology
NHPBP,1561032,"National Healthcare Properties, Inc.",6798,Real Estate Investment Trusts,Other / Financial / Services
NCHEF,1570299,Nichirei Corporation/ADR,,,Unknown
NWSLL,1564708,NEWS CORP,2711,Newspapers: Publishing or  Publishing & Printing,Manufacturing
NHPAP,1561032,"National Healthcare Properties, Inc.",6798,Real Estate Investment Trusts,Other / Financial / Services
PFLA,1504619,PennantPark Floating Rate Capital Ltd.,,,Unknown
ACP-PA,1503290,abrdn Income Credit Strategies Fund,,,Unknown
PNDZF,1505880,Pandora A/S / ADR,8880,American Depositary Receipts,Healthcare
NIOBW,1512228,NIOCORP DEVELOPMENTS LTD,1000,Metal Mining,Other / Financial / Services
DBVTF,1613780,DBV Technologies S.A.,2836,"Biological Products, (No Diagnostic Substances)",Healthcare
MONRF,1605755,Moncler S.p.A./ADR,,,Unknown
JSM,1593538,NAVIENT CORP,6211,"Security Brokers, Dealers & Flotation Companies",Other / Financial / Services
SYF-PA,1601712,Synchrony Financial,6199,Finance Services,Other / Financial / Services
SYF-PB,1601712,Synchrony Financial,6199,Finance Services,Other / Financial / Services
MBINM,1629019,Merchants Bancorp,6022,State Commercial Banks,Other / Financial / Services
MBINN,1629019,Merchants Bancorp,6022,State Commercial Banks,Other / Financial / Services
MBINL,1629019,Merchants Bancorp,6022,State Commercial Banks,Other / Financial / Services
KREF-PA,1631596,KKR Real Estate Finance Trust Inc.,6798,Real Estate Investment Trusts,Other / Financial / Services
LBRA,1599407,1847 Holdings LLC,8742,Services-Management Consulting Services,Other / Financial / Services
BHR-PB,1574085,Braemar Hotels & Resorts Inc.,6798,Real Estate Investment Trusts,Other / Financial / Services
BHR-PD,1574085,Braemar Hotels & Resorts Inc.,6798,Real Estate Investment Trusts,Other / Financial / Services
SMSOF,1560968,Samsonite International SA/ADR,8880,American Depositary Receipts,Healthcare
LFT-PA,1547546,"Lument Finance Trust, Inc.",6798,Real Estate Investment Trusts,Other / Financial / Services
INN-PE,1497645,"Summit Hotel Properties, Inc.",6798,Real Estate Investment Trusts,Other / Financial / Services
INN-PF,1497645,"Summit Hotel Properties, Inc.",6798,Real Estate Investment Trusts,Other / Financial / Services
OFSSH,1487918,OFS Capital Corp,,,Unknown
OFSSO,1487918,OFS Capital Corp,,,Unknown
NGL-PB,1504461,NGL Energy Partners LP,4922,Natural Gas Transmission,Energy
PRBZF,1503812,PREMIUM BRANDS HOLDINGS Corp,,,Unknown
ACGP,1642122,"Associated Capital Group, Inc.",6211,"Security Brokers, Dealers & Flotation Companies",Other / Financial / Services
IBIDF,1654508,"Ibiden Co., Ltd./ADR",,,Unknown
MYSEW,1648960,"Myseum.AI, Inc.",4822,Telegraph & Other Message Communications,Other / Financial / Services
CEHCF,1668393,"Cosmo Energy Holdings Co., Ltd./ADR",,,Unknown
JPSTF,1659576,"Japan Post Bank Co., Ltd.",,,Unknown
SHMZF,1648512,Shimadzu Corporation/ADR,,,Unknown
JBHIF,1643198,JB Hi-Fi Limited/ADR,,,Unknown
CCID,1517767,Carlyle Credit Income Fund,,,Unknown
NTRBW,1676047,NutriBand Inc.,3842,"Orthopedic, Prosthetic & Surgical Appliances & Supplies",Healthcare
IQEPF,1550405,IQE PLC/ADR,,,Unknown
WHLRL,1527541,"Wheeler Real Estate Investment Trust, Inc.",6798,Real Estate Investment Trusts,Other / Financial / Services
HGIT,1585101,"HINES GLOBAL INCOME TRUST, INC.",6798,Real Estate Investment Trusts,Other / Financial / Services
GLOP-PB,1598655,GasLog Partners LP,4400,Water Transportation,Other / Financial / Services
GLOP-PC,1598655,GasLog Partners LP,4400,Water Transportation,Other / Financial / Services
HPHTF,1600928,Hamamatsu Photonics K.K./ADR,,,Unknown
FTAIM,1590364,FTAI Aviation Ltd.,7350,Services-Miscellaneous Equipment Rental & Leasing,Other / Financial / Services
WEIBF,1595761,WEIBO Corp,7370,"Services-Computer Programming, Data Processing, Etc.",Technology
GGBY,1616736,Alpha Investment Inc.,6500,Real Estate,Other / Financial / Services
BCTXL,1610820,BriaCell Therapeutics Corp.,2834,Pharmaceutical Preparations,Healthcare
BCTXZ,1610820,BriaCell Therapeutics Corp.,2834,Pharmaceutical Preparations,Healthcare
ADAPY,1621227,Adaptimmune Therapeutics PLC,2836,"Biological Products, (No Diagnostic Substances)",Healthcare
DUKRW,1638911,DUKE Robotics Corp.,3721,Aircraft,Industrials
BWET,1610940,Amplify Commodity Trust,6221,Commodity Contracts Brokers & Dealers,Other / Financial / Services
BBAAY,1577552,Alibaba Group Holding Ltd,7389,"Services-Business Services, NEC",Other / Financial / Services
BIVIW,1580149,BIOVIE INC.,2834,Pharmaceutical Preparations,Healthcare
HCTPF,1580226,Hutchison Port Holdings Trust/ADR,8880,American Depositary Receipts,Healthcare
FGNXP,1591890,FG Nexus Inc.,6199,Finance Services,Other / Financial / Services
NSKFF,1535759,Kongsberg Gruppen ASA/ADR,8880,American Depositary Receipts,Healthcare
BUHPF,1547870,Bumrungrad Hospital Public Co Limited/ADR,8880,American Depositary Receipts,Healthcare
BUGDF,1547870,Bumrungrad Hospital Public Co Limited/ADR,8880,American Depositary Receipts,Healthcare
PPLOF,1546066,PEMBINA PIPELINE CORP,1382,Oil & Gas Field Exploration Services,Energy
PBPRF,1546066,PEMBINA PIPELINE CORP,1382,Oil & Gas Field Exploration Services,Energy
PMMBF,1546066,PEMBINA PIPELINE CORP,1382,Oil & Gas Field Exploration Services,Energy
PPLAF,1546066,PEMBINA PIPELINE CORP,1382,Oil & Gas Field Exploration Services,Energy
BFRGW,1829247,"BullFrog AI Holdings, Inc.",2834,Pharmaceutical Preparations,Healthcare
RSVRW,1824403,"Reservoir Media, Inc.",7900,Services-Amusement & Recreation Services,Other / Financial / Services
PW-PA,1532619,Power REIT,6798,Real Estate Investment Trusts,Other / Financial / Services
AHRT-PA,1569187,"AH Realty Trust, Inc.",6500,Real Estate,Other / Financial / Services
TNONW,1560293,"Tenon Medical, Inc.",3841,Surgical & Medical Instruments & Apparatus,Healthcare
ELLA,1560672,Ellington Credit Co,6798,Real Estate Investment Trusts,Other / Financial / Services
AMH-PG,1562401,American Homes 4 Rent,6798,Real Estate Investment Trusts,Other / Financial / Services
AMH-PH,1562401,American Homes 4 Rent,6798,Real Estate Investment Trusts,Other / Financial / Services
PBNAF,1546066,PEMBINA PIPELINE CORP,1382,Oil & Gas Field Exploration Services,Energy
PMBPF,1546066,PEMBINA PIPELINE CORP,1382,Oil & Gas Field Exploration Services,Energy
DPLMF,1529906,Diploma plc/ADR,8880,American Depositary Receipts,Healthcare
CICB,1534254,CION Investment Corp,,,Unknown
EBOSF,1533082,EBOS Group Limited/ADR,,,Unknown
MPLXP,1552000,MPLX LP,4610,Pipe Lines (No Natural Gas),Other / Financial / Services
CPNNF,1551468,Central Pattana Public Co Limited/ADR,,,Unknown
CTPUF,1551468,Central Pattana Public Co Limited/ADR,,,Unknown
PRIF-PD,1554625,"Priority Income Fund, Inc.",,,Unknown
PRIF-PK,1554625,"Priority Income Fund, Inc.",,,Unknown
PRIF-PL,1554625,"Priority Income Fund, Inc.",,,Unknown
IPSOF,1582820,IPSOS/ADR,,,Unknown
CTRVP,1583771,"Hepion Pharmaceuticals, Inc.",2834,Pharmaceutical Preparations,Healthcare
THFRF,1562296,Thai Union Group Public Co Limited/ADR,8880,American Depositary Receipts,Healthcare
FBRT-PE,1562528,"Franklin BSP Realty Trust, Inc.",6798,Real Estate Investment Trusts,Other / Financial / Services
EYUUF,1562294,Electricity Generating Public Co Limited/ADR,8880,American Depositary Receipts,Healthcare
EYGPF,1562294,Electricity Generating Public Co Limited/ADR,8880,American Depositary Receipts,Healthcare
TUFUF,1562296,Thai Union Group Public Co Limited/ADR,8880,American Depositary Receipts,Healthcare
OZKAP,1569650,Bank OZK,,,Unknown
NSA-PB,1618563,National Storage Affiliates Trust,6798,Real Estate Investment Trusts,Other / Financial / Services
SQLLW,1605888,CIRCLE8 GROUP INC,7363,Services-Help Supply Services,Other / Financial / Services
RWAYL,1653384,Runway Growth Finance Corp.,,,Unknown
RWAYI,1653384,Runway Growth Finance Corp.,,,Unknown
CGABL,1527166,Carlyle Group Inc.,6282,Investment Advice,Other / Financial / Services
HTZWW,1657853,"HERTZ GLOBAL HOLDINGS, INC",7510,Services-Auto Rental & Leasing (No Drivers),Other / Financial / Services
NRSAX,1663712,NEXPOINT REAL ESTATE STRATEGIES FUND,,,Unknown
GNL-PA,1526113,"Global Net Lease, Inc.",6798,Real Estate Investment Trusts,Other / Financial / Services
GNL-PB,1526113,"Global Net Lease, Inc.",6798,Real Estate Investment Trusts,Other / Financial / Services
GNL-PE,1526113,"Global Net Lease, Inc.",6798,Real Estate Investment Trusts,Other / Financial / Services
GNL-PD,1526113,"Global Net Lease, Inc.",6798,Real Estate Investment Trusts,Other / Financial / Services
FRQND,1624517,"Frequency Holdings, Inc",7389,"Services-Business Services, NEC",Other / Financial / Services
LBRDP,1611983,Liberty Broadband Corp,4841,Cable & Other Pay Television Services,Other / Financial / Services
RPT-PC,1614806,Rithm Property Trust Inc.,6798,Real Estate Investment Trusts,Other / Financial / Services
SNROF,1584273,"Sanrio Company, Ltd./ADR",,,Unknown
ACONW,1635077,"Aclarion, Inc.",8071,Services-Medical Laboratories,Healthcare
HPE-PC,1645590,Hewlett Packard Enterprise Co,3570,Computer & office Equipment,Technology
MDV-PA,1645873,"MODIV INDUSTRIAL, INC.",6798,Real Estate Investment Trusts,Other / Financial / Services
GOOGM,1652044,Alphabet Inc.,7370,"Services-Computer Programming, Data Processing, Etc.",Technology
GOOGN,1652044,Alphabet Inc.,7370,"Services-Computer Programming, Data Processing, Etc.",Technology
BEIGF,1651308,BeOne Medicines Ltd.,2834,Pharmaceutical Preparations,Healthcare
TRTN-PC,1660734,Triton International Ltd,7359,"Services-Equipment Rental & Leasing, NEC",Other / Financial / Services
TRTN-PD,1660734,Triton International Ltd,7359,"Services-Equipment Rental & Leasing, NEC",Other / Financial / Services
TRTN-PE,1660734,Triton International Ltd,7359,"Services-Equipment Rental & Leasing, NEC",Other / Financial / Services
TRTN-PF,1660734,Triton International Ltd,7359,"Services-Equipment Rental & Leasing, NEC",Other / Financial / Services
TRTN-PG,1660734,Triton International Ltd,7359,"Services-Equipment Rental & Leasing, NEC",Other / Financial / Services
LENDX,1658645,Stone Ridge Trust V,,,Unknown
ASCIX,1716885,Angel Oak Strategic Credit Fund,,,Unknown
HYNLY,1712356,Hydro One Ltd,4911,Electric Services,Energy
ZNKUF,1705455,"ZENKOKU HOSHO Co., Ltd./ADR",,,Unknown
TRTN-PB,1660734,Triton International Ltd,7359,"Services-Equipment Rental & Leasing, NEC",Other / Financial / Services
BSTT,1662972,"Blackstone Real Estate Income Trust, Inc.",6798,Real Estate Investment Trusts,Other / Financial / Services
QGAI,1663038,Quantum Genesis AI Corp.,2860,Industrial Organic Chemicals,Manufacturing
OPP-PC,1678130,"RiverNorth/DoubleLine Strategic Opportunity Fund, Inc.",,,Unknown
OPP-PA,1678130,"RiverNorth/DoubleLine Strategic Opportunity Fund, Inc.",,,Unknown
OPP-PB,1678130,"RiverNorth/DoubleLine Strategic Opportunity Fund, Inc.",,,Unknown
NICHX,1736510,Variant Alternative Income Fund,,,Unknown
RVSNW,1743905,Rail Vision Ltd.,3743,Railroad Equipment,Industrials
PSPX,1765651,Pacific Sports Exchange Inc.,5940,Retail-Miscellaneous Shopping Goods Stores,Retail
ALTG-PA,1759824,ALTA EQUIPMENT GROUP INC.,5084,Wholesale-Industrial Machinery & Equipment,Other / Financial / Services
DFNSW,1787518,T3 Defense Inc.,8742,Services-Management Consulting Services,Other / Financial / Services
SDMHF,1794363,Sartorius Stedim Biotech S.A./ADR,,,Unknown
BURUW,1814215,"Nuburu, Inc.",3690,"Miscellaneous Electrical Machinery, Equipment & Supplies",Industrials
GWHWW,1819438,"ESS Tech, Inc.",3690,"Miscellaneous Electrical Machinery, Equipment & Supplies",Industrials
OPFI-WT,1818502,OppFi Inc.,6199,Finance Services,Other / Financial / Services
CPPTL,1837671,Copper Property CTL Pass Through Trust,6500,Real Estate,Other / Financial / Services
CORZW,1839341,"Core Scientific, Inc./tx",6199,Finance Services,Other / Financial / Services
CORZZ,1839341,"Core Scientific, Inc./tx",6199,Finance Services,Other / Financial / Services
CORZR,1839341,"Core Scientific, Inc./tx",6199,Finance Services,Other / Financial / Services
DMXCF,1839586,District Metals Corp.,1040,Gold and Silver Ores,Other / Financial / Services
GEGGL,1831096,"Great Elm Group, Inc.",7372,Services-Prepackaged Software,Technology
TSPH,1823593,TuSimple Holdings Inc.,7373,Services-Computer Integrated Systems Design,Technology
LSRCF,1822989,Lasertec Corporation/ADR,,,Unknown
ANSCU,1854149,Agriculture & Natural Solutions Acquisition Corp,6770,Blank Checks,Other / Financial / Services
ANSCW,1854149,Agriculture & Natural Solutions Acquisition Corp,6770,Blank Checks,Other / Financial / Services
HSIGF,1861737,Hesai Group,3569,"General Industrial Machinery & Equipment, NEC",Industrials
CLDWW,1855485,"Calidi Biotherapeutics, Inc.",2836,"Biological Products, (No Diagnostic Substances)",Healthcare
ONMDW,1849380,OneMedNet Corp,8731,Services-Commercial Physical & Biological Research,Healthcare
CDAUF,1851909,Compass Digital Acquisition Corp.,6770,Blank Checks,Other / Financial / Services
CDAWF,1851909,Compass Digital Acquisition Corp.,6770,Blank Checks,Other / Financial / Services
SOUNW,1840856,"SOUNDHOUND AI, INC.",7372,Services-Prepackaged Software,Technology
BGFR,1722556,BestGofer Inc.,7200,Services-Personal Services,Other / Financial / Services
HYMCW,1718405,HYCROFT MINING HOLDING CORP,1040,Gold and Silver Ores,Other / Financial / Services
OCCIM,1716951,"OFS Credit Company, Inc.",,,Unknown
OCCIN,1716951,"OFS Credit Company, Inc.",,,Unknown
SCAFF,1713675,Schaeffler AG/ADR,,,Unknown
DRRKF,1705969,dormakaba Holding AG,,,Unknown
REVBW,1810560,"REVELATION BIOSCIENCES, INC.",2834,Pharmaceutical Preparations,Healthcare
SBIGW,1801602,"SpringBig Holdings, Inc.",7371,Services-Computer Programming Services,Technology
SVIX,1793497,VS Trust,6221,Commodity Contracts Brokers & Dealers,Other / Financial / Services
BYNOU,1801417,byNordic Acquisition Corp,6770,Blank Checks,Other / Financial / Services
BYNOW,1801417,byNordic Acquisition Corp,6770,Blank Checks,Other / Financial / Services
TMCWW,1798562,TMC the metals Co Inc.,1000,Metal Mining,Other / Financial / Services
XRXDW,1770450,Xerox Holdings Corp,3577,"Computer Peripheral Equipment, NEC",Technology
PRTCY,1782999,PureTech Health plc,2834,Pharmaceutical Preparations,Healthcare
ANKM,1781629,"Ankam, Inc.",7371,Services-Computer Programming Services,Technology
TRSO,1758699,TRANSUITE.ORG INC.,7370,"Services-Computer Programming, Data Processing, Etc.",Technology
CHWRF,1751162,China Tower Corp Limited/ADR,,,Unknown
NEOVW,1748137,NeoVolta Inc.,3690,"Miscellaneous Electrical Machinery, Equipment & Supplies",Industrials
RBOTW,1812173,Vicarious Surgical Inc.,3842,"Orthopedic, Prosthetic & Surgical Appliances & Supplies",Healthcare
VENAF,1800392,MicroAlgo Inc.,7371,Services-Computer Programming Services,Technology
FFAIW,1805521,FARADAY FUTURE INTELLIGENT ELECTRIC INC.,3711,Motor Vehicles & Passenger Car Bodies,Industrials
CELUW,1752828,Celularity Inc,2834,Pharmaceutical Preparations,Healthcare
OWSCX,1748680,1WS Credit Income Fund,,,Unknown
PDSKX,1756404,Principal Real Asset Fund,,,Unknown
MCOMW,1788841,micromobility.com Inc.,7389,"Services-Business Services, NEC",Other / Financial / Services
FVGPY,1691445,FinVolution Group,6163,Loan Brokers,Other / Financial / Services
GECCG,1675033,Great Elm Capital Corp.,,,Unknown
GECCH,1675033,Great Elm Capital Corp.,,,Unknown
GECCI,1675033,Great Elm Capital Corp.,,,Unknown
DBRG-PH,1679688,"DigitalBridge Group, Inc.",6282,Investment Advice,Other / Financial / Services
DBRG-PI,1679688,"DigitalBridge Group, Inc.",6282,Investment Advice,Other / Financial / Services
DBRG-PJ,1679688,"DigitalBridge Group, Inc.",6282,Investment Advice,Other / Financial / Services
RTEZ,1733861,REST EZ Inc.,2834,Pharmaceutical Preparations,Healthcare
BIAFW,1712762,"bioAffinity Technologies, Inc.",8731,Services-Commercial Physical & Biological Research,Healthcare
PMFAX,1723701,PIMCO Flexible Municipal Income Fund,,,Unknown
ILLRW,1769624,Triller Group Inc.,6282,Investment Advice,Other / Financial / Services
ALDSD,1755101,APPlife Digital Solutions Inc,5531,Retail-Auto & Home Supply Stores,Retail
PINE-PA,1786117,"Alpine Income Property Trust, Inc.",6798,Real Estate Investment Trusts,Other / Financial / Services
ADYYF,1788707,Adyen N.V./ADR,,,Unknown
PSKRF,1789444,Protector Forsikring/ADR,,,Unknown
LUCYW,1808377,Innovative Eyewear Inc,3851,Ophthalmic Goods,Manufacturing
GFAIW,1804469,"Guardforce AI Co., Ltd.",7381,"Services-Detective, Guard & Armored Car Services",Other / Financial / Services
NCLTF,1801729,"Nitori Holdings Co., Ltd.",,,Unknown
EDBLW,1809750,Edible Garden AG Inc,100,Agricultural Production-Crops,Other / Financial / Services
SES-WT,1819142,SES AI Corp,3690,"Miscellaneous Electrical Machinery, Equipment & Supplies",Industrials
PVOZ,1824204,Park View OZ REIT Inc,6798,Real Estate Investment Trusts,Other / Financial / Services
AMLIF,1699880,American Lithium Corp.,1000,Metal Mining,Other / Financial / Services
PRXA,1692345,"PROCACCIANTI HOTEL REIT, INC.",6798,Real Estate Investment Trusts,Other / Financial / Services
BHFAL,1685040,"Brighthouse Financial, Inc.",6311,Life Insurance,Other / Financial / Services
BHFAM,1685040,"Brighthouse Financial, Inc.",6311,Life Insurance,Other / Financial / Services
BHFAN,1685040,"Brighthouse Financial, Inc.",6311,Life Insurance,Other / Financial / Services
BHFAO,1685040,"Brighthouse Financial, Inc.",6311,Life Insurance,Other / Financial / Services
BHFAP,1685040,"Brighthouse Financial, Inc.",6311,Life Insurance,Other / Financial / Services
VTTGF,1729514,VAT Group AG/ADR,,,Unknown
ASRRF,1719117,ASR Nederland N.V./ADR,,,Unknown
COBA,1727255,Chilean Cobalt Corp.,1000,Metal Mining,Other / Financial / Services
ADDTF,1766868,Addtech AB/ADR,,,Unknown
BEATW,1779372,"HeartBeam, Inc.",3841,Surgical & Medical Instruments & Apparatus,Healthcare
MRCIF,1752564,"Mercari, Inc./ADR",,,Unknown
EICA,1754836,Eagle Point Income Co Inc.,,,Unknown
NNBXF,1760854,Nanobiotix S.A.,2834,Pharmaceutical Preparations,Healthcare
JSPRW,1788028,"Jasper Therapeutics, Inc.",2836,"Biological Products, (No Diagnostic Substances)",Healthcare
FOUR-PA,1794669,"Shift4 Payments, Inc.",7389,"Services-Business Services, NEC",Other / Financial / Services
SSTPW,1805833,"System1, Inc.",7370,"Services-Computer Programming, Data Processing, Etc.",Technology
RENXF,1811115,Renalytix plc,8071,Services-Medical Laboratories,Healthcare
FOXOW,1812360,FOXO TECHNOLOGIES INC.,8731,Services-Commercial Physical & Biological Research,Healthcare
FOXOD,1812360,FOXO TECHNOLOGIES INC.,8731,Services-Commercial Physical & Biological Research,Healthcare
MEIUF,1699967,Meitu Inc./ADR,,,Unknown
FABTQ,1705012,"Fat Brands, Inc",5812,Retail-Eating  Places,Retail
FATPQ,1705012,"Fat Brands, Inc",5812,Retail-Eating  Places,Retail
LIDRW,1818644,"AEye, Inc.",3714,Motor Vehicle Parts & Accessories,Industrials
CAHPF,1686009,Evolution Mining Limited/ADR,,,Unknown
HSCT,1721056,HOOPS SCOUTING USA,7374,Services-Computer Processing & Data Preparation,Technology
LARAX,1753712,Lord Abbett Credit Opportunities Fund,,,Unknown
QFNHF,1741530,"Qfin Holdings, Inc.",6199,Finance Services,Other / Financial / Services
TCMEF,1744676,Tencent Music Entertainment Group,4832,Radio Broadcasting Stations,Other / Financial / Services
OCSAW,1953530,Oculis Holding AG,2834,Pharmaceutical Preparations,Healthcare
LILAP,1712184,Liberty Latin America Ltd.,4841,Cable & Other Pay Television Services,Other / Financial / Services
HFRO-PA,1710680,HIGHLAND OPPORTUNITIES & INCOME FUND,,,Unknown
BYCBF,1706795,Barry Callebaut AG/ADR,,,Unknown
HFRO-PB,1710680,HIGHLAND OPPORTUNITIES & INCOME FUND,,,Unknown
TANAF,1941189,Tian'an Technology Group Ltd,3621,Motors & Generators,Industrials
CRGOW,1927719,Freightos Ltd,4731,Arrangement of  Transportation of  Freight & Cargo,Other / Financial / Services
CLRRF,1903392,ClimateRock,6770,Blank Checks,Other / Financial / Services
CNCKW,1913847,Coincheck Group N.V.,6199,Finance Services,Other / Financial / Services
ISLUF,1915328,Israel Acquisitions Corp,6770,Blank Checks,Other / Financial / Services
ISLWF,1915328,Israel Acquisitions Corp,6770,Blank Checks,Other / Financial / Services
SATA,1920406,"Strive, Inc.",6199,Finance Services,Other / Financial / Services
HEMNF,1915760,Hemnet Group AB/ADR,,,Unknown
GSTK,1917993,Growth Stalk Holdings Corp,100,Agricultural Production-Crops,Other / Financial / Services
CEROW,1870404,"CERO THERAPEUTICS HOLDINGS, INC.",2836,"Biological Products, (No Diagnostic Substances)",Healthcare
SWVLW,1875609,Swvl Holdings Corp,7389,"Services-Business Services, NEC",Other / Financial / Services
BZAIW,1871638,"Blaize Holdings, Inc.",3674,Semiconductors & Related Devices,Industrials
SVREW,1894693,SaverOne 2014 Ltd.,7371,Services-Computer Programming Services,Technology
KVACU,1889983,Keen Vision Acquisition Corp.,6770,Blank Checks,Other / Financial / Services
TETWF,1900679,Technology & Telecommunication Acquisition Corp,7389,"Services-Business Services, NEC",Other / Financial / Services
TETUF,1900679,Technology & Telecommunication Acquisition Corp,7389,"Services-Business Services, NEC",Other / Financial / Services
RAJAF,1885680,"Cordyceps Sunshine Biotech Holdings Co., Ltd.",2833,Medicinal Chemicals & Botanical Products,Healthcare
FEAV,1888654,"5E Advanced Materials, Inc.",1400,Mining & Quarrying of  Nonmetallic Minerals (No Fuels),Other / Financial / Services
KVACW,1889983,Keen Vision Acquisition Corp.,6770,Blank Checks,Other / Financial / Services
BTBDW,1718224,"BT Brands, Inc.",5812,Retail-Eating  Places,Retail
AIBRF,1728918,AIB Group plc/ADR,,,Unknown
WRLWF,1733968,West Red Lake Gold Mines Ltd.,,,Unknown
WRLRF,1733968,West Red Lake Gold Mines Ltd.,,,Unknown
SKYAW,1737995,"SkyAI, Inc.",3841,Surgical & Medical Instruments & Apparatus,Healthcare
ICRL,1690012,"InPoint Commercial Real Estate Income, Inc.",6798,Real Estate Investment Trusts,Other / Financial / Services
ICRP,1690012,"InPoint Commercial Real Estate Income, Inc.",6798,Real Estate Investment Trusts,Other / Financial / Services
STSR,1698538,"Strategic Student & Senior Housing Trust, Inc.",6798,Real Estate Investment Trusts,Other / Financial / Services
MSOGF,1815846,MINISO Group Holding Ltd,5331,Retail-Variety Stores,Retail
METCI,1687187,"Ramaco Resources, Inc.",1220,Silver Ores,Other / Financial / Services
METCB,1687187,"Ramaco Resources, Inc.",1220,Silver Ores,Other / Financial / Services
METCZ,1687187,"Ramaco Resources, Inc.",1220,Silver Ores,Other / Financial / Services
SATLF,1679920,"Start Today Co., Ltd./ADR",,,Unknown
KUKEY,1809158,Kuke Music Holding Ltd,8200,Services-Educational Services,Healthcare
PMVCW,1807765,PMV Consumer Acquisition Corp.,6770,Blank Checks,Other / Financial / Services
DNOPF,1796026,Dino Polska S.A./ADR,,,Unknown
TOIIW,1799191,"Oncology Institute, Inc.",8011,Services-Offices & Clinics of  Doctors of  Medicine,Healthcare
NREF-PA,1786248,"NexPoint Real Estate Finance, Inc.",6798,Real Estate Investment Trusts,Other / Financial / Services
AOMD,1766478,"Angel Oak Mortgage REIT, Inc.",6500,Real Estate,Other / Financial / Services
AOMN,1766478,"Angel Oak Mortgage REIT, Inc.",6500,Real Estate,Other / Financial / Services
BENFW,1775734,Beneficient,6199,Finance Services,Other / Financial / Services
SYAXF,1739016,Elevra Lithium Ltd,1400,Mining & Quarrying of  Nonmetallic Minerals (No Fuels),Other / Financial / Services
WEBJF,1778788,Webjet Limited/ADR,,,Unknown
MNTSW,1781162,Momentus Inc.,3760,Guided Missiles & Space Vehicles & Parts,Industrials
MVSTW,1760689,"Microvast Holdings, Inc.",3690,"Miscellaneous Electrical Machinery, Equipment & Supplies",Industrials
MPNGF,1754088,Meituan Dianping/ADR,,,Unknown
EOSER,1805077,"Eos Energy Enterprises, Inc.",3690,"Miscellaneous Electrical Machinery, Equipment & Supplies",Industrials
OPENW,1801169,Opendoor Technologies Inc.,6531,Real Estate Agents & Managers (For Others),Other / Financial / Services
OPENL,1801169,Opendoor Technologies Inc.,6531,Real Estate Agents & Managers (For Others),Other / Financial / Services
OPENZ,1801169,Opendoor Technologies Inc.,6531,Real Estate Agents & Managers (For Others),Other / Financial / Services
TRINI,1786108,Trinity Capital Inc.,,,Unknown
TRINZ,1786108,Trinity Capital Inc.,,,Unknown
OWLTW,1816708,"Owlet, Inc.",3829,"Measuring & Controlling Devices, NEC",Manufacturing
ABXL,1814287,"Abacus Global Management, Inc.",6282,Investment Advice,Other / Financial / Services
WSUPW,1819516,Wheels Up Experience Inc.,4522,"Air Transportation, Nonscheduled",Other / Financial / Services
HLLY-WT,1822928,Holley Inc.,3714,Motor Vehicle Parts & Accessories,Industrials
HUMAW,1818382,"Humacyte, Inc.",2836,"Biological Products, (No Diagnostic Substances)",Healthcare
WGSWW,1818331,GeneDx Holdings Corp.,8000,Services-Health Services,Healthcare
ZENVF,1836934,Zenvia Inc.,7372,Services-Prepackaged Software,Technology
BBAI-WT,1836981,"BigBear.ai Holdings, Inc.",7372,Services-Prepackaged Software,Technology
GROVW,1841761,"Grove Collaborative Holdings, Inc.",5961,Retail-Catalog & Mail-Order Houses,Retail
OSRHW,1840425,"OSR Health, Inc.",3841,Surgical & Medical Instruments & Apparatus,Healthcare
SPWRW,1838987,SunPower Inc.,1700,Construction - Special Trade Contractors,Other / Financial / Services
BODYW,1826889,"Beachbody Company, Inc.",5960,Retail-Nonstore Retailers,Retail
DNABW,1830214,"Ginkgo Bioworks Holdings, Inc.",2836,"Biological Products, (No Diagnostic Substances)",Healthcare
AUROW,1828108,"Aurora Innovation, Inc.",7373,Services-Computer Integrated Systems Design,Technology
GPATU,1834526,GP-Act III Acquisition Corp.,6770,Blank Checks,Other / Financial / Services
GROY-WT,1834026,Gold Royalty Corp.,1040,Gold and Silver Ores,Other / Financial / Services
GPATW,1834526,GP-Act III Acquisition Corp.,6770,Blank Checks,Other / Financial / Services
NVACW,1859807,"Profusa, Inc.",3841,Surgical & Medical Instruments & Apparatus,Healthcare
CMCUF,1865248,Piermont Valley Acquisition Corp,6770,Blank Checks,Other / Financial / Services
CMCWF,1865248,Piermont Valley Acquisition Corp,6770,Blank Checks,Other / Financial / Services
DRMAW,1853816,"Dermata Therapeutics, Inc.",2834,Pharmaceutical Preparations,Healthcare
SEATW,1856031,Vivid Seats Inc.,7990,Services-Miscellaneous Amusement & Recreation,Other / Financial / Services
HNSDF,1856488,Hensoldt AG/ADR,,,Unknown
BRLSW,1852973,Borealis Foods Inc.,2000,Food and Kindred Products,Consumer Goods
HMELF,1853630,Hold Me Ltd,7372,Services-Prepackaged Software,Technology
OPTXW,1866816,"SYNTEC OPTICS HOLDINGS, INC.",3827,Optical Instruments & Lenses,Manufacturing
EVBWF,1867102,Vertical Aerospace Ltd.,3721,Aircraft,Industrials
EVAWF,1867102,Vertical Aerospace Ltd.,3721,Aircraft,Industrials
EVTWF,1867102,Vertical Aerospace Ltd.,3721,Aircraft,Industrials
DRTSW,1871321,Alpha Tau Medical Ltd.,3841,Surgical & Medical Instruments & Apparatus,Healthcare
SWAGW,1872525,"Stran & Company, Inc.",7311,Services-Advertising Agencies,Other / Financial / Services
DFSCW,1889823,DEFSEC Technologies Inc.,7372,Services-Prepackaged Software,Technology
REEUF,1889112,Cartesian Growth Corp II,6770,Blank Checks,Other / Financial / Services
REEWF,1889112,Cartesian Growth Corp II,6770,Blank Checks,Other / Financial / Services
VHABW,1880431,Vocodia Holdings Corp,7371,Services-Computer Programming Services,Technology
SATLW,1874315,Satellogic Inc.,3663,Radio & Tv Broadcasting & Communications Equipment,Industrials
VHAIW,1880431,Vocodia Holdings Corp,7371,Services-Computer Programming Services,Technology
SLND-WT,1883814,"Southland Holdings, Inc.",1600,Heavy Construction Other Than Bldg Const - Contractors,Other / Financial / Services
PLSAY,1884082,Polestar Automotive Holding UK PLC,3711,Motor Vehicles & Passenger Car Bodies,Industrials
CNDAU,1851959,Concord Acquisition Corp II,6770,Blank Checks,Other / Financial / Services
CNDAW,1851959,Concord Acquisition Corp II,6770,Blank Checks,Other / Financial / Services
GCTS-WT,1851961,"GCT Semiconductor Holding, Inc.",3674,Semiconductors & Related Devices,Industrials
INPOF,1848826,InPost S.A./ADR,,,Unknown
ZHIHF,1835724,Zhihu Inc.,7389,"Services-Business Services, NEC",Other / Financial / Services
PLMWF,1845550,Plum Acquisition Corp. III,6770,Blank Checks,Other / Financial / Services
PLMUF,1845550,Plum Acquisition Corp. III,6770,Blank Checks,Other / Financial / Services
QTIWW,1844505,"QT IMAGING HOLDINGS, INC.",3845,Electromedical & Electrotherapeutic Apparatus,Healthcare
FLYX-WT,1843973,FLYEXCLUSIVE INC.,4522,"Air Transportation, Nonscheduled",Other / Financial / Services
DAVEW,1841408,Dave Inc./DE,6199,Finance Services,Other / Financial / Services
ZPTAW,1843714,"Zapata Quantum, Inc.",7372,Services-Prepackaged Software,Technology
AFRIW,1903870,Forafric Global PLC,2040,Grain Mill Products,Consumer Goods
CXAIW,1820875,CXApp Inc.,7372,Services-Prepackaged Software,Technology
JOBY-WT,1819848,"Joby Aviation, Inc.",3721,Aircraft,Industrials
BZFDW,1828972,"BuzzFeed, Inc.",4899,"Communications Services, NEC",Other / Financial / Services
PCTBP,1830033,"PureCycle Technologies, Inc.",2821,"Plastic Materials, Synth Resins & Nonvulcan Elastomers",Manufacturing
PCTTU,1830033,"PureCycle Technologies, Inc.",2821,"Plastic Materials, Synth Resins & Nonvulcan Elastomers",Manufacturing
PCTTW,1830033,"PureCycle Technologies, Inc.",2821,"Plastic Materials, Synth Resins & Nonvulcan Elastomers",Manufacturing
RMCOW,1843656,Royalty Management Holding Corp,6794,Patent Owners & Lessors,Other / Financial / Services
KTTAW,1841330,Pasithea Therapeutics Corp.,2834,Pharmaceutical Preparations,Healthcare
LOCLW,1840780,Local Bounti Corporation/DE,100,Agricultural Production-Crops,Other / Financial / Services
CBRGF,1845149,Chain Bridge I,6770,Blank Checks,Other / Financial / Services
ESLAW,1844417,"Estrella Immunopharma, Inc.",2836,"Biological Products, (No Diagnostic Substances)",Healthcare
CBGGF,1845149,Chain Bridge I,6770,Blank Checks,Other / Financial / Services
IMAQR,1846235,International Media Acquisition Corp.,7812,Services-Motion Picture & Video Tape Production,Other / Financial / Services
IMAQU,1846235,International Media Acquisition Corp.,7812,Services-Motion Picture & Video Tape Production,Other / Financial / Services
IMAQW,1846235,International Media Acquisition Corp.,7812,Services-Motion Picture & Video Tape Production,Other / Financial / Services
PSQH-WT,1847064,"PSQ Holdings, Inc.",7310,Services-Advertising,Other / Financial / Services
HIPOW,1828105,Hippo Holdings Inc.,6331,"Fire, Marine & Casualty Insurance",Other / Financial / Services
VLDXW,1825079,"Velo3D, Inc.",3559,"Special Industry Machinery, NEC",Industrials
SRZNW,1824893,"Surrozen, Inc./DE",2836,"Biological Products, (No Diagnostic Substances)",Healthcare
DAZSF,1896511,ZKGC New Energy Ltd,3690,"Miscellaneous Electrical Machinery, Equipment & Supplies",Industrials
ASPCU,1890361,ASPAC III Acquisition Corp.,6770,Blank Checks,Other / Financial / Services
ASPCR,1890361,ASPAC III Acquisition Corp.,6770,Blank Checks,Other / Financial / Services
LSEB,1888740,LSEB Creative Corp.,2320,"Men's & Boys' Furnishgs, Work Clothg, & Allied Garments",Consumer Goods
FLDDW,1889123,"Fold Holdings, Inc.",6199,Finance Services,Other / Financial / Services
ADSEW,1879248,Ads-Tec Energy Public Ltd Co,3690,"Miscellaneous Electrical Machinery, Equipment & Supplies",Industrials
WINVR,1854463,WinVest Acquisition Corp.,6770,Blank Checks,Other / Financial / Services
MINR,1854816,Minerva Gold Inc.,1000,Metal Mining,Other / Financial / Services
WINVU,1854463,WinVest Acquisition Corp.,6770,Blank Checks,Other / Financial / Services
WINVW,1854463,WinVest Acquisition Corp.,6770,Blank Checks,Other / Financial / Services
AERTW,1853044,"Aeries Technology, Inc.",8742,Services-Management Consulting Services,Other / Financial / Services
ASBPW,1847345,"Aspire Biopharma Holdings, Inc.",2834,Pharmaceutical Preparations,Healthcare
SAIHW,1847075,SAIHEAT Ltd,6199,Finance Services,Other / Financial / Services
GREEL,1844971,Greenidge Generation Holdings Inc.,6199,Finance Services,Other / Financial / Services
NPWR-WT,1845437,NET Power Inc.,3620,Electrical Industrial Apparatus,Industrials
CDROW,1866782,"Codere Online Luxembourg, S.A.",7990,Services-Miscellaneous Amusement & Recreation,Other / Financial / Services
TVAIR,1872228,Thayer Ventures Acquisition Corp II,6770,Blank Checks,Other / Financial / Services
TVAIU,1872228,Thayer Ventures Acquisition Corp II,6770,Blank Checks,Other / Financial / Services
MTEKW,1872964,Maris Tech Ltd.,3669,"Communications Equipment, NEC",Industrials
SHFSW,1854963,"SHF Holdings, Inc.",6199,Finance Services,Other / Financial / Services
MOBXW,1855467,"MOBIX LABS, INC",3674,Semiconductors & Related Devices,Industrials
GDSTR,1858007,Chi Special Acquisition Corp.,3620,Electrical Industrial Apparatus,Industrials
GDSTU,1858007,Chi Special Acquisition Corp.,3620,Electrical Industrial Apparatus,Industrials
GDSTW,1858007,Chi Special Acquisition Corp.,3620,Electrical Industrial Apparatus,Industrials
BETRW,1835856,Better Home & Finance Holding Co,6163,Loan Brokers,Other / Financial / Services
ASAIY,1834048,Sendas Distributor S.A.,5411,Retail-Grocery Stores,Retail
MDAIW,1833498,"Spectral AI, Inc.",3841,Surgical & Medical Instruments & Apparatus,Healthcare
PIIIW,1832511,P3 Health Partners Inc.,8000,Services-Health Services,Healthcare
HVIIU,1846416,Hennessy Capital Investment Corp. VII,4911,Electric Services,Energy
HVIIR,1846416,Hennessy Capital Investment Corp. VII,4911,Electric Services,Energy
SLDPW,1844862,"Solid Power, Inc.",3690,"Miscellaneous Electrical Machinery, Equipment & Supplies",Industrials
AMPWF,1845097,Ardagh Metal Packaging S.A.,3411,Metal Cans,Manufacturing
XAGEW,1842939,"Longevity Health Holdings, Inc.",2840,"Soap, Detergents, Cleang Preparations, Perfumes, Cosmetics",Manufacturing
WALDW,1840199,Waldencast plc,2844,"Perfumes, Cosmetics & Other Toilet Preparations",Manufacturing
VEEAW,1840317,VEEA INC.,7373,Services-Computer Integrated Systems Design,Technology
RGTIW,1838359,"Rigetti Computing, Inc.",7371,Services-Computer Programming Services,Technology
PERFF,1899830,Perfect Corp.,7372,Services-Prepackaged Software,Technology
HUBCW,1905660,Hub Cyber Security Ltd.,3576,Computer Communications Equipment,Technology
HUBCZ,1905660,Hub Cyber Security Ltd.,3576,Computer Communications Equipment,Technology
FGMCU,1906364,FG Merger II Corp.,6770,Blank Checks,Other / Financial / Services
FGMCR,1906364,FG Merger II Corp.,6770,Blank Checks,Other / Financial / Services
RPDL,1910975,Rapid Line Inc.,8200,Services-Educational Services,Healthcare
PRIAF,1819175,Prime Impact Acquisition I,6770,Blank Checks,Other / Financial / Services
XOSWW,1819493,"Xos, Inc.",3714,Motor Vehicle Parts & Accessories,Industrials
CPTKW,1827899,Crown PropTech Acquisitions,5072,Wholesale-Hardware,Other / Financial / Services
EVEX-WT,1823652,"Eve Holding, Inc.",3721,Aircraft,Industrials
OPADW,1825024,Offerpad Solutions Inc.,6531,Real Estate Agents & Managers (For Others),Other / Financial / Services
SKYH-WT,1823587,Sky Harbour Group Corp,6500,Real Estate,Other / Financial / Services
IMPPP,1876581,Imperial Petroleum Inc./Marshall Islands,4412,Deep Sea Foreign Transportation of  Freight,Other / Financial / Services
PRENW,1876431,Prenetics Global Ltd,2834,Pharmaceutical Preparations,Healthcare
TPGXL,1880661,TPG Inc.,6282,Investment Advice,Other / Financial / Services
LVWR-WT,1898795,"LiveWire Group, Inc.",3751,"Motorcycles, Bicycles & Parts",Industrials
ATEKU,1882198,Athena Technology Acquisition Corp. II,4955,Hazardous Waste Management,Other / Financial / Services
ATEKW,1882198,Athena Technology Acquisition Corp. II,4955,Hazardous Waste Management,Other / Financial / Services
FIGP,1846702,"Forge Group, Inc.",6331,"Fire, Marine & Casualty Insurance",Other / Financial / Services
FSHPR,1850059,Flag Ship Acquisition Corp,6770,Blank Checks,Other / Financial / Services
KORGW,1855457,"KORE Group Holdings, Inc.",4899,"Communications Services, NEC",Other / Financial / Services
ARBEW,1861841,Arbe Robotics Ltd.,7373,Services-Computer Integrated Systems Design,Technology
ASTLW,1860805,Algoma Steel Group Inc.,3312,"Steel Works, Blast Furnaces & Rolling Mills (Coke Ovens)",Manufacturing
ECXWW,1861974,ECARX Holdings Inc.,7373,Services-Computer Integrated Systems Design,Technology
VSEEW,1864531,"VSEE HEALTH, INC.",8000,Services-Health Services,Healthcare
EMCRF,1869601,Embrace Change Acquisition Corp.,6770,Blank Checks,Other / Financial / Services
EMCWF,1869601,Embrace Change Acquisition Corp.,6770,Blank Checks,Other / Financial / Services
CDIOW,1870144,"Cardio Diagnostics Holdings, Inc.",2835,In Vitro & In Vivo Diagnostic Substances,Healthcare
MIBE,1872066,MIAMI BREEZE CAR CARE INC,7500,"Services-Automotive Repair, Services & Parking",Other / Financial / Services
CRBD,1889539,"Corebridge Financial, Inc.",6311,Life Insurance,Other / Financial / Services
OCAC-UN,1926314,Ocean Capital Acquisition Corp,6770,Blank Checks,Other / Financial / Services
UCFIW,1901203,CN Healthy Food Tech Group Corp.,2000,Food and Kindred Products,Consumer Goods
VMCWF,1892747,Valuence Merger Corp. I,6770,Blank Checks,Other / Financial / Services
VMCUF,1892747,Valuence Merger Corp. I,6770,Blank Checks,Other / Financial / Services
NE-WTA,1895262,Noble Corp plc,1381,Drilling Oil & Gas Wells,Energy
NE-WT,1895262,Noble Corp plc,1381,Drilling Oil & Gas Wells,Energy
ZCARW,1854275,"Zoomcar Holdings, Inc.",7510,Services-Auto Rental & Leasing (No Drivers),Other / Financial / Services
KITTW,1849820,"Nauticus Robotics, Inc.",3569,"General Industrial Machinery & Equipment, NEC",Industrials
OKMN,1848334,"OKMIN RESOURCES, INC.",1311,Crude Petroleum & Natural Gas,Energy
AMODW,1862463,"ALPHA MODUS HOLDINGS, INC.",6794,Patent Owners & Lessors,Other / Financial / Services
VLN-WT,1863006,Valens Semiconductor Ltd.,3674,Semiconductors & Related Devices,Industrials
ACQC,1860484,Relativity Acquisition Corp,6770,Blank Checks,Other / Financial / Services
BTSGU,1865782,"BrightSpring Health Services, Inc.",8082,Services-Home Health Care Services,Healthcare
RDZNW,1868640,Roadzen Inc.,6411,"Insurance Agents, Brokers & Service",Other / Financial / Services
WRDIF,1867729,WeRide Inc.,7373,Services-Computer Integrated Systems Design,Technology
PHXE-P,1818643,"Phoenix Energy One, LLC",1311,Crude Petroleum & Natural Gas,Energy
HGASW,1817232,Global Gas Corp,2810,Industrial Inorganic Chemicals,Manufacturing
AIIOW,1932737,ROBO.AI INC.,3711,Motor Vehicles & Passenger Car Bodies,Industrials
SCLXW,1820190,Scilex Holding Co,2836,"Biological Products, (No Diagnostic Substances)",Healthcare
NOTEW,1823466,"FiscalNote Holdings, Inc.",7389,"Services-Business Services, NEC",Other / Financial / Services
TRWD,1916558,Tradewinds Universal,2000,Food and Kindred Products,Consumer Goods
DBHL,1918080,"Deep Isolation Nuclear, Inc.",4953,Refuse Systems,Other / Financial / Services
SPME,1930147,"Sound Point Meridian Capital, Inc.",,,Unknown
SPMA,1930147,"Sound Point Meridian Capital, Inc.",,,Unknown
RLNDF,1924064,RoyaLand Co Ltd.,7372,Services-Prepackaged Software,Technology
AENTW,1823584,ALLIANCE ENTERTAINMENT HOLDING CORP,5099,"Wholesale-Durable Goods, NEC",Other / Financial / Services
ACHR-WT,1824502,Archer Aviation Inc.,3721,Aircraft,Industrials
IONQ-WT,1824920,"IonQ, Inc.",7373,Services-Computer Integrated Systems Design,Technology
TLSIW,1826667,"TriSalus Life Sciences, Inc.",3841,Surgical & Medical Instruments & Apparatus,Healthcare
PDYNW,1826681,Palladyne AI Corp.,7372,Services-Prepackaged Software,Technology
BNAIW,1838163,Brand Engagement Network Inc.,7373,Services-Computer Integrated Systems Design,Technology
VGASW,1841425,"Verde Clean Fuels, Inc.",2860,Industrial Organic Chemicals,Manufacturing
SDSTW,1831979,Stardust Power Inc.,3330,Primary Smelting & Refining of  Nonferrous Metals,Manufacturing
FUFUW,1921158,Bitfufu Inc.,6199,Finance Services,Other / Financial / Services
ALCWF,1901336,Alchemy Investments Acquisition Corp 1,6770,Blank Checks,Other / Financial / Services
ALCUF,1901336,Alchemy Investments Acquisition Corp 1,6770,Blank Checks,Other / Financial / Services
ZRCN,1901297,ZRCN Inc.,3690,"Miscellaneous Electrical Machinery, Equipment & Supplies",Industrials
BTMWQ,1901799,Bitcoin Depot Inc.,6199,Finance Services,Other / Financial / Services
AKPPS,1923734,Ark7 Properties Plus LLC,6500,Real Estate,Other / Financial / Services
TDACU,1926599,Translational Development Acquisition Corp.,6770,Blank Checks,Other / Financial / Services
TDACW,1926599,Translational Development Acquisition Corp.,6770,Blank Checks,Other / Financial / Services
ANGHW,1871983,Anghami Inc,4899,"Communications Services, NEC",Other / Financial / Services
NRSNW,1875091,NeuroSense Therapeutics Ltd.,2834,Pharmaceutical Preparations,Healthcare
GRABW,1855612,Grab Holdings Ltd,7389,"Services-Business Services, NEC",Other / Financial / Services
SOARW,1853070,"Volato Group, Inc.",4522,"Air Transportation, Nonscheduled",Other / Financial / Services
KDKRW,1853138,"Kodiak AI, Inc.",7373,Services-Computer Integrated Systems Design,Technology
APOS,1858681,"Apollo Global Management, Inc.",6282,Investment Advice,Other / Financial / Services
NXNVW,1865631,NEXTNAV INC.,3812,"Search, Detection, Navigation, Guidance, Aeronautical Sys",Manufacturing
WBXWF,1866501,Wallbox N.V.,3690,"Miscellaneous Electrical Machinery, Equipment & Supplies",Industrials
ZEOWW,1865506,Zeo Energy Corp.,1700,Construction - Special Trade Contractors,Other / Financial / Services
ARQQW,1859690,Arqit Quantum Inc.,7372,Services-Prepackaged Software,Technology
IMAA,1980295,IMA Tech,7372,Services-Prepackaged Software,Technology
BDMDW,1982444,Baird Medical Investment Holdings Ltd,3841,Surgical & Medical Instruments & Apparatus,Healthcare
LPAAW,2015502,Launch One Acquisition Corp.,6770,Blank Checks,Other / Financial / Services
LPAAU,2015502,Launch One Acquisition Corp.,6770,Blank Checks,Other / Financial / Services
IBACR,1998781,IB Acquisition Corp.,6770,Blank Checks,Other / Financial / Services
PDPA,1998043,Pearl Diver Credit Co Inc.,,,Unknown
TBNRL,1997652,Tamboran Resources Corp,1311,Crude Petroleum & Natural Gas,Energy
GIBOW,2034520,GIBO HOLDINGS Ltd,7372,Services-Prepackaged Software,Technology
NUAIW,2028336,"New ERA Energy & Digital, Inc.",1311,Crude Petroleum & Natural Gas,Energy
PUIGF,2029472,Puig Brands S.A./ADR,,,Unknown
CHPGR,2024460,ChampionsGate Acquisition Corp,6770,Blank Checks,Other / Financial / Services
CHPGU,2024460,ChampionsGate Acquisition Corp,6770,Blank Checks,Other / Financial / Services
RAINW,2028293,"Rain Enhancement Technologies Holdco, Inc.",3590,Misc Industrial & Commercial Machinery & Equipment,Industrials
NTWOW,2028027,Newbury Street II Acquisition Corp,6770,Blank Checks,Other / Financial / Services
NTWOU,2028027,Newbury Street II Acquisition Corp,6770,Blank Checks,Other / Financial / Services
BGLWW,2019435,Blue Gold Ltd,1000,Metal Mining,Other / Financial / Services
TOMYF,1826779,Tomy Co Ltd/ADR,,,Unknown
SMEGF,1830056,Siemens Energy AG/ADR,,,Unknown
BNZIW,1826011,"Banzai International, Inc.",7372,Services-Prepackaged Software,Technology
NMPAU,2054876,NMP Acquisition Corp.,6770,Blank Checks,Other / Financial / Services
NMPAR,2054876,NMP Acquisition Corp.,6770,Blank Checks,Other / Financial / Services
ONCHU,2054272,1RT Acquisition Corp.,6770,Blank Checks,Other / Financial / Services
ONCHW,2054272,1RT Acquisition Corp.,6770,Blank Checks,Other / Financial / Services
BDTB,2041531,Bodhi Tree Biotechnology Inc,8742,Services-Management Consulting Services,Other / Financial / Services
COPL-WT,2045473,Copley Acquisition Corp,6770,Blank Checks,Other / Financial / Services
COPL-UN,2045473,Copley Acquisition Corp,6770,Blank Checks,Other / Financial / Services
CHECW,2047177,Chenghe Acquisition III Co.,6770,Blank Checks,Other / Financial / Services
CHECU,2047177,Chenghe Acquisition III Co.,6770,Blank Checks,Other / Financial / Services
TMSWW,2048951,Teamshares Inc,5900,Retail-Miscellaneous Retail,Retail
SUNXF,2048958,Stardust Solar Energy Inc.,,,Unknown
FACWW,2049662,Factorial Energy Inc.,3690,"Miscellaneous Electrical Machinery, Equipment & Supplies",Industrials
KCHVR,2053799,Kochav Defense Acquisition Corp.,6770,Blank Checks,Other / Financial / Services
KCHVU,2053799,Kochav Defense Acquisition Corp.,6770,Blank Checks,Other / Financial / Services
XBPEW,1839530,"XBP Global Holdings, Inc.",7389,"Services-Business Services, NEC",Other / Financial / Services
QTEXW,1837493,QTREX Quantum Ltd.,3841,Surgical & Medical Instruments & Apparatus,Healthcare
DFLIW,1847986,Dragonfly Energy Holdings Corp.,3690,"Miscellaneous Electrical Machinery, Equipment & Supplies",Industrials
GDLG,1848672,Glidelogic Corp.,7371,Services-Computer Programming Services,Technology
EONR-WT,1842556,EON Resources Inc.,1311,Crude Petroleum & Natural Gas,Energy
LNZAW,1843724,"LanzaTech Global, Inc.",2860,Industrial Organic Chemicals,Manufacturing
CSTUF,1834032,Constellation Acquisition Corp I,6770,Blank Checks,Other / Financial / Services
CSTWF,1834032,Constellation Acquisition Corp I,6770,Blank Checks,Other / Financial / Services
NNFSF,1834267,Nongfu Spring Co. Ltd./ADR,,,Unknown
ALBC,1834868,Alternative Ballistics Corp,3480,"Ordnance & Accessories, (No Vehicles/Guided Missiles)",Manufacturing
JWSUF,1831359,Jaws Mustang Acquisition Corp,6770,Blank Checks,Other / Financial / Services
JWSWF,1831359,Jaws Mustang Acquisition Corp,6770,Blank Checks,Other / Financial / Services
SABSW,1833214,"SAB Biotherapeutics, Inc.",2836,"Biological Products, (No Diagnostic Substances)",Healthcare
ASUUF,1876716,ASPAC II Acquisition Corp.,6770,Blank Checks,Other / Financial / Services
ASCWF,1876716,ASPAC II Acquisition Corp.,6770,Blank Checks,Other / Financial / Services
ASCRF,1876716,ASPAC II Acquisition Corp.,6770,Blank Checks,Other / Financial / Services
LCFYW,1875547,Locafy Ltd,7370,"Services-Computer Programming, Data Processing, Etc.",Technology
MSSWF,1882464,Metal Sky Star Acquisition Corp,6770,Blank Checks,Other / Financial / Services
MSSUF,1882464,Metal Sky Star Acquisition Corp,6770,Blank Checks,Other / Financial / Services
WLSS,1887912,Welsis Corp.,8000,Services-Health Services,Healthcare
PGYWW,1883085,Pagaya Technologies Ltd.,6199,Finance Services,Other / Financial / Services
NEXRW,1885408,Nexera Technologies Ltd,5900,Retail-Miscellaneous Retail,Retail
GGROW,1886190,Gogoro Inc.,3711,Motor Vehicles & Passenger Car Bodies,Industrials
GDEVW,1848739,GDEV Inc.,7371,Services-Computer Programming Services,Technology
AEAEU,1852016,AltEnergy Acquisition Corp,3714,Motor Vehicle Parts & Accessories,Industrials
AEAEW,1852016,AltEnergy Acquisition Corp,3714,Motor Vehicle Parts & Accessories,Industrials
NVA-WT,1852551,Nova Minerals Corp,1040,Gold and Silver Ores,Other / Financial / Services
AIRJW,1855474,AirJoule Technologies Corp.,3585,Air-Cond & Warm Air Heatg Equip & Comm & Indl Refrig Equip,Industrials
MCAGR,1859035,Mountain Crest Acquisition Corp. V,3841,Surgical & Medical Instruments & Apparatus,Healthcare
MCAGU,1859035,Mountain Crest Acquisition Corp. V,3841,Surgical & Medical Instruments & Apparatus,Healthcare
BFRIW,1858685,Biofrontera Inc.,2834,Pharmaceutical Preparations,Healthcare
TVGNW,1860871,Tevogen Bio Holdings Inc.,2836,"Biological Products, (No Diagnostic Substances)",Healthcare
LMMY,1939937,"Exousia Bio, Inc.",8200,Services-Educational Services,Healthcare
GLTK,1938338,GlobalTech Corp,4813,Telephone Communications (No Radiotelephone),Other / Financial / Services
MACT,1957783,"MachTen, Inc.",4813,Telephone Communications (No Radiotelephone),Other / Financial / Services
LZM-WT,1958217,Lifezone Metals Ltd,1000,Metal Mining,Other / Financial / Services
BCGWW,1953984,"Binah Capital Group, Inc.",6199,Finance Services,Other / Financial / Services
CCGWW,1965473,Cheche Group Inc.,6411,"Insurance Agents, Brokers & Service",Other / Financial / Services
RTACW,2035173,Renatus Tactical Acquisition Corp I,6770,Blank Checks,Other / Financial / Services
RTACU,2035173,Renatus Tactical Acquisition Corp I,6770,Blank Checks,Other / Financial / Services
TACOU,2033122,Berto Acquisition Corp.,6770,Blank Checks,Other / Financial / Services
TACOW,2033122,Berto Acquisition Corp.,6770,Blank Checks,Other / Financial / Services
FUSEW,2033383,Fusemachines Inc.,7373,Services-Computer Integrated Systems Design,Technology
ALDFU,2031561,Aldel Financial II Inc.,6770,Blank Checks,Other / Financial / Services
ALDFW,2031561,Aldel Financial II Inc.,6770,Blank Checks,Other / Financial / Services
THTG,2029303,Tech Tonic Group Corp.,7371,Services-Computer Programming Services,Technology
PLMKW,2030482,"Plum Acquisition Corp, IV",6770,Blank Checks,Other / Financial / Services
PLMKU,2030482,"Plum Acquisition Corp, IV",6770,Blank Checks,Other / Financial / Services
MRCL,2029014,Mercalot Inc.,7380,Services-Miscellaneous Business Services,Other / Financial / Services
SPEGU,2028735,Silver Pegasus Acquisition Corp.,6770,Blank Checks,Other / Financial / Services
SPEGR,2028735,Silver Pegasus Acquisition Corp.,6770,Blank Checks,Other / Financial / Services
GDERF,2021390,Galderma Group AG/ADR,,,Unknown
HDRNW,2023730,"Hadron Energy, Inc.",4911,Electric Services,Energy
IMSRW,2019804,Terrestrial Energy Inc. /DE/,3443,Fabricated Plate Work (Boiler Shops),Manufacturing
CHARR,2024459,Charlton Aria Acquisition Corp,6770,Blank Checks,Other / Financial / Services
CHARU,2024459,Charlton Aria Acquisition Corp,6770,Blank Checks,Other / Financial / Services
BAYAU,1969475,Bayview Acquisition Corp,6770,Blank Checks,Other / Financial / Services
BAYAR,1969475,Bayview Acquisition Corp,6770,Blank Checks,Other / Financial / Services
BCHMF,1968378,Bachem Holding AG/ADR,,,Unknown
MGTEW,1965052,Marblegate Capital Corp,6199,Finance Services,Other / Financial / Services
FBYDP,1937987,"Falcon's Beyond Global, Inc.",7990,Services-Miscellaneous Amusement & Recreation,Other / Financial / Services
FBYDW,1937987,"Falcon's Beyond Global, Inc.",7990,Services-Miscellaneous Amusement & Recreation,Other / Financial / Services
MLECW,1937737,Moolec Science SA,2000,Food and Kindred Products,Consumer Goods
NAMSW,1936258,NewAmsterdam Pharma Co N.V.,2834,Pharmaceutical Preparations,Healthcare
SCAGW,2000366,Scage Future,3713,Truck & Bus Bodies,Industrials
GCLWW,2002045,GCL Global Holdings Ltd,7372,Services-Prepackaged Software,Technology
GAFC,1989788,Guru App Factory Corp,7371,Services-Computer Programming Services,Technology
MNYWW,1974044,MoneyHero Ltd,7389,"Services-Business Services, NEC",Other / Financial / Services
TACHW,2009183,Titan Acquisition Corp.,6770,Blank Checks,Other / Financial / Services
TACHU,2009183,Titan Acquisition Corp.,6770,Blank Checks,Other / Financial / Services
ALFUU,2010930,Centurion Acquisition Corp.,6770,Blank Checks,Other / Financial / Services
ALFUW,2010930,Centurion Acquisition Corp.,6770,Blank Checks,Other / Financial / Services
DTSQR,2017950,DT Cloud Star Acquisition Corp,6770,Blank Checks,Other / Financial / Services
DTSQU,2017950,DT Cloud Star Acquisition Corp,6770,Blank Checks,Other / Financial / Services
MACIW,2016221,Melar Acquisition Corp. I/Cayman,7389,"Services-Business Services, NEC",Other / Financial / Services
MACIU,2016221,Melar Acquisition Corp. I/Cayman,7389,"Services-Business Services, NEC",Other / Financial / Services
AVSBS,2032732,"Arrived Homes 5, LLC",6500,Real Estate,Other / Financial / Services
AVPKS,2032732,"Arrived Homes 5, LLC",6500,Real Estate,Other / Financial / Services
AEHGS,2032732,"Arrived Homes 5, LLC",6500,Real Estate,Other / Financial / Services
ALOIS,2032732,"Arrived Homes 5, LLC",6500,Real Estate,Other / Financial / Services
NAMMW,2026514,Namib Minerals,1040,Gold and Silver Ores,Other / Financial / Services
TICAW,2032966,"TIC Solutions, Inc.",7389,"Services-Business Services, NEC",Other / Financial / Services
VDTA,2033264,Vertical Data Inc.,8742,Services-Management Consulting Services,Other / Financial / Services
SVCCW,2033593,Stellar V Capital Corp. (Cayman Islands),6770,Blank Checks,Other / Financial / Services
SVCCU,2033593,Stellar V Capital Corp. (Cayman Islands),6770,Blank Checks,Other / Financial / Services
YDESW,2011674,YD Bio Ltd,8071,Services-Medical Laboratories,Healthcare
SIMAU,2014982,SIM Acquisition Corp. I,6770,Blank Checks,Other / Financial / Services
SIMAW,2014982,SIM Acquisition Corp. I,6770,Blank Checks,Other / Financial / Services
AGMWF,2022059,"Silver Mountain Resources, Inc.",,,Unknown
FERAU,2025401,Fifth Era Acquisition Corp I,6770,Blank Checks,Other / Financial / Services
FERAR,2025401,Fifth Era Acquisition Corp I,6770,Blank Checks,Other / Financial / Services
DSYWW,1999297,Big Tree Cloud Holdings Ltd,2670,Converted Paper & Paperboard Prods (No Contaners/Boxes),Manufacturing
EURKR,2000410,Eureka Acquisition Corp,4400,Water Transportation,Other / Financial / Services
EURKU,2000410,Eureka Acquisition Corp,4400,Water Transportation,Other / Financial / Services
MGSD,2003750,"Maitong Sunshine Cultural Development Co., Ltd",4700,Transportation Services,Other / Financial / Services
SVUWF,1973368,SRIVARU Holding Ltd,3711,Motor Vehicles & Passenger Car Bodies,Industrials
LIMNW,1971387,"Liminatus Pharma, Inc.",2836,"Biological Products, (No Diagnostic Substances)",Healthcare
SHMDW,1987240,SCHMID Group N.V.,3590,Misc Industrial & Commercial Machinery & Equipment,Industrials
MRNOW,1988776,Murano Global Investments Plc,7011,Hotels & Motels,Other / Financial / Services
SBXE-WT,2081909,SilverBox Corp V,6770,Blank Checks,Other / Financial / Services
LATAU,2076427,Galata Acquisition Corp. II,6770,Blank Checks,Other / Financial / Services
LATAW,2076427,Galata Acquisition Corp. II,6770,Blank Checks,Other / Financial / Services
SBXE-UN,2081909,SilverBox Corp V,6770,Blank Checks,Other / Financial / Services
SAGU-UN,2083452,Shreya Acquisition Group,6770,Blank Checks,Other / Financial / Services
SAGU-RI,2083452,Shreya Acquisition Group,6770,Blank Checks,Other / Financial / Services
SAGU-WT,2083452,Shreya Acquisition Group,6770,Blank Checks,Other / Financial / Services
AVVOF,2082141,Avio S.p.A./ADR,,,Unknown
SCPQW,2083143,Social Commerce Partners Corp,6770,Blank Checks,Other / Financial / Services
SCPQU,2083143,Social Commerce Partners Corp,6770,Blank Checks,Other / Financial / Services
GBNXF,2071913,Gibson Energy Inc/ADR,,,Unknown
TRMLF,2071881,Tourmaline Oil Corp/ADR,,,Unknown
AIIA-RI,2073553,AI Infrastructure Acquisition Corp.,6770,Blank Checks,Other / Financial / Services
AIIA-UN,2073553,AI Infrastructure Acquisition Corp.,6770,Blank Checks,Other / Financial / Services
MBVIW,2073928,M3-Brigade Acquisition VI Corp.,6770,Blank Checks,Other / Financial / Services
MBVIU,2073928,M3-Brigade Acquisition VI Corp.,6770,Blank Checks,Other / Financial / Services
PLUN-UN,2065661,Plutonian Acquisition Corp. II,6770,Blank Checks,Other / Financial / Services
PLUN-RI,2065661,Plutonian Acquisition Corp. II,6770,Blank Checks,Other / Financial / Services
AACBR,2034334,Artius II Acquisition Inc.,6770,Blank Checks,Other / Financial / Services
AACBU,2034334,Artius II Acquisition Inc.,6770,Blank Checks,Other / Financial / Services
TVACU,2033991,Texas Ventures Acquisition III Corp,6770,Blank Checks,Other / Financial / Services
TVACW,2033991,Texas Ventures Acquisition III Corp,6770,Blank Checks,Other / Financial / Services
DGMDF,2034300,Digital Domain Holdings Limited/ADR,,,Unknown
MGCOF,2039784,"Midea Group Co., Ltd./ADR",,,Unknown
VWAVW,2038439,"VisionWave Holdings, Inc.",7372,Services-Prepackaged Software,Technology
BACCR,2059654,Blue Acquisition Corp/Cayman,6770,Blank Checks,Other / Financial / Services
BACCU,2059654,Blue Acquisition Corp/Cayman,6770,Blank Checks,Other / Financial / Services
CCAQW,2041047,COLLECTIVE ACQUISITION CORP.,6770,Blank Checks,Other / Financial / Services
CCAQU,2041047,COLLECTIVE ACQUISITION CORP.,6770,Blank Checks,Other / Financial / Services
BDCIU,2042292,BTC Development Corp.,6770,Blank Checks,Other / Financial / Services
BDCIW,2042292,BTC Development Corp.,6770,Blank Checks,Other / Financial / Services
SPGDF,2042556,Springer Nature AG & Co. KGaA/ADR,,,Unknown
CINGW,1862150,Cingulate Inc.,2834,Pharmaceutical Preparations,Healthcare
MSAIW,1863990,"MultiSensor AI Holdings, Inc.",3827,Optical Instruments & Lenses,Manufacturing
IAUX-WT,1853962,i-80 Gold Corp.,1040,Gold and Silver Ores,Other / Financial / Services
FILG,1852039,Grayscale Filecoin Trust (FIL),6199,Finance Services,Other / Financial / Services
BEAGU,1852207,Bold Eagle Acquisition Corp.,6770,Blank Checks,Other / Financial / Services
BEAGR,1852207,Bold Eagle Acquisition Corp.,6770,Blank Checks,Other / Financial / Services
SGST,1852575,"Strategic Storage Trust VI, Inc.",6798,Real Estate Investment Trusts,Other / Financial / Services
DJTWW,1849635,Trump Media & Technology Group Corp.,7370,"Services-Computer Programming, Data Processing, Etc.",Technology
RNWWW,1848763,ReNew Energy Global plc,4911,Electric Services,Energy
NRDMF,1850269,NordX Metals Corp.,,,Unknown
SPKLW,1884046,Spark I Acquisition Corp,6770,Blank Checks,Other / Financial / Services
SPKLU,1884046,Spark I Acquisition Corp,6770,Blank Checks,Other / Financial / Services
YBZN,1885514,Yi Po International Holdings Ltd,7500,"Services-Automotive Repair, Services & Parking",Other / Financial / Services
WLDSW,1887673,Wearable Devices Ltd.,3576,Computer Communications Equipment,Technology
FGIWW,1864943,FGI Industries Ltd.,3430,"Heating Equip, Except Elec & Warm Air; & Plumbing Fixtures",Manufacturing
ALSUF,1865111,Alpha Star Acquisition Corp,7372,Services-Prepackaged Software,Technology
ALSTF,1865111,Alpha Star Acquisition Corp,7372,Services-Prepackaged Software,Technology
ALSWF,1865111,Alpha Star Acquisition Corp,7372,Services-Prepackaged Software,Technology
CYCUW,1868419,"Cycurion, Inc.",7371,Services-Computer Programming Services,Technology
BULLW,1866364,Webull Corp,6211,"Security Brokers, Dealers & Flotation Companies",Other / Financial / Services
BKKT-WT,1820302,"Bakkt, Inc.",6199,Finance Services,Other / Financial / Services
ONFOW,1825452,"Onfolio Holdings, Inc",7374,Services-Computer Processing & Data Preparation,Technology
BMNP,1829311,"BITMINE IMMERSION TECHNOLOGIES, INC.",6199,Finance Services,Other / Financial / Services
FRBP,1825248,Franklin BSP Capital Corp,,,Unknown
ONFOP,1825452,"Onfolio Holdings, Inc",7374,Services-Computer Processing & Data Preparation,Technology
JXN-PA,1822993,Jackson Financial Inc.,6311,Life Insurance,Other / Financial / Services
ANNAW,1845123,"AleAnna, Inc.",1311,Crude Petroleum & Natural Gas,Energy
EUDAW,1847846,EUDA Health Holdings Ltd,8000,Services-Health Services,Healthcare
COCHW,1840877,"Envoy Medical, Inc.",3842,"Orthopedic, Prosthetic & Surgical Appliances & Supplies",Healthcare
HOLOW,1841209,MicroCloud Hologram Inc.,7370,"Services-Computer Programming, Data Processing, Etc.",Technology
AISPW,1842566,"Airship AI Holdings, Inc.",7372,Services-Prepackaged Software,Technology
ICUCW,1831868,SeaStar Medical Holding Corp,3841,Surgical & Medical Instruments & Apparatus,Healthcare
RUMBW,1830081,RUM Group Inc.,7370,"Services-Computer Programming, Data Processing, Etc.",Technology
LIANY,1831283,LianBio,2834,Pharmaceutical Preparations,Healthcare
AMPX-WT,1899287,"Amprius Technologies, Inc.",3690,"Miscellaneous Electrical Machinery, Equipment & Supplies",Industrials
GRMLW,1907223,Greenland Mines Ltd,2836,"Biological Products, (No Diagnostic Substances)",Healthcare
ALVOW,1898416,Alvotech,2836,"Biological Products, (No Diagnostic Substances)",Healthcare
BAKR,1904616,Baker Global Asset Management Inc.,6200,"Security & Commodity Brokers, Dealers, Exchanges & Services",Other / Financial / Services
GRAF-WT,1897463,Graf Global Corp.,6770,Blank Checks,Other / Financial / Services
CDTTW,1896212,CDT Equity Inc.,2834,Pharmaceutical Preparations,Healthcare
GRRRW,1903145,Gorilla Technology Group Inc.,7372,Services-Prepackaged Software,Technology
ABPWW,1893219,"Abpro Holdings, Inc.",2836,"Biological Products, (No Diagnostic Substances)",Healthcare
UMGNF,1890126,Universal Music Group N.V./ADR,,,Unknown
VFSWW,1913510,VinFast Auto Ltd.,3711,Motor Vehicles & Passenger Car Bodies,Industrials
RZLVW,1920294,REZOLVE AI PLC,7370,"Services-Computer Programming, Data Processing, Etc.",Technology
SDAWW,1936804,SunCar Technology Group Inc.,7500,"Services-Automotive Repair, Services & Parking",Other / Financial / Services
THQQF,1969796,Embracer Group AB/ADR,,,Unknown
RDPTF,1949257,Radiopharm Theranostics Ltd,2834,Pharmaceutical Preparations,Healthcare
EXYNW,1960355,"Exyn Technologies, Inc.",7372,Services-Prepackaged Software,Technology
ENGNW,1980845,enGene Therapeutics Inc.,2836,"Biological Products, (No Diagnostic Substances)",Healthcare
AFJKR,1979005,"Aimei Health Technology Co., Ltd.",6770,Blank Checks,Other / Financial / Services
AFJKU,1979005,"Aimei Health Technology Co., Ltd.",6770,Blank Checks,Other / Financial / Services
NIVFW,1981662,NewGenIvf Group Ltd,8090,"Services-Misc Health & Allied Services, NEC",Healthcare
NPEHF,1985406,"Nippon Express Holdings, Inc./ADR",,,Unknown
STWI,1999261,StageWise Strategies Corp.,7374,Services-Computer Processing & Data Preparation,Technology
HPAIW,2001699,Helport AI Ltd,7372,Services-Prepackaged Software,Technology
RDACR,2018145,Rising Dragon Acquisition Corp.,6770,Blank Checks,Other / Financial / Services
RDACU,2018145,Rising Dragon Acquisition Corp.,6770,Blank Checks,Other / Financial / Services
STKTF,2032517,Sectra AB/ADR,,,Unknown
KOKSF,2033019,Kokusai Electric Corporation/ADR,,,Unknown
KIDZW,2022308,KIDZ AI Inc.,8200,Services-Educational Services,Healthcare
LPBBW,2023676,Launch Two Acquisition Corp.,6770,Blank Checks,Other / Financial / Services
LPBBU,2023676,Launch Two Acquisition Corp.,6770,Blank Checks,Other / Financial / Services
ALISU,2026767,Calisa Acquisition Corp,7374,Services-Computer Processing & Data Preparation,Technology
ALISR,2026767,Calisa Acquisition Corp,7374,Services-Computer Processing & Data Preparation,Technology
TAVIU,2020385,Tavia Acquisition Corp.,6770,Blank Checks,Other / Financial / Services
TAVIR,2020385,Tavia Acquisition Corp.,6770,Blank Checks,Other / Financial / Services
YHNAR,2020987,YHN Acquisition I Ltd,6770,Blank Checks,Other / Financial / Services
SNNRF,2021938,Sunrise Communications AG,4841,Cable & Other Pay Television Services,Other / Financial / Services
YHNAU,2020987,YHN Acquisition I Ltd,6770,Blank Checks,Other / Financial / Services
SEPSF,1969766,Asep Medical Holdings Inc.,2835,In Vitro & In Vivo Diagnostic Substances,Healthcare
ALURD,1964979,"ALLURION TECHNOLOGIES, INC.",3841,Surgical & Medical Instruments & Apparatus,Healthcare
ALURW,1964979,"ALLURION TECHNOLOGIES, INC.",3841,Surgical & Medical Instruments & Apparatus,Healthcare
LOTWW,1962746,Lotus Technology Inc.,3711,Motor Vehicles & Passenger Car Bodies,Industrials
ALMP,1956237,Almco Plumbing Inc,1700,Construction - Special Trade Contractors,Other / Financial / Services
NOEMW,1956648,CO2 Energy Transition Corp.,6770,Blank Checks,Other / Financial / Services
NOEMU,1956648,CO2 Energy Transition Corp.,6770,Blank Checks,Other / Financial / Services
NOEMR,1956648,CO2 Energy Transition Corp.,6770,Blank Checks,Other / Financial / Services
CRMLW,1951089,Critical Metals Corp.,1000,Metal Mining,Other / Financial / Services
CRTMF,1951089,Critical Metals Corp.,1000,Metal Mining,Other / Financial / Services
NNPEF,1951593,Ninepoint Energy Fund,,,Unknown
NTCS,1933359,Natics Corp.,7374,Services-Computer Processing & Data Preparation,Technology
KYFGF,2042187,Kyoto Financial Group Inc/ADR,,,Unknown
OBAWU,2034313,Oxley Bridge Acquisition Ltd,6770,Blank Checks,Other / Financial / Services
OBAWW,2034313,Oxley Bridge Acquisition Ltd,6770,Blank Checks,Other / Financial / Services
SHFH,2032609,Scientist Home Future Health Ltd,2844,"Perfumes, Cosmetics & Other Toilet Preparations",Manufacturing
DRDBW,2032528,Roman DBDR Acquisition Corp. II,6770,Blank Checks,Other / Financial / Services
DRDBU,2032528,Roman DBDR Acquisition Corp. II,6770,Blank Checks,Other / Financial / Services
APTN,1938571,"ADAPTIN BIO, INC.",2836,"Biological Products, (No Diagnostic Substances)",Healthcare
SXTPW,1946563,"60 DEGREES PHARMACEUTICALS, INC.",2834,Pharmaceutical Preparations,Healthcare
JACS-UN,2039058,Jackson Acquisition Co II,6770,Blank Checks,Other / Financial / Services
JACS-RI,2039058,Jackson Acquisition Co II,6770,Blank Checks,Other / Financial / Services
SMNRW,1913577,"Semnur Pharmaceuticals, Inc.",2834,Pharmaceutical Preparations,Healthcare
HOVRW,1930021,New Horizon Aircraft Ltd.,3721,Aircraft,Industrials
LANWF,1922097,Lanvin Group Holdings Ltd,2300,Apparel & Other Finishd Prods of  Fabrics & Similar Matl,Consumer Goods
MANDF,2038958,Mandatum Oyj/ADR,,,Unknown
COLAU,2028201,Columbus Acquisition Corp/Cayman Islands,6770,Blank Checks,Other / Financial / Services
COLAR,2028201,Columbus Acquisition Corp/Cayman Islands,6770,Blank Checks,Other / Financial / Services
IPCXR,2012318,Inflection Point Acquisition Corp. III,6770,Blank Checks,Other / Financial / Services
IPCXU,2012318,Inflection Point Acquisition Corp. III,6770,Blank Checks,Other / Financial / Services
FSTWF,2014254,FST Corp.,3949,"Sporting & Athletic Goods, NEC",Consumer Goods
TNMWF,2013186,TNL Mediagene,7310,Services-Advertising,Other / Financial / Services
BKHAR,2000775,Black Hawk Acquisition Corp,2836,"Biological Products, (No Diagnostic Substances)",Healthcare
BKHAU,2000775,Black Hawk Acquisition Corp,2836,"Biological Products, (No Diagnostic Substances)",Healthcare
FVNNU,2010653,Future Vision II Acquisition Corp.,7373,Services-Computer Integrated Systems Design,Technology
FVNNR,2010653,Future Vision II Acquisition Corp.,7373,Services-Computer Integrated Systems Design,Technology
CCIXU,2006291,Churchill Capital Corp IX/Cayman,7373,Services-Computer Integrated Systems Design,Technology
CCIXW,2006291,Churchill Capital Corp IX/Cayman,7373,Services-Computer Integrated Systems Design,Technology
ESMR,1995920,E-Smart Corp.,7371,Services-Computer Programming Services,Technology
DAICW,2033770,"CID Holdco, Inc.",7373,Services-Computer Integrated Systems Design,Technology
PGACU,2030829,PANTAGES CAPITAL ACQUISITION Corp,6770,Blank Checks,Other / Financial / Services
PGACR,2030829,PANTAGES CAPITAL ACQUISITION Corp,6770,Blank Checks,Other / Financial / Services
SZZLU,2030663,Sizzle Acquisition Corp. II,6770,Blank Checks,Other / Financial / Services
IPEXU,2028355,Inflection Point Acquisition Corp. V,6770,Blank Checks,Other / Financial / Services
IPEXR,2028355,Inflection Point Acquisition Corp. V,6770,Blank Checks,Other / Financial / Services
KFIIR,2029976,K&F GROWTH ACQUISITION CORP. II,6770,Blank Checks,Other / Financial / Services
KFIIU,2029976,K&F GROWTH ACQUISITION CORP. II,6770,Blank Checks,Other / Financial / Services
SZZLR,2030663,Sizzle Acquisition Corp. II,6770,Blank Checks,Other / Financial / Services
MBAVU,2016072,M3-Brigade Acquisition V Corp.,6770,Blank Checks,Other / Financial / Services
MBAVW,2016072,M3-Brigade Acquisition V Corp.,6770,Blank Checks,Other / Financial / Services
CUBWU,2015955,Lionheart Holdings,6770,Blank Checks,Other / Financial / Services
CUBWW,2015955,Lionheart Holdings,6770,Blank Checks,Other / Financial / Services
BRETF,2018463,Brazilian Rare Earths Limited/ADR,,,Unknown
RANGU,2035644,Range Capital Acquisition Corp.,6770,Blank Checks,Other / Financial / Services
RANGR,2035644,Range Capital Acquisition Corp.,6770,Blank Checks,Other / Financial / Services
NPACW,2048948,New Providence Acquisition Corp. III/Cayman,6770,Blank Checks,Other / Financial / Services
NPACU,2048948,New Providence Acquisition Corp. III/Cayman,6770,Blank Checks,Other / Financial / Services
LCCCU,2049248,Lakeshore Acquisition III Corp.,6770,Blank Checks,Other / Financial / Services
LCCCR,2049248,Lakeshore Acquisition III Corp.,6770,Blank Checks,Other / Financial / Services
MLCIL,2051820,Mount Logan Capital Inc.,6282,Investment Advice,Other / Financial / Services
BLUWU,2050501,Blue Water Acquisition Corp. III,6770,Blank Checks,Other / Financial / Services
BLUWW,2050501,Blue Water Acquisition Corp. III,6770,Blank Checks,Other / Financial / Services
DMIIR,2040475,Drugs Made In America Acquisition II Corp.,6770,Blank Checks,Other / Financial / Services
DMIIU,2040475,Drugs Made In America Acquisition II Corp.,6770,Blank Checks,Other / Financial / Services
HAVAU,2042460,Harvard Ave Acquisition Corp,6770,Blank Checks,Other / Financial / Services
HAVAR,2042460,Harvard Ave Acquisition Corp,6770,Blank Checks,Other / Financial / Services
APACU,2043630,StoneBridge Acquisition II Corp,6770,Blank Checks,Other / Financial / Services
APACR,2043630,StoneBridge Acquisition II Corp,6770,Blank Checks,Other / Financial / Services
GTERW,2043766,Globa Terra Acquisition Corp,6770,Blank Checks,Other / Financial / Services
GTERU,2043766,Globa Terra Acquisition Corp,6770,Blank Checks,Other / Financial / Services
GTERR,2043766,Globa Terra Acquisition Corp,6770,Blank Checks,Other / Financial / Services
MTNE-WT,2044817,CH4 Natural Solutions Corp,6770,Blank Checks,Other / Financial / Services
MTNE-UN,2044817,CH4 Natural Solutions Corp,6770,Blank Checks,Other / Financial / Services
LDXC,1985554,Londax Corp.,7371,Services-Computer Programming Services,Technology
TOYWF,1985273,"TOYO Co., Ltd",3674,Semiconductors & Related Devices,Industrials
OYCG,1994582,Oyocar Group Inc.,5500,Retail-Auto Dealers & Gasoline Stations,Retail
AAVXF,1956827,Abivax S.A.,2834,Pharmaceutical Preparations,Healthcare
RKWBF,1969729,Rockwool A/S/ADR,,,Unknown
RKWAF,1969729,Rockwool A/S/ADR,,,Unknown
GFRWF,1966287,Greenfire Resources Ltd.,1311,Crude Petroleum & Natural Gas,Energy
AMBWQ,1937441,Ambipar Emergency Response,4955,Hazardous Waste Management,Other / Financial / Services
BAERW,1941536,"Bridger Aerospace Group Holdings, Inc.",7389,"Services-Business Services, NEC",Other / Financial / Services
FMSTW,1935418,Foremost Clean Energy Ltd.,1090,Miscellaneous Metal Ores,Other / Financial / Services
FGN,1934850,"F&G Annuities & Life, Inc.",6311,Life Insurance,Other / Financial / Services
FGSN,1934850,"F&G Annuities & Life, Inc.",6311,Life Insurance,Other / Financial / Services
KMFG,1935033,KEEMO Fashion Group Ltd,5130,"Wholesale-Apparel, Piece Goods & Notions",Other / Financial / Services
MDCXW,1997296,Medicus Pharma Ltd.,2834,Pharmaceutical Preparations,Healthcare
SPHIF,1995306,SUPER HI INTERNATIONAL HOLDING LTD.,5812,Retail-Eating  Places,Retail
INVLW,2001557,"Innventure, Inc.",6770,Blank Checks,Other / Financial / Services
TLPPF,2007191,Telix Pharmaceuticals Ltd,2834,Pharmaceutical Preparations,Healthcare
RMSGW,1983324,Real Messenger Corp,7370,"Services-Computer Programming, Data Processing, Etc.",Technology
NPLY,1978111,Naploy Corp.,8000,Services-Health Services,Healthcare
HNIT,1994373,Huineng Technology Corp,7374,Services-Computer Processing & Data Preparation,Technology
VTBAS,1984345,"Vestible Assets, LLC",7389,"Services-Business Services, NEC",Other / Financial / Services
GTENW,1986817,"Gores Holdings X, Inc. / CI",6770,Blank Checks,Other / Financial / Services
GTENU,1986817,"Gores Holdings X, Inc. / CI",6770,Blank Checks,Other / Financial / Services
ATIIU,2028516,Archimedes Tech SPAC Partners II Co.,6770,Blank Checks,Other / Financial / Services
ATIIW,2028516,Archimedes Tech SPAC Partners II Co.,6770,Blank Checks,Other / Financial / Services
OACCU,2029769,Oaktree Acquisition Corp. III Life Sciences,6770,Blank Checks,Other / Financial / Services
OACCW,2029769,Oaktree Acquisition Corp. III Life Sciences,6770,Blank Checks,Other / Financial / Services
SGIPF,2027330,"Sugi Holdings Co., Ltd./ADR",8880,American Depositary Receipts,Healthcare
SOUL-RI,2025608,Soulpower Acquisition Corp.,6770,Blank Checks,Other / Financial / Services
SOUL-UN,2025608,Soulpower Acquisition Corp.,6770,Blank Checks,Other / Financial / Services
CAPNR,2024203,Cayson Acquisition Corp,6770,Blank Checks,Other / Financial / Services
CAPNU,2024203,Cayson Acquisition Corp,6770,Blank Checks,Other / Financial / Services
RFAIU,2012807,RF Acquisition Corp II,6770,Blank Checks,Other / Financial / Services
RFAIR,2012807,RF Acquisition Corp II,6770,Blank Checks,Other / Financial / Services
SBXD-UN,2015947,SilverBox Corp IV,6770,Blank Checks,Other / Financial / Services
FOXXW,2013807,Foxx Development Holdings Inc.,3576,Computer Communications Equipment,Technology
SBXD-WT,2015947,SilverBox Corp IV,6770,Blank Checks,Other / Financial / Services
OIOWW,1957538,OIO Group,4953,Refuse Systems,Other / Financial / Services
PYAIF,1969302,Pony AI Inc.,7373,Services-Computer Integrated Systems Design,Technology
NVNIW,1965143,Nvni Group Ltd,7372,Services-Prepackaged Software,Technology
NAKAW,1946573,Nakamoto Inc.,6199,Finance Services,Other / Financial / Services
UYSCR,2036973,UY Scuti Acquisition Corp.,6770,Blank Checks,Other / Financial / Services
BLNH,2029586,"Blue Line Holdings, Inc.",2086,Bottled & Canned Soft Drinks & Carbonated Waters,Consumer Goods
UYSCU,2036973,UY Scuti Acquisition Corp.,6770,Blank Checks,Other / Financial / Services
RIBBU,2035016,Ribbon Acquisition Corp.,6770,Blank Checks,Other / Financial / Services
RIBBR,2035016,Ribbon Acquisition Corp.,6770,Blank Checks,Other / Financial / Services
FACTW,2028935,FACT II Acquisition Corp.,3728,"Aircraft Parts & Auxiliary Equipment, NEC",Industrials
FACTU,2028935,FACT II Acquisition Corp.,3728,"Aircraft Parts & Auxiliary Equipment, NEC",Industrials
ALPWF,2025774,Alps Group Inc,8000,Services-Health Services,Healthcare
DYNCW,2028699,Dynamix Corp,6770,Blank Checks,Other / Financial / Services
DYNCU,2028699,Dynamix Corp,6770,Blank Checks,Other / Financial / Services
DMAAU,2028614,Drugs Made In America Acquisition Corp.,6770,Blank Checks,Other / Financial / Services
DMAAR,2028614,Drugs Made In America Acquisition Corp.,6770,Blank Checks,Other / Financial / Services
POLEU,2025341,Andretti Acquisition Corp. II,6770,Blank Checks,Other / Financial / Services
POLEW,2025341,Andretti Acquisition Corp. II,6770,Blank Checks,Other / Financial / Services
SLXNW,2022416,Silexion Therapeutics Corp,2836,"Biological Products, (No Diagnostic Substances)",Healthcare
LACHF,2023870,Lapco Holdings Limited/ADR,,,Unknown
HSPUF,1946021,Horizon Space Acquisition I Corp.,6770,Blank Checks,Other / Financial / Services
HSPWF,1946021,Horizon Space Acquisition I Corp.,6770,Blank Checks,Other / Financial / Services
NELR,1941360,Neolara Corp.,1520,General Bldg Contractors - Residential Bldgs,Other / Financial / Services
NMHIW,1947861,Nature's Miracle Holding Inc.,3523,Farm Machinery & Equipment,Industrials
ABLVW,1957489,Able View Global Inc.,5960,Retail-Nonstore Retailers,Retail
COOTW,1959994,Australian Oilseeds Holdings Ltd,2070,Fats & Oils,Consumer Goods
ATCHW,1963088,"AtlasClear Holdings, Inc.",6199,Finance Services,Other / Financial / Services
INFQ-WT,2007825,"Infleqtion, Inc.",7374,Services-Computer Processing & Data Preparation,Technology
KWMWW,2000756,K Wave Media Ltd.,7819,Services-Allied To Motion Picture Production,Other / Financial / Services
ZOOZW,1992818,ZOOZ Strategy Ltd.,3590,Misc Industrial & Commercial Machinery & Equipment,Industrials
MKDWW,1991332,MKDWELL Tech Inc.,3600,Electronic & Other Electrical Equipment (No Computer Equip),Industrials
PBMWW,1985062,PSYENCE BIOMEDICAL LTD.,2834,Pharmaceutical Preparations,Healthcare
QETAR,1978528,Quetta Acquisition Corp,6770,Blank Checks,Other / Financial / Services
QETAU,1978528,Quetta Acquisition Corp,6770,Blank Checks,Other / Financial / Services
BWAGF,1968385,BAWAG Group AG/ADR,,,Unknown
TRAD-RI,2085485,APEX Tech Acquisition Inc.,6770,Blank Checks,Other / Financial / Services
TRAD-UN,2085485,APEX Tech Acquisition Inc.,6770,Blank Checks,Other / Financial / Services
BIII-UN,2087087,Black Spade Acquisition III Co,6770,Blank Checks,Other / Financial / Services
BIII-WT,2087087,Black Spade Acquisition III Co,6770,Blank Checks,Other / Financial / Services
HRIBF,2088827,"Horiba, Ltd./ADR",,,Unknown
OIMAW,2088325,OneIM Acquisition Corp.,6770,Blank Checks,Other / Financial / Services
OIMAU,2088325,OneIM Acquisition Corp.,6770,Blank Checks,Other / Financial / Services
RNKGF,2093907,RENK Group AG/ADR,,,Unknown
CTAAU,2094073,Clearthink 1 Acquisition Corp.,6770,Blank Checks,Other / Financial / Services
CTAAR,2094073,Clearthink 1 Acquisition Corp.,6770,Blank Checks,Other / Financial / Services
MTLPF,2090231,Metlen Energy & Metals PLC/ADR,,,Unknown
IACOU,2091176,Idea Acquisition Corp.,6770,Blank Checks,Other / Financial / Services
IACOW,2091176,Idea Acquisition Corp.,6770,Blank Checks,Other / Financial / Services
GLNDW,2093507,Greenland Energy Co,1381,Drilling Oil & Gas Wells,Energy
WLCOU,2101470,Wilco 63 Corp,6770,Blank Checks,Other / Financial / Services
APMCU,2101393,AmperCap Acquisition Co,6770,Blank Checks,Other / Financial / Services
APMCR,2101393,AmperCap Acquisition Co,6770,Blank Checks,Other / Financial / Services
BREZR,2095443,Breeze Acquisition Corp. II,6770,Blank Checks,Other / Financial / Services
FMACU,2099232,Future Money Acquisition Corp,6770,Blank Checks,Other / Financial / Services
FMACR,2099232,Future Money Acquisition Corp,6770,Blank Checks,Other / Financial / Services
CAQUU,2100125,Cambridge Acquisition Corp.,6770,Blank Checks,Other / Financial / Services
CAQUW,2100125,Cambridge Acquisition Corp.,6770,Blank Checks,Other / Financial / Services
NBRGR,1918414,Newbridge Acquisition Ltd,6770,Blank Checks,Other / Financial / Services
NBRGU,1918414,Newbridge Acquisition Ltd,6770,Blank Checks,Other / Financial / Services
SBCWW,1930313,SBC Medical Group Holdings Inc,8011,Services-Offices & Clinics of  Doctors of  Medicine,Healthcare
PALX,1938569,Palomino Laboratories Inc.,3674,Semiconductors & Related Devices,Industrials
SMXWW,1940674,SMX (Security Matters) Public Ltd Co,3590,Misc Industrial & Commercial Machinery & Equipment,Industrials
FBIOP,1429260,"Fortress Biotech, Inc.",2834,Pharmaceutical Preparations,Healthcare
SKPJF,1447108,SKY Perfect JSAT Holdings Inc,8880,American Depositary Receipts,Healthcare
CYJBF,1436741,Cargotec Corp OYJ,,,Unknown
GME-WT,1326380,GameStop Corp.,5734,Retail-Computer & Computer Software Stores,Retail
DSX-WT,1318885,DIANA SHIPPING INC.,4412,Deep Sea Foreign Transportation of  Freight,Other / Financial / Services
GGN-PB,1313510,"GAMCO Global Gold, Natural Resources & Income Trust",,,Unknown
SNIRF,1329213,SENIOR PLC,,,Unknown
ADAMM,1273685,"ADAMAS TRUST, INC.",6798,Real Estate Investment Trusts,Other / Financial / Services
ADAMH,1273685,"ADAMAS TRUST, INC.",6798,Real Estate Investment Trusts,Other / Financial / Services
ADAMZ,1273685,"ADAMAS TRUST, INC.",6798,Real Estate Investment Trusts,Other / Financial / Services
ADAMO,1273685,"ADAMAS TRUST, INC.",6798,Real Estate Investment Trusts,Other / Financial / Services
ADAMI,1273685,"ADAMAS TRUST, INC.",6798,Real Estate Investment Trusts,Other / Financial / Services
ADAMN,1273685,"ADAMAS TRUST, INC.",6798,Real Estate Investment Trusts,Other / Financial / Services
ADAMG,1273685,"ADAMAS TRUST, INC.",6798,Real Estate Investment Trusts,Other / Financial / Services
ADAML,1273685,"ADAMAS TRUST, INC.",6798,Real Estate Investment Trusts,Other / Financial / Services
SRJN,1126956,SPIRE INC,4924,Natural Gas Distribution,Energy
COPR-WT,1263364,Idaho Copper Corp,1000,Metal Mining,Other / Financial / Services
XAEIU,1023458,AEI INCOME & GROWTH FUND XXII LTD PARTNERSHIP,6500,Real Estate,Other / Financial / Services
EPR-PC,1045450,EPR PROPERTIES,6798,Real Estate Investment Trusts,Other / Financial / Services
EPR-PE,1045450,EPR PROPERTIES,6798,Real Estate Investment Trusts,Other / Financial / Services
EPR-PG,1045450,EPR PROPERTIES,6798,Real Estate Investment Trusts,Other / Financial / Services
IPGLF,1029974,INTERPUMP GROUP SPA /FI,,,Unknown
MFAN,1055160,"MFA FINANCIAL, INC.",6798,Real Estate Investment Trusts,Other / Financial / Services
MFAO,1055160,"MFA FINANCIAL, INC.",6798,Real Estate Investment Trusts,Other / Financial / Services
EPDU,1061219,ENTERPRISE PRODUCTS PARTNERS L.P.,4922,Natural Gas Transmission,Energy
MFA-PB,1055160,"MFA FINANCIAL, INC.",6798,Real Estate Investment Trusts,Other / Financial / Services
MFA-PC,1055160,"MFA FINANCIAL, INC.",6798,Real Estate Investment Trusts,Other / Financial / Services
SQFTP,1080657,"Presidio Property Trust, Inc.",6798,Real Estate Investment Trusts,Other / Financial / Services
SQFTW,1080657,"Presidio Property Trust, Inc.",6798,Real Estate Investment Trusts,Other / Financial / Services
APCXW,1070050,AppTech Payments Corp.,7372,Services-Prepackaged Software,Technology
BBBY-WT,1130713,"BED BATH & BEYOND, INC.",5961,Retail-Catalog & Mail-Order Houses,Retail
TDS-PU,1051512,TELEPHONE & DATA SYSTEMS INC /DE/,4813,Telephone Communications (No Radiotelephone),Other / Financial / Services
TDS-PV,1051512,TELEPHONE & DATA SYSTEMS INC /DE/,4813,Telephone Communications (No Radiotelephone),Other / Financial / Services
BANC-PF,1169770,"BANC OF CALIFORNIA, INC.",6021,National Commercial Banks,Other / Financial / Services
TRNTF,1144800,TRANSALTA CORP,4911,Electric Services,Energy
TSLTF,1144800,TRANSALTA CORP,4911,Electric Services,Energy
TACPF,1144800,TRANSALTA CORP,4911,Electric Services,Energy
DGP,1159508,DEUTSCHE BANK AKTIENGESELLSCHAFT,6022,State Commercial Banks,Other / Financial / Services
DGZ,1159508,DEUTSCHE BANK AKTIENGESELLSCHAFT,6022,State Commercial Banks,Other / Financial / Services
ADZCF,1159508,DEUTSCHE BANK AKTIENGESELLSCHAFT,6022,State Commercial Banks,Other / Financial / Services
DEENF,1159508,DEUTSCHE BANK AKTIENGESELLSCHAFT,6022,State Commercial Banks,Other / Financial / Services
DZZ,1159508,DEUTSCHE BANK AKTIENGESELLSCHAFT,6022,State Commercial Banks,Other / Financial / Services
OLOXF,1159508,DEUTSCHE BANK AKTIENGESELLSCHAFT,6022,State Commercial Banks,Other / Financial / Services
GGT-PG,921671,GABELLI MULTIMEDIA TRUST INC.,,,Unknown
RHEPB,1004724,"REGIONAL HEALTH PROPERTIES, INC",6519,"Lessors of  Real Property, NEC",Other / Financial / Services
RHEPZ,1004724,"REGIONAL HEALTH PROPERTIES, INC",6519,"Lessors of  Real Property, NEC",Other / Financial / Services
RHEPA,1004724,"REGIONAL HEALTH PROPERTIES, INC",6519,"Lessors of  Real Property, NEC",Other / Financial / Services
UZE,821130,"ARRAY DIGITAL INFRASTRUCTURE, INC.",4812,Radiotelephone Communications,Other / Financial / Services
UZF,821130,"ARRAY DIGITAL INFRASTRUCTURE, INC.",4812,Radiotelephone Communications,Other / Financial / Services
UZD,821130,"ARRAY DIGITAL INFRASTRUCTURE, INC.",4812,Radiotelephone Communications,Other / Financial / Services
CFNBD,803016,CALIFORNIA FIRST LEASING CORP,6021,National Commercial Banks,Other / Financial / Services
CWLXF,831609,C21 Investments Inc.,2833,Medicinal Chemicals & Botanical Products,Healthcare
WEXPF,842622,WESTERN EXPLORATION INC.,1400,Mining & Quarrying of  Nonmetallic Minerals (No Fuels),Other / Financial / Services
DCOM-P,846617,"Dime Commercial Bancshares, Inc. /NY/",6021,National Commercial Banks,Other / Financial / Services
DCBG,846617,"Dime Commercial Bancshares, Inc. /NY/",6021,National Commercial Banks,Other / Financial / Services
BANFP,760498,BANCFIRST CORP /OK/,6021,National Commercial Banks,Other / Financial / Services
OXY-WT,797468,OCCIDENTAL PETROLEUM CORP /DE/,1311,Crude Petroleum & Natural Gas,Energy
LAWIL,750004,"Light & Wonder, Inc.",7373,Services-Computer Integrated Systems Design,Technology
LNWO,750004,"Light & Wonder, Inc.",7373,Services-Computer Integrated Systems Design,Technology
AIMDW,1014763,"Ainos, Inc.",3577,"Computer Peripheral Equipment, NEC",Technology
PPLC,922224,PPL Corp,4911,Electric Services,Energy
FIISO,862831,FINANCIAL INSTITUTIONS INC,6021,National Commercial Banks,Other / Financial / Services
FIISP,862831,FINANCIAL INSTITUTIONS INC,6021,National Commercial Banks,Other / Financial / Services
SOCGM,92108,SOUTHERN CALIFORNIA GAS CO,4922,Natural Gas Transmission,Energy
SOCGP,92108,SOUTHERN CALIFORNIA GAS CO,4922,Natural Gas Transmission,Energy
MOVAA,72573,MOVADO GROUP INC,3873,"Watches, Clocks, Clockwork Operated Devices/Parts",Manufacturing
NTRSO,73124,NORTHERN TRUST CORP,6022,State Commercial Banks,Other / Financial / Services
GAM-PB,40417,GENERAL AMERICAN INVESTORS CO INC,,,Unknown
CFR-PB,39263,"CULLEN/FROST BANKERS, INC.",6021,National Commercial Banks,Other / Financial / Services
MSEXP,66004,MIDDLESEX WATER CO,4941,Water Supply,Other / Financial / Services
DDT,28917,"DILLARD'S, INC.",5311,Retail-Department Stores,Retail
BA-PA,12927,BOEING CO,3721,Aircraft,Industrials
VNO-PN,899689,VORNADO REALTY TRUST,6798,Real Estate Investment Trusts,Other / Financial / Services
VNO-PO,899689,VORNADO REALTY TRUST,6798,Real Estate Investment Trusts,Other / Financial / Services
EBGEF,895728,ENBRIDGE INC,4610,Pipe Lines (No Natural Gas),Other / Financial / Services
EBRGF,895728,ENBRIDGE INC,4610,Pipe Lines (No Natural Gas),Other / Financial / Services
EBRZF,895728,ENBRIDGE INC,4610,Pipe Lines (No Natural Gas),Other / Financial / Services
ENBHF,895728,ENBRIDGE INC,4610,Pipe Lines (No Natural Gas),Other / Financial / Services
ENBMF,895728,ENBRIDGE INC,4610,Pipe Lines (No Natural Gas),Other / Financial / Services
ENBOF,895728,ENBRIDGE INC,4610,Pipe Lines (No Natural Gas),Other / Financial / Services
ENBSF,895728,ENBRIDGE INC,4610,Pipe Lines (No Natural Gas),Other / Financial / Services
ENBNF,895728,ENBRIDGE INC,4610,Pipe Lines (No Natural Gas),Other / Financial / Services
ENFFF,895728,ENBRIDGE INC,4610,Pipe Lines (No Natural Gas),Other / Financial / Services
ENBFF,895728,ENBRIDGE INC,4610,Pipe Lines (No Natural Gas),Other / Financial / Services
ENBGF,895728,ENBRIDGE INC,4610,Pipe Lines (No Natural Gas),Other / Financial / Services
ENBRF,895728,ENBRIDGE INC,4610,Pipe Lines (No Natural Gas),Other / Financial / Services
ENNPF,895728,ENBRIDGE INC,4610,Pipe Lines (No Natural Gas),Other / Financial / Services
EBBGF,895728,ENBRIDGE INC,4610,Pipe Lines (No Natural Gas),Other / Financial / Services
GENVR,849399,Gen Digital Inc.,7372,Services-Prepackaged Software,Technology
WOLTF,861967,WOLTERS KLUWER N V /FI,,,Unknown
WBKCY,719245,WESTPAC BANKING CORP,6029,"Commercial Banks, NEC",Other / Financial / Services
DHTI,725394,"Dalrada Technology Group, Inc.",7363,Services-Help Supply Services,Other / Financial / Services
BPOPM,763901,"POPULAR, INC.",6022,State Commercial Banks,Other / Financial / Services
GAB-PG,794685,GABELLI EQUITY TRUST INC,,,Unknown
GAB-PH,794685,GABELLI EQUITY TRUST INC,,,Unknown
GAB-PK,794685,GABELLI EQUITY TRUST INC,,,Unknown
FNMAJ,310522,FEDERAL NATIONAL MORTGAGE ASSOCIATION FANNIE MAE,6111,Federal & Federally-Sponsored Credit Agencies,Other / Financial / Services
FNMAP,310522,FEDERAL NATIONAL MORTGAGE ASSOCIATION FANNIE MAE,6111,Federal & Federally-Sponsored Credit Agencies,Other / Financial / Services
FNMAS,310522,FEDERAL NATIONAL MORTGAGE ASSOCIATION FANNIE MAE,6111,Federal & Federally-Sponsored Credit Agencies,Other / Financial / Services
FNMAH,310522,FEDERAL NATIONAL MORTGAGE ASSOCIATION FANNIE MAE,6111,Federal & Federally-Sponsored Credit Agencies,Other / Financial / Services
SCHW-PD,316709,SCHWAB CHARLES CORP,6211,"Security Brokers, Dealers & Flotation Companies",Other / Financial / Services
SCHW-PJ,316709,SCHWAB CHARLES CORP,6211,"Security Brokers, Dealers & Flotation Companies",Other / Financial / Services
GL-PD,320335,GLOBE LIFE INC.,6311,Life Insurance,Other / Financial / Services
AILIO,18654,Ameren Illinois Co,4931,Electric & Other Services Combined,Energy
AILIP,18654,Ameren Illinois Co,4931,Electric & Other Services Combined,Energy
KMPB,860748,KEMPER Corp,6331,"Fire, Marine & Casualty Insurance",Other / Financial / Services
WBS-PG,801337,WEBSTER FINANCIAL CORP,6021,National Commercial Banks,Other / Financial / Services
TELFY,814052,TELEFONICA S A,4813,Telephone Communications (No Radiotelephone),Other / Financial / Services
CCNEP,736772,CNB FINANCIAL CORP/PA,6022,State Commercial Banks,Other / Financial / Services
T-PA,732717,AT&T INC.,4813,Telephone Communications (No Radiotelephone),Other / Financial / Services
T-PC,732717,AT&T INC.,4813,Telephone Communications (No Radiotelephone),Other / Financial / Services
HACBF,793742,HACHIJUNI BANK LTD,,,Unknown
CTGG,68622,QWEST CORP,4813,Telephone Communications (No Radiotelephone),Other / Financial / Services
CTHH,68622,QWEST CORP,4813,Telephone Communications (No Radiotelephone),Other / Financial / Services
KYOAY,57083,KYOCERA CORP,3674,Semiconductors & Related Devices,Industrials
MTB-PK,36270,M&T BANK CORP,6022,State Commercial Banks,Other / Financial / Services
MTB-PJ,36270,M&T BANK CORP,6022,State Commercial Banks,Other / Financial / Services
MTB-PH,36270,M&T BANK CORP,6022,State Commercial Banks,Other / Financial / Services
SRGBF,95666,SURUGA BANK LTD/ADR/,8880,American Depositary Receipts,Healthcare
SOJD,92122,SOUTHERN CO,4911,Electric Services,Energy
SOJF,92122,SOUTHERN CO,4911,Electric Services,Energy
SOJE,92122,SOUTHERN CO,4911,Electric Services,Energy
SOMN,92122,SOUTHERN CO,4911,Electric Services,Energy
UMBFO,101382,UMB FINANCIAL CORP,6021,National Commercial Banks,Other / Financial / Services
FRMEP,712534,FIRST MERCHANTS CORP,6021,National Commercial Banks,Other / Financial / Services
HOVNP,357294,HOVNANIAN ENTERPRISES INC,1531,Operative Builders,Other / Financial / Services
AIRTP,353184,AIR T INC,4513,Air Courier Services,Other / Financial / Services
ZIONP,109380,"ZIONS BANCORPORATION, NATIONAL ASSOCIATION /UT/",6021,National Commercial Banks,Other / Financial / Services
WHR-PA,106640,WHIRLPOOL CORP /DE/,3630,Household Appliances,Industrials
ATMP,312070,BARCLAYS BANK PLC,6029,"Commercial Banks, NEC",Other / Financial / Services
BWVTF,312070,BARCLAYS BANK PLC,6029,"Commercial Banks, NEC",Other / Financial / Services
DJP,312070,BARCLAYS BANK PLC,6029,"Commercial Banks, NEC",Other / Financial / Services
GBUG,312070,BARCLAYS BANK PLC,6029,"Commercial Banks, NEC",Other / Financial / Services
VXX,312070,BARCLAYS BANK PLC,6029,"Commercial Banks, NEC",Other / Financial / Services
VXZ,312070,BARCLAYS BANK PLC,6029,"Commercial Banks, NEC",Other / Financial / Services
TAPR,312070,BARCLAYS BANK PLC,6029,"Commercial Banks, NEC",Other / Financial / Services
GRN,312070,BARCLAYS BANK PLC,6029,"Commercial Banks, NEC",Other / Financial / Services
JJETF,312070,BARCLAYS BANK PLC,6029,"Commercial Banks, NEC",Other / Financial / Services
UEPCO,100826,UNION ELECTRIC CO,4911,Electric Services,Energy
UEPEM,100826,UNION ELECTRIC CO,4911,Electric Services,Energy
HIG-PG,874766,"HARTFORD INSURANCE GROUP, INC.",6331,"Fire, Marine & Casualty Insurance",Other / Financial / Services
FITB-PI,35527,FIFTH THIRD BANCORP,6022,State Commercial Banks,Other / Financial / Services
FITB-PM,35527,FIFTH THIRD BANCORP,6022,State Commercial Banks,Other / Financial / Services
FITB-PA,35527,FIFTH THIRD BANCORP,6022,State Commercial Banks,Other / Financial / Services
FITB-PK,35527,FIFTH THIRD BANCORP,6022,State Commercial Banks,Other / Financial / Services
VYLD,19617,JPMORGAN CHASE & CO,6021,National Commercial Banks,Other / Financial / Services
AMJB,19617,JPMORGAN CHASE & CO,6021,National Commercial Banks,Other / Financial / Services
JPM-PD,19617,JPMORGAN CHASE & CO,6021,National Commercial Banks,Other / Financial / Services
JPM-PJ,19617,JPMORGAN CHASE & CO,6021,National Commercial Banks,Other / Financial / Services
JPM-PK,19617,JPMORGAN CHASE & CO,6021,National Commercial Banks,Other / Financial / Services
JPM-PL,19617,JPMORGAN CHASE & CO,6021,National Commercial Banks,Other / Financial / Services
JPM-PM,19617,JPMORGAN CHASE & CO,6021,National Commercial Banks,Other / Financial / Services
CTO-PA,23795,"CTO Realty Growth, Inc.",6798,Real Estate Investment Trusts,Other / Financial / Services
MIDDV,769520,MIDDLEBY Corp,3580,Refrigeration & Service Industry Machinery,Industrials
PAASF,771992,PAN AMERICAN SILVER CORP,1040,Gold and Silver Ores,Other / Financial / Services
AEFC,769218,AEGON LTD.,6311,Life Insurance,Other / Financial / Services
NEE-PN,753308,NEXTERA ENERGY INC,4911,Electric Services,Energy
NEE-PW,753308,NEXTERA ENERGY INC,4911,Electric Services,Energy
NEE-PT,753308,NEXTERA ENERGY INC,4911,Electric Services,Energy
NEE-PU,753308,NEXTERA ENERGY INC,4911,Electric Services,Energy
NEE-PV,753308,NEXTERA ENERGY INC,4911,Electric Services,Energy
NEE-PS,753308,NEXTERA ENERGY INC,4911,Electric Services,Energy
VAL-WT,314808,Valaris Ltd,1381,Drilling Oil & Gas Wells,Energy
FULTP,700564,FULTON FINANCIAL CORP,6021,National Commercial Banks,Other / Financial / Services
XELLL,72903,XCEL ENERGY INC,4931,Electric & Other Services Combined,Energy
PNMXO,81023,PUBLIC SERVICE CO OF NEW MEXICO,4931,Electric & Other Services Combined,Energy
TFC-PI,92230,TRUIST FINANCIAL CORP,6021,National Commercial Banks,Other / Financial / Services
TFC-PO,92230,TRUIST FINANCIAL CORP,6021,National Commercial Banks,Other / Financial / Services
TFC-PR,92230,TRUIST FINANCIAL CORP,6021,National Commercial Banks,Other / Financial / Services
BOH-PA,46195,BANK OF HAWAII CORP,6022,State Commercial Banks,Other / Financial / Services
BOH-PB,46195,BANK OF HAWAII CORP,6022,State Commercial Banks,Other / Financial / Services
WRB-PF,11544,BERKLEY W R CORP,6331,"Fire, Marine & Casualty Insurance",Other / Financial / Services
WRB-PG,11544,BERKLEY W R CORP,6331,"Fire, Marine & Casualty Insurance",Other / Financial / Services
WRB-PH,11544,BERKLEY W R CORP,6331,"Fire, Marine & Casualty Insurance",Other / Financial / Services
ASBA,7789,ASSOCIATED BANC-CORP,6022,State Commercial Banks,Other / Financial / Services
ASB-PE,7789,ASSOCIATED BANC-CORP,6022,State Commercial Banks,Other / Financial / Services
ASB-PF,7789,ASSOCIATED BANC-CORP,6022,State Commercial Banks,Other / Financial / Services
LGNZZ,886163,LIGAND PHARMACEUTICALS INC,2834,Pharmaceutical Preparations,Healthcare
LGNDZ,886163,LIGAND PHARMACEUTICALS INC,2834,Pharmaceutical Preparations,Healthcare
LGNXZ,886163,LIGAND PHARMACEUTICALS INC,2834,Pharmaceutical Preparations,Healthcare
LGNYZ,886163,LIGAND PHARMACEUTICALS INC,2834,Pharmaceutical Preparations,Healthcare
FHN-PH,36966,FIRST HORIZON CORP,6021,National Commercial Banks,Other / Financial / Services
FHN-PE,36966,FIRST HORIZON CORP,6021,National Commercial Banks,Other / Financial / Services
FHN-PF,36966,FIRST HORIZON CORP,6021,National Commercial Banks,Other / Financial / Services
CELG-RI,14272,BRISTOL MYERS SQUIBB CO,2834,Pharmaceutical Preparations,Healthcare
SF-PC,720672,STIFEL FINANCIAL CORP,6211,"Security Brokers, Dealers & Flotation Companies",Other / Financial / Services
SF-PD,720672,STIFEL FINANCIAL CORP,6211,"Security Brokers, Dealers & Flotation Companies",Other / Financial / Services
CDZIP,727273,CADIZ INC,4941,Water Supply,Other / Financial / Services
BPPFF,313807,BP PLC,2911,Petroleum Refining,Energy
SFB,720672,STIFEL FINANCIAL CORP,6211,"Security Brokers, Dealers & Flotation Companies",Other / Financial / Services
BAC-PL,70858,BANK OF AMERICA CORP /DE/,6021,National Commercial Banks,Other / Financial / Services
MER-PK,70858,BANK OF AMERICA CORP /DE/,6021,National Commercial Banks,Other / Financial / Services
BACRP,70858,BANK OF AMERICA CORP /DE/,6021,National Commercial Banks,Other / Financial / Services
BAC-PE,70858,BANK OF AMERICA CORP /DE/,6021,National Commercial Banks,Other / Financial / Services
BML-PH,70858,BANK OF AMERICA CORP /DE/,6021,National Commercial Banks,Other / Financial / Services
BML-PJ,70858,BANK OF AMERICA CORP /DE/,6021,National Commercial Banks,Other / Financial / Services
BAC-PM,70858,BANK OF AMERICA CORP /DE/,6021,National Commercial Banks,Other / Financial / Services
BAC-PN,70858,BANK OF AMERICA CORP /DE/,6021,National Commercial Banks,Other / Financial / Services
BAC-PO,70858,BANK OF AMERICA CORP /DE/,6021,National Commercial Banks,Other / Financial / Services
BAC-PP,70858,BANK OF AMERICA CORP /DE/,6021,National Commercial Banks,Other / Financial / Services
BAC-PQ,70858,BANK OF AMERICA CORP /DE/,6021,National Commercial Banks,Other / Financial / Services
BAC-PS,70858,BANK OF AMERICA CORP /DE/,6021,National Commercial Banks,Other / Financial / Services
PBI-PB,78814,PITNEY BOWES INC /DE/,3579,"Office Machines, NEC",Industrials
TCPA,99070,TRANSCANADA PIPELINES LTD,4922,Natural Gas Transmission,Energy
CMSC,811156,CMS ENERGY CORP,4931,Electric & Other Services Combined,Energy
CMSD,811156,CMS ENERGY CORP,4931,Electric & Other Services Combined,Energy
CMS-PC,811156,CMS ENERGY CORP,4931,Electric & Other Services Combined,Energy
FCELB,886128,FUELCELL ENERGY INC,3620,Electrical Industrial Apparatus,Industrials
VSECU,102752,VSE CORP,8711,Services-Engineering Services,Healthcare
TDDWW,98222,TIDEWATER INC,4400,Water Transportation,Other / Financial / Services
TDGMW,98222,TIDEWATER INC,4400,Water Transportation,Other / Financial / Services
NSARO,13372,NSTAR ELECTRIC CO,4911,Electric Services,Energy
NSARP,13372,NSTAR ELECTRIC CO,4911,Electric Services,Energy
LGLGR,61004,LGL GROUP INC,3679,"Electronic Components, NEC",Industrials
SIGIP,230557,SELECTIVE INSURANCE GROUP INC,6331,"Fire, Marine & Casualty Insurance",Other / Financial / Services
BUSEP,314489,FIRST BUSEY CORP /NV/,6022,State Commercial Banks,Other / Financial / Services
MS-PQ,895421,MORGAN STANLEY,6211,"Security Brokers, Dealers & Flotation Companies",Other / Financial / Services
GSCE,886982,GOLDMAN SACHS GROUP INC,6211,"Security Brokers, Dealers & Flotation Companies",Other / Financial / Services
GS-PA,886982,GOLDMAN SACHS GROUP INC,6211,"Security Brokers, Dealers & Flotation Companies",Other / Financial / Services
GS-PC,886982,GOLDMAN SACHS GROUP INC,6211,"Security Brokers, Dealers & Flotation Companies",Other / Financial / Services
GS-PD,886982,GOLDMAN SACHS GROUP INC,6211,"Security Brokers, Dealers & Flotation Companies",Other / Financial / Services
KIM-PL,879101,KIMCO REALTY CORP,6798,Real Estate Investment Trusts,Other / Financial / Services
KIM-PM,879101,KIMCO REALTY CORP,6798,Real Estate Investment Trusts,Other / Financial / Services
AGM-PD,845877,FEDERAL AGRICULTURAL MORTGAGE CORP,6111,Federal & Federally-Sponsored Credit Agencies,Other / Financial / Services
AGM-PE,845877,FEDERAL AGRICULTURAL MORTGAGE CORP,6111,Federal & Federally-Sponsored Credit Agencies,Other / Financial / Services
AGM-PF,845877,FEDERAL AGRICULTURAL MORTGAGE CORP,6111,Federal & Federally-Sponsored Credit Agencies,Other / Financial / Services
AGM-PG,845877,FEDERAL AGRICULTURAL MORTGAGE CORP,6111,Federal & Federally-Sponsored Credit Agencies,Other / Financial / Services
AGM-PH,845877,FEDERAL AGRICULTURAL MORTGAGE CORP,6111,Federal & Federally-Sponsored Credit Agencies,Other / Financial / Services
AGM-PI,845877,FEDERAL AGRICULTURAL MORTGAGE CORP,6111,Federal & Federally-Sponsored Credit Agencies,Other / Financial / Services
RMTHF,876779,MAGIC SOFTWARE ENTERPRISES LTD,7372,Services-Prepackaged Software,Technology
KIM-PN,879101,KIMCO REALTY CORP,6798,Real Estate Investment Trusts,Other / Financial / Services
GWLPF,850918,GREAT-WEST LIFECO INC.,6311,Life Insurance,Other / Financial / Services
GRWFF,850918,GREAT-WEST LIFECO INC.,6311,Life Insurance,Other / Financial / Services
GRWLF,850918,GREAT-WEST LIFECO INC.,6311,Life Insurance,Other / Financial / Services
GRWTF,850918,GREAT-WEST LIFECO INC.,6311,Life Insurance,Other / Financial / Services
VLYPN,714310,VALLEY NATIONAL BANCORP,6021,National Commercial Banks,Other / Financial / Services
BCEFF,718940,BCE INC,4813,Telephone Communications (No Radiotelephone),Other / Financial / Services
BCEPF,718940,BCE INC,4813,Telephone Communications (No Radiotelephone),Other / Financial / Services
BCEXF,718940,BCE INC,4813,Telephone Communications (No Radiotelephone),Other / Financial / Services
BCAEF,718940,BCE INC,4813,Telephone Communications (No Radiotelephone),Other / Financial / Services
BCENF,718940,BCE INC,4813,Telephone Communications (No Radiotelephone),Other / Financial / Services
BCEIF,718940,BCE INC,4813,Telephone Communications (No Radiotelephone),Other / Financial / Services
BCPPF,718940,BCE INC,4813,Telephone Communications (No Radiotelephone),Other / Financial / Services
ABAKF,790500,"ABRDN ASIA-PACIFIC INCOME FUND, INC.",,,Unknown
NPPXF,769594,NIPPON TELEGRAPH & TELEPHONE CORP,4813,Telephone Communications (No Radiotelephone),Other / Financial / Services
ECF-PA,793040,ELLSWORTH GROWTH & INCOME FUND LTD,,,Unknown
DX-PC,826675,DYNEX CAPITAL INC,6798,Real Estate Investment Trusts,Other / Financial / Services
MCHPP,827054,MICROCHIP TECHNOLOGY INC,3674,Semiconductors & Related Devices,Industrials
ALL-PI,899051,ALLSTATE CORP,6331,"Fire, Marine & Casualty Insurance",Other / Financial / Services
ALL-PJ,899051,ALLSTATE CORP,6331,"Fire, Marine & Casualty Insurance",Other / Financial / Services
ALL-PB,899051,ALLSTATE CORP,6331,"Fire, Marine & Casualty Insurance",Other / Financial / Services
INVUP,862651,"Investview, Inc.",7389,"Services-Business Services, NEC",Other / Financial / Services
AUB-PA,883948,Atlantic Union Bankshares Corp,6022,State Commercial Banks,Other / Financial / Services
WELPM,107815,WISCONSIN ELECTRIC POWER CO,4911,Electric Services,Energy
KGCRF,701818,KINROSS GOLD CORP,1040,Gold and Silver Ores,Other / Financial / Services
CNOBP,712771,"ConnectOne Bancorp, Inc.",6022,State Commercial Banks,Other / Financial / Services
FCNCO,798941,FIRST CITIZENS BANCSHARES INC /DE/,6022,State Commercial Banks,Other / Financial / Services
FCNCP,798941,FIRST CITIZENS BANCSHARES INC /DE/,6022,State Commercial Banks,Other / Financial / Services
CHSCL,823277,CHS INC,5150,Wholesale-Farm Product Raw Materials,Other / Financial / Services
CHSCM,823277,CHS INC,5150,Wholesale-Farm Product Raw Materials,Other / Financial / Services
CHSCN,823277,CHS INC,5150,Wholesale-Farm Product Raw Materials,Other / Financial / Services
CHSCO,823277,CHS INC,5150,Wholesale-Farm Product Raw Materials,Other / Financial / Services
FCNCN,798941,FIRST CITIZENS BANCSHARES INC /DE/,6022,State Commercial Banks,Other / Financial / Services
HWCPZ,750577,HANCOCK WHITNEY CORP,6022,State Commercial Banks,Other / Financial / Services
CFG-PE,759944,CITIZENS FINANCIAL GROUP INC/RI,6022,State Commercial Banks,Other / Financial / Services
CFG-PH,759944,CITIZENS FINANCIAL GROUP INC/RI,6022,State Commercial Banks,Other / Financial / Services
CFG-PI,759944,CITIZENS FINANCIAL GROUP INC/RI,6022,State Commercial Banks,Other / Financial / Services
CDR-PB,761648,"CEDAR REALTY TRUST, INC.",6798,Real Estate Investment Trusts,Other / Financial / Services
CDR-PC,761648,"CEDAR REALTY TRUST, INC.",6798,Real Estate Investment Trusts,Other / Financial / Services
ONBPO,707179,OLD NATIONAL BANCORP /IN/,6021,National Commercial Banks,Other / Financial / Services
ONBPP,707179,OLD NATIONAL BANCORP /IN/,6021,National Commercial Banks,Other / Financial / Services
ERNAW,748592,Ernexa Therapeutics Inc.,2834,Pharmaceutical Preparations,Healthcare
WSBCO,203596,WESBANCO INC,6021,National Commercial Banks,Other / Financial / Services
C-PN,831001,CITIGROUP INC,6021,National Commercial Banks,Other / Financial / Services
C-PR,831001,CITIGROUP INC,6021,National Commercial Banks,Other / Financial / Services
CLSKW,827876,"CLEANSPARK, INC.",6199,Finance Services,Other / Financial / Services
UBYHD,787496,UBUYHOLDINGS INC,6770,Blank Checks,Other / Financial / Services
XOMAO,791908,XOMA Royalty Corp,2834,Pharmaceutical Preparations,Healthcare
XOMAP,791908,XOMA Royalty Corp,2834,Pharmaceutical Preparations,Healthcare
BC-PC,14930,BRUNSWICK CORP,3510,Engines & Turbines,Industrials
FRT-PC,34903,FEDERAL REALTY INVESTMENT TRUST,6798,Real Estate Investment Trusts,Other / Financial / Services
USB-PQ,36104,US BANCORP DE,6021,National Commercial Banks,Other / Financial / Services
USB-PR,36104,US BANCORP DE,6021,National Commercial Banks,Other / Financial / Services
USB-PS,36104,US BANCORP DE,6021,National Commercial Banks,Other / Financial / Services
SENEM,88948,Seneca Foods Corp,2033,"Canned, Fruits, Veg, Preserves, Jams & Jellies",Consumer Goods
SENEL,88948,Seneca Foods Corp,2033,"Canned, Fruits, Veg, Preserves, Jams & Jellies",Consumer Goods
WFC-PD,72971,WELLS FARGO & COMPANY/MN,6021,National Commercial Banks,Other / Financial / Services
WFCNP,72971,WELLS FARGO & COMPANY/MN,6021,National Commercial Banks,Other / Financial / Services
WFC-PA,72971,WELLS FARGO & COMPANY/MN,6021,National Commercial Banks,Other / Financial / Services
WFC-PZ,72971,WELLS FARGO & COMPANY/MN,6021,National Commercial Banks,Other / Financial / Services
MNESP,66570,MSA Safety Inc,3842,"Orthopedic, Prosthetic & Surgical Appliances & Supplies",Healthcare
NEMCL,1164727,NEWMONT Corp /DE/,1040,Gold and Silver Ores,Other / Financial / Services
ZNOGW,1131312,ZION OIL & GAS INC,1382,Oil & Gas Field Exploration Services,Energy
F-PB,37996,FORD MOTOR CO,3711,Motor Vehicles & Passenger Car Bodies,Industrials
F-PC,37996,FORD MOTOR CO,3711,Motor Vehicles & Passenger Car Bodies,Industrials
F-PD,37996,FORD MOTOR CO,3711,Motor Vehicles & Passenger Car Bodies,Industrials
HBANL,49196,HUNTINGTON BANCSHARES INC /MD/,6021,National Commercial Banks,Other / Financial / Services
HBANM,49196,HUNTINGTON BANCSHARES INC /MD/,6021,National Commercial Banks,Other / Financial / Services
HBANP,49196,HUNTINGTON BANCSHARES INC /MD/,6021,National Commercial Banks,Other / Financial / Services
INPAP,51434,INTERNATIONAL PAPER CO /NEW/,2621,Paper Mills,Manufacturing
HBANZ,49196,HUNTINGTON BANCSHARES INC /MD/,6021,National Commercial Banks,Other / Financial / Services
SLNHP,64463,"Soluna Holdings, Inc",6199,Finance Services,Other / Financial / Services
LNC-PD,59558,LINCOLN NATIONAL CORP,6311,Life Insurance,Other / Financial / Services
KEY-PJ,91576,KEYCORP /NEW/,6021,National Commercial Banks,Other / Financial / Services
SCE-PN,92103,SOUTHERN CALIFORNIA EDISON Co,4911,Electric Services,Energy
SCE-PM,92103,SOUTHERN CALIFORNIA EDISON Co,4911,Electric Services,Energy
SCE-PG,92103,SOUTHERN CALIFORNIA EDISON Co,4911,Electric Services,Energy
SCE-PL,92103,SOUTHERN CALIFORNIA EDISON Co,4911,Electric Services,Energy
KEY-PL,91576,KEYCORP /NEW/,6021,National Commercial Banks,Other / Financial / Services
TDBCP,947263,TORONTO DOMINION BANK,6029,"Commercial Banks, NEC",Other / Financial / Services
MBNKO,1000209,MEDALLION FINANCIAL CORP,6199,Finance Services,Other / Financial / Services
RYLBF,1000275,ROYAL BANK OF CANADA,6029,"Commercial Banks, NEC",Other / Financial / Services
ADC-PA,917251,AGREE REALTY CORP,6798,Real Estate Investment Trusts,Other / Financial / Services
REGCP,910606,REGENCY CENTERS CORP,6798,Real Estate Investment Trusts,Other / Financial / Services
REGCO,910606,REGENCY CENTERS CORP,6798,Real Estate Investment Trusts,Other / Financial / Services
ALB-PA,915913,ALBEMARLE CORP,2821,"Plastic Materials, Synth Resins & Nonvulcan Elastomers",Manufacturing
MS-PF,895421,MORGAN STANLEY,6211,"Security Brokers, Dealers & Flotation Companies",Other / Financial / Services
MS-PI,895421,MORGAN STANLEY,6211,"Security Brokers, Dealers & Flotation Companies",Other / Financial / Services
MS-PA,895421,MORGAN STANLEY,6211,"Security Brokers, Dealers & Flotation Companies",Other / Financial / Services
MS-PL,895421,MORGAN STANLEY,6211,"Security Brokers, Dealers & Flotation Companies",Other / Financial / Services
MS-PO,895421,MORGAN STANLEY,6211,"Security Brokers, Dealers & Flotation Companies",Other / Financial / Services
MS-PP,895421,MORGAN STANLEY,6211,"Security Brokers, Dealers & Flotation Companies",Other / Financial / Services
GPUS-PD,896493,"Hyperscale Data, Inc.",3533,Oil & Gas Field Machinery & Equipment,Industrials
ANG-PD,1039828,American National Group Inc.,6311,Life Insurance,Other / Financial / Services
POWWP,1015383,Outdoor Holding Co,7389,"Services-Business Services, NEC",Other / Financial / Services
WTFCN,1015328,WINTRUST FINANCIAL CORP,6022,State Commercial Banks,Other / Financial / Services
TCBIO,1077428,TEXAS CAPITAL BANCSHARES INC/TX,6022,State Commercial Banks,Other / Financial / Services
TMSOF,1075124,THOMSON REUTERS CORP /CAN/,2741,Miscellaneous Publishing,Manufacturing
MNUPF,1086888,MANULIFE FINANCIAL CORP,6311,Life Insurance,Other / Financial / Services
MNLCF,1086888,MANULIFE FINANCIAL CORP,6311,Life Insurance,Other / Financial / Services
MNQFF,1086888,MANULIFE FINANCIAL CORP,6311,Life Insurance,Other / Financial / Services
MNUFF,1086888,MANULIFE FINANCIAL CORP,6311,Life Insurance,Other / Financial / Services
DHCNI,1075415,DIVERSIFIED HEALTHCARE TRUST,6798,Real Estate Investment Trusts,Other / Financial / Services
DHCNL,1075415,DIVERSIFIED HEALTHCARE TRUST,6798,Real Estate Investment Trusts,Other / Financial / Services
NOVTU,1076930,NOVANTA INC,3690,"Miscellaneous Electrical Machinery, Equipment & Supplies",Industrials
FNFPA,1065823,FIRST NILES FINANCIAL INC,6035,"Savings Institution, Federally Chartered",Other / Financial / Services
EQH-PA,1333986,"Equitable Holdings, Inc.",6411,"Insurance Agents, Brokers & Service",Other / Financial / Services
EQH-PC,1333986,"Equitable Holdings, Inc.",6411,"Insurance Agents, Brokers & Service",Other / Financial / Services
RDCT,1376804,"VNUE, Inc.",7822,Services-Motion Picture & Video Tape Distribution,Other / Financial / Services
LNXSF,1311307,LANXESS AG,,,Unknown
RCKTW,1281895,"ROCKET PHARMACEUTICALS, INC.",2834,Pharmaceutical Preparations,Healthcare
TEN-PE,1166663,TSAKOS ENERGY NAVIGATION LTD,4412,Deep Sea Foreign Transportation of  Freight,Other / Financial / Services
TEN-PF,1166663,TSAKOS ENERGY NAVIGATION LTD,4412,Deep Sea Foreign Transportation of  Freight,Other / Financial / Services
ABR-PD,1253986,ARBOR REALTY TRUST INC,6798,Real Estate Investment Trusts,Other / Financial / Services
ABR-PE,1253986,ARBOR REALTY TRUST INC,6798,Real Estate Investment Trusts,Other / Financial / Services
ABR-PF,1253986,ARBOR REALTY TRUST INC,6798,Real Estate Investment Trusts,Other / Financial / Services
YRAIF,1279956,YARA INTERNATIONAL ASA,8880,American Depositary Receipts,Healthcare
MFICL,1278752,MidCap Financial Investment Corp,,,Unknown
RF-PE,1281761,REGIONS FINANCIAL CORP,6021,National Commercial Banks,Other / Financial / Services
RF-PF,1281761,REGIONS FINANCIAL CORP,6021,National Commercial Banks,Other / Financial / Services
TMUSZ,1283699,"T-Mobile US, Inc.",4812,Radiotelephone Communications,Other / Financial / Services
TMUSI,1283699,"T-Mobile US, Inc.",4812,Radiotelephone Communications,Other / Financial / Services
TMUSL,1283699,"T-Mobile US, Inc.",4812,Radiotelephone Communications,Other / Financial / Services
AIZN,1267238,"ASSURANT, INC.",6399,"Insurance Carriers, NEC",Other / Financial / Services
RZC,898174,REINSURANCE GROUP OF AMERICA INC,6311,Life Insurance,Other / Financial / Services
NMPWP,1004315,NATIONAL GRID PLC,4922,Natural Gas Transmission,Energy
NEWEN,1004315,NATIONAL GRID PLC,4922,Natural Gas Transmission,Energy
MGRE,1004434,"AFFILIATED MANAGERS GROUP, INC.",6282,Investment Advice,Other / Financial / Services
MGRD,1004434,"AFFILIATED MANAGERS GROUP, INC.",6282,Investment Advice,Other / Financial / Services
MGR,1004434,"AFFILIATED MANAGERS GROUP, INC.",6282,Investment Advice,Other / Financial / Services
MGRB,1004434,"AFFILIATED MANAGERS GROUP, INC.",6282,Investment Advice,Other / Financial / Services
NMKCP,1004315,NATIONAL GRID PLC,4922,Natural Gas Transmission,Energy
NMKBP,1004315,NATIONAL GRID PLC,4922,Natural Gas Transmission,Energy
ORANY,1038143,ORANGE,4813,Telephone Communications (No Radiotelephone),Other / Financial / Services
SREA,1032208,SEMPRA,4932,Gas & Other Services Combined,Energy
BRKRP,1109354,BRUKER CORP,3826,Laboratory Analytical Instruments,Manufacturing
SNTUF,1087711,Santander UK plc,6029,"Commercial Banks, NEC",Other / Financial / Services
STNDF,1087711,Santander UK plc,6029,"Commercial Banks, NEC",Other / Financial / Services
BFH-PA,1101215,"BREAD FINANCIAL HOLDINGS, INC.",6141,Personal Credit Institutions,Other / Financial / Services
BFH-PB,1101215,"BREAD FINANCIAL HOLDINGS, INC.",6141,Personal Credit Institutions,Other / Financial / Services
MOBQW,1084267,"Mobiquity Technologies, Inc.",7310,Services-Advertising,Other / Financial / Services
STRF,1050446,Strategy Inc,6199,Finance Services,Other / Financial / Services
STRK,1050446,Strategy Inc,6199,Finance Services,Other / Financial / Services
PLDGP,1045609,"Prologis, Inc.",6798,Real Estate Investment Trusts,Other / Financial / Services
STRD,1050446,Strategy Inc,6199,Finance Services,Other / Financial / Services
NLY-PF,1043219,ANNALY CAPITAL MANAGEMENT INC,6798,Real Estate Investment Trusts,Other / Financial / Services
NLY-PG,1043219,ANNALY CAPITAL MANAGEMENT INC,6798,Real Estate Investment Trusts,Other / Financial / Services
NLY-PI,1043219,ANNALY CAPITAL MANAGEMENT INC,6798,Real Estate Investment Trusts,Other / Financial / Services
NLY-PJ,1043219,ANNALY CAPITAL MANAGEMENT INC,6798,Real Estate Investment Trusts,Other / Financial / Services
FMCCI,1026214,FEDERAL HOME LOAN MORTGAGE CORP,6111,Federal & Federally-Sponsored Credit Agencies,Other / Financial / Services
FMCCT,1026214,FEDERAL HOME LOAN MORTGAGE CORP,6111,Federal & Federally-Sponsored Credit Agencies,Other / Financial / Services
FMCKI,1026214,FEDERAL HOME LOAN MORTGAGE CORP,6111,Federal & Federally-Sponsored Credit Agencies,Other / Financial / Services
FREJP,1026214,FEDERAL HOME LOAN MORTGAGE CORP,6111,Federal & Federally-Sponsored Credit Agencies,Other / Financial / Services
FMCKK,1026214,FEDERAL HOME LOAN MORTGAGE CORP,6111,Federal & Federally-Sponsored Credit Agencies,Other / Financial / Services
AEBMF,1174511,ANADOLU EFES BIRACILIK VE MALT SANAYI A S/ADR,8880,American Depositary Receipts,Healthcare
BGMSP,1130166,"Bio Green Med Solution, Inc.",5099,"Wholesale-Durable Goods, NEC",Other / Financial / Services
RQI-RI,1157842,COHEN & STEERS QUALITY INCOME REALTY FUND INC,,,Unknown
CNO-PA,1224608,"CNO Financial Group, Inc.",6321,Accident & Health Insurance,Other / Financial / Services
OXSQG,1259429,Oxford Square Capital Corp.,,,Unknown
AERGP,879911,"APPLIED ENERGETICS, INC.",3812,"Search, Detection, Navigation, Guidance, Aeronautical Sys",Manufacturing
AHT-PD,1232582,ASHFORD HOSPITALITY TRUST INC,6798,Real Estate Investment Trusts,Other / Financial / Services
AHT-PF,1232582,ASHFORD HOSPITALITY TRUST INC,6798,Real Estate Investment Trusts,Other / Financial / Services
AHT-PG,1232582,ASHFORD HOSPITALITY TRUST INC,6798,Real Estate Investment Trusts,Other / Financial / Services
AHT-PH,1232582,ASHFORD HOSPITALITY TRUST INC,6798,Real Estate Investment Trusts,Other / Financial / Services
AHT-PI,1232582,ASHFORD HOSPITALITY TRUST INC,6798,Real Estate Investment Trusts,Other / Financial / Services
QVCCQ,1254699,QVC INC,5961,Retail-Catalog & Mail-Order Houses,Retail
QVCDQ,1254699,QVC INC,5961,Retail-Catalog & Mail-Order Houses,Retail
OXSQH,1259429,Oxford Square Capital Corp.,,,Unknown
RWT-PA,930236,REDWOOD TRUST INC,6798,Real Estate Investment Trusts,Other / Financial / Services
RWTN,930236,REDWOOD TRUST INC,6798,Real Estate Investment Trusts,Other / Financial / Services
BERZ,927971,BANK OF MONTREAL /CAN/,6029,"Commercial Banks, NEC",Other / Financial / Services
FNGO,927971,BANK OF MONTREAL /CAN/,6029,"Commercial Banks, NEC",Other / Financial / Services
FNGS,927971,BANK OF MONTREAL /CAN/,6029,"Commercial Banks, NEC",Other / Financial / Services
FNGU,927971,BANK OF MONTREAL /CAN/,6029,"Commercial Banks, NEC",Other / Financial / Services
GDXD,927971,BANK OF MONTREAL /CAN/,6029,"Commercial Banks, NEC",Other / Financial / Services
DULL,927971,BANK OF MONTREAL /CAN/,6029,"Commercial Banks, NEC",Other / Financial / Services
FLYD,927971,BANK OF MONTREAL /CAN/,6029,"Commercial Banks, NEC",Other / Financial / Services
FLYU,927971,BANK OF MONTREAL /CAN/,6029,"Commercial Banks, NEC",Other / Financial / Services
RWTO,930236,REDWOOD TRUST INC,6798,Real Estate Investment Trusts,Other / Financial / Services
RWTP,930236,REDWOOD TRUST INC,6798,Real Estate Investment Trusts,Other / Financial / Services
RWTQ,930236,REDWOOD TRUST INC,6798,Real Estate Investment Trusts,Other / Financial / Services
RWTS,930236,REDWOOD TRUST INC,6798,Real Estate Investment Trusts,Other / Financial / Services
BNKD,927971,BANK OF MONTREAL /CAN/,6029,"Commercial Banks, NEC",Other / Financial / Services
BNKU,927971,BANK OF MONTREAL /CAN/,6029,"Commercial Banks, NEC",Other / Financial / Services
BULZ,927971,BANK OF MONTREAL /CAN/,6029,"Commercial Banks, NEC",Other / Financial / Services
AIQU,927971,BANK OF MONTREAL /CAN/,6029,"Commercial Banks, NEC",Other / Financial / Services
AIQD,927971,BANK OF MONTREAL /CAN/,6029,"Commercial Banks, NEC",Other / Financial / Services
JETU,927971,BANK OF MONTREAL /CAN/,6029,"Commercial Banks, NEC",Other / Financial / Services
JETD,927971,BANK OF MONTREAL /CAN/,6029,"Commercial Banks, NEC",Other / Financial / Services
CARD,927971,BANK OF MONTREAL /CAN/,6029,"Commercial Banks, NEC",Other / Financial / Services
CARU,927971,BANK OF MONTREAL /CAN/,6029,"Commercial Banks, NEC",Other / Financial / Services
WTID,927971,BANK OF MONTREAL /CAN/,6029,"Commercial Banks, NEC",Other / Financial / Services
WTIU,927971,BANK OF MONTREAL /CAN/,6029,"Commercial Banks, NEC",Other / Financial / Services
OILU,927971,BANK OF MONTREAL /CAN/,6029,"Commercial Banks, NEC",Other / Financial / Services
SHNY,927971,BANK OF MONTREAL /CAN/,6029,"Commercial Banks, NEC",Other / Financial / Services
GDXU,927971,BANK OF MONTREAL /CAN/,6029,"Commercial Banks, NEC",Other / Financial / Services
NRGD,927971,BANK OF MONTREAL /CAN/,6029,"Commercial Banks, NEC",Other / Financial / Services
NRGU,927971,BANK OF MONTREAL /CAN/,6029,"Commercial Banks, NEC",Other / Financial / Services
OILD,927971,BANK OF MONTREAL /CAN/,6029,"Commercial Banks, NEC",Other / Financial / Services
ACGLN,947484,ARCH CAPITAL GROUP LTD.,6331,"Fire, Marine & Casualty Insurance",Other / Financial / Services
ACGLO,947484,ARCH CAPITAL GROUP LTD.,6331,"Fire, Marine & Casualty Insurance",Other / Financial / Services
ARES-PB,1176948,Ares Management Corp,6282,Investment Advice,Other / Financial / Services
BFS-PE,907254,"SAUL CENTERS, INC.",6798,Real Estate Investment Trusts,Other / Financial / Services
TXEMF,909112,TEMPLETON EMERGING MARKETS INCOME FUND,,,Unknown
FLG-PA,910073,"FLAGSTAR BANK, NATIONAL ASSOCIATION",6036,"Savings Institutions, Not Federally Chartered",Other / Financial / Services
FLG-PU,910073,"FLAGSTAR BANK, NATIONAL ASSOCIATION",6036,"Savings Institutions, Not Federally Chartered",Other / Financial / Services
COF-PI,927628,CAPITAL ONE FINANCIAL CORP,6021,National Commercial Banks,Other / Financial / Services
COF-PJ,927628,CAPITAL ONE FINANCIAL CORP,6021,National Commercial Banks,Other / Financial / Services
COF-PK,927628,CAPITAL ONE FINANCIAL CORP,6021,National Commercial Banks,Other / Financial / Services
COF-PL,927628,CAPITAL ONE FINANCIAL CORP,6021,National Commercial Banks,Other / Financial / Services
COF-PN,927628,CAPITAL ONE FINANCIAL CORP,6021,National Commercial Banks,Other / Financial / Services
MET-PF,1099219,METLIFE INC,6311,Life Insurance,Other / Financial / Services
PTCCY,1108329,PETROCHINA CO LTD,1311,Crude Petroleum & Natural Gas,Energy
BSCL,1109262,"BILI Social International, Inc.",5960,Retail-Nonstore Retailers,Retail
CSCID,1113423,COSCIENS Biopharma Inc.,2844,"Perfumes, Cosmetics & Other Toilet Preparations",Manufacturing
PFH,1137774,PRUDENTIAL FINANCIAL INC,6311,Life Insurance,Other / Financial / Services
PRH,1137774,PRUDENTIAL FINANCIAL INC,6311,Life Insurance,Other / Financial / Services
PRS,1137774,PRUDENTIAL FINANCIAL INC,6311,Life Insurance,Other / Financial / Services
AFGB,1042046,AMERICAN FINANCIAL GROUP INC,6331,"Fire, Marine & Casualty Insurance",Other / Financial / Services
AFGC,1042046,AMERICAN FINANCIAL GROUP INC,6331,"Fire, Marine & Casualty Insurance",Other / Financial / Services
AFGD,1042046,AMERICAN FINANCIAL GROUP INC,6331,"Fire, Marine & Casualty Insurance",Other / Financial / Services
AFGE,1042046,AMERICAN FINANCIAL GROUP INC,6331,"Fire, Marine & Casualty Insurance",Other / Financial / Services
GLDI,1053092,CREDIT SUISSE AG,6211,"Security Brokers, Dealers & Flotation Companies",Other / Financial / Services
USOI,1053092,CREDIT SUISSE AG,6211,"Security Brokers, Dealers & Flotation Companies",Other / Financial / Services
SLVO,1053092,CREDIT SUISSE AG,6211,"Security Brokers, Dealers & Flotation Companies",Other / Financial / Services
SLFQF,1097362,SUN LIFE FINANCIAL INC,6311,Life Insurance,Other / Financial / Services
SLFIF,1097362,SUN LIFE FINANCIAL INC,6311,Life Insurance,Other / Financial / Services
SUNFF,1097362,SUN LIFE FINANCIAL INC,6311,Life Insurance,Other / Financial / Services
BESS-WT,1066764,Bimergen Energy Corp,4911,Electric Services,Energy
SWZCF,1069336,SWISSCOM AG,4813,Telephone Communications (No Radiotelephone),Other / Financial / Services
BAMKF,1001085,BROOKFIELD Corp /ON/,6512,Opeators of  Nonresidential Buildings,Other / Financial / Services
BKAMF,1001085,BROOKFIELD Corp /ON/,6512,Opeators of  Nonresidential Buildings,Other / Financial / Services
BKFAF,1001085,BROOKFIELD Corp /ON/,6512,Opeators of  Nonresidential Buildings,Other / Financial / Services
BKFPF,1001085,BROOKFIELD Corp /ON/,6512,Opeators of  Nonresidential Buildings,Other / Financial / Services
BRPSF,1001085,BROOKFIELD Corp /ON/,6512,Opeators of  Nonresidential Buildings,Other / Financial / Services
BRFCF,1001085,BROOKFIELD Corp /ON/,6512,Opeators of  Nonresidential Buildings,Other / Financial / Services
BRFAF,1001085,BROOKFIELD Corp /ON/,6512,Opeators of  Nonresidential Buildings,Other / Financial / Services
BKPA,1001085,BROOKFIELD Corp /ON/,6512,Opeators of  Nonresidential Buildings,Other / Financial / Services
BRCFF,1001085,BROOKFIELD Corp /ON/,6512,Opeators of  Nonresidential Buildings,Other / Financial / Services
BKFDF,1001085,BROOKFIELD Corp /ON/,6512,Opeators of  Nonresidential Buildings,Other / Financial / Services
BKFOF,1001085,BROOKFIELD Corp /ON/,6512,Opeators of  Nonresidential Buildings,Other / Financial / Services
BNH,1001085,BROOKFIELD Corp /ON/,6512,Opeators of  Nonresidential Buildings,Other / Financial / Services
BNJ,1001085,BROOKFIELD Corp /ON/,6512,Opeators of  Nonresidential Buildings,Other / Financial / Services
BROXF,1001085,BROOKFIELD Corp /ON/,6512,Opeators of  Nonresidential Buildings,Other / Financial / Services
BXDIF,1001085,BROOKFIELD Corp /ON/,6512,Opeators of  Nonresidential Buildings,Other / Financial / Services
SPE-PC,897802,"SPECIAL OPPORTUNITIES FUND, INC.",,,Unknown
GUT-PC,1080720,GABELLI UTILITY TRUST,,,Unknown
PAAPU,1070423,PLAINS ALL AMERICAN PIPELINE LP,4610,Pipe Lines (No Natural Gas),Other / Financial / Services
CMLSQ,1058623,CUMULUS MEDIA INC,4832,Radio Broadcasting Stations,Other / Financial / Services
LFMDP,948320,"LifeMD, Inc.",8011,Services-Offices & Clinics of  Doctors of  Medicine,Healthcare
EFSCP,1025835,ENTERPRISE FINANCIAL SERVICES CORP,6022,State Commercial Banks,Other / Financial / Services
CNDIF,1045520,CANADIAN IMPERIAL BANK OF COMMERCE /CAN/,6029,"Commercial Banks, NEC",Other / Financial / Services
EMICF,1127248,EMERA INC,4911,Electric Services,Energy
EMRJF,1127248,EMERA INC,4911,Electric Services,Energy
SWKHL,1089907,SWK Holdings Corp,6159,Miscellaneous Business Credit Institution,Other / Financial / Services
XAKJ,1128252,"SIPP International Industries, Inc.",3663,Radio & Tv Broadcasting & Communications Equipment,Industrials
LLOBF,1160106,Lloyds Banking Group plc,6029,"Commercial Banks, NEC",Other / Financial / Services
AGQPF,1174169,ALGONQUIN POWER & UTILITIES CORP.,4911,Electric Services,Energy
AQNB,1174169,ALGONQUIN POWER & UTILITIES CORP.,4911,Electric Services,Energy
QXO-PB,1236275,"QXO, Inc.",5030,Wholesale-Lumber & Other Construction Materials,Other / Financial / Services
DTB,936340,DTE ENERGY CO,4911,Electric Services,Energy
DTK,936340,DTE ENERGY CO,4911,Electric Services,Energy
DTG,936340,DTE ENERGY CO,4911,Electric Services,Energy
MLCMF,912958,MILLICOM INTERNATIONAL CELLULAR SA,4812,Radiotelephone Communications,Other / Financial / Services
RNR-PF,913144,RENAISSANCERE HOLDINGS LTD,6331,"Fire, Marine & Casualty Insurance",Other / Financial / Services
RNR-PG,913144,RENAISSANCERE HOLDINGS LTD,6331,"Fire, Marine & Casualty Insurance",Other / Financial / Services
PREJF,911421,PARTNERRE LTD,6321,Accident & Health Insurance,Other / Financial / Services
SHO-PH,1295810,"Sunstone Hotel Investors, Inc.",7011,Hotels & Motels,Other / Financial / Services
SHO-PI,1295810,"Sunstone Hotel Investors, Inc.",7011,Hotels & Motels,Other / Financial / Services
PCG-PA,1004980,PG&E Corp,4931,Electric & Other Services Combined,Energy
PCG-PB,1004980,PG&E Corp,4931,Electric & Other Services Combined,Energy
ELCPF,1039610,EDP ENERGIAS DE PORTUGAL SA,4911,Electric Services,Energy
TGOPF,1078716,3i GROUP PLC,,,Unknown
AMUB,1114446,UBS AG,6021,National Commercial Banks,Other / Financial / Services
BDCX,1114446,UBS AG,6021,National Commercial Banks,Other / Financial / Services
BDCZ,1114446,UBS AG,6021,National Commercial Banks,Other / Financial / Services
CEFD,1114446,UBS AG,6021,National Commercial Banks,Other / Financial / Services
UCIB,1114446,UBS AG,6021,National Commercial Banks,Other / Financial / Services
USML,1114446,UBS AG,6021,National Commercial Banks,Other / Financial / Services
SCDL,1114446,UBS AG,6021,National Commercial Banks,Other / Financial / Services
SMHB,1114446,UBS AG,6021,National Commercial Banks,Other / Financial / Services
MTUL,1114446,UBS AG,6021,National Commercial Banks,Other / Financial / Services
MVRL,1114446,UBS AG,6021,National Commercial Banks,Other / Financial / Services
PFFL,1114446,UBS AG,6021,National Commercial Banks,Other / Financial / Services
QULL,1114446,UBS AG,6021,National Commercial Banks,Other / Financial / Services
MLPB,1114446,UBS AG,6021,National Commercial Banks,Other / Financial / Services
MLPR,1114446,UBS AG,6021,National Commercial Banks,Other / Financial / Services
IWDL,1114446,UBS AG,6021,National Commercial Banks,Other / Financial / Services
IWFL,1114446,UBS AG,6021,National Commercial Banks,Other / Financial / Services
IWML,1114446,UBS AG,6021,National Commercial Banks,Other / Financial / Services
HDLB,1114446,UBS AG,6021,National Commercial Banks,Other / Financial / Services
IFED,1114446,UBS AG,6021,National Commercial Banks,Other / Financial / Services
MSBIP,1466026,"Midland States Bancorp, Inc.",6022,State Commercial Banks,Other / Financial / Services
NXGLW,1468929,"NEXGEL, INC.",3841,Surgical & Medical Instruments & Apparatus,Healthcare
NXPGF,1455632,Mobico Group PLC/ADR,,,Unknown
ASPSZ,1462418,ALTISOURCE PORTFOLIO SOLUTIONS S.A.,7380,Services-Miscellaneous Business Services,Other / Financial / Services
ASPSW,1462418,ALTISOURCE PORTFOLIO SOLUTIONS S.A.,7380,Services-Miscellaneous Business Services,Other / Financial / Services
RILYG,1464790,"BRC Group Holdings, Inc.",6282,Investment Advice,Other / Financial / Services
RILYL,1464790,"BRC Group Holdings, Inc.",6282,Investment Advice,Other / Financial / Services
RILYN,1464790,"BRC Group Holdings, Inc.",6282,Investment Advice,Other / Financial / Services
RILYP,1464790,"BRC Group Holdings, Inc.",6282,Investment Advice,Other / Financial / Services
RILYT,1464790,"BRC Group Holdings, Inc.",6282,Investment Advice,Other / Financial / Services
RILYZ,1464790,"BRC Group Holdings, Inc.",6282,Investment Advice,Other / Financial / Services
WAFDP,936528,WAFD INC,6021,National Commercial Banks,Other / Financial / Services
PCG-PX,1004980,PG&E Corp,4931,Electric & Other Services Combined,Energy
MHNC,1412100,"Maiden Holdings, Ltd.",6331,"Fire, Marine & Casualty Insurance",Other / Financial / Services
BBLGW,1419554,Bone Biologics Corp,3842,"Orthopedic, Prosthetic & Surgical Appliances & Supplies",Healthcare
GNT-PA,1438893,"GAMCO Natural Resources, Gold & Income Trust",,,Unknown
SOHOB,1301236,Sotherly Hotels Inc.,6798,Real Estate Investment Trusts,Other / Financial / Services
SBBTF,1451561,Vend Marketplaces ASA/ADR,8880,American Depositary Receipts,Healthcare
GIGGF,1336364,Giga Metals Corp,1000,Metal Mining,Other / Financial / Services
KPHMW,1372514,KIORA PHARMACEUTICALS INC,2834,Pharmaceutical Preparations,Healthcare
GMBLP,1451448,"ESPORTS ENTERTAINMENT GROUP, INC.",7900,Services-Amusement & Recreation Services,Other / Financial / Services
GMBLZ,1451448,"ESPORTS ENTERTAINMENT GROUP, INC.",7900,Services-Amusement & Recreation Services,Other / Financial / Services
SLOIF,1445214,Soitec SA,,,Unknown
WCPRF,1472879,WHITECAP RESOURCES INC.,1311,Crude Petroleum & Natural Gas,Energy
HSCSW,1468492,HeartSciences Inc.,3842,"Orthopedic, Prosthetic & Surgical Appliances & Supplies",Healthcare
MIMTF,1460447,Mitsubishi Materials Corp / ADR,,,Unknown
PMTU,1464423,PennyMac Mortgage Investment Trust,6798,Real Estate Investment Trusts,Other / Financial / Services
PMTW,1464423,PennyMac Mortgage Investment Trust,6798,Real Estate Investment Trusts,Other / Financial / Services
PMTV,1464423,PennyMac Mortgage Investment Trust,6798,Real Estate Investment Trusts,Other / Financial / Services
PMT-PC,1464423,PennyMac Mortgage Investment Trust,6798,Real Estate Investment Trusts,Other / Financial / Services
LOMWF,1509397,Lion One Metals Ltd.,,,Unknown
BAFBF,1506721,Balfour Beatty plc/ADR,,,Unknown
EP-PC,1506307,"KINDER MORGAN, INC.",4922,Natural Gas Transmission,Energy
LTAFX,1496254,Alternative Strategies Income Fund,,,Unknown
LTCFX,1496254,Alternative Strategies Income Fund,,,Unknown
DUNNF,1533546,Duni AB/ADR,8880,American Depositary Receipts,Healthcare
WHFCL,1552198,"WhiteHorse Finance, Inc.",,,Unknown
LANDO,1495240,GLADSTONE LAND Corp,6798,Real Estate Investment Trusts,Other / Financial / Services
EDRVF,1516534,EDP Renewables S.A./ADR,8880,American Depositary Receipts,Healthcare
PETVW,1512922,"PetVivo Holdings, Inc.",3841,Surgical & Medical Instruments & Apparatus,Healthcare
GGAZD,1515964,Goldgroup Mining Inc.,,,Unknown
BCKIF,1516323,Babcock International Group PLC/ADR,,,Unknown
CMCLF,1447960,"China Molybdenum Co., Ltd.",,,Unknown
NZEOY,1445654,New Zealand Oil & Gas Ltd/ADR,,,Unknown
KKRT,1404912,KKR & Co. Inc.,6282,Investment Advice,Other / Financial / Services
KKR-PD,1404912,KKR & Co. Inc.,6282,Investment Advice,Other / Financial / Services
KKRS,1404912,KKR & Co. Inc.,6282,Investment Advice,Other / Financial / Services
CUENW,1424657,Cuentas Inc.,5140,Wholesale-Groceries & Related Products,Other / Financial / Services
OSDVF,1431852,Osisko Development Corp.,1040,Gold and Silver Ores,Other / Financial / Services
ODVWZ,1431852,Osisko Development Corp.,1040,Gold and Silver Ores,Other / Financial / Services
AGNCL,1423689,AGNC Investment Corp.,6798,Real Estate Investment Trusts,Other / Financial / Services
AGNCM,1423689,AGNC Investment Corp.,6798,Real Estate Investment Trusts,Other / Financial / Services
AGNCN,1423689,AGNC Investment Corp.,6798,Real Estate Investment Trusts,Other / Financial / Services
AGNCO,1423689,AGNC Investment Corp.,6798,Real Estate Investment Trusts,Other / Financial / Services
AGNCP,1423689,AGNC Investment Corp.,6798,Real Estate Investment Trusts,Other / Financial / Services
AGNCZ,1423689,AGNC Investment Corp.,6798,Real Estate Investment Trusts,Other / Financial / Services
NASC,1509957,Can B Corp,5122,"Wholesale-Drugs, Proprietaries & Druggists' Sundries",Other / Financial / Services
SMTGF,1516684,SMA Solar Technology AG/ADR,8880,American Depositary Receipts,Healthcare
FPHOY,1490078,First Phosphate Corp.,1400,Mining & Quarrying of  Nonmetallic Minerals (No Fuels),Other / Financial / Services
FRSPF,1490078,First Phosphate Corp.,1400,Mining & Quarrying of  Nonmetallic Minerals (No Fuels),Other / Financial / Services
HWLDF,1483994,H World Group Ltd,7011,Hotels & Motels,Other / Financial / Services
RIV-PA,1501072,"RIVERNORTH OPPORTUNITIES FUND, INC.",,,Unknown
GOODN,1234006,GLADSTONE COMMERCIAL CORP,6519,"Lessors of  Real Property, NEC",Other / Financial / Services
GOODO,1234006,GLADSTONE COMMERCIAL CORP,6519,"Lessors of  Real Property, NEC",Other / Financial / Services
TCEYF,1232384,TC ENERGY CORP,4922,Natural Gas Transmission,Energy
NCV-PA,1214935,Virtus Convertible & Income Fund,,,Unknown
WAL-PA,1212545,WESTERN ALLIANCE BANCORPORATION,6022,State Commercial Banks,Other / Financial / Services
TRPPF,1232384,TC ENERGY CORP,4922,Natural Gas Transmission,Energy
TRPEF,1232384,TC ENERGY CORP,4922,Natural Gas Transmission,Energy
TCENF,1232384,TC ENERGY CORP,4922,Natural Gas Transmission,Energy
TCNCF,1232384,TC ENERGY CORP,4922,Natural Gas Transmission,Energy
TRPRF,1232384,TC ENERGY CORP,4922,Natural Gas Transmission,Energy
BWNB,1630805,"Babcock & Wilcox Enterprises, Inc.",3433,"Heating Equipment, Except Electric & Warm Air Furnaces",Manufacturing
BW-PA,1630805,"Babcock & Wilcox Enterprises, Inc.",3433,"Heating Equipment, Except Electric & Warm Air Furnaces",Manufacturing
AREBW,1648087,AMERICAN REBEL HOLDINGS INC,3490,Miscellaneous Fabricated Metal Products,Manufacturing
CFTR-PA,1666244,"Cantor Fitzgerald Income Trust, Inc.",6798,Real Estate Investment Trusts,Other / Financial / Services
NEWTH,1587987,"NewtekOne, Inc.",6021,National Commercial Banks,Other / Financial / Services
NEWTP,1587987,"NewtekOne, Inc.",6021,National Commercial Banks,Other / Financial / Services
NEWTG,1587987,"NewtekOne, Inc.",6021,National Commercial Banks,Other / Financial / Services
NEWTO,1587987,"NewtekOne, Inc.",6021,National Commercial Banks,Other / Financial / Services
ECCC,1604174,Eagle Point Credit Co,,,Unknown
ECC-PD,1604174,Eagle Point Credit Co,,,Unknown
ECCU,1604174,Eagle Point Credit Co,,,Unknown
ECCV,1604174,Eagle Point Credit Co,,,Unknown
IVDAW,1397183,"Iveda Solutions, Inc.",7372,Services-Prepackaged Software,Technology
IHETW,1400891,"iHeartMedia, Inc.",4832,Radio Broadcasting Stations,Other / Financial / Services
SAT,1377936,SARATOGA INVESTMENT CORP.,,,Unknown
SAY,1377936,SARATOGA INVESTMENT CORP.,,,Unknown
SAJ,1377936,SARATOGA INVESTMENT CORP.,,,Unknown
SAV,1377936,SARATOGA INVESTMENT CORP.,,,Unknown
SAZ,1377936,SARATOGA INVESTMENT CORP.,,,Unknown
DUKB,1326160,Duke Energy CORP,4931,Electric & Other Services Combined,Energy
DUK-PA,1326160,Duke Energy CORP,4931,Electric & Other Services Combined,Energy
CITAF,1317295,CHINA SHIPPING CONTAINER LINES CO LTD,,,Unknown
GAINZ,1321741,GLADSTONE INVESTMENT CORPORATIONDE,,,Unknown
GAING,1321741,GLADSTONE INVESTMENT CORPORATIONDE,,,Unknown
GAINI,1321741,GLADSTONE INVESTMENT CORPORATIONDE,,,Unknown
SCCF,1682220,Sachem Capital Corp.,6798,Real Estate Investment Trusts,Other / Financial / Services
SCCG,1682220,Sachem Capital Corp.,6798,Real Estate Investment Trusts,Other / Financial / Services
IIPR-PA,1677576,INNOVATIVE INDUSTRIAL PROPERTIES INC,6500,Real Estate,Other / Financial / Services
SACH-PA,1682220,Sachem Capital Corp.,6798,Real Estate Investment Trusts,Other / Financial / Services
SCCD,1682220,Sachem Capital Corp.,6798,Real Estate Investment Trusts,Other / Financial / Services
SCCE,1682220,Sachem Capital Corp.,6798,Real Estate Investment Trusts,Other / Financial / Services
CFOR,1293818,CapForce Inc.,8071,Services-Medical Laboratories,Healthcare
GLU-PA,1282957,GABELLI GLOBAL UTILITY & INCOME TRUST,,,Unknown
ET-PI,1276187,Energy Transfer LP,4922,Natural Gas Transmission,Energy
OXLCN,1495222,Oxford Lane Capital Corp.,,,Unknown
OXLCI,1495222,Oxford Lane Capital Corp.,,,Unknown
OXLCG,1495222,Oxford Lane Capital Corp.,,,Unknown
OXLCL,1495222,Oxford Lane Capital Corp.,,,Unknown
OXLCZ,1495222,Oxford Lane Capital Corp.,,,Unknown
PRHIZ,1502292,"Presurance Holdings, Inc.",6331,"Fire, Marine & Casualty Insurance",Other / Financial / Services
GDV-PK,1260729,GABELLI DIVIDEND & INCOME TRUST,,,Unknown
AHL-PD,1267395,ASPEN INSURANCE HOLDINGS LTD,6331,"Fire, Marine & Casualty Insurance",Other / Financial / Services
AHL-PE,1267395,ASPEN INSURANCE HOLDINGS LTD,6331,"Fire, Marine & Casualty Insurance",Other / Financial / Services
AHL-PF,1267395,ASPEN INSURANCE HOLDINGS LTD,6331,"Fire, Marine & Casualty Insurance",Other / Financial / Services
STRRP,1210708,"Star Equity Holdings, Inc.",7363,Services-Help Supply Services,Other / Financial / Services
HCIIP,1400810,"HCI Group, Inc.",6331,"Fire, Marine & Casualty Insurance",Other / Financial / Services
GRBK-PA,1373670,"Green Brick Partners, Inc.",1531,Operative Builders,Other / Financial / Services
NCPLW,1414767,Netcapital Inc.,6199,Finance Services,Other / Financial / Services
EFC-PD,1411342,Ellington Financial Inc.,6500,Real Estate,Other / Financial / Services
EFC-PB,1411342,Ellington Financial Inc.,6500,Real Estate,Other / Financial / Services
EFC-PC,1411342,Ellington Financial Inc.,6500,Real Estate,Other / Financial / Services
FGBIP,1408534,"First Guaranty Bancshares, Inc.",6035,"Savings Institution, Federally Chartered",Other / Financial / Services
TOGIW,1349706,"TurnOnGreen, Inc.",3690,"Miscellaneous Electrical Machinery, Equipment & Supplies",Industrials
ZARE,1327978,Ares Real Estate Income Trust Inc.,6798,Real Estate Investment Trusts,Other / Financial / Services
CODI-PC,1345126,Compass Diversified Holdings,2510,Household Furniture,Consumer Goods
CODI-PA,1345126,Compass Diversified Holdings,2510,Household Furniture,Consumer Goods
BWBBP,1341317,Bridgewater Bancshares Inc,6022,State Commercial Banks,Other / Financial / Services
AZUXY,1432364,AZUL SA,4512,"Air Transportation, Scheduled",Other / Financial / Services
ARR-PC,1428205,"Armour Residential REIT, Inc.",6798,Real Estate Investment Trusts,Other / Financial / Services
SB-PD,1434754,"SAFE BULKERS, INC.",4412,Deep Sea Foreign Transportation of  Freight,Other / Financial / Services
GRKZF,1437462,Greek Organisation of Football Prognostics S.A.,,,Unknown
THRC,1409253,"Havana Roasters Coffee Companies, Inc.",8742,Services-Management Consulting Services,Other / Financial / Services
PBATF,1489088,PT Bukit Asam Tbk/ADR,,,Unknown
PEB-PH,1474098,Pebblebrook Hotel Trust,6798,Real Estate Investment Trusts,Other / Financial / Services
PEB-PG,1474098,Pebblebrook Hotel Trust,6798,Real Estate Investment Trusts,Other / Financial / Services
RGPX,1357878,"REGENEREX PHARMA, INC.",2834,Pharmaceutical Preparations,Healthcare
ISMCF,1332174,iShares S&P GSCI Commodity-Indexed Trust,6221,Commodity Contracts Brokers & Dealers,Other / Financial / Services
DLR-PL,1297996,"DIGITAL REALTY TRUST, INC.",6798,Real Estate Investment Trusts,Other / Financial / Services
DLR-PJ,1297996,"DIGITAL REALTY TRUST, INC.",6798,Real Estate Investment Trusts,Other / Financial / Services
SEAL-PA,1308106,Seapeak LLC,4400,Water Transportation,Other / Financial / Services
SEAL-PB,1308106,Seapeak LLC,4400,Water Transportation,Other / Financial / Services
GLP-PB,1323468,GLOBAL PARTNERS LP,5171,Wholesale-Petroleum Bulk Stations & Terminals,Other / Financial / Services
HCXY,1280784,"Hercules Capital, Inc.",,,Unknown
PSEC-PA,1287032,PROSPECT CAPITAL CORP,,,Unknown
ORCL-PD,1341439,ORACLE CORP,7372,Services-Prepackaged Software,Technology
ACR-PC,1332551,ACRES Commercial Realty Corp.,6798,Real Estate Investment Trusts,Other / Financial / Services
ACR-PD,1332551,ACRES Commercial Realty Corp.,6798,Real Estate Investment Trusts,Other / Financial / Services
NXDT-PA,1356115,NEXPOINT DIVERSIFIED REAL ESTATE TRUST,6798,Real Estate Investment Trusts,Other / Financial / Services
SGBAF,1347408,SES S.A.,4899,"Communications Services, NEC",Other / Financial / Services
QVCAQ,1355096,"QVC Group, Inc.",5961,Retail-Catalog & Mail-Order Houses,Retail
QVCPQ,1355096,"QVC Group, Inc.",5961,Retail-Catalog & Mail-Order Houses,Retail
QVCGQ,1355096,"QVC Group, Inc.",5961,Retail-Catalog & Mail-Order Houses,Retail
BNY-PK,1390777,Bank of New York Mellon Corp,6022,State Commercial Banks,Other / Financial / Services
GFSAY,1389207,Gafisa S.A.,1520,General Bldg Contractors - Residential Bldgs,Other / Financial / Services
SMCIP,1375365,"Super Micro Computer, Inc.",3571,Electronic Computers,Technology
SBFMW,1402328,Sunshine Biopharma Inc.,2834,Pharmaceutical Preparations,Healthcare
PSA-PI,1393311,Public Storage,6798,Real Estate Investment Trusts,Other / Financial / Services
PSA-PJ,1393311,Public Storage,6798,Real Estate Investment Trusts,Other / Financial / Services
PSA-PK,1393311,Public Storage,6798,Real Estate Investment Trusts,Other / Financial / Services
PSA-PL,1393311,Public Storage,6798,Real Estate Investment Trusts,Other / Financial / Services
PSA-PM,1393311,Public Storage,6798,Real Estate Investment Trusts,Other / Financial / Services
PSA-PF,1393311,Public Storage,6798,Real Estate Investment Trusts,Other / Financial / Services
PSA-PG,1393311,Public Storage,6798,Real Estate Investment Trusts,Other / Financial / Services
HTFC,1487428,Horizon Technology Finance Corp,,,Unknown
BNCWZ,1482541,CEA Industries Inc.,700,Agricultural Services,Other / Financial / Services
BNCWW,1482541,CEA Industries Inc.,700,Agricultural Services,Other / Financial / Services
CPER,1479247,United States Commodity Index Funds Trust,6221,Commodity Contracts Brokers & Dealers,Other / Financial / Services
BKZHF,1459334,Santander Bank Polska SA/ADR,,,Unknown
LOIMF,1454147,Loomis AB / ADR,,,Unknown
RWDMU,1448038,Redwood Mortgage Investors IX,6500,Real Estate,Other / Financial / Services
BXCAP,1372612,BOX INC,7372,Services-Prepackaged Software,Technology
PSA-PN,1393311,Public Storage,6798,Real Estate Investment Trusts,Other / Financial / Services
PSA-PO,1393311,Public Storage,6798,Real Estate Investment Trusts,Other / Financial / Services
PSA-PP,1393311,Public Storage,6798,Real Estate Investment Trusts,Other / Financial / Services
PSA-PQ,1393311,Public Storage,6798,Real Estate Investment Trusts,Other / Financial / Services
PSA-PR,1393311,Public Storage,6798,Real Estate Investment Trusts,Other / Financial / Services
PSA-PS,1393311,Public Storage,6798,Real Estate Investment Trusts,Other / Financial / Services
NMPRY,1333172,Navios Maritime Holdings Inc.,4412,Deep Sea Foreign Transportation of  Freight,Other / Financial / Services
BYDIF,1447956,BYD Electronic (International) Co Ltd,,,Unknown
NWSZF,1449664,CTF Services Ltd,,,Unknown
GBCMD,1454475,Global Bio-chem Technology Group Co. Ltd / ADR,,,Unknown
GBCYD,1454475,Global Bio-chem Technology Group Co. Ltd / ADR,,,Unknown
TWOD,1465740,TWO HARBORS INVESTMENT CORP.,6798,Real Estate Investment Trusts,Other / Financial / Services
RSNHF,1447391,RESONA HOLDINGS INC,,,Unknown
CILFY,1268896,CHINA LIFE INSURANCE CO LTD,6311,Life Insurance,Other / Financial / Services
EJTTF,1470419,easyJet plc,,,Unknown
CANE,1471824,Teucrium Commodity Trust,6221,Commodity Contracts Brokers & Dealers,Other / Financial / Services
BTCK,1471824,Teucrium Commodity Trust,6221,Commodity Contracts Brokers & Dealers,Other / Financial / Services
SOYB,1471824,Teucrium Commodity Trust,6221,Commodity Contracts Brokers & Dealers,Other / Financial / Services
TAGS,1471824,Teucrium Commodity Trust,6221,Commodity Contracts Brokers & Dealers,Other / Financial / Services
WEAT,1471824,Teucrium Commodity Trust,6221,Commodity Contracts Brokers & Dealers,Other / Financial / Services
CORN,1471824,Teucrium Commodity Trust,6221,Commodity Contracts Brokers & Dealers,Other / Financial / Services
OYSER,2042182,Oyster Enterprises II Acquisition Corp,6770,Blank Checks,Other / Financial / Services
OYSEU,2042182,Oyster Enterprises II Acquisition Corp,6770,Blank Checks,Other / Financial / Services
HCACR,2079013,Hall Chadwick Acquisition Corp,6770,Blank Checks,Other / Financial / Services
IRHOR,2051985,Iron Horse Acquisition II Corp.,7389,"Services-Business Services, NEC",Other / Financial / Services
IRHOU,2051985,Iron Horse Acquisition II Corp.,7389,"Services-Business Services, NEC",Other / Financial / Services
QSEAR,2047455,Quartzsea Acquisition Corp,6770,Blank Checks,Other / Financial / Services
QSEAU,2047455,Quartzsea Acquisition Corp,6770,Blank Checks,Other / Financial / Services
KOYNW,2068454,"CSLM Digital Asset Acquisition Corp III, Ltd",6770,Blank Checks,Other / Financial / Services
KOYNU,2068454,"CSLM Digital Asset Acquisition Corp III, Ltd",6770,Blank Checks,Other / Financial / Services
FLNCF,2065932,Freelancer Ltd,,,Unknown
FGRS,2064124,"Figure Technology Solutions, Inc.",6163,Loan Brokers,Other / Financial / Services
MDDNF,2063417,Meridian Energy Ltd/ADR,,,Unknown
VNMEW,2055879,Vendome Acquisition Corp I,6770,Blank Checks,Other / Financial / Services
VNMEU,2055879,Vendome Acquisition Corp I,6770,Blank Checks,Other / Financial / Services
SVACU,2074850,Spring Valley Acquisition Corp. III,4911,Electric Services,Energy
SCIIU,2076739,SC II Acquisition Corp.,6770,Blank Checks,Other / Financial / Services
SCIIR,2076739,SC II Acquisition Corp.,6770,Blank Checks,Other / Financial / Services
GFUZW,2074850,Spring Valley Acquisition Corp. III,4911,Electric Services,Energy
SVACW,2074850,Spring Valley Acquisition Corp. III,4911,Electric Services,Energy
GFUZ,2074850,Spring Valley Acquisition Corp. III,4911,Electric Services,Energy
SHAZW,2068385,SharonAI Holdings Inc.,7374,Services-Computer Processing & Data Preparation,Technology
MCGAW,2064658,Yorkville Acquisition Corp.,6199,Finance Services,Other / Financial / Services
MCGAU,2064658,Yorkville Acquisition Corp.,6199,Finance Services,Other / Financial / Services
DNACF,2065660,"DeNA Co., Ltd./ADR",,,Unknown
IDPUF,2062803,IDP Education Ltd./ADR,,,Unknown
NGHLF,2060863,Nightingale Health Plc,,,Unknown
YSHLF,2053843,Yangzijiang Shipbuilding Holdings Ltd/ADR,,,Unknown
PCAPU,2056634,ProCap Acquisition Corp,6770,Blank Checks,Other / Financial / Services
PCAPW,2056634,ProCap Acquisition Corp,6770,Blank Checks,Other / Financial / Services
ARTCU,2086545,Art Technology Acquisition Corp.,6770,Blank Checks,Other / Financial / Services
ARTCW,2086545,Art Technology Acquisition Corp.,6770,Blank Checks,Other / Financial / Services
GHXIU,2086438,"Gores Holdings XI, Inc.",6770,Blank Checks,Other / Financial / Services
SVAQU,2085659,Silicon Valley Acquisition Corp.,6770,Blank Checks,Other / Financial / Services
SVAQW,2085659,Silicon Valley Acquisition Corp.,6770,Blank Checks,Other / Financial / Services
AIKCF,2087856,Aica Kogyo Co Limited/ADR,,,Unknown
OTAI-UN,2094076,Starlink AI Acquisition Corp,6770,Blank Checks,Other / Financial / Services
OTAI-RI,2094076,Starlink AI Acquisition Corp,6770,Blank Checks,Other / Financial / Services
AACIU,2092897,Armada Acquisition Corp. III,6770,Blank Checks,Other / Financial / Services
AACIW,2092897,Armada Acquisition Corp. III,6770,Blank Checks,Other / Financial / Services
FHFLF,2082876,Foshan Haitian Flavouring & Food Co Ltd./ADR,,,Unknown
SORNW,2086263,Soren Acquisition Corp.,6770,Blank Checks,Other / Financial / Services
SORNU,2086263,Soren Acquisition Corp.,6770,Blank Checks,Other / Financial / Services
AESPU,2082526,Aeon Acquisition I Corp.,6770,Blank Checks,Other / Financial / Services
AESPR,2082526,Aeon Acquisition I Corp.,6770,Blank Checks,Other / Financial / Services
AESPW,2082526,Aeon Acquisition I Corp.,6770,Blank Checks,Other / Financial / Services
SAC-UN,2082844,Safeguard Acquisition Corp.,6770,Blank Checks,Other / Financial / Services
SAC-WT,2082844,Safeguard Acquisition Corp.,6770,Blank Checks,Other / Financial / Services
VECA-UN,2081690,Vernal Capital Acquisition Corp.,6770,Blank Checks,Other / Financial / Services
VECA-RI,2081690,Vernal Capital Acquisition Corp.,6770,Blank Checks,Other / Financial / Services
GUACW,2081515,Berto Acquisition Corp. II,6770,Blank Checks,Other / Financial / Services
GUACU,2081515,Berto Acquisition Corp. II,6770,Blank Checks,Other / Financial / Services
PREKF,2071912,PrairieSky Royalty Ltd/ADR,,,Unknown
TMTNF,2072098,Toromont Industries Ltd./ADR,,,Unknown
PARXF,2073620,Parex Resources Inc./ADR,,,Unknown
TNDEF,2075349,Top End Energy Ltd/ADR,,,Unknown
SCXBF,2066600,SCB X Public Co Ltd,,,Unknown
CRACR,2070887,Crown Reserve Acquisition Corp. I,6770,Blank Checks,Other / Financial / Services
CRACW,2070887,Crown Reserve Acquisition Corp. I,6770,Blank Checks,Other / Financial / Services
CRACU,2070887,Crown Reserve Acquisition Corp. I,6770,Blank Checks,Other / Financial / Services
WSTNR,2076192,Westin Acquisition Corp,6770,Blank Checks,Other / Financial / Services
OBIIF,2077146,"OBIC Co., Ltd./ADR",,,Unknown
CRANU,2081358,Crane Harbor Acquisition Corp. II,6770,Blank Checks,Other / Financial / Services
CRANR,2081358,Crane Harbor Acquisition Corp. II,6770,Blank Checks,Other / Financial / Services
GPTGF,2075474,GPT Group/ADR,,,Unknown
WIPKF,2074059,Winpak Ltd./ADR,,,Unknown
WSTNU,2076192,Westin Acquisition Corp,6770,Blank Checks,Other / Financial / Services
OTGAU,2077010,OTG Acquisition Corp. I,6770,Blank Checks,Other / Financial / Services
OTGAW,2077010,OTG Acquisition Corp. I,6770,Blank Checks,Other / Financial / Services
EMISR,2075816,Emmis Acquisition Corp.,6770,Blank Checks,Other / Financial / Services
SRBEF,2075141,VusionGroup,,,Unknown
CCXIU,2074973,Churchill Capital Corp XI,6770,Blank Checks,Other / Financial / Services
CCXIW,2074973,Churchill Capital Corp XI,6770,Blank Checks,Other / Financial / Services
NWAX-WT,2074878,New America Acquisition I Corp.,6770,Blank Checks,Other / Financial / Services
NWAX-UN,2074878,New America Acquisition I Corp.,6770,Blank Checks,Other / Financial / Services
CSCCF,2075918,Capstone Copper Corp./ADR,,,Unknown
TDWDU,2076616,Tailwind 2.0 Acquisition Corp.,6770,Blank Checks,Other / Financial / Services
TDWDR,2076616,Tailwind 2.0 Acquisition Corp.,6770,Blank Checks,Other / Financial / Services
EVOXW,2077954,Evolution Global Acquisition Corp,6770,Blank Checks,Other / Financial / Services
EVOXU,2077954,Evolution Global Acquisition Corp,6770,Blank Checks,Other / Financial / Services
TNEYF,2073901,Tamarack Valley Energy Ltd./ADR,,,Unknown
HNSPF,2073669,Hansoh Pharmaceutical Group Co Limited/ADR,,,Unknown
HVMCU,2070602,Highview Merger Corp.,6770,Blank Checks,Other / Financial / Services
HVMCW,2070602,Highview Merger Corp.,6770,Blank Checks,Other / Financial / Services
CTATF,2070829,"Contemporary Amperex Technology Co., Limited/ADR",,,Unknown
MKLYU,2067592,McKinley Acquisition Corp,6770,Blank Checks,Other / Financial / Services
MKLYR,2067592,McKinley Acquisition Corp,6770,Blank Checks,Other / Financial / Services
BPACR,2064177,Blueport Acquisition Ltd,6770,Blank Checks,Other / Financial / Services
REECF,2070570,Reece Limited/ADR,,,Unknown
DPCDF,2094201,DPC DASH LTD/ADR,,,Unknown
ORIQU,2044523,Origin Investment Corp I,6770,Blank Checks,Other / Financial / Services
ORIQW,2044523,Origin Investment Corp I,6770,Blank Checks,Other / Financial / Services
RAC-UN,2047497,Rithm Acquisition Corp.,6770,Blank Checks,Other / Financial / Services
RAC-WT,2047497,Rithm Acquisition Corp.,6770,Blank Checks,Other / Financial / Services
TGE-WT,2053456,Generation Essentials Group,2721,Periodicals: Publishing or  Publishing & Printing,Manufacturing
TWLVR,2052243,Twelve Seas Investment Co III/Cayman,6770,Blank Checks,Other / Financial / Services
PCPPF,2053411,PC Partner Group Ltd/ADR,,,Unknown
TWLVU,2052243,Twelve Seas Investment Co III/Cayman,6770,Blank Checks,Other / Financial / Services
LSHGF,2063675,Louis Hachette Group/ADR,,,Unknown
INACR,2063816,Indigo Acquisition Corp.,6770,Blank Checks,Other / Financial / Services
INACU,2063816,Indigo Acquisition Corp.,6770,Blank Checks,Other / Financial / Services
BPACU,2064177,Blueport Acquisition Ltd,6770,Blank Checks,Other / Financial / Services
BCARW,2065779,D. Boral ARC Acquisition I Corp.,7372,Services-Prepackaged Software,Technology
BCARU,2065779,D. Boral ARC Acquisition I Corp.,7372,Services-Prepackaged Software,Technology
MGHTF,2062807,Mercury NZ Ltd./ADR,,,Unknown
AXINU,2057030,Axiom Intelligence Acquisition Corp 1,6770,Blank Checks,Other / Financial / Services
AXINR,2057030,Axiom Intelligence Acquisition Corp 1,6770,Blank Checks,Other / Financial / Services
CRAQR,2058359,Cal Redwood Acquisition Corp.,6770,Blank Checks,Other / Financial / Services
CRAQU,2058359,Cal Redwood Acquisition Corp.,6770,Blank Checks,Other / Financial / Services
SVNHF,2089488,SUNEVISION HOLDINGS/ADR,,,Unknown
CLBR-UN,2091024,Colombier Acquisition Corp. III,6770,Blank Checks,Other / Financial / Services
CLBR-WT,2091024,Colombier Acquisition Corp. III,6770,Blank Checks,Other / Financial / Services
DUTBF,2085208,Duality Biotherapeutics Inc/ADR,,,Unknown
LFACU,2084563,Leapfrog Acquisition Corp,6770,Blank Checks,Other / Financial / Services
LFACW,2084563,Leapfrog Acquisition Corp,6770,Blank Checks,Other / Financial / Services
GPACU,2085408,General Purpose Acquisition Corp.,6770,Blank Checks,Other / Financial / Services
GPACW,2085408,General Purpose Acquisition Corp.,6770,Blank Checks,Other / Financial / Services
PAACW,2087446,Proem Acquisition Corp. I,6770,Blank Checks,Other / Financial / Services
ADACU,2083002,American Drive Acquisition Co,6770,Blank Checks,Other / Financial / Services
ADACW,2083002,American Drive Acquisition Co,6770,Blank Checks,Other / Financial / Services
BLRKW,2081532,Bluerock Acquisition Corp.,6770,Blank Checks,Other / Financial / Services
BLRKU,2081532,Bluerock Acquisition Corp.,6770,Blank Checks,Other / Financial / Services
DYORW,2079292,Insight Digital Partners II,6770,Blank Checks,Other / Financial / Services
DYORU,2079292,Insight Digital Partners II,6770,Blank Checks,Other / Financial / Services
GIWWU,2080019,GigCapital8 Corp.,6770,Blank Checks,Other / Financial / Services
GIWWR,2080019,GigCapital8 Corp.,6770,Blank Checks,Other / Financial / Services
MYXXU,2080087,Maywood Acquisition Corp. 2,6770,Blank Checks,Other / Financial / Services
MYXXW,2080087,Maywood Acquisition Corp. 2,6770,Blank Checks,Other / Financial / Services
MYXXR,2080087,Maywood Acquisition Corp. 2,6770,Blank Checks,Other / Financial / Services
ALEGF,2046098,ALLEGRO.EU SA/ADR,,,Unknown
LKSPU,2043508,Lake Superior Acquisition Corp,6770,Blank Checks,Other / Financial / Services
LKSPR,2043508,Lake Superior Acquisition Corp,6770,Blank Checks,Other / Financial / Services
LTMGF,2041918,Lottomatica Group S.p.A./ADR,,,Unknown
SMFRF,2048270,"Sumitomo Forestry Co., Ltd./ADR",,,Unknown
WENNW,2057043,WEN Acquisition Corp,6770,Blank Checks,Other / Financial / Services
WENNU,2057043,WEN Acquisition Corp,6770,Blank Checks,Other / Financial / Services
PFSEF,2120422,Pfisterer Holdings SE/ADR,,,Unknown
PAACU,2087446,Proem Acquisition Corp. I,6770,Blank Checks,Other / Financial / Services
LKYRF,2091585,Locksley Resources Limited/ADR,,,Unknown
KMRRF,2133892,Kongsberg Maritime ASA/ADR,,,Unknown
PACHW,2040381,Pioneer Acquisition I Corp,6770,Blank Checks,Other / Financial / Services
PACHU,2040381,Pioneer Acquisition I Corp,6770,Blank Checks,Other / Financial / Services
PAII-WT,2069238,Pyrophyte Acquisition Corp. II,6770,Blank Checks,Other / Financial / Services
PAII-UN,2069238,Pyrophyte Acquisition Corp. II,6770,Blank Checks,Other / Financial / Services
MXUGF,2061911,Mixue Bingcheng Co Ltd/ADR,,,Unknown
MXUBY,2061911,Mixue Bingcheng Co Ltd/ADR,,,Unknown
GMWKF,2062522,GAMES WORKSHOP GROUP PLC/ADR,,,Unknown
YSGL,2071489,Yellowstone Group Ltd.,8742,Services-Management Consulting Services,Other / Financial / Services
SOCAW,2065948,Solarius Capital Acquisition Corp.,6770,Blank Checks,Other / Financial / Services
SOCAU,2065948,Solarius Capital Acquisition Corp.,6770,Blank Checks,Other / Financial / Services
HCMAU,2069856,HCM III ACQUISITION CORP.,6770,Blank Checks,Other / Financial / Services
HCMAW,2069856,HCM III ACQUISITION CORP.,6770,Blank Checks,Other / Financial / Services
OHACR,2090787,Oceanhawk Acquisition Corp.,6770,Blank Checks,Other / Financial / Services
OHACU,2090787,Oceanhawk Acquisition Corp.,6770,Blank Checks,Other / Financial / Services
FGIIW,2090452,FG Imperii Acquisition Corp.,6770,Blank Checks,Other / Financial / Services
FGIIU,2090452,FG Imperii Acquisition Corp.,6770,Blank Checks,Other / Financial / Services
EVAC-UN,2042902,EQV Ventures Acquisition Corp. II,6770,Blank Checks,Other / Financial / Services
EVAC-WT,2042902,EQV Ventures Acquisition Corp. II,6770,Blank Checks,Other / Financial / Services
RADC,2057381,Readvantage Corp.,7374,Services-Computer Processing & Data Preparation,Technology
TKMEF,2044863,"Tokyo Metro Co., Ltd./ADR",,,Unknown
RDAGU,2055459,Republic Digital Acquisition Co,6770,Blank Checks,Other / Financial / Services
RDAGW,2055459,Republic Digital Acquisition Co,6770,Blank Checks,Other / Financial / Services
AMVIF,2085236,AUMOVIO SE,,,Unknown
OCTLF,2083632,Octave Intelligence plc,7372,Services-Prepackaged Software,Technology
MSOKF,2087844,Mitsui-Soko Holdings Co Limited/ADR,,,Unknown
NUCLW,2089283,Eagle Nuclear Energy Corp.,1090,Miscellaneous Metal Ores,Other / Financial / Services
MEVOU,2087361,M Evo Global Acquisition Corp II,6770,Blank Checks,Other / Financial / Services
MEVOW,2087361,M Evo Global Acquisition Corp II,6770,Blank Checks,Other / Financial / Services
GGPSF,2087843,Greatland Resources Limited/ADR,,,Unknown
LAFAU,2079106,LaFayette Acquisition Corp.,6770,Blank Checks,Other / Financial / Services
LAFAR,2079106,LaFayette Acquisition Corp.,6770,Blank Checks,Other / Financial / Services
MMTXU,2077033,Miluna Acquisition Corp,6770,Blank Checks,Other / Financial / Services
MMTXW,2077033,Miluna Acquisition Corp,6770,Blank Checks,Other / Financial / Services
MBGCF,2079706,"Mitsubishi Gas Chemical Company, Inc./ADR",,,Unknown
VACI-WT,2080023,Viking Acquisition Corp I,4899,"Communications Services, NEC",Other / Financial / Services
VACI-UN,2080023,Viking Acquisition Corp I,4899,"Communications Services, NEC",Other / Financial / Services
QADRW,2083217,QDRO Acquisition Corp.,6770,Blank Checks,Other / Financial / Services
QADRU,2083217,QDRO Acquisition Corp.,6770,Blank Checks,Other / Financial / Services
LLYVB,2078416,"Liberty Live Holdings, Inc.",7900,Services-Amusement & Recreation Services,Other / Financial / Services
LLYVK,2078416,"Liberty Live Holdings, Inc.",7900,Services-Amusement & Recreation Services,Other / Financial / Services
KRSP-WT,2074872,Rice Acquisition Corp 3,6770,Blank Checks,Other / Financial / Services
KRSP-UN,2074872,Rice Acquisition Corp 3,6770,Blank Checks,Other / Financial / Services
FCRS-UN,2074697,FutureCrest Acquisition Corp.,6770,Blank Checks,Other / Financial / Services
FCRS-WT,2074697,FutureCrest Acquisition Corp.,6770,Blank Checks,Other / Financial / Services
DLMAF,2073893,Dollarama Inc./ADR,,,Unknown
NPIFF,2072389,Northland Power Inc./ADR,,,Unknown
NPICF,2072389,Northland Power Inc./ADR,,,Unknown
BIREF,2073268,Birchcliff Energy Ltd./ADR,,,Unknown
TCLHF,2073804,TCL Electronics Holdings Limited/ADR,,,Unknown
DSACU,2082149,Daedalus Special Acquisition Corp.,6770,Blank Checks,Other / Financial / Services
DSACW,2082149,Daedalus Special Acquisition Corp.,6770,Blank Checks,Other / Financial / Services
VRXAW,2079109,Veraxa Biotech Holding AG,2834,Pharmaceutical Preparations,Healthcare
BIXIW,2082542,Bitcoin Infrastructure Acquisition Corp Ltd,6770,Blank Checks,Other / Financial / Services
BIXIU,2082542,Bitcoin Infrastructure Acquisition Corp Ltd,6770,Blank Checks,Other / Financial / Services
SPIWF,2083221,SPIE SA/ADR,,,Unknown
AEAQW,2083689,Activate Energy Acquisition Corp.,6770,Blank Checks,Other / Financial / Services
AEAQU,2083689,Activate Energy Acquisition Corp.,6770,Blank Checks,Other / Financial / Services
LPCVW,2083728,Launchpad Cadenza Acquisition Corp I,6770,Blank Checks,Other / Financial / Services
LPCVU,2083728,Launchpad Cadenza Acquisition Corp I,6770,Blank Checks,Other / Financial / Services
ZKPU,2087447,Lafayette Digital Acquisition Corp. I,6770,Blank Checks,Other / Financial / Services
ZKPW,2087447,Lafayette Digital Acquisition Corp. I,6770,Blank Checks,Other / Financial / Services
PECER,2088626,Peace Acquisition Corp.,6770,Blank Checks,Other / Financial / Services
PECEW,2088626,Peace Acquisition Corp.,6770,Blank Checks,Other / Financial / Services
PECEU,2088626,Peace Acquisition Corp.,6770,Blank Checks,Other / Financial / Services
WLIIU,2083946,Willow Lane Acquisition Corp. II,6770,Blank Checks,Other / Financial / Services
WLIIW,2083946,Willow Lane Acquisition Corp. II,6770,Blank Checks,Other / Financial / Services
ALOVW,2083989,"Aldabra 4 Liquidity Opportunity Vehicle, Inc.",6770,Blank Checks,Other / Financial / Services
ALOVU,2083989,"Aldabra 4 Liquidity Opportunity Vehicle, Inc.",6770,Blank Checks,Other / Financial / Services
IEAGR,2084396,Infinite Eagle Acquisition Corp.,6770,Blank Checks,Other / Financial / Services
IEAGU,2084396,Infinite Eagle Acquisition Corp.,6770,Blank Checks,Other / Financial / Services
VSRPF,2094692,Verisure plc/ADR,,,Unknown
MICLF,2032399,Mycronic AB/ADR,,,Unknown
APURR,2093524,Aperture AC,6770,Blank Checks,Other / Financial / Services
APXCF,2093856,APEX CRITICAL METALS CORP.,1000,Metal Mining,Other / Financial / Services
RNGOF,2092252,"Rengo Co., Ltd./ADR",,,Unknown
GLED-RI,2091484,GalaxyEdge Acquisition Corp,6770,Blank Checks,Other / Financial / Services
GLED-UN,2091484,GalaxyEdge Acquisition Corp,6770,Blank Checks,Other / Financial / Services
IDACW,2090441,Iron Dome Acquisition I Corp.,6770,Blank Checks,Other / Financial / Services
IDACU,2090441,Iron Dome Acquisition I Corp.,6770,Blank Checks,Other / Financial / Services
ZJLMF,2087840,"Zhejiang Leapmotor Technology Co., Ltd./ADR",,,Unknown
ZSHOF,2088776,"Zensho Holdings Co., Ltd./ADR",,,Unknown
GLIBK,2057463,Liberty Capital Corp/NV,4841,Cable & Other Pay Television Services,Other / Financial / Services
KXHCF,2053383,Kioxia Holdings Corporation/ADR,,,Unknown
EGHAR,2052547,EGH Acquisition Corp.,6770,Blank Checks,Other / Financial / Services
EGHAU,2052547,EGH Acquisition Corp.,6770,Blank Checks,Other / Financial / Services
PEW-WT,2051380,GrabAGun Digital Holdings Inc.,5940,Retail-Miscellaneous Shopping Goods Stores,Retail
DAAQW,2052162,Digital Asset Acquisition Corp.,6022,State Commercial Banks,Other / Financial / Services
DAAQU,2052162,Digital Asset Acquisition Corp.,6022,State Commercial Banks,Other / Financial / Services
HACQW,2089982,HCM IV Acquisition Corp.,6770,Blank Checks,Other / Financial / Services
HACQU,2089982,HCM IV Acquisition Corp.,6770,Blank Checks,Other / Financial / Services
SAAQU,2091222,Space Asset Acquisition Corp.,6770,Blank Checks,Other / Financial / Services
SAAQW,2091222,Space Asset Acquisition Corp.,6770,Blank Checks,Other / Financial / Services
AWTRF,2092258,Air Water Inc./ADR,,,Unknown
PTORU,2093912,Praetorian Acquisition Corp.,6770,Blank Checks,Other / Financial / Services
PTORW,2093912,Praetorian Acquisition Corp.,6770,Blank Checks,Other / Financial / Services
FKURF,2043424,Fujikura Ltd/ADR,,,Unknown
XRPNW,2044009,Armada Acquisition Corp. II,6770,Blank Checks,Other / Financial / Services
XRPNU,2044009,Armada Acquisition Corp. II,6770,Blank Checks,Other / Financial / Services
KYIVW,2062440,Kyivstar Group Ltd.,4812,Radiotelephone Communications,Other / Financial / Services
HRZRF,2060217,"Horizon Robotics, Inc./ADR",,,Unknown
ONWRF,2059986,Onward Medical N.V./ADR,,,Unknown
TOKCF,2066601,"Tokyo Ohka Kogyo Co., Ltd./ADR",,,Unknown
CCIIW,2064683,Cohen Circle Acquisition Corp. II,6770,Blank Checks,Other / Financial / Services
CCIIU,2064683,Cohen Circle Acquisition Corp. II,6770,Blank Checks,Other / Financial / Services
STHRF,2068441,Strathcona Resources Ltd.,1311,Crude Petroleum & Natural Gas,Energy
ZSINF,2076398,"Zhejiang Sanhua Intelligent Controls Co., Ltd./ADR",,,Unknown
SVAUF,2074157,StorageVault Canada Inc./ADR,,,Unknown
LWSCF,2073972,Sienna Senior Living Inc./ADR,,,Unknown
TLNCU,2073340,Talon Capital Corp.,6770,Blank Checks,Other / Financial / Services
TLNCW,2073340,Talon Capital Corp.,6770,Blank Checks,Other / Financial / Services
GSRFR,2072404,GSR IV Acquisition Corp.,6770,Blank Checks,Other / Financial / Services
GSRFU,2072404,GSR IV Acquisition Corp.,6770,Blank Checks,Other / Financial / Services
QUMSU,2070900,Quantumsphere Acquisition Corp,6770,Blank Checks,Other / Financial / Services
QUMSR,2070900,Quantumsphere Acquisition Corp,6770,Blank Checks,Other / Financial / Services
JNGHF,2071868,"Jiangsu Hengrui Pharmaceuticals Co., Ltd./ADR",,,Unknown
JXADF,2065485,JX Advanced Metals Corporation/ADR,,,Unknown
PMTRU,2061473,Perimeter Acquisition Corp. I,6770,Blank Checks,Other / Financial / Services
PMTRW,2061473,Perimeter Acquisition Corp. I,6770,Blank Checks,Other / Financial / Services
SPHXF,2063413,SM Prime Holdings Inc./ADR,,,Unknown
SSEAU,2059165,STARRY SEA ACQUISITION CORP,6770,Blank Checks,Other / Financial / Services
JENA-RI,2060337,JENA ACQUISITION Corp II,6770,Blank Checks,Other / Financial / Services
JENA-UN,2060337,JENA ACQUISITION Corp II,6770,Blank Checks,Other / Financial / Services
FIGXW,2059033,FIGX Capital Acquisition Corp.,6770,Blank Checks,Other / Financial / Services
FIGXU,2059033,FIGX Capital Acquisition Corp.,6770,Blank Checks,Other / Financial / Services
SSEAR,2059165,STARRY SEA ACQUISITION CORP,6770,Blank Checks,Other / Financial / Services
TPZEF,2073655,Topaz Energy Corp./ADR,,,Unknown
FINGF,2073638,Finning International Inc./ADR,,,Unknown
LPUGF,2068440,Laopu Gold Co. Ltd./ADR,,,Unknown
BKPKF,2075877,Bank Pekao S.A./ADR,,,Unknown
BRRWW,2076163,"ProCap Financial, Inc.",6199,Finance Services,Other / Financial / Services
BLZRW,2075310,Trailblazer Acquisition Corp.,6770,Blank Checks,Other / Financial / Services
BLZRU,2075310,Trailblazer Acquisition Corp.,6770,Blank Checks,Other / Financial / Services
MFPVV,2088281,"Midera Food Processing, Inc.",3580,Refrigeration & Service Industry Machinery,Industrials
KTWOR,2086524,K2 Capital Acquisition Corp,6770,Blank Checks,Other / Financial / Services
KTWOU,2086524,K2 Capital Acquisition Corp,6770,Blank Checks,Other / Financial / Services
GLVHF,2089499,GLENVEAGH PROPERTIES PLC/ADR,,,Unknown
BBCQU,2088295,Bleichroeder Acquisition Corp. II,6770,Blank Checks,Other / Financial / Services
BBCQW,2088295,Bleichroeder Acquisition Corp. II,6770,Blank Checks,Other / Financial / Services
KBONW,2088749,Karbon Capital Partners Corp.,6770,Blank Checks,Other / Financial / Services
KBONU,2088749,Karbon Capital Partners Corp.,6770,Blank Checks,Other / Financial / Services
APXTU,2079253,Apex Treasury Corp,6770,Blank Checks,Other / Financial / Services
APXTW,2079253,Apex Treasury Corp,6770,Blank Checks,Other / Financial / Services
RNGTU,2078653,Range Capital Acquisition Corp II,6770,Blank Checks,Other / Financial / Services
RNGTW,2078653,Range Capital Acquisition Corp II,6770,Blank Checks,Other / Financial / Services
IRAB-UN,2077785,Iris Acquisition Corp II,6770,Blank Checks,Other / Financial / Services
IRAB-WT,2077785,Iris Acquisition Corp II,6770,Blank Checks,Other / Financial / Services
DNMXU,2081125,Dynamix Corp III,6770,Blank Checks,Other / Financial / Services
DNMXW,2081125,Dynamix Corp III,6770,Blank Checks,Other / Financial / Services
BWIV-UN,2082847,Blue Water Acquisition Corp. IV,6770,Blank Checks,Other / Financial / Services
BWIV-WT,2082847,Blue Water Acquisition Corp. IV,6770,Blank Checks,Other / Financial / Services
PNFP-PC,2082866,"Pinnacle Financial Partners, Inc.",6021,National Commercial Banks,Other / Financial / Services
PNFP-PA,2082866,"Pinnacle Financial Partners, Inc.",6021,National Commercial Banks,Other / Financial / Services
PNFP-PB,2082866,"Pinnacle Financial Partners, Inc.",6021,National Commercial Banks,Other / Financial / Services
CCCTU,2123471,Columbus Circle Capital Corp III,6770,Blank Checks,Other / Financial / Services
KCAC-WT,2102713,Kensington Capital Acquisition Corp. VI,6770,Blank Checks,Other / Financial / Services
WENC-RI,2104260,West Enclave Merger Corp.,6770,Blank Checks,Other / Financial / Services
WENC-UN,2104260,West Enclave Merger Corp.,6770,Blank Checks,Other / Financial / Services
MCAHR,2109876,Mountain Crest Acquisition 6 Corp.,6770,Blank Checks,Other / Financial / Services
MCAHU,2109876,Mountain Crest Acquisition 6 Corp.,6770,Blank Checks,Other / Financial / Services
KCA-UN,2102713,Kensington Capital Acquisition Corp. VI,6770,Blank Checks,Other / Financial / Services
GIXXU,2098712,GigCapital9 Corp.,6770,Blank Checks,Other / Financial / Services
GIXXR,2098712,GigCapital9 Corp.,6770,Blank Checks,Other / Financial / Services
TRGSU,2098780,TRG Latin America Acquisitions Corp.,6770,Blank Checks,Other / Financial / Services
TRGSR,2098780,TRG Latin America Acquisitions Corp.,6770,Blank Checks,Other / Financial / Services
SVIVU,2098242,Spring Valley Acquisition Corp. IV,6770,Blank Checks,Other / Financial / Services
SVIVW,2098242,Spring Valley Acquisition Corp. IV,6770,Blank Checks,Other / Financial / Services
UAC-UN,2098669,United Acquisition Corp. I,6770,Blank Checks,Other / Financial / Services
UAC-WT,2098669,United Acquisition Corp. I,6770,Blank Checks,Other / Financial / Services
MZYX-WT,2097376,MOZAYYX Acquisition Corp.,6770,Blank Checks,Other / Financial / Services
MZYX-UN,2097376,MOZAYYX Acquisition Corp.,6770,Blank Checks,Other / Financial / Services
EXOSF,2109666,Exosens SAS/ADR,,,Unknown
DGAC-UN,2111038,DISCIPLINED GROWTH ACQUISITION Corp,6770,Blank Checks,Other / Financial / Services
BLHWF,2109234,BELIMO Holding AG/ADR,,,Unknown
NOFCF,2108180,NOF Corporation/ADR,,,Unknown
SHOTU,2104879,RMG ML Sports Holdings,6770,Blank Checks,Other / Financial / Services
ERBGF,2123531,Eastroc Beverage Group Co. Ltd/ADR,8880,American Depositary Receipts,Healthcare
IQMXW,2113060,IQM Quantum Computers Oyj,7372,Services-Prepackaged Software,Technology
OBCKF,2094691,Ottobock SE & Co. KGaA/ADR,,,Unknown
DBCAU,2095161,D. Boral Acquisition I Corp.,6770,Blank Checks,Other / Financial / Services
DBCAW,2095161,D. Boral Acquisition I Corp.,6770,Blank Checks,Other / Financial / Services
VII-UN,2139246,Viking Acquisition Corp. II,6770,Blank Checks,Other / Financial / Services
SAMO-UN,2125567,Samos Energy Acquisition Corp,6770,Blank Checks,Other / Financial / Services
OPPPF,2131812,Open House Group Co. Ltd/ADR,,,Unknown
CRYAF,2094687,"Chery Automobile Co., Ltd./ADR",,,Unknown
NHIVU,2099767,NewHold Investment Corp IV,6770,Blank Checks,Other / Financial / Services
NHIVW,2099767,NewHold Investment Corp IV,6770,Blank Checks,Other / Financial / Services
IPFXW,2102041,Inflection Point Acquisition Corp. VI,6770,Blank Checks,Other / Financial / Services
IPFXU,2102041,Inflection Point Acquisition Corp. VI,6770,Blank Checks,Other / Financial / Services
MTPLF,2100603,Metaplanet Inc.,,,Unknown
RREVU,2123969,RRE Ventures Acquisition Corp.,6770,Blank Checks,Other / Financial / Services
RREVW,2123969,RRE Ventures Acquisition Corp.,6770,Blank Checks,Other / Financial / Services
MRCOU,2106436,Mercator Acquisition Corp.,6770,Blank Checks,Other / Financial / Services
BCCQU,2128045,Bleichroeder Acquisition Corp. III,6770,Blank Checks,Other / Financial / Services
CGPCF,2138373,Carabao Group Public Co Limited/ADR,,,Unknown
AAC-UN,2128115,Ares Acquisition Corp III,6770,Blank Checks,Other / Financial / Services
CGCFU,2126043,Cartesian Growth Corp IV,6770,Blank Checks,Other / Financial / Services
MLAAW,2094265,Mountain Lake Acquisition Corp. II,6770,Blank Checks,Other / Financial / Services
MLAAU,2094265,Mountain Lake Acquisition Corp. II,6770,Blank Checks,Other / Financial / Services
TVIVW,2096755,Texas Ventures Acquisition IV Corp,6770,Blank Checks,Other / Financial / Services
BIDWU,2094919,Tribeca Strategic Acquisition Corp.,6770,Blank Checks,Other / Financial / Services
ILLUU,2101135,Illumination Acquisition Corp. I,6770,Blank Checks,Other / Financial / Services
ILLUW,2101135,Illumination Acquisition Corp. I,6770,Blank Checks,Other / Financial / Services
KEYYU,2102771,Keystone Acquisition Corp.,6770,Blank Checks,Other / Financial / Services
KEYYW,2102771,Keystone Acquisition Corp.,6770,Blank Checks,Other / Financial / Services
AACOU,2099906,Abony Acquisition Corp. I,6770,Blank Checks,Other / Financial / Services
AACOW,2099906,Abony Acquisition Corp. I,6770,Blank Checks,Other / Financial / Services
TVIVU,2096755,Texas Ventures Acquisition IV Corp,6770,Blank Checks,Other / Financial / Services
PTACU,2099095,Patriot Acquisition Corp./CI,6770,Blank Checks,Other / Financial / Services
PTACW,2099095,Patriot Acquisition Corp./CI,6770,Blank Checks,Other / Financial / Services
FTW-WT,2083125,PRESIDIO PRODUCTION Co,1311,Crude Petroleum & Natural Gas,Energy
MESHU,2081468,Meshflow Acquisition Corp,6770,Blank Checks,Other / Financial / Services
MESHW,2081468,Meshflow Acquisition Corp,6770,Blank Checks,Other / Financial / Services
ARCIU,2083910,Archimedes Tech SPAC Partners III Co.,6770,Blank Checks,Other / Financial / Services
ARCIW,2083910,Archimedes Tech SPAC Partners III Co.,6770,Blank Checks,Other / Financial / Services
XCBEU,2083493,X3 Acquisition Corp. Ltd.,6770,Blank Checks,Other / Financial / Services
XCBEW,2083493,X3 Acquisition Corp. Ltd.,6770,Blank Checks,Other / Financial / Services
RLMLF,2086869,RESOLUTION MINERALS LTD/ADR,,,Unknown
LEGO-UN,2087450,Legato Merger Corp. IV,6770,Blank Checks,Other / Financial / Services
LEGO-WT,2087450,Legato Merger Corp. IV,6770,Blank Checks,Other / Financial / Services
URSB,2084261,"URSB Bancorp, Inc.",6036,"Savings Institutions, Not Federally Chartered",Other / Financial / Services
SBKLF,2087852,Sumitomo Bakelite Co Limited/ADR,,,Unknown
JELLF,2089509,JEOL LTD/ADR,,,Unknown
MTMCF,2091028,Metallium Limited/ADR,,,Unknown
CMIIU,2088805,Columbus Circle Capital Corp II,6770,Blank Checks,Other / Financial / Services
CMIIW,2088805,Columbus Circle Capital Corp II,6770,Blank Checks,Other / Financial / Services
XSLLU,2088807,Xsolla SPAC 1,6770,Blank Checks,Other / Financial / Services
XSLLW,2088807,Xsolla SPAC 1,6770,Blank Checks,Other / Financial / Services
HQWWW,2088256,Horizon Quantum Holdings Ltd.,7371,Services-Computer Programming Services,Technology
OBIBF,2088339,"OBIC Business Consultants Co., Ltd./ADR",,,Unknown
XFLH-RI,2088103,XFLH Capital Corp,6770,Blank Checks,Other / Financial / Services
XFLH-UN,2088103,XFLH Capital Corp,6770,Blank Checks,Other / Financial / Services
BEBE-UN,2079933,TGE Value Creative Solutions Corp,6770,Blank Checks,Other / Financial / Services
BEBE-WT,2079933,TGE Value Creative Solutions Corp,6770,Blank Checks,Other / Financial / Services
ETSS-WT,2085932,Energy Transition Special Opportunities,6770,Blank Checks,Other / Financial / Services
ETSS-UN,2085932,Energy Transition Special Opportunities,6770,Blank Checks,Other / Financial / Services
VHCPW,2086264,Vine Hill Capital Investment Corp. II,6770,Blank Checks,Other / Financial / Services
VHCPU,2086264,Vine Hill Capital Investment Corp. II,6770,Blank Checks,Other / Financial / Services
STLJF,2077242,Stella-Jones Inc./ADR,,,Unknown
USDEW,2080215,StableCoinX Inc.,6199,Finance Services,Other / Financial / Services
ITHAU,2080985,ITHAX Acquisition Corp III,6770,Blank Checks,Other / Financial / Services
ITHAW,2080985,ITHAX Acquisition Corp III,6770,Blank Checks,Other / Financial / Services
SSACU,2081300,SPACSphere Acquisition Corp.,6770,Blank Checks,Other / Financial / Services
SSACR,2081300,SPACSphere Acquisition Corp.,6770,Blank Checks,Other / Financial / Services
SSACW,2081300,SPACSphere Acquisition Corp.,6770,Blank Checks,Other / Financial / Services
WPAC-RI,2081536,White Pearl Acquisition Corp.,6770,Blank Checks,Other / Financial / Services
WPAC-UN,2081536,White Pearl Acquisition Corp.,6770,Blank Checks,Other / Financial / Services
KRAQU,2082119,KRAKacquisition Corp,6770,Blank Checks,Other / Financial / Services
KRAQW,2082119,KRAKacquisition Corp,6770,Blank Checks,Other / Financial / Services
QRED-UN,2085177,QuasarEdge Acquisition Corp,6770,Blank Checks,Other / Financial / Services
QRED-RI,2085177,QuasarEdge Acquisition Corp,6770,Blank Checks,Other / Financial / Services
NNWWF,2073913,North West Co Inc./ADR,,,Unknown
BCSS-WT,2064355,Bain Capital GSS Investment Corp.,6770,Blank Checks,Other / Financial / Services
BCSS-UN,2064355,Bain Capital GSS Investment Corp.,6770,Blank Checks,Other / Financial / Services
IGACU,2075068,Invest Green Acquisition Corp,6770,Blank Checks,Other / Financial / Services
IGACR,2075068,Invest Green Acquisition Corp,6770,Blank Checks,Other / Financial / Services
YCY-UN,2075336,AA Mission Acquisition Corp. II,6770,Blank Checks,Other / Financial / Services
YCY-WT,2075336,AA Mission Acquisition Corp. II,6770,Blank Checks,Other / Financial / Services
PSBAF,2063685,PT Sumber Alfaria Trijaya Tbk/ADR,,,Unknown
ARCLR,2073515,ARC Group Acquisition I Corp.,6770,Blank Checks,Other / Financial / Services
ARCLW,2073515,ARC Group Acquisition I Corp.,6770,Blank Checks,Other / Financial / Services
ARCLU,2073515,ARC Group Acquisition I Corp.,6770,Blank Checks,Other / Financial / Services
ELEEF,2073615,Element Fleet Management Corp./ADR,,,Unknown
CPWPF,2071911,Capital Power Corp/ADR,,,Unknown
CPRHF,2071911,Capital Power Corp/ADR,,,Unknown
CPXWF,2071911,Capital Power Corp/ADR,,,Unknown
WTGUU,2053927,Wintergreen Acquisition Corp.,7370,"Services-Computer Programming, Data Processing, Etc.",Technology
WTGUR,2053927,Wintergreen Acquisition Corp.,7370,"Services-Computer Programming, Data Processing, Etc.",Technology
RDSC,2056016,Radiant Strategies Corp,8742,Services-Management Consulting Services,Other / Financial / Services
LWACU,2061379,LightWave Acquisition Corp.,6770,Blank Checks,Other / Financial / Services
LWACW,2061379,LightWave Acquisition Corp.,6770,Blank Checks,Other / Financial / Services
ALUB-WT,2041493,Alussa Energy Acquisition Corp. II,6770,Blank Checks,Other / Financial / Services
ALUB-UN,2041493,Alussa Energy Acquisition Corp. II,6770,Blank Checks,Other / Financial / Services
SDHIU,2034037,Siddhi Acquisition Corp (Cayman Islands),6770,Blank Checks,Other / Financial / Services
SDHIR,2034037,Siddhi Acquisition Corp (Cayman Islands),6770,Blank Checks,Other / Financial / Services
RMGL,2034288,Rocky Mountains Group Ltd,8200,Services-Educational Services,Healthcare
GSHRU,2044635,Gesher Acquisition Corp. II,6770,Blank Checks,Other / Financial / Services
GSHRW,2044635,Gesher Acquisition Corp. II,6770,Blank Checks,Other / Financial / Services
NHICU,2043699,NewHold Investment Corp. III,6770,Blank Checks,Other / Financial / Services
NHICW,2043699,NewHold Investment Corp. III,6770,Blank Checks,Other / Financial / Services
BSAAR,2051587,BEST SPAC I Acquisition Corp.,8200,Services-Educational Services,Healthcare
BSAAU,2051587,BEST SPAC I Acquisition Corp.,8200,Services-Educational Services,Healthcare
YICCW,2130386,Yorkville International Capital Corp.,6770,Blank Checks,Other / Financial / Services
YICCU,2130386,Yorkville International Capital Corp.,6770,Blank Checks,Other / Financial / Services
RGAKF,2141099,Rigaku Holdings Corporation/ADR,,,Unknown
VUECF,2111453,Verdera Energy Corp.,1090,Miscellaneous Metal Ores,Other / Financial / Services
ELSSF,2127861,ELIS S.A./ADR,,,Unknown
CXIIW,2114227,Churchill Capital Corp XII,6770,Blank Checks,Other / Financial / Services
CXIIU,2114227,Churchill Capital Corp XII,6770,Blank Checks,Other / Financial / Services
MNMXF,2109556,Minimax Group Inc./ADR,,,Unknown
EURBF,2106126,Eurobank SA/ADR,,,Unknown
SWBGF,2098324,Shawbrook Group plc/ADR,,,Unknown
KPET-UN,2095297,KPET Ultra Paceline Corp,6770,Blank Checks,Other / Financial / Services
KPET-WT,2095297,KPET Ultra Paceline Corp,6770,Blank Checks,Other / Financial / Services
BHAVU,2097288,BHAV Acquisition Corp,6770,Blank Checks,Other / Financial / Services
BHAVR,2097288,BHAV Acquisition Corp,6770,Blank Checks,Other / Financial / Services
GCGRW,2108962,General Catalyst Global Resilience Merger Corp.,6770,Blank Checks,Other / Financial / Services
GCGRU,2108962,General Catalyst Global Resilience Merger Corp.,6770,Blank Checks,Other / Financial / Services
KATJF,2109545,Knowledge Atlas Technology Joint Stock Co Limited/ADR,,,Unknown
MTAL-UN,2107724,Metals Acquisition Corp. II,6770,Blank Checks,Other / Financial / Services
MTAL-WT,2107724,Metals Acquisition Corp. II,6770,Blank Checks,Other / Financial / Services
SWCPF,2107960,SWCC Corp/ADR,,,Unknown
ODERF,2108124,"Odakyu Electric Railway Co., Ltd./ADR",,,Unknown
ZJNGF,2093654,Zijin Gold International Co Limited/ADR,,,Unknown
MAWAF,2093667,"Maruwa Co., Ltd./ADR",,,Unknown
NGSCF,2092248,"Nagase & Co., Ltd./ADR",,,Unknown
MUZEW,2093484,Muzero Acquisition Corp,6770,Blank Checks,Other / Financial / Services
MUZEU,2093484,Muzero Acquisition Corp,6770,Blank Checks,Other / Financial / Services
TMTSU,2097364,Spartacus Acquisition Corp. II,6770,Blank Checks,Other / Financial / Services
TMTSW,2097364,Spartacus Acquisition Corp. II,6770,Blank Checks,Other / Financial / Services
DTREF,2127860,DATELINE RESOURCES LTD/ADR,,,Unknown
ENRDW,2095096,Einride AB,7373,Services-Computer Integrated Systems Design,Technology
IPVVU,2105274,"InterPrivate Investment Partners V, Inc.",6770,Blank Checks,Other / Financial / Services
YMATF,2108185,Azbil Corporation/ADR,,,Unknown
GSRVR,2111762,GSR V Acquisition Corp.,6770,Blank Checks,Other / Financial / Services
GSRVU,2111762,GSR V Acquisition Corp.,6770,Blank Checks,Other / Financial / Services
HCICR,2099093,Hennessy Capital Investment Corp. VIII,6770,Blank Checks,Other / Financial / Services
HCICU,2099093,Hennessy Capital Investment Corp. VIII,6770,Blank Checks,Other / Financial / Services
BRKHU,2098707,Burtech Acquisition Corp II,6770,Blank Checks,Other / Financial / Services
BGTCF,2098425,"Beijing Geekplus Technology Co., Ltd./ADR",,,Unknown
RFAMR,2091712,RF Acquisition Corp III,6770,Blank Checks,Other / Financial / Services
RFAMU,2091712,RF Acquisition Corp III,6770,Blank Checks,Other / Financial / Services
CNDHF,2091663,CONDUIT HOLDINGS LTD/ADR,,,Unknown
TOETF,2089506,TOSEI CORP/ADR,,,Unknown
BRUNW,2090646,Boost Run Inc.,7374,Services-Computer Processing & Data Preparation,Technology
MIACU,2136530,Meridian3 Industrials Acquisition Corp,6770,Blank Checks,Other / Financial / Services
NHKGF,2087500,NHK Spring Co. Ltd/ADR,,,Unknown
CSHRW,2087587,CoinShares PLC,6211,"Security Brokers, Dealers & Flotation Companies",Other / Financial / Services
PCCOF,2089174,Paltac Corporation/ADR,,,Unknown
ITHLF,2134539,Ithaca Energy PLC/ADR,,,Unknown
FDMMU,2129659,Freedom Metals Acquisition Corp.,6770,Blank Checks,Other / Financial / Services
FXACW,2121703,FortuneX Acquisition Corp,6770,Blank Checks,Other / Financial / Services
FXACU,2121703,FortuneX Acquisition Corp,6770,Blank Checks,Other / Financial / Services
ISNRU,2123475,Snow Rothschild Acquisition Corp.,6770,Blank Checks,Other / Financial / Services
FWACU,2116105,Futurewave Acquisition Corp,6770,Blank Checks,Other / Financial / Services
EULIF,2127859,EUROPEAN LITHIUM LTD/ADR,,,Unknown
FTRA-UN,2131853,FutureCorp Space Acquisition 1,6770,Blank Checks,Other / Financial / Services
OSOPF,2137358,Osotspa Public Co Limited/ADR,,,Unknown
SUMAU,2105838,SUMA Acquisition Corp,6770,Blank Checks,Other / Financial / Services
SUMAR,2105838,SUMA Acquisition Corp,6770,Blank Checks,Other / Financial / Services
YMTKF,2107946,Yamato Kogyo Co. Ltd/ADR,,,Unknown
KELRF,2107989,Keisei Electric Railway Co. Ltd/ADR,,,Unknown
PONOR,2108164,"Pono Capital Four, Inc.",6770,Blank Checks,Other / Financial / Services
LTGRU,2104177,Long Table Growth Corp.,6770,Blank Checks,Other / Financial / Services
AACPW,2102123,Apogee Acquisition Corp,6770,Blank Checks,Other / Financial / Services
AACPU,2102123,Apogee Acquisition Corp,6770,Blank Checks,Other / Financial / Services
AACPR,2102123,Apogee Acquisition Corp,6770,Blank Checks,Other / Financial / Services
QLEP-WT,2102155,Quantum Leap Acquisition Corp,6770,Blank Checks,Other / Financial / Services
CVCCF,2120046,CVC Capital Partners plc/ADR,,,Unknown
SKHYV,2120882,SK hynix Inc.,3674,Semiconductors & Related Devices,Industrials
PONOU,2108164,"Pono Capital Four, Inc.",6770,Blank Checks,Other / Financial / Services
TKMSF,2124215,TKMS AG & CO. KGAA/ADR,,,Unknown
ALPXR,2125551,Alpex Acquisition Corp,6770,Blank Checks,Other / Financial / Services
ALPXW,2125551,Alpex Acquisition Corp,6770,Blank Checks,Other / Financial / Services
ALPXU,2125551,Alpex Acquisition Corp,6770,Blank Checks,Other / Financial / Services
CSGNF,2127852,CSG N.V./ADR,,,Unknown
JABRU,2128739,JAB Acquisition Corp I,6770,Blank Checks,Other / Financial / Services
BELGF,2127839,Bellevue Gold Ltd./ADR,,,Unknown
ATALF,2127653,American Tungsten & Antimony Ltd,,,Unknown
ORGJF,2142762,Organo Corporation/ADR,,,Unknown
ACAAW,2096900,Averin Capital Acquisition Corp.,6770,Blank Checks,Other / Financial / Services
ACAAU,2096900,Averin Capital Acquisition Corp.,6770,Blank Checks,Other / Financial / Services
PALOW,2101562,PALOMA ACQUISITION CORP I,6770,Blank Checks,Other / Financial / Services
PALOU,2101562,PALOMA ACQUISITION CORP I,6770,Blank Checks,Other / Financial / Services
FTHAU,2097986,Forefront Tech Holdings Acquisition Corp,6770,Blank Checks,Other / Financial / Services
FTHAW,2097986,Forefront Tech Holdings Acquisition Corp,6770,Blank Checks,Other / Financial / Services
OSPRU,2113481,Osprey Acquisition Corp. III,6770,Blank Checks,Other / Financial / Services
CAIIU,2115404,Collective Acquisition Corp. II,6770,Blank Checks,Other / Financial / Services
CAIIW,2115404,Collective Acquisition Corp. II,6770,Blank Checks,Other / Financial / Services
IACQW,2122505,Irenic Acquisition Corp.,6770,Blank Checks,Other / Financial / Services
IACQU,2122505,Irenic Acquisition Corp.,6770,Blank Checks,Other / Financial / Services
ACGCU,2111542,ACP Holdings Acquisition Corp.,6770,Blank Checks,Other / Financial / Services
ACGCW,2111542,ACP Holdings Acquisition Corp.,6770,Blank Checks,Other / Financial / Services
