ticker,cik,company
NVDA,1045810,NVIDIA CORP
AAPL,320193,Apple Inc.
GOOGL,1652044,Alphabet Inc.
MSFT,789019,MICROSOFT CORP
AMZN,1018724,AMAZON COM INC
AVGO,1730168,Broadcom Inc.
META,1326801,"Meta Platforms, Inc."
TSLA,1318605,"Tesla, Inc."
MU,723125,MICRON TECHNOLOGY INC
BRK-B,1067983,BERKSHIRE HATHAWAY INC
LLY,59478,ELI LILLY & Co
AMD,2488,ADVANCED MICRO DEVICES INC
WMT,104169,Walmart Inc.
JPM,19617,JPMORGAN CHASE & CO
ASML,937966,ASML HOLDING NV
V,1403161,VISA INC.
JNJ,200406,JOHNSON & JOHNSON
XOM,2115436,ExxonMobil Holdings Corp
INTC,50863,INTEL CORP
AMAT,6951,APPLIED MATERIALS INC /DE
CSCO,858877,"CISCO SYSTEMS, INC."
MA,1141391,Mastercard Inc
LRCX,707549,LAM RESEARCH CORP
CAT,18230,CATERPILLAR INC
ABBV,1551152,AbbVie Inc.
BAC,70858,BANK OF AMERICA CORP /DE/
ORCL,1341439,ORACLE CORP
COST,909832,COSTCO WHOLESALE CORP /NEW
UNH,731766,UNITEDHEALTH GROUP INC
GE,40545,GENERAL ELECTRIC CO
KO,21344,COCA COLA CO
MS,895421,MORGAN STANLEY
CVX,93410,CHEVRON CORP
ARM,1973239,ARM HOLDINGS PLC /UK
CYATY,2070829,"Contemporary Amperex Technology Co., Limited/ADR"
PG,80424,PROCTER & GAMBLE Co
HD,354950,"HOME DEPOT, INC."
HSBC,1089113,HSBC HOLDINGS PLC
GS,886982,GOLDMAN SACHS GROUP INC
NFLX,1065280,NETFLIX INC
MRK,310158,"Merck & Co., Inc."
PLTR,1321655,Palantir Technologies Inc.
KLAC,319201,KLA CORP
GEV,1996810,GE Vernova Inc.
NVS,1114448,NOVARTIS AG
RY,1000275,ROYAL BANK OF CANADA
SNDK,2023554,Sandisk Corp
DELL,1571996,Dell Technologies Inc.
TXN,97476,TEXAS INSTRUMENTS INC
PM,1413329,Philip Morris International Inc.
IBM,51143,INTERNATIONAL BUSINESS MACHINES CORP
BABA,1577552,Alibaba Group Holding Ltd
AZN,901832,ASTRAZENECA PLC
WFC,72971,WELLS FARGO & COMPANY/MN
KXIAY,2053383,Kioxia Holdings Corporation/ADR
PANW,1327567,Palo Alto Networks Inc
RTX,101829,RTX Corp
LIN,1707925,LINDE PLC
MUFG,67088,MITSUBISHI UFJ FINANCIAL GROUP INC
C,831001,CITIGROUP INC
AXP,4962,AMERICAN EXPRESS CO
ANET,1596532,"Arista Networks, Inc."
SHEL,1306965,Shell plc
NVO,353278,NOVO NORDISK A S
TM,1094517,TOYOTA MOTOR CORP/
BHP,811809,BHP Group Ltd
STX,1137789,Seagate Technology Holdings plc
MRVL,1835632,"Marvell Technology, Inc."
TMUS,1283699,"T-Mobile US, Inc."
WDC,106040,WESTERN DIGITAL CORP
SAN,891478,"Banco Santander, S.A."
TD,947263,TORONTO DOMINION BANK
QCOM,804328,QUALCOMM INC/DE
MCD,63908,MCDONALDS CORP
APH,820313,AMPHENOL CORP /DE/
AMGN,318154,AMGEN INC
TMO,97745,THERMO FISHER SCIENTIFIC INC.
ADI,6281,ANALOG DEVICES INC
CRWD,1535527,"CrowdStrike Holdings, Inc."
PEP,77476,PEPSICO INC
SAP,1000184,SAP SE
NEE,753308,NEXTERA ENERGY INC
RTNTF,887028,RIO TINTO LTD
SCHW,316709,SCHWAB CHARLES CORP
VZ,732712,VERIZON COMMUNICATIONS INC
BA,12927,BOEING CO
TTE,879764,TotalEnergies SE
UNP,100885,UNION PACIFIC CORP
UBS,1610520,UBS Group AG
APP,1751008,AppLovin Corp
BLK,2012383,"BlackRock, Inc."
TJX,109198,TJX COMPANIES INC /DE/
DIS,1744489,Walt Disney Co
SMFG,1022837,"SUMITOMO MITSUI FINANCIAL GROUP, INC."
GLW,24741,CORNING INC /NY
ABT,1800,ABBOTT LABORATORIES
WELL,766704,WELLTOWER INC.
GILD,882095,"GILEAD SCIENCES, INC."
IBKR,1381197,"Interactive Brokers Group, Inc."
SHOP,1594805,SHOPIFY INC.
DE,315189,DEERE & CO
ETN,1551182,Eaton Corp plc
BUD,1668717,Anheuser-Busch InBev SA/NV
UBER,1543151,"Uber Technologies, Inc"
BX,1393818,Blackstone Inc.
SMERY,1830056,Siemens Energy AG/ADR
RIO,863064,RIO TINTO PLC
T,732717,AT&T INC.
SCCO,1001838,SOUTHERN COPPER CORP/
DTEGY,946770,DEUTSCHE TELEKOM AG
ISRG,1035267,INTUITIVE SURGICAL INC
BBVA,842180,"BANCO BILBAO VIZCAYA ARGENTARIA, S.A."
DHR,313616,DANAHER CORP /DE/
PFE,78003,PFIZER INC
BKNG,1075531,Booking Holdings Inc.
HDB,1144967,HDFC BANK LTD
ATEYY,1158838,ADVANTEST CORP
CB,896159,Chubb Ltd
PGR,80661,PROGRESSIVE CORP/OH/
CRM,1108524,"Salesforce, Inc."
PLD,1045609,"Prologis, Inc."
UL,217410,UNILEVER PLC
CVS,64803,CVS HEALTH Corp
HTHIY,47710,HITACHI LTD
COP,1163165,CONOCOPHILLIPS
BTI,1303523,British American Tobacco p.l.c.
MFG,1335730,MIZUHO FINANCIAL GROUP INC
SPGI,64040,S&P Global Inc.
SYK,310764,STRYKER CORP
BMO,927971,BANK OF MONTREAL /CAN/
COF,927628,CAPITAL ONE FINANCIAL CORP
VRT,1674101,Vertiv Holdings Co
VRTX,875320,VERTEX PHARMACEUTICALS INC / MA
SONY,313838,Sony Group Corp
PDD,1737806,PDD Holdings Inc.
PH,76334,Parker-Hannifin Corp
SBUX,829224,STARBUCKS CORP
LMT,936468,LOCKHEED MARTIN CORP
MO,764180,"ALTRIA GROUP, INC."
LOW,60667,LOWES COMPANIES INC
ENB,895728,ENBRIDGE INC
BMY,14272,BRISTOL MYERS SQUIBB CO
FTNT,1262039,"Fortinet, Inc."
NOW,1373715,"ServiceNow, Inc."
PBR,1119639,PETROBRAS - PETROLEO BRASILEIRO SA
HWM,4281,Howmet Aerospace Inc.
IFNNY,1107457,INFINEON TECHNOLOGIES AG
SO,92122,SOUTHERN CO
BNS,9631,BANK OF NOVA SCOTIA
MDT,1613103,Medtronic plc
CM,1045520,CANADIAN IMPERIAL BANK OF COMMERCE /CAN/
TT,1466258,Trane Technologies plc
CDNS,813672,CADENCE DESIGN SYSTEMS INC
GSK,1131399,GSK plc
IBN,1103838,ICICI BANK LTD
SNY,1121404,Sanofi
BNY,1390777,Bank of New York Mellon Corp
SNHIY,2098326,"Sany Heavy Industries Co., Ltd./ADR"
EQIX,1101239,EQUINIX INC
PNC,713676,"PNC FINANCIAL SERVICES GROUP, INC."
NEM,1164727,NEWMONT Corp /DE/
GD,40533,GENERAL DYNAMICS CORP
HOOD,1783879,"Robinhood Markets, Inc."
BP,313807,BP PLC
MAR,1048286,MARRIOTT INTERNATIONAL INC /MD/
PWR,1050915,"QUANTA SERVICES, INC."
SPOT,1639920,Spotify Technology S.A.
DUK,1326160,Duke Energy CORP
BN,1001085,BROOKFIELD Corp /ON/
USB,36104,US BANCORP DE
ADP,8670,AUTOMATIC DATA PROCESSING INC
UPS,1090727,UNITED PARCEL SERVICE INC
ITUB,1132597,Itau Unibanco Holding S.A.
MELI,1099590,MERCADOLIBRE INC
NET,1477333,"Cloudflare, Inc."
MNST,865752,Monster Beverage Corp
CMI,26172,CUMMINS INC
MCK,927653,MCKESSON CORP
ASX,1122411,"ASE Technology Holding Co., Ltd."
WM,823768,WASTE MANAGEMENT INC
BCS,312069,BARCLAYS PLC
ING,1039765,ING GROEP NV
DDOG,1561550,"Datadog, Inc."
CSX,277948,CSX CORP
WMB,107263,"WILLIAMS COMPANIES, INC."
KKR,1404912,KKR & Co. Inc.
SNOW,1640147,Snowflake Inc.
ELV,1156039,"Elevance Health, Inc."
HCA,860730,"HCA Healthcare, Inc."
CEG,1868275,Constellation Energy Corp
ADBE,796343,ADOBE INC.
FCX,831259,FREEPORT-MCMORAN INC
ABNB,1559720,"Airbnb, Inc."
JCI,833444,Johnson Controls International plc
LYG,1160106,Lloyds Banking Group plc
CNQ,1017413,CANADIAN NATURAL RESOURCES Ltd
CME,1156375,CME GROUP INC.
MRSH,62709,"MARSH & MCLENNAN COMPANIES, INC."
MGCLY,2039784,"Midea Group Co., Ltd./ADR"
SNPS,883241,SYNOPSYS INC
MCO,1059556,MOODYS CORP /DE/
CMCSA,1166691,COMCAST CORP
DASH,1792789,"DoorDash, Inc."
ACN,1467373,Accenture plc
SHW,89800,SHERWIN WILLIAMS CO
VLO,1035002,VALERO ENERGY CORP/TX
SPG,1063761,SIMON PROPERTY GROUP INC.
NGG,1004315,NATIONAL GRID PLC
MMM,66740,3M CO
NTES,1110646,"NetEase, Inc."
MPC,1510295,Marathon Petroleum Corp
EPD,1061219,ENTERPRISE PRODUCTS PARTNERS L.P.
CP,16875,CANADIAN PACIFIC KANSAS CITY LTD/CN
EQNR,1140625,EQUINOR ASA
AMT,1053507,AMERICAN TOWER CORP /MA/
EMR,32604,EMERSON ELECTRIC CO
AMX,1129137,AMERICA MOVIL SAB DE CV/
ITW,49826,ILLINOIS TOOL WORKS INC
ECL,31462,ECOLAB INC.
CI,1739940,Cigna Group
RCL,884887,ROYAL CARIBBEAN CRUISES LTD
HLT,1585689,Hilton Worldwide Holdings Inc.
NOC,1133421,NORTHROP GRUMMAN CORP /DE/
ICE,1571949,"Intercontinental Exchange, Inc."
AON,315293,Aon plc
CNI,16868,CANADIAN NATIONAL RAILWAY CO
MDLZ,1103982,"Mondelez International, Inc."
PSX,1534701,Phillips 66
INTU,896878,INTUIT INC.
FDX,1048911,FEDEX CORP
BAM,1937926,Brookfield Asset Management Ltd.
CL,21665,COLGATE PALMOLIVE CO
NSC,702165,NORFOLK SOUTHERN CORP
NXPI,1413447,NXP Semiconductors N.V.
AEP,4904,AMERICAN ELECTRIC POWER CO INC
BAESY,895564,BAE SYSTEMS PLC /FI/
AEM,2809,AGNICO EAGLE MINES LTD
CVNA,1690820,CARVANA CO.
MDLN,2046386,Medline Inc.
TDG,1260221,TransDigm Group INC
HON,773840,HONEYWELL INTERNATIONAL INC
TRV,86312,"TRAVELERS COMPANIES, INC."
CTAS,723254,CINTAS CORP
SLB,87347,SLB LIMITED/NV
ORLY,898173,O REILLY AUTOMOTIVE INC
KMI,1506307,"KINDER MORGAN, INC."
ROST,745732,"ROSS STORES, INC."
EOG,821189,EOG RESOURCES INC
NWG,844150,NatWest Group plc
GM,1467858,General Motors Co
ALAB,1736297,"Astera Labs, Inc."
MSI,68505,"Motorola Solutions, Inc."
CRH,849395,CRH PUBLIC LTD CO
HONA,2089271,Honeywell Aerospace Inc.
TRP,1232384,TC ENERGY CORP
APO,1858681,"Apollo Global Management, Inc."
NOK,924613,NOKIA CORP
SE,1703399,Sea Ltd
REGN,872589,"REGENERON PHARMACEUTICALS, INC."
SU,311337,SUNCOR ENERGY INC
URI,1067701,"UNITED RENTALS, INC."
E,1002242,ENI SPA
BE,1664703,Bloom Energy Corp
MFC,1086888,MANULIFE FINANCIAL CORP
DB,1159508,DEUTSCHE BANK AKTIENGESELLSCHAFT
DLR,1297996,"DIGITAL REALTY TRUST, INC."
ET,1276187,Energy Transfer LP
RSG,1060391,"REPUBLIC SERVICES, INC."
APD,2969,"Air Products & Chemicals, Inc."
NU,1691493,Nu Holdings Ltd.
WBD,1437107,"Warner Bros. Discovery, Inc."
RACE,1648416,Ferrari N.V.
MPWR,1280452,MONOLITHIC POWER SYSTEMS INC
NKE,320187,"NIKE, Inc."
PCAR,75362,PACCAR INC
BSX,885725,BOSTON SCIENTIFIC CORP
GWW,277135,"W.W. GRAINGER, INC."
CIEN,936395,CIENA CORP
AJG,354190,Arthur J. Gallagher & Co.
TFC,92230,TRUIST FINANCIAL CORP
ALL,899051,ALLSTATE CORP
HPE,1645590,Hewlett Packard Enterprise Co
STM,932787,STMicroelectronics N.V.
COHR,820318,COHERENT CORP.
AFL,4977,AFLAC INC
FIX,1035983,COMFORT SYSTEMS USA INC
VALE,917851,Vale S.A.
D,715957,"DOMINION ENERGY, INC"
SRE,1032208,SEMPRA
B,756894,BARRICK MINING CORP
UMC,1033767,UNITED MICROELECTRONICS CORP
LITE,1633978,Lumentum Holdings Inc.
TGT,27419,TARGET CORP
IMO,49938,IMPERIAL OIL LTD
COR,1140859,"Cencora, Inc."
MET,1099219,METLIFE INC
O,726728,REALTY INCOME CORP
TEL,1385157,TE Connectivity plc
TRGP,1389170,Targa Resources Corp.
GWLIF,850918,GREAT-WEST LIFECO INC.
LSEGY,1842726,London Stock Exchange Group plc
CARR,1783180,CARRIER GLOBAL Corp
MPLX,1552000,MPLX LP
DAL,27904,"DELTA AIR LINES, INC."
BKR,1701605,Baker Hughes Co
CTVA,1755672,"Corteva, Inc."
RELX,929869,RELX PLC
OKE,1039684,ONEOK INC /NEW/
EONGY,1136808,E.ON SE
NBIS,1513845,Nebius Group N.V.
TER,97210,"TERADYNE, INC"
F,37996,FORD MOTOR CO
PSA,1393311,Public Storage
KEYS,1601046,"Keysight Technologies, Inc."
CAH,721371,CARDINAL HEALTH INC
ARGX,1697862,ARGENX SE
TRMOY,2071881,Tourmaline Oil Corp/ADR
LHX,202058,"L3HARRIS TECHNOLOGIES, INC. /DE/"
AME,1037868,AMETEK INC/
FAST,815556,FASTENAL CO
LNG,3570,"Cheniere Energy, Inc."
ETR,65984,ENTERGY CORP /DE/
VST,1692819,Vistra Corp.
TAK,1395064,TAKEDA PHARMACEUTICAL CO LTD
EW,1099800,Edwards Lifesciences Corp
ROK,1024478,"ROCKWELL AUTOMATION, INC"
OXY,797468,OCCIDENTAL PETROLEUM CORP /DE/
EBAY,1065088,EBAY INC
FITB,35527,FIFTH THIRD BANCORP
EA,712515,ELECTRONIC ARTS INC.
NUE,73309,NUCOR CORP
FANG,1539838,"Diamondback Energy, Inc."
RKLB,1819994,Rocket Lab Corp
GALDY,2021390,Galderma Group AG/ADR
MT,1243429,ArcelorMittal
SMTOY,95227,SUMITOMO ELECTRIC INDUSTRIES LTD/ADR/
AZO,866787,AUTOZONE INC
WPM,1323404,Wheaton Precious Metals Corp.
XEL,72903,XCEL ENERGY INC
STT,93751,STATE STREET CORP
NDAQ,1120193,"NASDAQ, INC."
FLEX,866374,FLEX LTD.
CRWV,1769628,"CoreWeave, Inc."
HEI,46619,HEICO CORP
CVE,1475260,CENOVUS ENERGY INC.
DVN,1090012,DEVON ENERGY CORP/DE
CRDO,1807794,Credo Technology Group Holding Ltd
MCHP,827054,MICROCHIP TECHNOLOGY INC
ABEV,1565025,AMBEV S.A.
EXC,1109357,EXELON CORP
CBRS,2021728,Cerebras Systems Inc.
ODFL,878927,"OLD DOMINION FREIGHT LINE, INC."
GRMN,1121788,GARMIN LTD
HUM,49071,HUMANA INC
CCEP,1650107,COCA-COLA EUROPACIFIC PARTNERS plc
FER,1468522,Ferrovial N.V.
XYZ,1512673,"Block, Inc."
TTWO,946581,TAKE TWO INTERACTIVE SOFTWARE INC
AXON,1069183,"AXON ENTERPRISE, INC."
DEO,835403,DIAGEO PLC
YUM,1041061,YUM BRANDS INC
AMP,820027,AMERIPRISE FINANCIAL INC
AGGI,1109262,"BILI Social International, Inc."
CMG,1058090,CHIPOTLE MEXICAN GRILL INC
JHPCY,2071868,"Jiangsu Hengrui Pharmaceuticals Co., Ltd./ADR"
WAB,943452,WESTINGHOUSE AIR BRAKE TECHNOLOGIES CORP
VIK,1745201,Viking Holdings Ltd
IDXX,874716,IDEXX LABORATORIES INC /DE
SLF,1097362,SUN LIFE FINANCIAL INC
INFY,1067491,Infosys Ltd
FERG,2011641,Ferguson Enterprises Inc. /DE/
IX,1070304,ORIX CORP
MSCI,1408198,MSCI Inc.
ADSK,769397,"Autodesk, Inc."
KB,1445930,KB Financial Group Inc.
VTR,740260,"Ventas, Inc."
FMX,1061736,MEXICAN ECONOMIC DEVELOPMENT INC
WCN,1318220,"Waste Connections, Inc."
DHI,882184,HORTON D R INC /DE/
HLN,1900304,Haleon plc
KDP,1418135,Keurig Dr Pepper Inc.
COIN,1679788,"Coinbase Global, Inc."
CCJ,1009001,CAMECO CORP
LYV,1335258,"Live Nation Entertainment, Inc."
AIG,5272,"AMERICAN INTERNATIONAL GROUP, INC."
BDX,10795,BECTON DICKINSON & CO
AU,1973832,AngloGold Ashanti PLC
CSLLY,1274152,CSL LTD
CBRE,1138118,"CBRE GROUP, INC."
UAL,100517,"United Airlines Holdings, Inc."
CLS,1030894,CELESTICA INC
ED,1047862,CONSOLIDATED EDISON INC
RKT,1805284,"Rocket Companies, Inc."
PYPL,1633917,"PayPal Holdings, Inc."
BMWKY,1446250,Bayerische Motoren Werke AG/ADR
ARES,1176948,Ares Management Corp
PEG,788784,PUBLIC SERVICE ENTERPRISE GROUP INC
ALNY,1178670,"ALNYLAM PHARMACEUTICALS, INC."
PRU,1137774,PRUDENTIAL FINANCIAL INC
SYY,96021,SYSCO CORP
BIDU,1329099,"Baidu, Inc."
RBLX,1315098,Roblox Corp
RVMD,1628171,"Revolution Medicines, Inc."
SCMWY,1069336,SWISSCOM AG
FNV,1456346,FRANCO NEVADA Corp
UNVGY,1890126,Universal Music Group N.V./ADR
TRI,1075124,THOMSON REUTERS CORP /CAN/
JBS,1791942,JBS N.V.
NTRA,1604821,"Natera, Inc."
BBD,1160330,BANK BRADESCO
TEVA,818686,TEVA PHARMACEUTICAL INDUSTRIES LTD
ADM,7084,Archer-Daniels-Midland Co
VMC,1396009,Vulcan Materials CO
PAYX,723531,PAYCHEX INC
WDS,844551,WOODSIDE ENERGY GROUP LTD
JD,1549802,"JD.com, Inc."
GFS,1709048,GLOBALFOUNDRIES Inc.
HIG,874766,"HARTFORD INSURANCE GROUP, INC."
ERIC,717826,ERICSSON LM TELEPHONE CO
A,1090872,"AGILENT TECHNOLOGIES, INC."
PCG,1004980,PG&E Corp
KVUE,1944048,Kenvue Inc.
WEC,783325,"WEC ENERGY GROUP, INC."
KMB,55785,KIMBERLY CLARK CORP
RDDT,1713445,"Reddit, Inc."
ON,1097864,ON SEMICONDUCTOR CORP
KR,56873,KROGER CO
WAT,1000697,WATERS CORP /DE/
CCL,815097,Carnival Corp Ltd.
HBAN,49196,HUNTINGTON BANCSHARES INC /MD/
HMC,715153,HONDA MOTOR CO LTD
ROP,882835,ROPER TECHNOLOGIES INC
IRM,1020569,IRON MOUNTAIN INC
DLMAY,2073893,Dollarama Inc./ADR
MTB,36270,M&T BANK CORP
TKO,1973266,"TKO Group Holdings, Inc."
ESLT,1027664,ELBIT SYSTEMS LTD
ACGL,947484,ARCH CAPITAL GROUP LTD.
PUK,1116578,PRUDENTIAL PLC
HSY,47111,HERSHEY CO
MLM,916076,MARTIN MARIETTA MATERIALS INC
EME,105634,"EMCOR Group, Inc."
JBL,898293,JABIL INC
CCI,1051470,CROWN CASTLE INC.
SHG,1263043,SHINHAN FINANCIAL GROUP CO LTD
IQV,1478242,IQVIA HOLDINGS INC.
QSR,1618756,Restaurant Brands International Inc.
WDAY,1327811,"Workday, Inc."
FRFHF,915191,FAIRFAX FINANCIAL HOLDINGS LTD/ CAN
VOD,839923,VODAFONE GROUP PUBLIC LTD CO
NTRS,73124,NORTHERN TRUST CORP
CPNG,1834584,"Coupang, Inc."
RYAAY,1038683,RYANAIR HOLDINGS PLC
MSTR,1050446,Strategy Inc
NTAP,1002047,"NetApp, Inc."
UI,1511737,Ubiquiti Inc.
ALC,1167379,ALCON INC
CNC,1071739,CENTENE CORP
RJF,720005,RAYMOND JAMES FINANCIAL INC
RSHGY,1447391,RESONA HOLDINGS INC
TWLO,1447669,TWILIO INC
STLD,1022671,STEEL DYNAMICS INC
RPRX,1802768,Royalty Pharma plc
EXPE,1324424,"Expedia Group, Inc."
CHT,1132924,CHUNGHWA TELECOM CO LTD
ZTS,1555280,Zoetis Inc.
EC,1444406,ECOPETROL S.A.
BAP,1001290,CREDICORP LTD
EXR,1289490,Extra Space Storage Inc.
NTR,1725964,Nutrien Ltd.
DTE,936340,DTE ENERGY CO
AEE,1002910,AMEREN CORP
ONC,1651308,BeOne Medicines Ltd.
IR,1699150,Ingersoll Rand Inc.
LVS,1300514,LAS VEGAS SANDS CORP
SUNB,2083785,"Sunbelt Rentals Holdings, Inc."
VEEV,1393052,VEEVA SYSTEMS INC
GFI,1172724,GOLD FIELDS LTD
CQP,1383650,"Cheniere Energy Partners, L.P."
VG,2007855,"Venture Global, Inc."
EQT,33213,EQT Corp
CASY,726958,CASEYS GENERAL STORES INC
Q,2058873,"Qnity Electronics, Inc."
NRG,1013871,"NRG ENERGY, INC."
EL,1001250,ESTEE LAUDER COMPANIES INC
CFG,759944,CITIZENS FINANCIAL GROUP INC/RI
RMD,943819,RESMED INC
KHC,1637459,Kraft Heinz Co
TDY,1094285,TELEDYNE TECHNOLOGIES INC
MTZ,15615,MASTEC INC
BIIB,875045,BIOGEN INC.
TECK,886986,TECK RESOURCES LTD
GEHC,1932393,GE HealthCare Technologies Inc.
ATO,731802,ATMOS ENERGY CORP
DOV,29905,DOVER Corp
FTS,1666175,Fortis Inc.
FICO,814547,FAIR ISAAC CORP
CRS,17843,CARPENTER TECHNOLOGY CORP
DXCM,1093557,DEXCOM INC
ILMN,1110803,"ILLUMINA, INC."
XYL,1524472,Xylem Inc.
EIX,827052,EDISON INTERNATIONAL
KGC,701818,KINROSS GOLD CORP
TPR,1116132,"TAPESTRY, INC."
HAL,45012,HALLIBURTON CO
VICI,1705696,VICI PROPERTIES INC.
CNP,1130310,CENTERPOINT ENERGY INC
FTI,1681459,TechnipFMC plc
ASTS,1780312,"AST SpaceMobile, Inc."
NMR,1163653,NOMURA HOLDINGS INC
AMRZ,2035989,Amrize Ltd
ES,72741,EVERSOURCE ENERGY
OTIS,1781335,Otis Worldwide Corp
TS,1190723,TENARIS SA
CW,26324,CURTISS WRIGHT CORP
ECHO,1415404,EchoStar CORP
CBOE,1374310,"Cboe Global Markets, Inc."
CINF,20286,CINCINNATI FINANCIAL CORP
AFRM,1820953,"Affirm Holdings, Inc."
MDB,1441816,"MongoDB, Inc."
FE,1031296,FIRSTENERGY CORP
PBA,1546066,PEMBINA PIPELINE CORP
FSNUY,904868,Fresenius SE & Co. KGaA
WTW,1140536,WILLIS TOWERS WATSON PLC
KBGGY,1535759,Kongsberg Gruppen ASA/ADR
TPL,1811074,Texas Pacific Land Corp
AVB,915912,AVALONBAY COMMUNITIES INC
MRNA,1682852,"Moderna, Inc."
PPL,922224,PPL Corp
TCOM,1269238,Trip.com Group Ltd
FISV,798354,FISERV INC
WRB,11544,BERKLEY W R CORP
PHG,313216,KONINKLIJKE PHILIPS NV
RF,1281761,REGIONS FINANCIAL CORP
P,1474432,"Everpure, Inc."
CHLSY,1885110,Chocoladefabriken Lindt & Spruengli AG/ADR
EQR,906107,EQUITY RESIDENTIAL
JBHT,728535,HUNT J B TRANSPORT SERVICES INC
SYM,1837240,Symbotic Inc.
ZM,1585521,"Zoom Communications, Inc."
MTD,1037646,METTLER TOLEDO INTERNATIONAL INC/
PPG,79879,PPG INDUSTRIES INC
WSM,719955,WILLIAMS SONOMA INC
HUBB,48898,HUBBELL INC
DG,29534,DOLLAR GENERAL CORP
NVT,1720635,nVent Electric plc
RIVN,1874178,"Rivian Automotive, Inc. / DE"
ROIV,1635088,Roivant Sciences Ltd.
GELHY,1474968,Geely Automobile Holdings Limited/ADR
CPRT,900075,COPART INC
ATI,1018963,ATI INC
TROW,1113169,PRICE T ROWE GROUP INC
AWK,1410636,"American Water Works Company, Inc."
LPLA,1397911,LPL Financial Holdings Inc.
KEY,91576,KEYCORP /NEW/
TSEM,928876,TOWER SEMICONDUCTOR LTD
WST,105770,WEST PHARMACEUTICAL SERVICES INC
MKSI,1049502,MKS INC
INSM,1104506,INSMED Inc
INIO,2109150,INNIO N.V.
FSLR,1274494,"FIRST SOLAR, INC."
IHG,858446,INTERCONTINENTAL HOTELS GROUP PLC /NEW/
VRSN,1014473,VERISIGN INC/CA
XPO,1166003,"XPO, Inc."
MKL,1096343,MARKEL GROUP INC.
FCNCA,798941,FIRST CITIZENS BANCSHARES INC /DE/
SYF,1601712,Synchrony Financial
OKTA,1660134,"Okta, Inc."
VRSK,1442145,"Verisk Analytics, Inc."
FFIV,1048695,"F5, INC."
PFG,1126328,PRINCIPAL FINANCIAL GROUP INC
WWD,108312,"Woodward, Inc."
SOFI,1818874,"SoFi Technologies, Inc."
DLTR,935703,"DOLLAR TREE, INC."
PHM,822416,PULTEGROUP INC/MI/
L,60086,LOEWS CORP
AER,1378789,AerCap Holdings N.V.
RL,1037038,RALPH LAUREN CORP
LUV,92380,SOUTHWEST AIRLINES CO
DRI,940944,DARDEN RESTAURANTS INC
AXIA,1439124,AXIA Energia S.A.
MTSI,1493594,"MACOM Technology Solutions Holdings, Inc."
SW,2005951,Smurfit Westrock plc
CMS,811156,CMS ENERGY CORP
OMC,29989,OMNICOM GROUP INC.
BNTX,1776985,BioNTech SE
UTHR,1082554,UNITED THERAPEUTICS Corp
INCY,879169,INCYTE CORP
CPAY,1175454,"CORPAY, INC."
DGX,1022079,QUEST DIAGNOSTICS INC
BRO,79282,"BROWN & BROWN, INC."
FTAI,1590364,FTAI Aviation Ltd.
CHD,313927,CHURCH & DWIGHT CO INC /DE/
STZ,16918,"CONSTELLATION BRANDS, INC."
VLTO,1967680,Veralto Corp
LH,920148,LABCORP HOLDINGS INC.
CHRW,1043277,"C. H. ROBINSON WORLDWIDE, INC."
FOXA,1754301,Fox Corp
ZS,1713683,"Zscaler, Inc."
NI,1111711,NISOURCE INC.
TEAM,1650372,Atlassian Corp
EXPD,746515,EXPEDITORS INTERNATIONAL OF WASHINGTON INC
HPQ,47217,HP INC
FWONA,1560385,Liberty Media Corp
VIV,1066119,TELEFONICA BRASIL S.A.
FDXF,2082247,"FedEx Freight Holding Company, Inc."
USFD,1665918,US Foods Holding Corp.
BG,1996862,Bunge Global SA
ENTG,1101302,ENTEGRIS INC
BEP,1533232,Brookfield Renewable Partners L.P.
KOF,910631,COCA COLA FEMSA SAB DE CV
FIS,1136893,"Fidelity National Information Services, Inc."
SN,1957132,"SharkNinja, Inc."
HKHHY,1142231,HEINEKEN HOLDING N V
ROL,84839,ROLLINS INC
TW,1758730,Tradeweb Markets Inc.
IOT,1642896,Samsara Inc.
GH,1576280,"Guardant Health, Inc."
SBS,1170858,COMPANHIA DE SANEAMENTO BASICO DO ESTADO DE SAO PAULO-SABESP
EDPFY,1039610,EDP ENERGIAS DE PORTUGAL SA
STE,1757898,STERIS plc
STRL,874238,"STERLING INFRASTRUCTURE, INC."
SQM,909037,CHEMICAL & MINING CO OF CHILE INC
SNA,91440,Snap-on Inc
BSP,2004711,Bending Spoons S.p.A.
DOW,1751788,DOW INC.
ROKU,1428439,"ROKU, INC"
BURL,1579298,"Burlington Stores, Inc."
EXE,895126,EXPAND ENERGY Corp
HSAI,1861737,Hesai Group
GPN,1123360,GLOBAL PAYMENTS INC
BCH,1161125,BANK OF CHILE
CHTR,1091667,"CHARTER COMMUNICATIONS, INC. /MO/"
PKG,75677,PACKAGING CORP OF AMERICA
LEN,920760,LENNAR CORP /NEW/
RBA,1046102,RB GLOBAL INC.
TSN,100493,"TYSON FOODS, INC."
BSBR,1471055,Banco Santander (Brasil) S.A.
SNX,1177394,TD SYNNEX CORP
IP,51434,INTERNATIONAL PAPER CO /NEW/
ULTA,1403568,"Ulta Beauty, Inc."
ESS,920522,"ESSEX PROPERTY TRUST, INC."
TELNY,1126113,TELENOR ASA
CTSH,1058290,COGNIZANT TECHNOLOGY SOLUTIONS CORP
AS,1988894,"Amer Sports, Inc."
AMCR,1748790,Amcor plc
SBAC,1034054,SBA COMMUNICATIONS CORP
EFX,33185,EQUIFAX INC
BCE,718940,BCE INC
IFF,51253,INTERNATIONAL FLAVORS & FRAGRANCES INC
CIB,2058897,Grupo Cibest S.A.
EVRG,1711269,"Evergy, Inc."
LNT,352541,ALLIANT ENERGY CORP
DKS,1089063,"DICK'S SPORTING GOODS, INC."
FLUT,1635327,Flutter Entertainment plc
LII,1069202,LENNOX INTERNATIONAL INC
GIS,40704,GENERAL MILLS INC
RS,861884,"RELIANCE, INC."
SOAGY,1715801,Sartorius AG/ADR
FTV,1659166,Fortive Corp
RBC,1324948,RBC Bearings INC
LSCC,855658,LATTICE SEMICONDUCTOR CORP
VTRS,1792044,Viatris Inc
SITM,1451809,SITIME Corp
SMCI,1375365,"Super Micro Computer, Inc."
YPF,904851,YPF SOCIEDAD ANONIMA
TLN,1622536,Talen Energy Corp
MAIR,2098430,Madison Air Solutions Corp
WIT,1123799,WIPRO LTD
WES,1423902,"Western Midstream Partners, LP"
AKAM,1086222,AKAMAI TECHNOLOGIES INC
QNT,2110105,Quantinuum Inc.
PAAS,771992,PAN AMERICAN SILVER CORP
DD,1666700,"DuPont de Nemours, Inc."
CDW,1402057,CDW Corp
LYB,1489393,LyondellBasell Industries N.V.
APG,1796209,APi Group Corp
ZTO,1677250,ZTO Express (Cayman) Inc.
H,1468174,Hyatt Hotels Corp
EWBC,1069157,EAST WEST BANCORP INC
CX,1076378,CEMEX SAB DE CV
CF,1324404,"CF Industries Holdings, Inc."
RCI,733099,ROGERS COMMUNICATIONS INC
PFGC,1618673,Performance Food Group Co
GMAB,1434265,GENMAB A/S
GPC,40987,GENUINE PARTS CO
ASND,1612042,Ascendis Pharma A/S
NBIX,914475,NEUROCRINE BIOSCIENCES INC
ZBH,1136869,"ZIMMER BIOMET HOLDINGS, INC."
AMKR,1047127,"AMKOR TECHNOLOGY, INC."
MGA,749098,MAGNA INTERNATIONAL INC
BEN,38777,FRANKLIN RESOURCES INC
THC,70318,TENET HEALTHCARE CORP
CRCL,1876042,"Circle Internet Group, Inc."
INVH,1687229,Invitation Homes Inc.
ITT,216228,ITT INC.
NVR,906163,NVR INC
ULS,1901440,UL Solutions Inc.
BBY,764478,BEST BUY CO INC
RBRK,1943896,"Rubrik, Inc."
BEKE,1809587,KE Holdings Inc.
ARXS,2093536,"Arxis, Inc."
NXT,1852131,Nextpower Inc.
BWXT,1486957,"BWX Technologies, Inc."
KSPI,1985487,Joint Stock Co Kaspi.kz
TOST,1650164,"Toast, Inc."
FN,1408710,Fabrinet
BR,1383312,"BROADRIDGE FINANCIAL SOLUTIONS, INC."
WY,106535,WEYERHAEUSER CO
BBIO,1743881,"BridgeBio Pharma, Inc."
NLY,1043219,ANNALY CAPITAL MANAGEMENT INC
RGLD,85535,ROYAL GOLD INC
KIM,879101,KIMCO REALTY CORP
LTM,1047716,LATAM AIRLINES GROUP S.A.
IEX,832101,IDEX CORP /DE/
CDE,215466,"Coeur Mining, Inc."
BALL,9389,BALL Corp
PR,1658566,Permian Resources Corp
TPG,1880661,TPG Inc.
TU,868675,TELUS CORP
DIDIY,1764757,DiDi Global Inc.
EMA,1127248,EMERA INC
WCC,929008,WESCO INTERNATIONAL INC
TIGO,912958,MILLICOM INTERNATIONAL CELLULAR SA
CG,1527166,Carlyle Group Inc.
IONQ,1824920,"IonQ, Inc."
GRAB,1855612,Grab Holdings Ltd
NDSN,72331,NORDSON CORP
PAA,1070423,PLAINS ALL AMERICAN PIPELINE LP
SSNC,1402436,SS&C Technologies Holdings Inc
CLH,822818,CLEAN HARBORS INC
HST,1070750,"HOST HOTELS & RESORTS, INC."
ONTO,704532,ONTO INNOVATION INC.
BSAC,1027552,BANCO SANTANDER CHILE
STLA,1605484,Stellantis N.V.
TSCO,916365,TRACTOR SUPPLY CO /DE/
KEP,887225,KOREA ELECTRIC POWER CORP
SCRNY,1544379,"SCREEN Holdings Co., Ltd./ADR"
WPC,1025378,W. P. Carey Inc.
LAMR,1090425,LAMAR ADVERTISING CO/NEW
ARNNY,1719117,ASR Nederland N.V./ADR
WSO,105016,WATSCO INC
TXT,217346,TEXTRON INC
MAS,62996,MASCO CORP /DE/
PKX,889132,POSCO HOLDINGS INC.
SGI,1206264,SOMNIGROUP INTERNATIONAL INC.
BAWAY,1968385,BAWAG Group AG/ADR
LNTCY,2098381,"Lens Technology Co., Ltd./ADR"
WF,1264136,WOORI FINANCIAL GROUP INC.
GEN,849399,Gen Digital Inc.
OVV,1792580,Ovintiv Inc.
WTKWY,861967,WOLTERS KLUWER N V /FI
QXO,1236275,"QXO, Inc."
MEDP,1668397,"Medpace Holdings, Inc."
ARMK,1584509,Aramark
CFNB,803016,CALIFORNIA FIRST LEASING CORP
TTMI,1116942,TTM TECHNOLOGIES INC
PNFP,2082866,"Pinnacle Financial Partners, Inc."
JAZZ,1232524,Jazz Pharmaceuticals plc
WMG,1319161,Warner Music Group Corp.
SUI,912593,SUN COMMUNITIES INC
DSEEY,1481045,Daiwa Securities Group Inc.
NVMI,1109345,NOVA LTD.
JLL,1037976,JONES LANG LASALLE INC
RGA,898174,REINSURANCE GROUP OF AMERICA INC
VNOM,2074176,"Viper Energy, Inc."
OHI,888491,OMEGA HEALTHCARE INVESTORS INC
IREN,1878848,IREN Ltd
DVA,927066,DAVITA INC.
RTO,930157,RENTOKIL INITIAL PLC /FI
ALB,915913,ALBEMARLE CORP
NTNX,1618732,"Nutanix, Inc."
J,52988,JACOBS SOLUTIONS INC.
YUMC,1673358,"Yum China Holdings, Inc."
PUGBY,2029472,Puig Brands S.A./ADR
DOC,765880,"HEALTHPEAK PROPERTIES, INC."
NWSA,1564708,NEWS CORP
REG,910606,REGENCY CENTERS CORP
DTM,1842022,"DT Midstream, Inc."
DECK,910521,DECKERS OUTDOOR CORP
PHYS,1477049,Sprott Physical Gold Trust
UDR,74208,"UDR, Inc."
OWL,1823945,BLUE OWL CAPITAL INC.
EG,1095073,"EVEREST GROUP, LTD."
ASBHY,2055337,"Asahi Group Holdings, Ltd./ADR"
LOGI,1032975,LOGITECH INTERNATIONAL S.A.
LYTHF,1816319,Lytus Technologies Holdings PTV. Ltd.
TME,1744676,Tencent Music Entertainment Group
RRX,82811,REGAL REXNORD CORP
TRU,1552033,TransUnion
JHX,1159152,James Hardie Industries plc
GFL,1780232,GFL Environmental Inc.
PTC,857005,PTC INC.
VIRT,1592386,"Virtu Financial, Inc."
EXEL,939767,"EXELIXIS, INC."
PAC,1347557,Pacific Airport Group
GIB,1061574,CGI INC
PS,2026053,PERSHING SQUARE INC.
MKC,63754,MCCORMICK & CO INC
BTSG,1865782,"BrightSpring Health Services, Inc."
TOL,794170,"Toll Brothers, Inc."
UNM,5513,Unum Group
ALLY,40729,Ally Financial Inc.
FPS,2080126,"Forgent Power Solutions, Inc."
DINO,1915657,HF Sinclair Corp
CNA,21175,CNA FINANCIAL CORP
GL,320335,GLOBE LIFE INC.
COO,711404,"COOPER COMPANIES, INC."
AIZ,1267238,"ASSURANT, INC."
SWK,93556,"STANLEY BLACK & DECKER, INC."
CRBG,1889539,"Corebridge Financial, Inc."
LECO,59527,LINCOLN ELECTRIC HOLDINGS INC
GNRC,1474735,GENERAC HOLDINGS INC.
DOCN,1582961,"DigitalOcean Holdings, Inc."
TLK,1001807,PERUSAHAAN PERSEROAN PERSERO PT TELEKOMUNIKASI INDONESIA TBK
LULU,1397187,lululemon athletica inc.
HRL,48465,HORMEL FOODS CORP /DE/
CHKP,1015922,CHECK POINT SOFTWARE TECHNOLOGIES LTD
U,1810806,Unity Software Inc.
AMH,1562401,American Homes 4 Rent
ARCC,1287750,ARES CAPITAL CORP
FUTU,1754581,Futu Holdings Ltd
RPM,110621,RPM INTERNATIONAL INC/DE/
LDOS,1336920,"Leidos Holdings, Inc."
CSL,790051,CARLISLE COMPANIES INC
BWA,908255,BORGWARNER INC
RNR,913144,RENAISSANCERE HOLDINGS LTD
FNF,1331875,"Fidelity National Financial, Inc."
SOLV,1964738,Solventum Corp
TMTNY,2072098,Toromont Industries Ltd./ADR
UHAL,4457,U-Haul Holding Co /NV/
ERIE,922621,ERIE INDEMNITY CO
DKNG,1883685,DraftKings Inc.
ZBRA,877212,ZEBRA TECHNOLOGIES CORP
PNW,764622,PINNACLE WEST CAPITAL CORP
AEG,769218,AEGON LTD.
BLMOY,2109234,BELIMO Holding AG/ADR
DLAKY,1049724,DEUTSCHE LUFTHANSA A G /FI
CNH,1567094,CNH Industrial N.V.
ICLR,1060955,ICON PLC
EVR,1360901,Evercore Inc.
SNN,845982,SMITH & NEPHEW PLC
SUN,1552275,Sunoco LP
MOG-A,67887,MOOG INC.
APTV,1521332,Aptiv PLC
FMS,1333141,Fresenius Medical Care AG
AA,1675149,Alcoa Corp
MOD,67347,MODINE MANUFACTURING CO
ONON,1858985,On Holding AG
IVZ,914208,Invesco Ltd.
PAG,1019849,"PENSKE AUTOMOTIVE GROUP, INC."
EQH,1333986,"Equitable Holdings, Inc."
ALGN,1097149,ALIGN TECHNOLOGY INC
DT,1773383,"Dynatrace, Inc."
DY,67215,DYCOM INDUSTRIES INC
AGNC,1423689,AGNC Investment Corp.
CR,1944013,Crane Co
WSE,2099039,Wise Group plc
ELS,895417,EQUITY LIFESTYLE PROPERTIES INC
TYL,860731,TYLER TECHNOLOGIES INC
SKM,1015650,SK TELECOM CO LTD
MLI,89439,MUELLER INDUSTRIES INC
HTHT,1483994,H World Group Ltd
RVTY,31791,"REVVITY, INC."
GLPI,1575965,"Gaming & Leisure Properties, Inc."
AUR,1828108,"Aurora Innovation, Inc."
PINS,1506293,"PINTEREST, INC."
CCK,1219601,"CROWN HOLDINGS, INC."
SMTC,88941,SEMTECH CORP
VICR,751978,VICOR CORP
XPEV,1810997,XPENG INC.
PEN,1321732,Penumbra Inc
TXRH,1289460,"Texas Roadhouse, Inc."
WBS,801337,WEBSTER FINANCIAL CORP
MDGL,1157601,"MADRIGAL PHARMACEUTICALS, INC."
PNR,77360,PENTAIR plc
AVY,8818,Avery Dennison Corp
ELAN,1739104,Elanco Animal Health Inc
AGI,1178819,ALAMOS GOLD INC
IESC,1048268,"IES Holdings, Inc."
TRMB,864749,TRIMBLE INC.
GGG,42888,GRACO INC
AEIS,927003,ADVANCED ENERGY INDUSTRIES INC
FHN,36966,FIRST HORIZON CORP
LGN,2052568,Legence Corp.
AIT,109563,APPLIED INDUSTRIAL TECHNOLOGIES INC
BF-A,14693,BROWN FORMAN CORP
ABVX,1956827,Abivax S.A.
PSLV,1494728,Sprott Physical Silver Trust
KNX,1492691,Knight-Swift Transportation Holdings Inc.
NYT,71691,NEW YORK TIMES CO
TFII,1588823,TFI International Inc.
COKE,317540,"Coca-Cola Consolidated, Inc."
NIO,1736541,NIO Inc.
MGM,789570,MGM Resorts International
MOH,1179929,"MOLINA HEALTHCARE, INC."
AXSM,1579428,"Axsome Therapeutics, Inc."
RMBS,917273,RAMBUS INC
BNT,1837429,Brookfield Wealth Solutions Ltd.
LI,1791706,Li Auto Inc.
SJM,91419,J M SMUCKER Co
SMMT,1599298,Summit Therapeutics Inc.
BXP,1037540,"BXP, Inc."
BROS,1866581,Dutch Bros Inc.
EMBJ,1355444,EMBRAER S.A.
ALLE,1579241,Allegion plc
CLX,21076,CLOROX CO /DE/
APA,1841666,APA Corp
WTS,795403,WATTS WATER TECHNOLOGIES INC
DRS,1833756,"Leonardo DRS, Inc."
AFG,1042046,AMERICAN FINANCIAL GROUP INC
GDDY,1609711,GoDaddy Inc.
W,1616707,Wayfair Inc.
CONE,2103884,"Compass Sub North, Inc."
HUT,1964789,Hut 8 Corp.
BAX,10456,BAXTER INTERNATIONAL INC
YARIY,1279956,YARA INTERNATIONAL ASA
BZLFY,1072397,BUNZL PLC
WMS,1604028,"ADVANCED DRAINAGE SYSTEMS, INC."
OC,1370946,Owens Corning
CSGP,1057352,"COSTAR GROUP, INC."
SF,720672,STIFEL FINANCIAL CORP
CYTK,1061983,CYTOKINETICS INC
ENLT,1922641,Enlight Renewable Energy Ltd.
SEIC,350894,SEI INVESTMENTS CO
BMRN,1048477,BIOMARIN PHARMACEUTICAL INC
MICC,2071668,Magnum Ice Cream Co N.V.
GWRE,1528396,"Guidewire Software, Inc."
HII,1501585,"HUNTINGTON INGALLS INDUSTRIES, INC."
FIG,1579878,"Figma, Inc."
AKZOY,3124,AKZO NOBEL NV
CRL,1100682,"CHARLES RIVER LABORATORIES INTERNATIONAL, INC."
CART,1579091,Maplebear Inc.
BJ,1531152,"BJ's Wholesale Club Holdings, Inc."
SANM,897723,SANMINA CORP
CPT,906345,CAMDEN PROPERTY TRUST
CGNX,851205,COGNEX CORP
HAS,46080,"HASBRO, INC."
SAIA,1177702,SAIA INC
EGP,49600,EASTGROUP PROPERTIES INC
AAL,6201,American Airlines Group Inc.
PODD,1145197,INSULET CORP
VARRY,1919275,Var Energi ASA/ADR
TECH,842023,BIO-TECHNE Corp
MINBY,1034983,MINEBEA MITSUMI Inc.
BPOP,763901,"POPULAR, INC."
SIMO,1329394,Silicon Motion Technology CORP
OBICY,2077146,"OBIC Co., Ltd./ADR"
UMBF,101382,UMB FINANCIAL CORP
SPXC,88205,"SPX Technologies, Inc."
RDY,1135951,DR REDDYS LABORATORIES LTD
WULF,1083301,TERAWULF INC.
AHR,1632970,"American Healthcare REIT, Inc."
WTRG,78128,"Essential Utilities, Inc."
MUSA,1573516,Murphy USA Inc.
FROG,1800667,JFrog Ltd
WTFC,1015328,WINTRUST FINANCIAL CORP
LINE,1868159,"Lineage, Inc."
ARWR,879407,"ARROWHEAD PHARMACEUTICALS, INC."
EHC,785161,Encompass Health Corp
VIAV,912093,VIAVI SOLUTIONS INC.
CACI,16058,CACI INTERNATIONAL INC /DE/
SCI,89089,SERVICE CORP INTERNATIONAL
VMI,102729,VALMONT INDUSTRIES INC
TIMB,1826168,TIM S.A.
RYAN,1849253,"RYAN SPECIALTY HOLDINGS, INC."
PAYP,2080845,PayPay Corp
KRYS,1711279,"Krystal Biotech, Inc."
JEF,96223,Jefferies Financial Group Inc.
GMED,1237831,GLOBUS MEDICAL INC
JKHY,779152,JACK HENRY & ASSOCIATES INC
ARW,7536,"ARROW ELECTRONICS, INC."
PSKY,2041610,Paramount Skydance Corp
HL,719413,HECLA MINING CO/DE/
AES,874761,AES CORP
AM,1623925,Antero Midstream Corp
LFUS,889331,LITTELFUSE INC /DE
FRT,34903,FEDERAL REALTY INVESTMENT TRUST
HUBS,1404655,HUBSPOT INC
FIVE,1177609,"FIVE BELOW, INC"
R,85961,RYDER SYSTEM INC
ZION,109380,"ZIONS BANCORPORATION, NATIONAL ASSOCIATION /UT/"
WYNN,1174922,WYNN RESORTS LTD
TEM,1717115,"Tempus AI, Inc."
DCI,29644,DONALDSON Co INC
GSAT,1366868,"Globalstar, Inc."
AR,1433270,ANTERO RESOURCES Corp
SIRI,908937,SIRIUS XM HOLDINGS INC.
PSO,938323,PEARSON PLC
ALGM,866291,"ALLEGRO MICROSYSTEMS, INC."
VSAT,797721,VIASAT INC
ONB,707179,OLD NATIONAL BANCORP /IN/
AYI,1144215,ACUITY INC. (DE)
ORI,74260,OLD REPUBLIC INTERNATIONAL CORP
FRHC,924805,Freedom Holding Corp.
OGE,1021635,OGE ENERGY CORP.
APGE,1974640,"Apogee Therapeutics, Inc."
DPZ,1286681,DOMINOS PIZZA INC
GTLS,892553,CHART INDUSTRIES INC
SUZ,909327,Suzano S.A.
CFR,39263,"CULLEN/FROST BANKERS, INC."
KYMR,1815442,"Kymera Therapeutics, Inc."
CORT,1088856,CORCEPT THERAPEUTICS INC
NUVL,1861560,"Nuvalent, Inc."
SOLS,2064953,Solstice Advanced Materials Inc.
GME,1326380,GameStop Corp.
GLXY,1859392,Galaxy Digital Inc.
ENSG,1125376,"ENSIGN GROUP, INC"
GIL,1061894,Gildan Activewear Inc.
SSB,764038,SouthState Bank Corp
SFD,91388,SMITHFIELD FOODS INC
AMG,1004434,"AFFILIATED MANAGERS GROUP, INC."
ESI,1590714,Element Solutions Inc
IONS,874015,IONIS PHARMACEUTICALS INC
HSIC,1000228,HENRY SCHEIN INC
WLK,1262823,WESTLAKE CORP
FCFS,840489,"FirstCash Holdings, Inc."
TKR,98362,TIMKEN CO
DAR,916540,DARLING INGREDIENTS INC.
HMY,1023514,HARMONY GOLD MINING CO LTD
ALSN,1411207,Allison Transmission Holdings Inc
HBM,1322422,Hudbay Minerals Inc.
PRI,1475922,"Primerica, Inc."
AAOI,1158114,"APPLIED OPTOELECTRONICS, INC."
BSY,1031308,BENTLEY SYSTEMS INC
CTRE,1590717,"CareTrust REIT, Inc."
BRX,1581068,Brixmor Property Group Inc.
LEVI,94845,LEVI STRAUSS & CO
SNEX,913760,StoneX Group Inc.
AAON,824142,"AAON, INC."
UHS,352915,UNIVERSAL HEALTH SERVICES INC
LKNCY,1767582,Luckin Coffee Inc.
LTH,1869198,"Life Time Group Holdings, Inc."
DOCU,1261333,"DOCUSIGN, INC."
ADC,917251,AGREE REALTY CORP
HLI,1302215,"HOULIHAN LOKEY, INC."
MP,1801368,MP Materials Corp. / DE
COLB,887343,"COLUMBIA BANKING SYSTEM, INC."
SARO,2025410,"StandardAero, Inc."
AZBLY,2108185,Azbil Corporation/ADR
PL,1836833,Planet Labs PBC
CIFR,1819989,Cipher Digital Inc.
LLYVA,2078416,"Liberty Live Holdings, Inc."
OSCR,1568651,"Oscar Health, Inc."
BRKR,1109354,BRUKER CORP
MSGS,1636519,Madison Square Garden Sports Corp.
TTD,1671933,"Trade Desk, Inc."
MTCH,891103,"Match Group, Inc."
OSK,775158,OSHKOSH CORP
SPIIY,2083221,SPIE SA/ADR
CUBE,1298675,CubeSmart
MANH,1056696,MANHATTAN ASSOCIATES INC
SWKS,4127,"SKYWORKS SOLUTIONS, INC."
FORM,1039399,FORMFACTOR INC
FLS,30625,FLOWSERVE CORP
GGAL,1114700,GRUPO FINANCIERO GALICIA SA
NCLH,1513761,Norwegian Cruise Line Holdings Ltd.
ALV,1034670,AUTOLIV INC
APLD,1144879,Applied Digital Corp.
GKOS,1192448,GLAUKOS Corp
KTOS,1069258,"KRATOS DEFENSE & SECURITY SOLUTIONS, INC."
AGX,100591,ARGAN INC
ELPC,1041792,ENERGY CO OF PARANA
HALO,1159036,"HALOZYME THERAPEUTICS, INC."
CNM,1856525,"Core & Main, Inc."
TTC,737758,TORO CO
PRAX,1689548,"Praxis Precision Medicines, Inc."
GWKSY,2062522,GAMES WORKSHOP GROUP PLC/ADR
IT,749251,GARTNER INC
YMM,1838413,Full Truck Alliance Co. Ltd.
IAG,1203464,IAMGOLD CORP
FR,921825,FIRST INDUSTRIAL REALTY TRUST INC
CRNX,1658247,"Crinetics Pharmaceuticals, Inc."
GGB,1073404,GERDAU S.A.
NNN,751364,"NNN REIT, INC."
VOYA,1535929,"Voya Financial, Inc."
COMP,1563190,"Compass, Inc."
WAL,1212545,WESTERN ALLIANCE BANCORPORATION
TGTX,1001316,"TG THERAPEUTICS, INC."
XP,1787425,XP Inc.
FDS,1013237,FACTSET RESEARCH SYSTEMS INC
ACM,868857,AECOM
ALKS,1520262,Alkermes plc.
TX,1342874,Ternium S.A.
PRMB,2042694,Primo Brands Corp
PNDRY,1505880,Pandora A/S / ADR
PB,1068851,PROSPERITY BANCSHARES INC
BMNR,1829311,"BITMINE IMMERSION TECHNOLOGIES, INC."
KERCY,2107989,Keisei Electric Railway Co. Ltd/ADR
ASR,1123452,SOUTHEAST AIRPORT GROUP
ESE,866706,ESCO TECHNOLOGIES INC
IBRX,1326110,"ImmunityBio, Inc."
QGEN,1015820,QIAGEN N.V.
KT,892450,KT CORP
CHWY,1766502,"Chewy, Inc."
CBSH,22356,COMMERCE BANCSHARES INC /MO/
SYRE,1636282,"Spyre Therapeutics, Inc."
BIRK,1977102,Birkenstock Holding plc
PTGX,1377121,"Protagonist Therapeutics, Inc"
OKLO,1849056,Oklo Inc.
LPGCY,2068440,Laopu Gold Co. Ltd./ADR
POWL,80420,POWELL INDUSTRIES INC
PCVX,1649094,"Vaxcyte, Inc."
BOKF,875357,BOK FINANCIAL CORP
AG,1308648,FIRST MAJESTIC SILVER CORP
AOS,91142,SMITH A O CORP
FRO,913290,Frontline plc
AGCO,880266,AGCO CORP /DE
CAVA,1639438,"CAVA GROUP, INC."
AXS,1214816,AXIS CAPITAL HOLDINGS LTD
RRC,315852,RANGE RESOURCES CORP
IDA,1057877,IDACORP INC
ARE,1035443,"ALEXANDRIA REAL ESTATE EQUITIES, INC."
NCLTY,1801729,"Nitori Holdings Co., Ltd."
JXN,1822993,Jackson Financial Inc.
CAE,1173382,CAE INC
SNROY,1584273,"Sanrio Company, Ltd./ADR"
IMVT,1764013,"Immunovant, Inc."
MXL,1288469,"MAXLINEAR, INC"
BLDR,1316835,"Builders FirstSource, Inc."
VLY,714310,VALLEY NATIONAL BANCORP
RGEN,730272,REPLIGEN CORP
DDS,28917,"DILLARD'S, INC."
MBLY,1910139,Mobileye Global Inc.
EAT,703351,"BRINKER INTERNATIONAL, INC"
EDU,1372920,New Oriental Education & Technology Group Inc.
CWEN,1567683,"Clearway Energy, Inc."
ATR,896622,"APTARGROUP, INC."
CHYM,1795586,"Chime Financial, Inc."
ZWS,1439288,Zurn Elkay Water Solutions Corp
KNTK,1692787,Kinetik Holdings Inc.
TTEK,831641,TETRA TECH INC
RIOT,1167419,"Riot Platforms, Inc."
RHP,1040829,"Ryman Hospitality Properties, Inc."
FRVO,1853868,Fervo Energy Co
BIO,12208,"BIO-RAD LABORATORIES, INC."
SAIL,2030781,"SailPoint, Inc."
STN,1131383,STANTEC INC
HESM,1789832,Hess Midstream LP
EGO,918608,ELDORADO GOLD CORP /FI
HIMS,1773751,"Hims & Hers Health, Inc."
VNO,899689,VORNADO REALTY TRUST
KNSL,1669162,"Kinsale Capital Group, Inc."
HQY,1428336,"HEALTHEQUITY, INC."
REXR,1571283,"Rexford Industrial Realty, Inc."
SSD,920371,"Simpson Manufacturing Co., Inc."
CELH,1341766,"Celsius Holdings, Inc."
SNAP,1564408,Snap Inc
RAL,2041385,Ralliant Corp
EMN,915389,EASTMAN CHEMICAL CO
TEX,97216,TEREX CORP
PDI,1510599,PIMCO Dynamic Income Fund
EQX,1756607,Equinox Gold Corp.
RSI,1793659,"Rush Street Interactive, Inc."
POOL,945841,POOL CORP
UGI,884614,UGI CORP /PA/
VBREY,1000377,Vibra Energia S.A./ADR
SFM,1575515,"Sprouts Farmers Market, Inc."
JOBY,1819848,"Joby Aviation, Inc."
KEX,56047,KIRBY CORP
BVN,1013131,BUENAVENTURA MINING CO INC
QRVO,1604778,"Qorvo, Inc."
KMX,1170010,CARMAX INC
LNC,59558,LINCOLN NATIONAL CORP
MAC,912242,MACERICH CO
ETSY,1370637,ETSY INC
SGHC,1878057,Super Group (SGHC) Ltd
STAG,1479094,"STAG Industrial, Inc."
CRUS,772406,"CIRRUS LOGIC, INC."
CEF,1726122,Sprott Physical Gold & Silver Trust
CORZ,1839341,"Core Scientific, Inc./tx"
HXL,717605,HEXCEL CORP /DE/
BAH,1443646,Booz Allen Hamilton Holding Corp
NFG,70145,NATIONAL FUEL GAS CO
SOBO,2019061,South Bow Corp
THG,944695,"HANOVER INSURANCE GROUP, INC."
ENS,1289308,EnerSys
RYTM,1649904,"RHYTHM PHARMACEUTICALS, INC."
KLAR,2003292,Klarna Group plc
CBC,2065601,"Central Bancompany, Inc."
QBTS,1907982,D-Wave Quantum Inc.
BILI,1723690,Bilibili Inc.
MIRM,1759425,"Mirum Pharmaceuticals, Inc."
TTAN,1638826,"ServiceTitan, Inc."
TAP,24545,MOLSON COORS BEVERAGE CO
FNMA,310522,FEDERAL NATIONAL MORTGAGE ASSOCIATION FANNIE MAE
ZG,1617640,"ZILLOW GROUP, INC."
AVAV,1368622,AeroVironment Inc
YOU,1856314,"Clear Secure, Inc."
LAD,1023128,LITHIA MOTORS INC
TRNO,1476150,Terreno Realty Corp
SLAB,1038074,SILICON LABORATORIES INC.
ACI,1646972,"Albertsons Companies, Inc."
HR,1360604,Healthcare Realty Trust Inc
ACMR,1680062,"ACM Research, Inc."
VFS,1913510,VinFast Auto Ltd.
JBTM,1433660,JBT MAREL Corp
AVT,8858,AVNET INC
PLXS,785786,PLEXUS CORP
FSS,277509,FEDERAL SIGNAL CORP /DE/
ACA,1739445,"Arcosa, Inc."
VIST,1762506,"Vista Energy, S.A.B. de C.V."
PTCT,1070081,"PTC THERAPEUTICS, INC."
AVTR,1722482,"Avantor, Inc."
FAF,1472787,First American Financial Corp
FLR,1124198,FLUOR CORP
NEU,1282637,NEWMARKET CORP
LSTR,853816,LANDSTAR SYSTEM INC
FIGR,2064124,"Figure Technology Solutions, Inc."
DPC,2107018,DPC Holdings Ltd
NPO,1164863,Enpro Inc.
AXTA,1616862,Axalta Coating Systems Ltd.
ECG,2015845,"Everus Construction Group, Inc."
LUMN,18926,"Lumen Technologies, Inc."
OMF,1584207,"OneMain Holdings, Inc."
LOTMY,2041918,Lottomatica Group S.p.A./ADR
GAP,39911,GAP INC
CMC,22444,COMMERCIAL METALS Co
SEI,1697500,"Solaris Energy Infrastructure, Inc."
LQDA,1819576,Liquidia Corp
IDCC,1405495,"InterDigital, Inc."
LNTH,1521036,"Lantheus Holdings, Inc."
LOAR,2000178,Loar Holdings Inc.
MOS,1285785,MOSAIC CO
MSM,1003078,MSC INDUSTRIAL DIRECT CO INC
QMMM,1971542,QMMM Holdings Ltd
LEA,842162,LEAR CORP
ORA,1296445,"ORMAT TECHNOLOGIES, INC."
VSH,103730,VISHAY INTERTECHNOLOGY INC
DBX,1467623,"DROPBOX, INC."
HNGE,1673743,"Hinge Health, Inc."
KGS,1767042,"Kodiak Gas Services, Inc."
IFS,1615903,Intercorp Financial Services Inc.
SRRK,1727196,Scholar Rock Holding Corp
CAMT,1109138,CAMTEK LTD
ESYJY,1470419,easyJet plc
MHK,851968,MOHAWK INDUSTRIES INC
NOV,1021860,NOV Inc.
GTES,1718512,Gates Industrial Corp plc
EPRT,1728951,"ESSENTIAL PROPERTIES REALTY TRUST, INC."
PACS,2001184,"PACS Group, Inc."
AROC,1389050,"Archrock, Inc."
MAAS,1750264,Maase Inc.
VIPS,1529192,Vipshop Holdings Ltd
BCHMY,1968378,Bachem Holding AG/ADR
PPC,802481,PILGRIMS PRIDE CORP
INGM,1897762,Ingram Micro Holding Corp
GBCI,868671,"GLACIER BANCORP, INC."
FNB,37808,FNB CORP/PA/
COGT,1622229,"Cogent Biosciences, Inc."
XENE,1582313,Xenon Pharmaceuticals Inc.
AWI,7431,ARMSTRONG WORLD INDUSTRIES INC
KRMN,2040127,Karman Holdings Inc.
SSL,314590,SASOL LTD
VFC,103379,V F CORP
SM,893538,SM Energy Co
CACC,885550,CREDIT ACCEPTANCE CORP
AN,350698,"AUTONATION, INC."
GDS,1526125,GDS Holdings Ltd
TMHC,1562476,Taylor Morrison Home Corp
ST,1477294,Sensata Technologies Holding plc
SWX,1692115,"Southwest Gas Holdings, Inc."
MSA,66570,MSA Safety Inc
CGON,1991792,"CG Oncology, Inc."
CHRD,1486159,Chord Energy Corp
CAG,23217,CONAGRA BRANDS INC.
CROX,1334036,"Crocs, Inc."
FSV,1637810,FirstService Corp
NAVN,1639723,"Navan, Inc."
PCOR,1611052,"PROCORE TECHNOLOGIES, INC."
CPB,16732,CAMPBELL'S Co
RRR,1653653,"Red Rock Resorts, Inc."
MRCY,1049521,MERCURY SYSTEMS INC
GOLF,1672013,Acushnet Holdings Corp.
MYRG,700923,MYR GROUP INC.
LKQ,1065696,LKQ CORP
NSA,1618563,National Storage Affiliates Trust
PAYC,1590955,"Paycom Software, Inc."
EXP,918646,EAGLE MATERIALS INC
GLBE,1835963,Global-E Online Ltd.
BB,1070235,BLACKBERRY Ltd
RYN,52827,RAYONIER INC
BYD,906553,BOYD GAMING CORP
NXE,1698535,NexGen Energy Ltd.
GATX,40211,GATX CORP
CHE,19584,CHEMED CORP
BBUC,1654795,Brookfield Business Corp
PJT,1626115,PJT Partners Inc.
SHMXY,1648512,Shimadzu Corporation/ADR
UGP,1094972,ULTRAPAR HOLDINGS INC
BEPC,1791863,Brookfield Renewable Corp
LW,1679273,"Lamb Weston Holdings, Inc."
NE,1895262,Noble Corp plc
UBSI,729986,UNITED BANKSHARES INC/WV
MTDR,1520006,Matador Resources Co
SNDR,1692063,"Schneider National, Inc."
STWD,1465128,"STARWOOD PROPERTY TRUST, INC."
PCTY,1591698,Paylocity Holding Corp
LGND,886163,LIGAND PHARMACEUTICALS INC
FLG,910073,"FLAGSTAR BANK, NATIONAL ASSOCIATION"
MBSHY,2079706,"Mitsubishi Gas Chemical Company, Inc./ADR"
TXNM,1108426,TXNM ENERGY INC
MORN,1289419,"Morningstar, Inc."
CIG,1157557,ENERGY CO OF MINAS GERAIS
ICL,941221,ICL Group Ltd.
CVLT,1169561,COMMVAULT SYSTEMS INC
INGR,1046257,Ingredion Inc
PBF,1534504,PBF Energy Inc.
ESTC,1707753,Elastic N.V.
DFTX,1813814,"Definium Therapeutics, Inc."
APPF,1433195,APPFOLIO INC
SBSW,1786909,Sibanye Stillwater Ltd
MIDD,769520,MIDDLEBY Corp
VSXY,1856437,Victoria's Secret & Co.
ACT,1823529,"Enact Holdings, Inc."
DSC,1966041,DSC Holdings Ltd.
ENIC,1659939,Enel Chile S.A.
MATX,3453,"Matson, Inc."
FBIN,1519751,"Fortune Brands Innovations, Inc."
BZ,1842827,Kanzhun Ltd
DSGX,1050140,DESCARTES SYSTEMS GROUP INC
FND,1507079,"Floor & Decor Holdings, Inc."
SFGYY,2084022,Sony Financial Group Inc./ADR
CPA,1345105,"Copa Holdings, S.A."
CWST,911177,CASELLA WASTE SYSTEMS INC
HWC,750577,HANCOCK WHITNEY CORP
MWH,2065636,"SOLV Energy, Inc."
CZR,1590895,"Caesars Entertainment, Inc."
ABCB,351569,Ameris Bancorp
S,1583708,"SentinelOne, Inc."
GTX,1735707,Garrett Motion Inc.
POR,784977,PORTLAND GENERAL ELECTRIC CO /OR/
IBP,1580905,"Installed Building Products, Inc."
JAN,2100805,"Janus Living, Inc."
MCY,64996,MERCURY GENERAL CORP
AVAL,1504764,Grupo Aval Acciones Y Valores S.A.
BMA,1347426,Macro Bank Inc.
ERELY,1454144,Eregli Demir ve Celik Fabrikalari TAS/ADR
PSMT,1041803,PRICESMART INC
WFRD,1603923,Weatherford International plc
SEZL,1662991,Sezzle Inc.
AUB,883948,Atlantic Union Bankshares Corp
BLTE,1889109,"BELITE BIO, INC"
TFX,96943,TELEFLEX INC
CHDN,20212,Churchill Downs Inc
PATH,1734722,"UiPath, Inc."
SSRM,921638,SSR MINING INC.
ENVA,1529864,"Enova International, Inc."
ENPH,1463101,"Enphase Energy, Inc."
PSN,275880,PARSONS CORP
M,794367,"Macy's, Inc."
VSEC,102752,VSE CORP
MTG,876437,MGIC INVESTMENT CORP
KLIC,56978,KULICKE & SOFFA INDUSTRIES INC
LYFT,1759509,"Lyft, Inc."
URBN,912615,URBAN OUTFITTERS INC
ESNT,1448893,Essent Group Ltd.
LB,1995807,LandBridge Co LLC
WH,1722684,"WYNDHAM HOTELS & RESORTS, INC."
DUOL,1562088,"Duolingo, Inc."
NJR,356309,NEW JERSEY RESOURCES CORP
KRG,1286043,KITE REALTY GROUP TRUST
RUSHA,1012019,RUSH ENTERPRISES INC \TX\
GXO,1852244,"GXO Logistics, Inc."
OUT,1579877,OUTFRONT Media Inc.
ARSTY,2044984,Ariston Holding N.V./ADR
NICE,1003935,NICE Ltd.
TFPM,1829726,Triple Flag Precious Metals Corp.
BLLN,2070849,"BillionToOne, Inc."
TEO,932470,TELECOM ARGENTINA SA
HOMB,1331520,HOME BANCSHARES INC
ERAS,1761918,"Erasca, Inc."
PECO,1476204,"Phillips Edison & Company, Inc."
ASB,7789,ASSOCIATED BANC-CORP
SLFPY,1370418,STANDARD LIFE PLC
ACIW,935036,"ACI WORLDWIDE, INC."
VCTR,1570827,"Victory Capital Holdings, Inc."
PAGP,1581990,PLAINS GP HOLDINGS LP
TAL,1499620,TAL Education Group
BLCO,1860742,Bausch & Lomb Corp
SIGI,230557,SELECTIVE INSURANCE GROUP INC
BKH,1130464,BLACK HILLS CORP /SD/
TWST,1581280,Twist Bioscience Corp
RIG,1451505,Transocean Ltd.
PTRN,1811935,Pattern Group Inc.
LAUR,912766,"LAUREATE EDUCATION, INC."
NOVT,1076930,NOVANTA INC
REYN,1786431,Reynolds Consumer Products Inc.
PRM,1880319,"Perimeter Solutions, Inc."
SON,91767,SONOCO PRODUCTS CO
OTEX,1002638,OPEN TEXT CORP
ESAB,1877322,ESAB Corp
RLI,84246,RLI CORP
AX,1299709,"Axos Financial, Inc."
MMYT,1495153,MakeMyTrip Ltd
OGC,1487326,OceanaGold Corp
CAR,723612,"AVIS BUDGET GROUP, INC."
OZK,1569650,Bank OZK
DOX,1062579,AMDOCS LTD
RGTI,1838359,"Rigetti Computing, Inc."
ALK,766421,"ALASKA AIR GROUP, INC."
OR,1627272,OR Royalties Inc.
BXSL,1736035,Blackstone Secured Lending Fund
GTLB,1653482,Gitlab Inc.
OBDC,1655888,Blue Owl Capital Corp
ROAD,1718227,"Construction Partners, Inc."
STEP,1796022,StepStone Group Inc.
AIR,1750,AAR CORP
MTN,812011,VAIL RESORTS INC
AMRX,1723128,"Amneal Pharmaceuticals, Inc."
QLYS,1107843,"QUALYS, INC."
WTM,776867,WHITE MOUNTAINS INSURANCE GROUP LTD
LMND,1691421,"Lemonade, Inc."
WEX,1309108,WEX Inc.
MTRN,1104657,MATERION Corp
DNTH,1690585,"Dianthus Therapeutics, Inc. /DE/"
TXG,1770787,"10x Genomics, Inc."
GVA,861459,GRANITE CONSTRUCTION INC
ZETA,1851003,Zeta Global Holdings Corp.
STVN,1849853,Stevanato Group S.p.A.
CLF,764065,CLEVELAND-CLIFFS INC.
NXST,1142417,"NEXSTAR MEDIA GROUP, INC."
VAL,314808,Valaris Ltd
CELC,1603454,Celcuity Inc.
IRDM,1418819,Iridium Communications Inc.
CRSP,1674416,CRISPR Therapeutics AG
FTDR,1727263,"Frontdoor, Inc."
SPHR,1795250,Sphere Entertainment Co.
SHC,1822479,Sotera Health Co
WFG,1402388,"WEST FRASER TIMBER CO., LTD"
ORKA,907654,"Oruka Therapeutics, Inc."
XMTR,1657573,"Xometry, Inc."
LEGN,1801198,Legend Biotech Corp
BCPC,9326,BALCHEM CORP
TVTX,1438533,"Travere Therapeutics, Inc."
BTDPY,1516324,Barratt Developments PLC/ADR
OMAB,1378239,Central North Airport Group
PEGA,1013857,PEGASYSTEMS INC
UEC,1334933,URANIUM ENERGY CORP
BGC,1094831,"BGC Group, Inc."
ALH,1317685,Alliance Laundry Holdings Inc.
GLNG,1207179,GOLAR LNG LTD
VRNS,1361113,VARONIS SYSTEMS INC
GNTX,355811,GENTEX CORP
CE,1306830,Celanese Corp
RDNT,790526,"RadNet, Inc."
RITM,1556593,Rithm Capital Corp.
TBBB,1978954,BBB FOODS INC
LPX,60519,LOUISIANA-PACIFIC CORP
AMTM,2011286,"Amentum Holdings, Inc."
BTG,1429937,B2GOLD CORP
AUGO,1468642,Aura Minerals Inc.
BC,14930,BRUNSWICK CORP
DAVE,1841408,Dave Inc./DE
MTH,833079,Meritage Homes CORP
IEP,813762,ICAHN ENTERPRISES L.P.
REZI,1740332,"RESIDEO TECHNOLOGIES, INC."
KVYO,1835830,"Klaviyo, Inc."
TNGX,1819133,"Tango Therapeutics, Inc."
HRI,1364479,HERC HOLDINGS INC
MANE,1827635,"Veradermics, Inc"
CHH,1046311,CHOICE HOTELS INTERNATIONAL INC /DE
TKC,1071321,TURKCELL ILETISIM HIZMETLERI A S
RDN,890926,RADIAN GROUP INC
CIGI,913353,Colliers International Group Inc.
RKGRY,2093907,RENK Group AG/ADR
VSNT,2067876,"Versant Media Group, Inc."
FOUR,1794669,"Shift4 Payments, Inc."
GHC,104889,Graham Holdings Co
HRB,12659,H&R BLOCK INC
CUZ,25232,COUSINS PROPERTIES INC
RELY,1782170,"Remitly Global, Inc."
OGS,1587732,"ONE Gas, Inc."
TFSL,1381668,TFS Financial CORP
NTSK,2063196,Netskope Inc
VVV,1674910,VALVOLINE INC
FFIN,36029,FIRST FINANCIAL BANKSHARES INC
G,1398659,Genpact LTD
SYNA,817720,SYNAPTICS Inc
MAIN,1396440,Main Street Capital CORP
SXT,310142,SENSIENT TECHNOLOGIES CORP
SBRA,1492298,"Sabra Health Care REIT, Inc."
ADT,1703056,ADT Inc.
UNF,717954,UNIFIRST CORP
TREX,1069878,TREX CO INC
BOOT,1610250,"Boot Barn Holdings, Inc."
GRFS,1438569,Grifols SA
GBTG,1820872,"Global Business Travel Group, Inc."
MGY,1698990,Magnolia Oil & Gas Corp
CAI,2019410,"Caris Life Sciences, Inc."
KNSA,1730430,"Kiniksa Pharmaceuticals International, plc"
BIPC,1788348,Brookfield Infrastructure Corp
PIPR,1230245,PIPER SANDLER COMPANIES
OBOCY,2094691,Ottobock SE & Co. KGaA/ADR
MAUTF,1830918,Montage Gold Corp.
HASI,1561894,"HA Sustainable Infrastructure Capital, Inc."
TKMTY,2044863,"Tokyo Metro Co., Ltd./ADR"
CECO,3197,CECO ENVIRONMENTAL CORP
EWTX,1710072,"Edgewise Therapeutics, Inc."
CNO,1224608,"CNO Financial Group, Inc."
MARA,1507605,"MARA Holdings, Inc."
MUR,717423,MURPHY OIL CORP
UCTT,1275014,"Ultra Clean Holdings, Inc."
INDV,1625297,"Indivior Pharmaceuticals, Inc."
OTF,1747777,Blue Owl Technology Finance Corp.
UFPI,912767,UFP INDUSTRIES INC
SLGN,849869,SILGAN HOLDINGS INC
EBC,1810546,"Eastern Bankshares, Inc."
NNI,1258602,NELNET INC
SAIC,1571123,Science Applications International Corp
SITE,1650729,"SiteOne Landscape Supply, Inc."
MRX,1997464,Marex Group Ltd
SR,1126956,SPIRE INC
HAPVY,1869666,Hapvida Participacoes e Investimentos S.A./ADR
PRIM,1361538,Primoris Services Corp
WSC,1647088,WillScot Holdings Corp
KTB,1760965,"Kontoor Brands, Inc."
ANDG,2065708,Andersen Group Inc.
MDA,1857047,MDA Space Ltd.
MRP,2017206,"Millrose Properties, Inc."
SLM,1032033,SLM Corp
SKT,899715,TANGER INC.
MC,1596967,Moelis & Co
DLB,1308547,"Dolby Laboratories, Inc."
FCN,887936,"FTI CONSULTING, INC"
EQPT,1693736,EquipmentShare.com Inc
IBOC,315709,INTERNATIONAL BANCSHARES CORP
OPEN,1801169,Opendoor Technologies Inc.
SFBS,1430723,"ServisFirst Bancshares, Inc."
ALM,1670061,Almonty Industries Inc.
TNL,1361658,Travel & Leisure Co.
CRC,1609253,California Resources Corp
KNF,1955520,Knife River Corp
FULT,700564,FULTON FINANCIAL CORP
TGS,931427,GAS TRANSPORTER OF THE SOUTH INC
SRAD,1836470,Sportradar Group AG
IPGP,1111928,IPG PHOTONICS CORP
OCTV,2083632,Octave Intelligence plc
FELE,38725,FRANKLIN ELECTRIC CO INC
XE,2088896,"X-Energy, Inc."
CSW,1624794,"CSW INDUSTRIALS, INC."
SIM,887153,"GRUPO SIMEC, S.A.B. de C.V."
HPHTY,1600928,Hamamatsu Photonics K.K./ADR
ELF,1600033,"e.l.f. Beauty, Inc."
EPR,1045450,EPR PROPERTIES
USAR,1970622,"USA Rare Earth, Inc."
KBR,1357615,"KBR, INC."
VCYT,1384101,"VERACYTE, INC."
TAC,1144800,TRANSALTA CORP
CBT,16040,CABOT CORP
HLNE,1433642,Hamilton Lane INC
VKTX,1607678,"Viking Therapeutics, Inc."
FHI,1056288,"FEDERATED HERMES, INC."
CNX,1070412,CNX Resources Corp
ACAD,1070494,ACADIA PHARMACEUTICALS INC
LIVN,1639691,LivaNova PLC
SKY,90896,"Champion Homes, Inc."
TCBI,1077428,TEXAS CAPITAL BANCSHARES INC/TX
DLO,1846832,dLocal Ltd
KRC,1025996,KILROY REALTY CORP
SEB,88121,SEABOARD CORP /DE/
NWE,1993004,"NorthWestern Energy Group, Inc."
CMBT,1604481,CMB.TECH NV
PAM,1469395,Pampa Energy Inc.
ATAT,1853717,Atour Lifestyle Holdings Ltd
COLD,1455863,AMERICOLD REALTY TRUST
NP,2067129,Neptune Insurance Holdings Inc.
TENB,1660280,"Tenable Holdings, Inc."
LIF,1581760,"Life360, Inc."
DIOD,29002,DIODES INC /DEL/
CENX,949157,CENTURY ALUMINUM CO
LBRDA,1611983,Liberty Broadband Corp
EE,1888447,"Excelerate Energy, Inc."
CVSA,730464,Covista Inc.
ACLS,1113232,AXCELIS TECHNOLOGIES INC
RLAY,1812364,"Relay Therapeutics, Inc."
MDU,67716,MDU RESOURCES GROUP INC
NWSGY,1449664,CTF Services Ltd
PI,1114995,IMPINJ INC
CVCO,278166,"CAVCO INDUSTRIES, INC."
EPAM,1352010,"EPAM Systems, Inc."
BNL,1424182,"Broadstone Net Lease, Inc."
DOO,1748797,BRP Inc.
AQN,1174169,ALGONQUIN POWER & UTILITIES CORP.
RMVEY,1516536,Rightmove PLC/ADR
MMSI,856982,MERIT MEDICAL SYSTEMS INC
EXTR,1078271,EXTREME NETWORKS INC
BBAR,913059,Banco BBVA Argentina S.A.
AZZ,8947,AZZ INC
BJGPY,2098425,"Beijing Geekplus Technology Co., Ltd./ADR"
RXO,1929561,"RXO, Inc."
WAY,1990354,Waystar Holding Corp.
HHH,1981792,Howard Hughes Holdings Inc.
INSW,1679049,"International Seaways, Inc."
PFSI,1745916,"PennyMac Financial Services, Inc."
BRC,746598,BRADY CORP
BCO,78890,BRINKS CO
NVST,1757073,Envista Holdings Corp
OPLN,1395942,"OPENLANE, Inc."
MBRFY,1496919,MARFRIG GLOBAL FOODS S.A.
UCB,857855,UNITED COMMUNITY BANKS INC
WING,1636222,Wingstop Inc.
GPGI,1823144,"GPGI, Inc."
BETA,1784570,"BETA Technologies, Inc."
BMI,9092,BADGER METER INC
GFF,50725,GRIFFON CORP
STUB,1337634,"StubHub Holdings, Inc."
BDC,913142,BELDEN INC.
GEF,43920,"GREIF, INC"
CDP,860546,COPT DEFENSE PROPERTIES
HGTY,1840776,"Hagerty, Inc."
MMED,2062583,"MiniMed Group, Inc."
LFTO,1850351,"Liftoff Mobile, Inc."
HCC,1691303,"WARRIOR MET COAL, INC."
ATMU,1921963,Atmus Filtration Technologies Inc.
EXLS,1297989,"ExlService Holdings, Inc."
OII,73756,OCEANEERING INTERNATIONAL INC
CAKE,887596,CHEESECAKE FACTORY INC
VNT,1786842,Vontier Corp
AMVOY,2085236,AUMOVIO SE
CALM,16160,CAL-MAINE FOODS INC
MIR,1809987,"Mirion Technologies, Inc."
DNP,806628,DNP SELECT INCOME FUND INC
FBP,1057706,FIRST BANCORP /PR/
DORM,868780,"Dorman Products, Inc."
ANF,1018840,ABERCROMBIE & FITCH CO /DE/
ONDS,1646188,Ondas Inc.
CATY,861842,CATHAY GENERAL BANCORP
BBWI,701985,"Bath & Body Works, Inc."
IFHLY,2035057,Inficon Holding AG/ADR
LAZ,1311370,"Lazard, Inc."
MIAX,1438472,"MIAMI INTERNATIONAL HOLDINGS, INC."
CNR,1710366,"Core Natural Resources, Inc."
NAMS,1936258,NewAmsterdam Pharma Co N.V.
BILL,1786352,"BILL Holdings, Inc."
PENG,1616533,"Penguin Solutions, Inc."
FRMI,2071778,Fermi Inc.
QS,1811414,QuantumScape Corp
PLNT,1637207,"Planet Fitness, Inc."
LFST,1845257,"LifeStance Health Group, Inc."
DNLI,1714899,Denali Therapeutics Inc.
LASR,1124796,"NLIGHT, INC."
MKTX,1278021,MARKETAXESS HOLDINGS INC
CAAP,1717393,CORPORACION AMERICA AIRPORTS S.A.
ALHC,1832466,"Alignment Healthcare, Inc."
COCO,1482981,"Vita Coco Company, Inc."
INDB,776901,INDEPENDENT BANK CORP
WSFS,828944,WSFS FINANCIAL CORP
GEO,923796,GEO GROUP INC
IRT,1466085,"INDEPENDENCE REALTY TRUST, INC."
CSTM,1563411,CONSTELLIUM SE
CON,2014596,"Concentra Group Holdings Parent, Inc."
CNS,1284812,"COHEN & STEERS, INC."
TPC,77543,TUTOR PERINI CORP
POWI,833640,POWER INTEGRATIONS INC
PHI,78150,PLDT Inc.
CLBT,1854587,Cellebrite DI Ltd.
LOPE,1434588,"Grand Canyon Education, Inc."
ABG,1144980,ASBURY AUTOMOTIVE GROUP INC
WPP,806968,WPP plc
BOX,1372612,BOX INC
CVBF,354647,CVB FINANCIAL CORP
FLY,1860160,Firefly Aerospace Inc.
HGV,1674168,Hilton Grand Vacations Inc.
DOCS,1516513,"Doximity, Inc."
LBRT,1694028,Liberty Energy Inc.
SKYW,793733,SKYWEST INC
NGXXF,2044153,NGEx Minerals Ltd.
MWA,1350593,"Mueller Water Products, Inc."
CHEF,1517175,"Chefs' Warehouse, Inc."
APLE,1418121,"Apple Hospitality REIT, Inc."
RNST,715072,RENASANT CORP
NVA,1852551,Nova Minerals Corp
OLLI,1639300,"Ollie's Bargain Outlet Holdings, Inc."
BULL,1866364,Webull Corp
STNG,1483934,Scorpio Tankers Inc.
TDS,1051512,TELEPHONE & DATA SYSTEMS INC /DE/
BFH,1101215,"BREAD FINANCIAL HOLDINGS, INC."
FG,1934850,"F&G Annuities & Life, Inc."
POST,1530950,"Post Holdings, Inc."
LION,2052959,Lionsgate Studios Corp.
NEXHY,1985406,"Nippon Express Holdings, Inc./ADR"
ICUI,883984,ICU MEDICAL INC/DE
PII,931015,Polaris Inc.
MAT,63276,MATTEL INC /DE/
SXI,310354,STANDEX INTERNATIONAL CORP/DE/
DYN,1818794,"Dyne Therapeutics, Inc."
VCRE,2124403,Vicore Pharma Holding AB
CPRX,1369568,"CATALYST PHARMACEUTICALS, INC."
MHO,799292,"M/I HOMES, INC."
LRN,1157408,"Stride, Inc."
SMG,825542,SCOTTS MIRACLE-GRO CO
USAC,1522727,"USA Compression Partners, LP"
THO,730263,THOR INDUSTRIES INC
IPAR,822663,INTERPARFUMS INC
BANF,760498,BANCFIRST CORP /OK/
CRK,23194,COMSTOCK RESOURCES INC
BFAM,1437578,BRIGHT HORIZONS FAMILY SOLUTIONS INC.
NMRK,1690680,"NEWMARK GROUP, INC."
IRTC,1388658,"iRhythm Holdings, Inc."
MANU,1549107,Manchester United plc
GPCR,1888886,Structure Therapeutics Inc.
TLX,2007191,Telix Pharmaceuticals Ltd
BHF,1685040,"Brighthouse Financial, Inc."
FIBK,860413,FIRST INTERSTATE BANCSYSTEM INC
ITRI,780571,"ITRON, INC."
AKO-A,925261,ANDINA BOTTLING CO INC
FMCC,1026214,FEDERAL HOME LOAN MORTGAGE CORP
OLED,1005284,UNIVERSAL DISPLAY CORP \PA\
WSBC,203596,WESBANCO INC
MEOH,886977,METHANEX CORP
LPL,1290109,"LG Display Co., Ltd."
BLSH,1872195,Bullish
WHD,1699136,"Cactus, Inc."
AXTI,1051627,AXT INC
SLG,1040971,SL GREEN REALTY CORP
OTTR,1466593,Otter Tail Corp
KFY,56679,KORN FERRY
UTG,1263994,REAVES UTILITY INCOME FUND
VEON,1468091,VEON Ltd.
ADOOY,1489079,Adaro Energy PT/ADR/
YETI,1670592,"YETI Holdings, Inc."
PVH,78239,PVH CORP. /DE/
ZGN,1877787,Ermenegildo Zegna N.V.
PBLS,1657677,"Parabilis Medicines, Inc."
FHB,36377,"FIRST HAWAIIAN, INC."
ORLA,1680056,Orla Mining Ltd.
ELVN,1672619,"Enliven Therapeutics, Inc."
GPI,1031203,GROUP 1 AUTOMOTIVE INC
NHI,877860,NATIONAL HEALTH INVESTORS INC
AGO,1273813,ASSURED GUARANTY LTD
RCUS,1724521,"Arcus Biosciences, Inc."
ATRO,8063,ASTRONICS CORP
ACHR,1824502,Archer Aviation Inc.
ALMS,1847367,ALUMIS INC.
PLMR,1761312,"Palomar Holdings, Inc."
FFBC,708955,FIRST FINANCIAL BANCORP /OH/
OSIS,1039065,OSI SYSTEMS INC
BATRA,1958140,"Atlanta Braves Holdings, Inc."
NSIT,932696,INSIGHT ENTERPRISES INC
TDW,98222,TIDEWATER INC
LBTYA,1570585,Liberty Global Ltd.
WDFC,105132,WD 40 CO
HAFN,1815779,Hafnia Ltd
PAY,1841156,"Paymentus Holdings, Inc."
MCHB,1518715,Mechanics Bancorp
SUNC,2089661,SunocoCorp LLC
JOYY,1530238,JOYY Inc.
IDYA,1676725,"IDEAYA Biosciences, Inc."
OGN,1821825,Organon & Co.
WRBY,1504776,Warby Parker Inc.
MNDY,1845338,monday.com Ltd.
KYIV,2062440,Kyivstar Group Ltd.
PTEN,889900,PATTERSON UTI ENERGY INC
VECO,103145,VEECO INSTRUMENTS INC
MNSO,1815846,MINISO Group Holding Ltd
BKU,1504008,"BankUnited, Inc."
GNW,1276520,GENWORTH FINANCIAL INC
KAI,886346,KADANT INC
CBU,723188,"COMMUNITY FINANCIAL SYSTEM, INC."
JOE,745308,ST JOE Co
MSGE,1952073,Madison Square Garden Entertainment Corp.
AB,825313,ALLIANCEBERNSTEIN HOLDING L.P.
EMAT,1866226,Evolution Metals & Technologies Corp.
HIW,921082,"HIGHWOODS PROPERTIES, INC."
HAYW,1834622,"Hayward Holdings, Inc."
KBH,795266,KB HOME
NIC,1174850,NICOLET BANKSHARES INC
ICHR,1652535,"ICHOR HOLDINGS, LTD."
RNG,1384905,"RingCentral, Inc."
PPLI,1800227,People Inc
CURB,2027317,Curbline Properties Corp.
NEA,1195737,Nuveen AMT-Free Quality Municipal Income Fund
CCC,1818201,CCC Intelligent Solutions Holdings Inc.
HAE,313143,HAEMONETICS CORP
PRVA,1759655,"Privia Health Group, Inc."
AVA,104918,AVISTA CORP
ARQT,1787306,"Arcutis Biotherapeutics, Inc."
HG,1593275,"Hamilton Insurance Group, Ltd."
UUUU,1385849,ENERGY FUELS INC
CNK,1385280,"Cinemark Holdings, Inc."
VAC,1524358,MARRIOTT VACATIONS WORLDWIDE Corp
KEN,1611005,Kenon Holdings Ltd.
BKD,1332349,Brookdale Senior Living Inc.
CLMT,2013745,"Calumet, Inc. /DE"
OPCH,1014739,"Option Care Health, Inc."
AAP,1158449,ADVANCE AUTO PARTS INC
BEAM,1745999,Beam Therapeutics Inc.
AMBA,1280263,AMBARELLA INC
UWMC,1783398,UWM Holdings Corp
LEU,1065059,CENTRUS ENERGY CORP
SKE,1713748,Skeena Resources Ltd
DK,1694426,"Delek US Holdings, Inc."
GBDC,1476765,"GOLUB CAPITAL BDC, Inc."
ADPT,1478320,Adaptive Biotechnologies Corp
CLSK,827876,"CLEANSPARK, INC."
XNDU,2097163,Xanadu Quantum Technologies Ltd
BTDR,1899123,Bitdeer Technologies Group
RHI,315213,ROBERT HALF INC.
CSQ,1275214,CALAMOS STRATEGIC TOTAL RETURN FUND
PRK,805676,PARK NATIONAL CORP /OH/
CALY,837465,Callaway Golf Co
AVNT,1122976,AVIENT CORP
SEDG,1419612,"SOLAREDGE TECHNOLOGIES, INC."
FA,1210677,FIRST ADVANTAGE CORP
SFNC,90498,SIMMONS FIRST NATIONAL CORP
RARE,1515673,Ultragenyx Pharmaceutical Inc.
NATL,1974138,NCR Atleos Corp
AWR,1056903,AMERICAN STATES WATER CO
HP,46765,"Helmerich & Payne, Inc."
NIQ,2054696,NIQ Global Intelligence plc
NHC,1047335,NATIONAL HEALTHCARE CORP
SIG,832988,SIGNET JEWELERS LTD
BOH,46195,BANK OF HAWAII CORP
KC,1795589,Kingsoft Cloud Holdings Ltd
NVTS,1821769,Navitas Semiconductor Corp
ARCB,894405,ARCBEST CORP /DE/
COLM,1050797,COLUMBIA SPORTSWEAR CO
PARR,821483,"PAR PACIFIC HOLDINGS, INC."
KOZAY,1532173,Turk Altin Isletmeleri A.S./ADR
QTWO,1410384,"Q2 Holdings, Inc."
LXP,910108,LXP Industrial Trust
TDC,816761,TERADATA CORP /DE/
CGAU,1854640,Centerra Gold Inc.
ADEA,1803696,Adeia Inc.
SBCF,730708,SEACOAST BANKING CORP OF FLORIDA
GRBK,1373670,"Green Brick Partners, Inc."
ADX,2230,"ADAMS DIVERSIFIED EQUITY FUND, INC."
TTAM,2035304,Titan America SA
CRVL,874866,CORVEL CORP
VTMX,1969373,"Vesta Real Estate Corporation, S.A.B. de C.V."
ITGR,1114483,Integer Holdings Corp
KN,1587523,Knowles Corp
BANC,1169770,"BANC OF CALIFORNIA, INC."
CWK,1628369,Cushman & Wakefield Ltd.
AWATY,2092258,Air Water Inc./ADR
ETOR,1493318,eToro Group Ltd.
RH,1528849,RH
MZTI,57515,MARZETTI CO
NTCT,1078075,NETSCOUT SYSTEMS INC
ARLP,1086600,ALLIANCE RESOURCE PARTNERS LP
CXW,1070985,"CoreCivic, Inc."
CRGY,1866175,Crescent Energy Co
CSAN,1430162,Cosan S.A.
UPST,1647639,"Upstart Holdings, Inc."
SMR,1822966,NUSCALE POWER Corp
NMIH,1547903,"NMI Holdings, Inc."
FIZZ,69891,NATIONAL BEVERAGE CORP
UTF,1275617,COHEN & STEERS INFRASTRUCTURE FUND INC
PLUG,1093691,PLUG POWER INC
PLBL,2035697,Polibeli Group Ltd
MGEE,1161728,MGE ENERGY INC
CPK,19745,CHESAPEAKE UTILITIES CORP
CVI,1376139,CVR ENERGY INC
PFS,1178970,PROVIDENT FINANCIAL SERVICES INC
GRAL,1699031,"GRAIL, Inc."
AKR,899629,ACADIA REALTY TRUST
FSLY,1517413,"Fastly, Inc."
CARG,1494259,"CarGurus, Inc."
GPK,1408075,GRAPHIC PACKAGING HOLDING CO
BHE,863436,BENCHMARK ELECTRONICS INC
AGYS,78749,AGILYSYS INC
ASH,1674862,ASHLAND INC.
SHOO,913241,"STEVEN MADDEN, LTD."
CLDX,744218,"Celldex Therapeutics, Inc."
FSK,1422183,FS KKR Capital Corp
SAH,1043509,SONIC AUTOMOTIVE INC
FUL,39368,FULLER H B CO
EXPO,851520,EXPONENT INC
UE,1611547,Urban Edge Properties
HTGC,1280784,"Hercules Capital, Inc."
EXG,1379438,Eaton Vance Tax-Managed Global Diversified Equity Income Fund
ARIS,1964504,Aris Mining Corp
ALGT,1362468,Allegiant Travel CO
AD,821130,"ARRAY DIGITAL INFRASTRUCTURE, INC."
MMS,1032220,"MAXIMUS, INC."
CWT,1035201,CALIFORNIA WATER SERVICE GROUP
OUST,1816581,"Ouster, Inc."
TRMD,1655891,TORM plc
JPC,1216583,Nuveen Preferred & Income Opportunities Fund
DBD,28823,"DIEBOLD NIXDORF, Inc"
UNFI,1020859,UNITED NATURAL FOODS INC
WT,880631,"WisdomTree, Inc."
RUN,1469367,Sunrun Inc.
BWLP,1649313,BW LPG Ltd
FLNC,1868941,"Fluence Energy, Inc."
AAUC,1993344,Allied Gold Corp
CXT,25445,"Crane NXT, Co."
DAN,26780,DANA Inc
EEFT,1029199,"EURONET WORLDWIDE, INC."
MGNI,1595974,"MAGNITE, INC."
MBX,1776111,"MBX Biosciences, Inc."
RGC,1829667,Regencell Bioscience Holdings Ltd
PHIN,1968915,PHINIA INC.
BELFA,729580,BEL FUSE INC /NJ
VERA,1831828,"Vera Therapeutics, Inc."
DNN,1063259,DENISON MINES CORP.
QURE,1590560,uniQure N.V.
SBLK,1386716,Star Bulk Carriers Corp.
IRON,1816736,"Disc Medicine, Inc."
BSM,1621434,"Black Stone Minerals, L.P."
EFXT,1904856,Enerflex Ltd.
FBK,1649749,FB Financial Corp
WK,1445305,WORKIVA INC
AAMI,1748824,Acadian Asset Management Inc.
DBRG,1679688,"DigitalBridge Group, Inc."
UAA,1336917,"Under Armour, Inc."
VGNT,2078008,Versigent PLC
AYA,1826836,Aya Gold & Silver Inc.
HNI,48287,HNI CORP
CHRN,1549084,ChronoScale Holdings Corp
ACHC,1520697,"Acadia Healthcare Company, Inc."
BXMT,1061630,"BLACKSTONE MORTGAGE TRUST, INC."
VC,1111335,VISTEON CORP
SPNT,1576018,SiriusPoint Ltd
BTE,1279495,BAYTEX ENERGY CORP.
USLM,82020,UNITED STATES LIME & MINERALS INC
ZIM,1654126,ZIM Integrated Shipping Services Ltd.
SOUN,1840856,"SOUNDHOUND AI, INC."
DKL,1552797,"Delek Logistics Partners, LP"
TR,98677,TOOTSIE ROLL INDUSTRIES INC
PONY,1969302,Pony AI Inc.
ASO,1817358,"Academy Sports & Outdoors, Inc."
NESR,1698514,National Energy Services Reunited Corp.
MGRC,752714,MCGRATH RENTCORP
PK,1617406,Park Hotels & Resorts Inc.
HUBG,940942,"Hub Group, Inc."
BTU,1064728,PEABODY ENERGY CORP
TRN,99780,TRINITY INDUSTRIES INC
BRZE,1676238,"Braze, Inc."
VISN,1517228,"Vistance Networks, Inc."
SA,1231346,SEABRIDGE GOLD INC
DX,826675,DYNEX CAPITAL INC
FRSH,1544522,Freshworks Inc.
KEEL,1812477,Keel Infrastructure Corp.
HWKN,46250,HAWKINS INC
WAFD,936528,WAFD INC
AEO,919012,AMERICAN EAGLE OUTFITTERS INC
SUPN,1356576,"SUPERNUS PHARMACEUTICALS, INC."
DHT,1331284,"DHT Holdings, Inc."
HYPMY,1486749,Hypermarcas S.A.
GRND,1820144,Grindr Inc.
NAD,1083839,Nuveen Quality Municipal Income Fund
SII,1512920,SPROTT INC.
IHS,1876183,IHS Holding Ltd
AMBP,1845097,Ardagh Metal Packaging S.A.
BKV,1838406,BKV Corp
TBBK,1295401,"Bancorp, Inc."
PENN,921738,"PENN Entertainment, Inc."
PATK,76605,PATRICK INDUSTRIES INC
NVG,1090116,Nuveen AMT-Free Municipal Credit Income Fund
IVT,1307748,InvenTrust Properties Corp.
ARX,1997350,Accelerant Holdings
FXCNY,1164009,FIH Mobile Ltd
GPOR,874499,GULFPORT ENERGY CORP
STNE,1745431,StoneCo Ltd.
FCPT,1650132,"Four Corners Property Trust, Inc."
ATS,1394832,ATS Corp /ATS
TRMK,36146,TRUSTMARK CORP
FRME,712534,FIRST MERCHANTS CORP
ATEN,1580808,"A10 Networks, Inc."
CENT,887733,CENTRAL GARDEN & PET CO
WTTR,1693256,"Select Water Solutions, Inc."
BGSI,2091467,Boyd Group Services Inc.
CC,1627223,Chemours Co
SLBT,2070534,SL Science Holding Ltd
FRPT,1611647,"Freshpet, Inc."
UNIT,2020795,Uniti Group Inc.
BMRRY,1671235,B&M European Value Retail S.A./ADR
MPT,1287865,MEDICAL PROPERTIES TRUST INC
UTI,1261654,UNIVERSAL TECHNICAL INSTITUTE INC
WOR,108516,"WORTHINGTON ENTERPRISES, INC."
KLRA,2096997,"Kailera Therapeutics, Inc."
HOG,793952,"HARLEY-DAVIDSON, INC."
TGB,878518,Trekor Metals Ltd
EBOSY,1533082,EBOS Group Limited/ADR
ERO,1853860,Ero Copper Corp.
BCC,1328581,BOISE CASCADE Co
COHU,21535,COHU INC
HLIO,1024795,"HELIOS TECHNOLOGIES, INC."
BCRX,882796,BIOCRYST PHARMACEUTICALS INC
OSW,1758488,ONESPAWORLD HOLDINGS Ltd
HIMX,1342338,"Himax Technologies, Inc."
IMOS,1123134,CHIPMOS TECHNOLOGIES INC
FBNC,811589,FIRST BANCORP /NC/
WHR,106640,WHIRLPOOL CORP /DE/
YSS,2086587,York Space Systems Inc.
AVPT,1777921,"AvePoint, Inc."
PSNY,1884082,Polestar Automotive Holding UK PLC
KD,1867072,"Kyndryl Holdings, Inc."
NG,1173420,NOVAGOLD RESOURCES INC
KALU,811596,KAISER ALUMINUM CORP
ABM,771497,ABM INDUSTRIES INC /DE/
WERN,793074,WERNER ENTERPRISES INC
IMNM,1472012,Immunome Inc.
NBTB,790359,NBT BANCORP INC
CUBI,1488813,"Customers Bancorp, Inc."
APAM,1517302,Artisan Partners Asset Management Inc.
DGII,854775,DIGI INTERNATIONAL INC
PAGS,1712807,PagSeguro Digital Ltd.
CTRI,1981599,"Centuri Holdings, Inc."
KWR,81362,QUAKER CHEMICAL CORP
GDV,1260729,GABELLI DIVIDEND & INCOME TRUST
GRDN,1802255,"Guardian Pharmacy Services, Inc."
IQMX,2113060,IQM Quantum Computers Oyj
KOD,1468748,Kodiak Sciences Inc.
FSM,1341335,FORTUNA MINING CORP.
TARS,1819790,"Tarsus Pharmaceuticals, Inc."
INTR,1864163,"Inter & Co, Inc."
HTO,766829,H2O AMERICA
ESTA,1688757,ESTABLISHMENT LABS HOLDINGS INC.
BWIN,1781755,"Baldwin Insurance Group, Inc."
PTY,1190935,PIMCO CORPORATE & INCOME OPPORTUNITY FUND
LUNR,1844452,"Intuitive Machines, Inc."
KMT,55242,KENNAMETAL INC
DRVN,1804745,Driven Brands Holdings Inc.
PTON,1639825,"PELOTON INTERACTIVE, INC."
WLY,107140,"JOHN WILEY & SONS, INC."
CALX,1406666,"CALIX, INC"
ALRM,1459200,"Alarm.com Holdings, Inc."
TNET,937098,"TRINET GROUP, INC."
TRVI,1563880,"Trevi Therapeutics, Inc."
BBT,1108134,Beacon Financial Corp
DXPE,1020710,DXP ENTERPRISES INC
SHAK,1620533,Shake Shack Inc.
NGVT,1653477,Ingevity Corp
DCO,30305,DUCOMMUN INC /DE/
SDRL,1737706,SEADRILL Ltd
SLS,1390478,"SELLAS Life Sciences Group, Inc."
CURLF,1756770,"Curaleaf Holdings, Inc."
PBI,78814,PITNEY BOWES INC /DE/
MLYS,1933414,"Mineralys Therapeutics, Inc."
ROG,84748,ROGERS CORP
NZF,1137887,Nuveen Municipal Credit Income Fund
INFQ,2007825,"Infleqtion, Inc."
XRAY,818479,DENTSPLY SIRONA Inc.
BLBD,1589526,Blue Bird Corp
TNK,1419945,TEEKAY TANKERS LTD.
BUSE,314489,FIRST BUSEY CORP /NV/
LCII,763744,LCI INDUSTRIES
PTXKY,1545057,PT XLSMART Telecom Sejahtera Tbk/ADR
ANDE,821026,"Andersons, Inc."
AGIO,1439222,"AGIOS PHARMACEUTICALS, INC."
ATKR,1666138,Atkore Inc.
PHVS,1830487,Pharvaris N.V.
TMDX,1756262,"TransMedics Group, Inc."
DRH,1298946,DiamondRock Hospitality Co
TSCFY,1555815,Tisco Financial Group Public Co Limited/ADR
WU,1365135,Western Union CO
NYAX,1901279,Nayax Ltd.
PPTA,1526243,PERPETUA RESOURCES CORP.
AERO,1561861,"Grupo Aeromexico, S.A.B. de C.V."
SKWD,1519449,"Skyward Specialty Insurance Group, Inc."
SMSGY,1560968,Samsonite International SA/ADR
CTOS,1709682,"Custom Truck One Source, Inc."
CMPR,1262976,CIMPRESS plc
EXK,1277866,ENDEAVOUR SILVER CORP
SLDE,1886428,"Slide Insurance Holdings, Inc."
AYR,1362988,Aircastle LTD
NTB,1653242,Bank of N.T. Butterfield & Son Ltd
PAYO,1845815,Payoneer Global Inc.
BHVN,1935979,Biohaven Ltd.
RLX,1828365,RLX Technology Inc.
VCEL,887359,Vericel Corp
BAND,1514416,Bandwidth Inc.
DEI,1364250,Douglas Emmett Inc
DNOW,1599617,DNOW Inc.
EFSC,1025835,ENTERPRISE FINANCIAL SERVICES CORP
KYN,1293613,"Kayne Anderson Energy Infrastructure Fund, Inc."
PGNY,1551306,"Progyny, Inc."
SHAZ,2068385,SharonAI Holdings Inc.
NRIX,1549595,"Nurix Therapeutics, Inc."
TMC,1798562,TMC the metals Co Inc.
DJT,1849635,Trump Media & Technology Group Corp.
VVX,1601548,"V2X, Inc."
NKTR,906709,NEKTAR THERAPEUTICS
AEGXF,1309167,Aecon Group Inc.
HAPN,1409970,"Happen, Inc."
LMAT,1158895,LEMAITRE VASCULAR INC
ATHM,1527636,Autohome Inc.
PDFS,1120914,PDF SOLUTIONS INC
ZLAB,1704292,Zai Lab Ltd
ETY,1340736,Eaton Vance Tax-Managed Diversified Equity Income Fund
OLN,74303,OLIN Corp
HE,354707,HAWAIIAN ELECTRIC INDUSTRIES INC
HCI,1400810,"HCI Group, Inc."
CLOV,1801170,"CLOVER HEALTH INVESTMENTS, CORP. /DE"
PLUS,1022408,EPLUS INC
PBH,1295947,Prestige Consumer Healthcare Inc.
DAC,1369241,Danaos Corp
GOF,1380936,GUGGENHEIM STRATEGIC OPPORTUNITIES FUND
BANR,946673,BANNER CORP
AEHR,1040470,AEHR TEST SYSTEMS
RAMP,733269,"LiveRamp Holdings, Inc."
HTFL,1464521,"Heartflow, Inc."
ASTH,1083446,"Astrana Health, Inc."
RNW,1848763,ReNew Energy Global plc
VNET,1508475,"VNET Group, Inc."
CEPU,1717161,CENTRAL PUERTO S.A.
CLM,814083,"Cornerstone Strategic Investment Fund, Inc."
SYBT,835324,"Stock Yards Bancorp, Inc."
MTX,891014,MINERALS TECHNOLOGIES INC
OCUL,1393434,"OCULAR THERAPEUTIX, INC"
TALO,1724965,TALOS ENERGY INC.
HTH,1265131,Hilltop Holdings Inc.
NMZ,1266585,NUVEEN MUNICIPAL HIGH INCOME OPPORTUNITY FUND
RVT,804116,"ROYCE SMALL-CAP TRUST, INC."
FLOC,2035149,Flowco Holdings Inc.
PRKS,1564902,United Parks & Resorts Inc.
PRDO,1046568,PERDOCEO EDUCATION Corp
SPSC,1092699,SPS COMMERCE INC
NWL,814453,NEWELL BRANDS INC.
INOD,903651,INNODATA INC
CLBK,1723596,"Columbia Financial, Inc."
MCRI,907242,MONARCH CASINO & RESORT INC
BLX,890541,"FOREIGN TRADE BANK OF LATIN AMERICA, INC."
NWBI,1471265,"Northwest Bancshares, Inc."
MBIN,1629019,Merchants Bancorp
AGM,845877,FEDERAL AGRICULTURAL MORTGAGE CORP
FLYW,1580560,Flywire Corp
MRVI,1823239,"MARAVAI LIFESCIENCES HOLDINGS, INC."
VRDN,1590750,"Viridian Therapeutics, Inc.\DE"
NN,1865631,NEXTNAV INC.
BKE,885245,BUCKLE INC
BXDC,2100161,Blackstone Digital Infrastructure Trust Inc.
CDLR,1978867,Cadeler A/S
LCID,1811210,"Lucid Group, Inc."
SGRY,1638833,"Surgery Partners, Inc."
AXGN,805928,"Axogen, Inc."
KARD,2123613,"Kardigan, Inc."
NMM,1415921,Navios Maritime Partners L.P.
INTA,1565687,"Intapp, Inc."
MD,893949,"Pediatrix Medical Group, Inc."
PLGO,1636639,Pelagos Insurance Capital Ltd
MNR,1980088,MACH NATURAL RESOURCES LP
JBLU,1158463,JETBLUE AIRWAYS CORP
ADMA,1368514,"ADMA BIOLOGICS, INC."
MLCO,1381640,Melco Resorts & Entertainment LTD
IMAX,921582,IMAX CORP
HMN,850141,HORACE MANN EDUCATORS CORP /DE/
GRC,42682,GORMAN RUPP CO
HRMY,1802665,"Harmony Biosciences Holdings, Inc."
DHC,1075415,DIVERSIFIED HEALTHCARE TRUST
AVAH,1832332,"Aveanna Healthcare Holdings, Inc."
NWN,1733998,Northwest Natural Holding Co
ARR,1428205,"Armour Residential REIT, Inc."
SVM,1340677,SILVERCORP METALS INC
TSAT,1845840,Telesat Corp
ECO,1964954,Okeanis Eco Tankers Corp.
EZPW,876523,EZCORP INC
PIII,1832511,P3 Health Partners Inc.
NEXT,1612720,NextDecade Corp
OFG,1030469,OFG BANCORP
SPGNY,2042556,Springer Nature AG & Co. KGaA/ADR
WIX,1576789,Wix.com Ltd.
CHA,2013649,Chagee Holdings Ltd.
SNDX,1395937,Syndax Pharmaceuticals Inc
NEOG,711377,NEOGEN CORP
NTST,1798100,NETSTREIT Corp.
SHO,1295810,"Sunstone Hotel Investors, Inc."
STC,94344,STEWART INFORMATION SERVICES CORP
CPRI,1530721,Capri Holdings Ltd
NUVB,1811063,Nuvation Bio Inc.
AIN,819793,ALBANY INTERNATIONAL CORP /DE/
ABCL,1703057,AbCellera Biologics Inc.
FCF,712537,FIRST COMMONWEALTH FINANCIAL CORP /PA/
PVLA,1583648,"PALVELLA THERAPEUTICS, INC."
GTY,1052752,GETTY REALTY CORP /MD/
BOBS,2085187,"Bob's Discount Furniture, Inc."
CCU,888746,UNITED BREWERIES CO INC
EVT,1253327,Eaton Vance Tax-Advantaged Dividend Income Fund
PEB,1474098,Pebblebrook Hotel Trust
NTLA,1652130,"Intellia Therapeutics, Inc."
OMCL,926326,"OMNICELL, INC."
BSTZ,1768666,BlackRock Science & Technology Term Trust
NBTX,1760854,Nanobiotix S.A.
AUPH,1600620,Aurinia Pharmaceuticals Inc.
RDW,1819810,Redwire Corp
AMBQ,1500412,"Ambiq Micro, Inc."
BRSL,1619762,Brightstar Lottery PLC
NOG,1104485,"NORTHERN OIL & GAS, INC."
CBZ,944148,"CBIZ, Inc."
IOSP,1054905,INNOSPEC INC.
VERX,1806837,"Vertex, Inc."
SRPT,873303,"Sarepta Therapeutics, Inc."
ADUS,1468328,Addus HomeCare Corp
BFLY,1804176,"Butterfly Network, Inc."
FUN,1999001,Six Flags Entertainment Corporation/NEW
RMIX,2094433,"Suncrete, Inc."
ATEX,1304492,Anterix Inc.
SION,2036042,"Sionna Therapeutics, Inc."
MESO,1345099,MESOBLAST LTD
LTC,887905,LTC PROPERTIES INC
ALG,897077,ALAMO GROUP INC
NBHC,1475841,National Bank Holdings Corp
LKFT,1421876,Lakefront Biotherapeutics NV
ECPG,1084961,ENCORE CAPITAL GROUP INC
AMLX,1658551,"Amylyx Pharmaceuticals, Inc."
COTY,1024305,COTY INC.
RAPP,2012593,"Rapport Therapeutics, Inc."
XHR,1616000,"Xenia Hotels & Resorts, Inc."
GT,42582,GOODYEAR TIRE & RUBBER CO /OH/
QUBT,1758009,Quantum Computing Inc.
SRCE,34782,1ST SOURCE CORP
NEXA,1713930,Nexa Resources S.A.
FIVN,1288847,"Five9, Inc."
WMK,105418,WEIS MARKETS INC
TGLS,1534675,Tecnoglass Inc.
ANAB,1370053,"ANAPTYSBIO, INC"
HYMC,1718405,HYCROFT MINING HOLDING CORP
STOK,1623526,"Stoke Therapeutics, Inc."
GLUE,1826457,"Monte Rosa Therapeutics, Inc."
HAWK,1750704,"HawkEye 360, Inc."
CNXN,1050377,PC CONNECTION INC
TILE,715787,INTERFACE INC
AAT,1500217,"American Assets Trust, Inc."
STGW,876883,Stagwell Inc
HUN,1307954,Huntsman CORP
WGS,1818331,GeneDx Holdings Corp.
SPB,109177,"Spectrum Brands Holdings, Inc."
MFP,2088281,"Midera Food Processing, Inc."
ATAI,2081043,AtaiBeckley Inc.
IOVA,1425205,"IOVANCE BIOTHERAPEUTICS, INC."
LOB,1462120,"Live Oak Bancshares, Inc."
ZD,1084048,"ZIFF DAVIS, INC."
URGN,1668243,UroGen Pharma Ltd.
ALMR,2104204,"Alamar Biosciences, Inc."
HCM,1648257,HUTCHMED (China) Ltd
TYRA,1863127,"Tyra Biosciences, Inc."
VSTS,1967649,Vestis Corp
GSHD,1726978,"Goosehead Insurance, Inc."
KSS,885639,KOHLS Corp
TE,1992243,T1 Energy Inc.
GNL,1526113,"Global Net Lease, Inc."
MH,1951070,"McGraw Hill, Inc."
PDO,1798618,PIMCO Dynamic Income Opportunities Fund
NVCR,1645113,NovoCure Ltd
CASH,907471,"PATHWARD FINANCIAL, INC."
ZYME,1937653,Zymeworks Inc.
STRA,1013934,"Strategic Education, Inc."
CCS,1576940,"Century Communities, Inc."
NUV,812801,NUVEEN MUNICIPAL VALUE FUND INC
TY,99614,TRI-CONTINENTAL Corp
NAC,1074952,Nuveen California Quality Municipal Income Fund
BCAX,2023658,Bicara Therapeutics Inc.
SNDA,1043000,"SONIDA SENIOR LIVING, INC."
WB,1595761,WEIBO Corp
LIFE,1788451,Ethos Technologies Inc.
PGEN,1356090,"PRECIGEN, INC."
WOLF,895419,"WOLFSPEED, INC."
SSMR,2091017,Sunshine Silver Mining & Refining Co
ALKT,1529274,"ALKAMI TECHNOLOGY, INC."
RXRX,1601830,"RECURSION PHARMACEUTICALS, INC."
CHCO,726854,CITY HOLDING CO
EPAC,6955,ENERPAC TOOL GROUP CORP
ANIP,1023024,ANI PHARMACEUTICALS INC
GENB,2100782,"Generate Biomedicines, Inc."
AGL,1831097,"agilon health, inc."
TFIN,1539638,"Triumph Financial, Inc."
APPN,1441683,APPIAN CORP
VOYG,1788060,"Voyager Technologies, Inc./TX"
NCNO,1902733,"nCino, Inc."
AMR,1704715,"Alpha Metallurgical Resources, Inc."
IIPR,1677576,INNOVATIVE INDUSTRIAL PROPERTIES INC
PLSE,1625101,"PULSE BIOSCIENCES, INC."
SAM,949870,BOSTON BEER CO INC
WRD,1867729,WeRide Inc.
CMPS,1816590,COMPASS Pathways plc
DRD,1023512,DRDGOLD LTD
UFPT,914156,UFP TECHNOLOGIES INC
GHRS,1855129,GH Research PLC
XXI,2070457,"Twenty One Capital, Inc."
DMRA,1800315,"Damora Therapeutics, Inc."
NEO,1077183,NEOGENOMICS INC
USA,799195,LIBERTY ALL STAR EQUITY FUND
SMA,1585389,"SmartStop Self Storage REIT, Inc."
TSHA,1806310,"Taysha Gene Therapies, Inc."
ABSI,1672688,Absci Corp
ARCO,1508478,Arcos Dorados Holdings Inc.
GUYGF,1526491,G2 Goldfields Inc.
DV,1819928,"DoubleVerify Holdings, Inc."
MAN,871763,ManpowerGroup Inc.
EVTC,1559865,"EVERTEC, Inc."
EVCM,1853145,EverCommerce Inc.
PAEXY,2073620,Parex Resources Inc./ADR
CMRE,1503584,Costamare Inc.
WKC,789460,WORLD KINECT CORP
ETG,1270523,Eaton Vance Tax-Advantaged Global Dividend Income Fund
SIND,2096861,Sinda Ltd.
AAPG,2023311,ASCENTAGE PHARMA GROUP INTERNATIONAL
PRG,1808834,"PROG Holdings, Inc."
KARO,1828102,Karooooo Ltd.
TH,1712189,Target Hospitality Corp.
NGL,1504461,NGL Energy Partners LP
FLO,1128928,FLOWERS FOODS INC
GEL,1022321,GENESIS ENERGY LP
ETV,1322436,Eaton Vance Tax-Managed Buy-Write Opportunities Fund
PAX,1825570,Patria Investments Ltd
AESI,1984060,Atlas Energy Solutions Inc.
WLFC,1018164,WILLIS LEASE FINANCE CORP
PRLB,1443669,Proto Labs Inc
INVX,1042893,"Innovex International, Inc."
COAG,2114044,"Hemab Therapeutics Holdings, Inc."
BHC,885590,Bausch Health Companies Inc.
STBA,719220,S&T BANCORP INC
ZBIO,1953926,"Zenas BioPharma, Inc."
GABC,714395,"GERMAN AMERICAN BANCORP, INC."
GAB,794685,GABELLI EQUITY TRUST INC
DCOM,846617,"Dime Commercial Bancshares, Inc. /NY/"
AMSC,880807,AMERICAN SUPERCONDUCTOR CORP /DE/
RLJ,1511337,RLJ Lodging Trust
PLAB,810136,PHOTRONICS INC
BRUN,2090646,Boost Run Inc.
STEW,102426,"SRH Total Return Fund, Inc."
MLTX,1821586,MoonLake Immunotherapeutics
XPRO,1575828,EXPRO GROUP HOLDINGS N.V.
OPRA,1737450,Opera Ltd
LIND,1512499,"LINDBLAD EXPEDITIONS HOLDINGS, INC."
RBCAA,921557,REPUBLIC BANCORP INC /KY/
CTS,26058,CTS CORP
EFC,1411342,Ellington Financial Inc.
MDCOY,2094100,PT Medco Energi Internasional Tbk/ADR
WD,1497770,"Walker & Dunlop, Inc."
KMPR,860748,KEMPER Corp
CYD,932695,CHINA YUCHAI INTERNATIONAL LTD
AMC,1411579,"AMC ENTERTAINMENT HOLDINGS, INC."
ATRC,1323885,"AtriCure, Inc."
TCBK,356171,TRICO BANCSHARES /
HOPE,1128361,HOPE BANCORP INC
PLPC,80035,PREFORMED LINE PRODUCTS CO
MPLT,1770069,"MapLight Therapeutics, Inc."
IMKTA,50493,INGLES MARKETS INC
LINC,1286613,LINCOLN EDUCATIONAL SERVICES CORP
BW,1630805,"Babcock & Wilcox Enterprises, Inc."
BDJ,1332283,BlackRock Enhanced Equity Dividend Trust
NSP,1000753,"INSPERITY, INC."
FORTY,1045986,FORMULA SYSTEMS (1985) LTD
RVLV,1746618,"Revolve Group, Inc."
SONO,1314727,Sonos Inc
RUM,1830081,RUM Group Inc.
BY,1702750,"BYLINE BANCORP, INC."
FIGS,1846576,"FIGS, Inc."
BVC,1785680,BitVentures Ltd
BCAT,1809541,BlackRock Capital Allocation Term Trust
BL,1666134,"BLACKLINE, INC."
MAZE,1842295,"Maze Therapeutics, Inc."
ASAN,1477720,"Asana, Inc."
TPB,1290677,"Turning Point Brands, Inc."
TIC,2032966,"TIC Solutions, Inc."
LPG,1596993,DORIAN LPG LTD.
BST,1616678,BlackRock Science & Technology Trust
HURN,1289848,Huron Consulting Group Inc.
SHLS,1831651,"Shoals Technologies Group, Inc."
GENI,1834489,Genius Sports Ltd
VIR,1706431,"Vir Biotechnology, Inc."
SXGCF,1622629,Southern Cross Gold Consolidated Ltd.
AZUL,1432364,AZUL SA
OCFC,1004702,OCEANFIRST FINANCIAL CORP
MQ,1522540,"Marqeta, Inc."
FTRE,1965040,Fortrea Holdings Inc.
FCEL,886128,FUELCELL ENERGY INC
BFC,1746109,Bank First Corp
TDOC,1477449,"Teladoc Health, Inc."
BVENY,2095292,Brava Energia S.A.
ESRT,1541401,"Empire State Realty Trust, Inc."
DAO,1781753,"Youdao, Inc."
AVVSY,2082141,Avio S.p.A./ADR
TSLX,1508655,"Sixth Street Specialty Lending, Inc."
TRIP,1526520,"TripAdvisor, Inc."
WS,1968487,"Worthington Steel, Inc."
AMPX,1899287,"Amprius Technologies, Inc."
FSUN,1709442,FIRSTSUN CAPITAL BANCORP
TRLV,1754195,Trulieve Cannabis Corp.
GLP,1323468,GLOBAL PARTNERS LP
IMCR,1671927,Immunocore Holdings plc
INVA,1080014,"Innoviva, Inc."
RQI,1157842,COHEN & STEERS QUALITY INCOME REALTY FUND INC
COUR,1651562,"Coursera, Inc."
PRCH,1784535,"Porch Group, Inc."
CNOB,712771,"ConnectOne Bancorp, Inc."
HCSG,731012,HEALTHCARE SERVICES GROUP INC
AIP,1667011,"Arteris, Inc."
NOMD,1651717,Nomad Foods Ltd
QFIN,1741530,"Qfin Holdings, Inc."
SEPN,1984086,"Septerna, Inc."
FLNG,1772253,Flex LNG Ltd.
SKYT,1819974,"SkyWater Technology, Inc"
CBL,910612,CBL & ASSOCIATES PROPERTIES INC
ULCC,1670076,"Frontier Group Holdings, Inc."
QCRH,906465,QCR HOLDINGS INC
APC,2080921,ARKO Petroleum Corp.
TRIN,1786108,Trinity Capital Inc.
WBI,2064947,WaterBridge Infrastructure LLC
KRP,1657788,"Kimbell Royalty Partners, LP"
OBK,1516912,"Origin Bancorp, Inc."
ECAT,1864843,BlackRock ESG Capital Allocation Term Trust
LZB,57131,LA-Z-BOY INC
GTBIF,1795139,Green Thumb Industries Inc.
HROW,1360214,"HARROW, INC."
BBAI,1836981,"BigBear.ai Holdings, Inc."
ADNT,1670541,Adient plc
PRGS,876167,PROGRESS SOFTWARE CORP /MA
AVBP,1868279,"ArriVent BioPharma, Inc."
SLVM,1856485,Sylvamo Corp
EYE,1710155,"National Vision Holdings, Inc."
FOR,1406587,Forestar Group Inc.
XZO,1873951,"Exzeo Group, Inc."
CET,18748,CENTRAL SECURITIES CORP
PUMP,1680247,ProPetro Holding Corp.
EOSE,1805077,"Eos Energy Enterprises, Inc."
AKTS,2035832,"Aktis Oncology, Inc."
GAM,40417,GENERAL AMERICAN INVESTORS CO INC
REX,744187,REX AMERICAN RESOURCES Corp
WBTN,1997859,WEBTOON Entertainment Inc.
VIA,1603015,"Via Transportation, Inc."
INNV,1834376,InnovAge Holding Corp.
ALNT,46129,ALLIENT INC
PICS,1841644,PicS N.V.
ESBA,1553079,"Empire State Realty OP, L.P."
HLMN,1822492,Hillman Solutions Corp.
HLIT,851310,HARMONIC INC.
NVAX,1000694,NOVAVAX INC
ODC,74046,Oil-Dri Corp of America
LEG,58492,LEGGETT & PLATT INC
IDT,1005731,IDT CORP
VPG,1487952,"Vishay Precision Group, Inc."
DXC,1688568,DXC Technology Co
PGY,1883085,Pagaya Technologies Ltd.
TBLA,1840502,Taboola.com Ltd.
ATLC,1464343,Atlanticus Holdings Corp
SVV,1883313,"Savers Value Village, Inc."
LKFN,721994,LAKELAND FINANCIAL CORP
INSP,1609550,"Inspire Medical Systems, Inc."
PURR,2078856,Hyperliquid Strategies Inc
QQQX,1608741,Nuveen NASDAQ 100 Dynamic Overwrite Fund
CRI,1060822,CARTERS INC
TRS,842633,TRIMAS CORP
CSWC,17313,CAPITAL SOUTHWEST CORP
DFH,1825088,"Dream Finders Homes, Inc."
KMTS,1877184,"KESTRA MEDICAL TECHNOLOGIES, LTD."
GIII,821002,G III APPAREL GROUP LTD /DE/
PRSU,884219,"Pursuit Attractions & Hospitality, Inc."
AGRO,1499505,Adecoagro S.A.
WYFI,2042022,"WhiteFiber, Inc."
CDNA,1217234,"CareDx, Inc."
TV,912892,"GRUPO TELEVISA, S.A.B."
PSNL,1527753,"Personalis, Inc."
LNXSY,1311307,LANXESS AG
LILA,1712184,Liberty Latin America Ltd.
ATEC,1350653,"Alphatec Holdings, Inc."
IE,1879016,Ivanhoe Electric Inc.
TNC,97134,TENNANT CO
OI,812074,"O-I Glass, Inc. /DE/"
ENOV,1420800,Enovis CORP
PCT,1830033,"PureCycle Technologies, Inc."
CLVT,1764046,CLARIVATE PLC
GBX,923120,GREENBRIER COMPANIES INC
SFL,1289877,SFL Corp Ltd.
USAS,1286973,Americas Gold & Silver Corp
BTT,1528437,BlackRock Municipal 2030 Target Term Trust
WWW,110471,WOLVERINE WORLD WIDE INC /DE/
POET,1437424,POET TECHNOLOGIES INC.
IART,917520,INTEGRA LIFESCIENCES HOLDINGS CORP
SBH,1368458,"Sally Beauty Holdings, Inc."
WEN,30697,Wendy's Co
XERS,1867096,"Xeris Biopharma Holdings, Inc."
GSL,1430725,"Global Ship Lease, Inc."
PLTK,1828016,Playtika Holding Corp.
ARDT,1756655,"Ardent Health, Inc."
VET,1293135,VERMILION ENERGY INC.
JJSF,785956,J&J SNACK FOODS CORP
AEVA,1789029,"Aeva Technologies, Inc."
PRGO,1585364,PERRIGO Co plc
NFJ,1260563,"Virtus Dividend, Interest & Premium Strategy Fund"
YELP,1345016,YELP INC
ENR,1632790,"ENERGIZER HOLDINGS, INC."
BHRB,1964333,Burke & Herbert Financial Services Corp.
PWP,1777835,Perella Weinberg Partners
BRBR,1772016,"BELLRING BRANDS, INC."
ARLO,1736946,"Arlo Technologies, Inc."
AI,1577526,"C3.ai, Inc."
NXRT,1620393,"NexPoint Residential Trust, Inc."
MRTN,799167,MARTEN TRANSPORT LTD
ALX,3499,ALEXANDERS INC
LGIH,1580670,"LGI Homes, Inc."
PNTG,1766400,"Pennant Group, Inc."
MLKN,66382,"MILLERKNOLL, INC."
AMAL,1823608,Amalgamated Financial Corp.
HYT,1222401,"BLACKROCK CORPORATE HIGH YIELD FUND, INC."
WLTH,1524566,WEALTHFRONT CORP
ICFI,1362004,"ICF International, Inc."
WINA,908315,WINMARK CORP
TTI,844965,TETRA TECHNOLOGIES INC
AHCO,1725255,AdaptHealth Corp.
WABC,311094,WESTAMERICA BANCORPORATION
PEBO,318300,PEOPLES BANCORP INC
OMDA,1611115,"Omada Health, Inc."
FMC,37785,FMC CORP
INBX,2007919,"Inhibrx Biosciences, Inc."
STAA,718937,STAAR SURGICAL CO
ORC,1518621,"Orchid Island Capital, Inc."
BLFS,834365,BIOLIFE SOLUTIONS INC
SFDMY,1493507,Shanghai Fudan Microelectronics Co Limited/ADR/
RYZ,1481582,Ryerson Holding Corp
OPFI,1818502,OppFi Inc.
ARI,1467760,"Apollo Commercial Real Estate Finance, Inc."
DOLE,1857475,Dole plc
SID,1049659,NATIONAL STEEL CO
RCAT,748268,"Red Cat Holdings, Inc."
CCEC,1392326,Capital Clean Energy Carriers Corp.
SLSR,2019103,Solaris Resources Inc.
LSPD,1823306,Lightspeed Commerce Inc.
BLKB,1280058,BLACKBAUD INC
DMC,1047340,DEL MONTE CORP
LOMA,1711375,Loma Negra Compania Industrial Argentina Sociedad Anonima
AMRC,1488139,"Ameresco, Inc."
HLF,1180262,HERBALIFE LTD.
SGML,1848309,Sigma Lithium Corp
CDNL,2079999,Cardinal Infrastructure Group Inc.
UFCS,101199,UNITED FIRE GROUP INC
PAHC,1069899,PHIBRO ANIMAL HEALTH CORP
BV,1734713,"BrightView Holdings, Inc."
HLX,866829,HELIX ENERGY SOLUTIONS GROUP INC
AHG,1702318,Akso Health Group
CRVS,1626971,"Corvus Pharmaceuticals, Inc."
MSDL,1782524,Morgan Stanley Direct Lending Fund
AFYA,1771007,Afya Ltd
EBCRY,1969796,Embracer Group AB/ADR
BORR,1715497,Borr Drilling Ltd
RXT,1810019,"Rackspace Technology, Inc."
IMTX,1809196,Immatics N.V.
TMP,1005817,TOMPKINS FINANCIAL CORP
IRS,933267,IRSA INVESTMENTS & REPRESENTATIONS INC
RDWR,1094366,RADWARE LTD
ECVT,1708035,Ecovyst Inc.
TRAX,2091349,"First Tracks Biotherapeutics, Inc."
CTBI,350852,COMMUNITY TRUST BANCORP INC /KY/
NRP,1171486,NATURAL RESOURCE PARTNERS LP
GLOB,1557860,Globant S.A.
NWPX,1001385,"NWPX Infrastructure, Inc."
ARDX,1437402,"ARDELYX, INC."
APPS,317788,"Digital Turbine, Inc."
ASTE,792987,ASTEC INDUSTRIES INC
CNXC,1803599,Concentrix Corp
BJRI,1013488,BJs RESTAURANTS INC
UMH,752642,"UMH PROPERTIES, INC."
MNKD,899460,MANNKIND CORP
YSWY,1859836,"Yesway, Inc."
UVV,102037,UNIVERSAL CORP /VA/
NSSC,69633,"NAPCO SECURITY TECHNOLOGIES, INC"
NAT,1000177,NORDIC AMERICAN TANKERS Ltd
SCL,94049,STEPAN CO
JBIO,1798749,"Jade Biosciences, Inc."
VTOL,1525221,Bristow Group Inc.
REAL,1573221,"TheRealReal, Inc."
DMLP,1172358,"DORCHESTER MINERALS, L.P."
CXM,1569345,"Sprinklr, Inc."
GHM,716314,GRAHAM CORP
GIC,945114,GLOBAL INDUSTRIAL Co
FMBH,700565,"FIRST MID BANCSHARES, INC."
TWO,1465740,TWO HARBORS INVESTMENT CORP.
NBXG,1843181,Neuberger Next Generation Connectivity Fund Inc.
DSGR,703604,"Distribution Solutions Group, Inc."
ROCK,912562,"GIBRALTAR INDUSTRIES, INC."
NUTX,1479681,Nutex Health Inc.
CEVA,1173489,CEVA INC
DSL,1566388,DoubleLine Income Solutions Fund
GCT,1857816,GigaCloud Technology Inc
LADR,1577670,Ladder Capital Corp
NVGS,1581804,Navigator Holdings Ltd.
UPBD,933036,"UPBOUND GROUP, INC."
CDRE,1860543,"Cadre Holdings, Inc."
CMP,1227654,COMPASS MINERALS INTERNATIONAL INC
XPEL,1767258,"XPEL, Inc."
PFBC,1492165,Preferred Bank
TDAY,1579684,"USA TODAY Co., Inc."
CAPR,1133869,"CAPRICOR THERAPEUTICS, INC."
AMN,1142750,AMN HEALTHCARE SERVICES INC
AVLN,1540171,Avalyn Pharma Inc.
SVRA,1160308,Savara Inc
JFR,1276533,NUVEEN FLOATING RATE INCOME FUND
IRMD,1325618,IRADIMED CORP
MGTX,1735438,MeiraGTx Holdings plc
DCH,1062231,Dauch Corp
HBNB,2054507,Hotel101 Global Holdings Corp.
RES,742278,RPC INC
HQH,805267,abrdn Healthcare Investors
BFS,907254,"SAUL CENTERS, INC."
QDEL,1906324,QuidelOrtho Corp
KOS,1509991,Kosmos Energy Ltd.
EPC,1096752,EDGEWELL PERSONAL CARE Co
LZ,1286139,"LEGALZOOM.COM, INC."
CCO,1334978,"Clear Channel Outdoor Holdings, Inc."
SDGR,1490978,"Schrodinger, Inc."
AMPL,1866692,"Amplitude, Inc."
NPKI,71829,NPK International Inc.
UAN,1425292,"CVR PARTNERS, LP"
IAUX,1853962,i-80 Gold Corp.
OPY,791963,OPPENHEIMER HOLDINGS INC
PBT,319654,PERMIAN BASIN ROYALTY TRUST
EYPT,1314102,"EyePoint, Inc."
EDN,1395213,EDENOR
HFWA,1046025,HERITAGE FINANCIAL CORP /WA/
UVSP,102212,UNIVEST FINANCIAL Corp
PXED,1600222,"Phoenix Education Partners, Inc."
MCB,1476034,Metropolitan Bank Holding Corp.
MNSKY,1584297,MoneySupermarket.com Group PLC/ADR
LQDT,1235468,LIQUIDITY SERVICES INC
LAR,1440972,Lithium Argentina AG
NBR,1163739,NABORS INDUSTRIES LTD
HQ,2088256,Horizon Quantum Holdings Ltd.
SENEA,88948,Seneca Foods Corp
SPH,1005210,SUBURBAN PROPANE PARTNERS LP
IGIC,1794338,International General Insurance Holdings Ltd.
CCB,1437958,COASTAL FINANCIAL CORP
BH-A,1726173,Biglari Holdings Inc.
AVO,1802974,"Mission Produce, Inc."
CNL,1953575,Collective Mining Ltd.
EOS,1308335,Eaton Vance Enhanced Equity Income Fund II
DEA,1622194,"Easterly Government Properties, Inc."
ASIC,2040491,Ategrity Specialty Insurance Co Holdings
GPRE,1309402,Green Plains Inc.
MBC,1941365,"MasterBrand, Inc."
TEN,1166663,TSAKOS ENERGY NAVIGATION LTD
CRF,33934,CORNERSTONE TOTAL RETURN FUND INC
CPPKF,1691710,Faraday Copper Corp.
ACVA,1637873,ACV Auctions Inc.
OSBC,357173,OLD SECOND BANCORP INC
UVE,891166,"UNIVERSAL INSURANCE HOLDINGS, INC."
CRML,1951089,Critical Metals Corp.
LU,1816007,Lufax Holding Ltd
WVE,1631574,Wave Life Sciences Ltd.
MYE,69488,MYERS INDUSTRIES INC
PRCT,1588978,PROCEPT BioRobotics Corp
LAC,1966983,LITHIUM AMERICAS CORP.
RHLD,2039497,"Resolute Holdings Management, Inc."
AVNS,1606498,"AVANOS MEDICAL, INC."
HBT,775215,"HBT Financial, Inc."
MMI,1578732,"Marcus & Millichap, Inc."
GOLD,1591588,"Gold.com, Inc."
AORT,784199,"ARTIVION, INC."
LNN,836157,LINDSAY CORP
XNCR,1326732,Xencor Inc
SECZ,2094496,Securitize Corp.
XIFR,1603145,"XPLR Infrastructure, LP"
AGBK,2081206,AGI Inc
JCAP,2046042,"Jefferson Capital, Inc. / DE"
PDM,1042776,"Piedmont Realty Trust, Inc."
AZTA,933974,"Azenta, Inc."
CBRL,1067294,"CRACKER BARREL OLD COUNTRY STORE, INC"
LMRI,2071288,"Lumexa Imaging Holdings, Inc."
ELVR,1739016,Elevra Lithium Ltd
COLL,1267565,"COLLEGIUM PHARMACEUTICAL, INC"
CVLG,928658,"COVENANT LOGISTICS GROUP, INC."
MGRT,2033377,Mega Fortune Co Ltd
ENVX,1828318,Enovix Corp
SAFE,1095651,Safehold Inc.
CRTO,1576427,Criteo S.A.
HTLD,799233,HEARTLAND EXPRESS INC
SBET,1981535,"Sharplink, Inc."
PSEC,1287032,PROSPECT CAPITAL CORP
ARHS,1875444,"Arhaus, Inc."
BRAI,2076975,Braiin Ltd
DRTS,1871321,Alpha Tau Medical Ltd.
CNMD,816956,CONMED Corp
SIFY,1094324,SIFY TECHNOLOGIES LTD
TRUP,1371285,"TRUPANION, INC."
AOSL,1387467,ALPHA & OMEGA SEMICONDUCTOR Ltd
SVC,945394,Service Properties Trust
DFIN,1669811,"Donnelley Financial Solutions, Inc."
SPTX,2042347,"Seaport Therapeutics, Inc."
TUYA,1829118,Tuya Inc.
VYX,70866,NCR Voyix Corp
ALVO,1898416,Alvotech
CGEM,1789972,"Cullinan Therapeutics, Inc."
ORIC,1796280,"Oric Pharmaceuticals, Inc."
JBGS,1689796,JBG SMITH Properties
SAFT,1172052,SAFETY INSURANCE GROUP INC
THRM,903129,Gentherm Inc
ITRN,1337117,Ituran Location & Control Ltd.
DLX,27996,DELUXE CORP
PZZA,901491,PAPA JOHNS INTERNATIONAL INC
CHY,1222719,CALAMOS CONVERTIBLE & HIGH INCOME FUND
VZLA,1796073,Vizsla Silver Corp.
NHP,1561032,"National Healthcare Properties, Inc."
SMPL,1702744,Simply Good Foods Co
FPF,1567569,First Trust Intermediate Duration Preferred & Income Fund
AOD,1379400,abrdn Total Dynamic Dividend Fund
CIM,1409493,CHIMERA INVESTMENT CORP
AIIR,2097725,AIR Global PLC
EVC,1109116,ENTRAVISION COMMUNICATIONS CORP
TYG,1268533,TORTOISE ENERGY INFRASTRUCTURE CORP
UPWK,1627475,"UPWORK, INC"
USPH,885978,U S PHYSICAL THERAPY INC /NV
IQ,1722608,"iQIYI, Inc."
ADTN,926282,"ADTRAN Holdings, Inc."
GNK,1326200,GENCO SHIPPING & TRADING LTD
EVV,1222922,Eaton Vance Ltd Duration Income Fund
CHI,1171471,CALAMOS CONVERTIBLE OPPORTUNITIES & INCOME FUND
TBN,1997652,Tamboran Resources Corp
WLDN,1370450,"Willdan Group, Inc."
ABX,1814287,"Abacus Global Management, Inc."
LUXE,1831907,LuxExperience B.V.
VRTS,883237,"VIRTUS INVESTMENT PARTNERS, INC."
SCSC,918965,"SCANSOURCE, INC."
MUX,314203,McEwen Inc.
MALG,1309251,MICROALLIANCE GROUP INC.
PTA,1793882,Cohen & Steers Tax-Advantaged Preferred Securities & Income Fund
OCSL,1414932,Oaktree Specialty Lending Corp
FINV,1691445,FinVolution Group
BIOA,1709941,"BioAge Labs, Inc."
SBR,710752,SABINE ROYALTY TRUST
APEI,1201792,AMERICAN PUBLIC EDUCATION INC
NMAX,2026478,Newsmax Inc.
BLZE,1462056,"Backblaze, Inc."
HEPS,1850235,D-MARKET Electronic Services & Trading
ASM,316888,AVINO SILVER & GOLD MINES LTD
CFFN,1490906,"Capitol Federal Financial, Inc."
EVLV,1805385,"Evolv Technologies Holdings, Inc."
SANA,1770121,"Sana Biotechnology, Inc."
CII,1278895,"BlackRock Enhanced Large Cap Core Fund, Inc."
CERT,1827090,"Certara, Inc."
SBGI,1971213,"Sinclair, Inc."
ETW,1322435,Eaton Vance Tax-Managed Global Buy-Write Opportunities Fund
LWLG,1325964,"Lightwave Logic, Inc."
VMET,2080073,Versamet Royalties Corp
ABR,1253986,ARBOR REALTY TRUST INC
CRAI,1053706,"CRA INTERNATIONAL, INC."
RZLV,1920294,REZOLVE AI PLC
BOW,2002473,Bowhead Specialty Holdings Inc.
OLMA,1750284,"Olema Pharmaceuticals, Inc."
FSBC,1275168,FIVE STAR BANCORP
TNDM,1438133,TANDEM DIABETES CARE INC
BAK,1071438,BRASKEM SA
MUC,1051004,"BLACKROCK MUNIHOLDINGS CALIFORNIA QUALITY FUND, INC."
YKCLY,2107946,Yamato Kogyo Co. Ltd/ADR
PDS,1013605,PRECISION DRILLING Corp
RIOFF,1743235,Rio2 Ltd
ELE,2086771,Elemental Royalty Corp
CRON,1656472,Cronos Group Inc.
CRSR,1743759,"Corsair Gaming, Inc."
CSIQ,1375877,Canadian Solar Inc.
SLDB,1707502,Solid Biosciences Inc.
CMRF,1498547,"CIM GROUP, INC."
VOR,1817229,Vor Biopharma Inc.
ASST,1920406,"Strive, Inc."
MSEX,66004,MIDDLESEX WATER CO
OPK,944809,"OPKO HEALTH, INC."
SBSI,705432,SOUTHSIDE BANCSHARES INC
ACEL,1698991,"Accel Entertainment, Inc."
JBSS,880117,SANFILIPPO JOHN B & SON INC
ROOT,1788882,"Root, Inc."
GO,1771515,Grocery Outlet Holding Corp.
MCBS,1747068,"MetroCity Bankshares, Inc."
IVA,1756594,Inventiva S.A.
ESQ,1531031,"Esquire Financial Holdings, Inc."
KURA,1422143,"Kura Oncology, Inc."
GLAS,1848731,Glass House Brands Inc.
EMO,1517518,ClearBridge Energy Midstream Opportunity Fund Inc.
AVTX,1534120,"Avalo Therapeutics, Inc."
HBNC,706129,HORIZON BANCORP INC /IN/
GSBD,1572694,"Goldman Sachs BDC, Inc."
GRPN,1490281,"Groupon, Inc."
FAC,2049662,Factorial Energy Inc.
GDRX,1809519,"GoodRx Holdings, Inc."
ETON,1710340,"Eton Pharmaceuticals, Inc."
BTX,1836057,BlackRock Technology & Private Equity Term Trust
AMTB,1734342,Amerant Bancorp Inc.
CPF,701347,CENTRAL PACIFIC FINANCIAL CORP
JANX,1817713,"Janux Therapeutics, Inc."
EEX,1579214,"Emerald Holding, Inc."
LUCK,1840572,Lucky Strike Entertainment Corp
PLOW,1287213,"DOUGLAS DYNAMICS, INC"
PHAT,1783183,"Phathom Pharmaceuticals, Inc."
EVO,1412558,Evotec SE
CCNE,736772,CNB FINANCIAL CORP/PA
EQBK,1227500,EQUITY BANCSHARES INC
BBN,1493683,BlackRock Taxable Municipal Bond Trust
ASA,1230869,ASA Gold & Precious Metals Ltd
FSCO,1568194,FS Credit Opportunities Corp.
RNP,1224450,COHEN & STEERS REIT & PREFERRED & INCOME FUND INC
WSR,1175535,Whitestone REIT
BFST,1624322,"Business First Bancshares, Inc."
PCRX,1396814,"Pacira BioSciences, Inc."
SG,1477815,"Sweetgreen, Inc."
MBWM,1042729,MERCANTILE BANK CORP
NNE,1923891,Nano Nuclear Energy Inc.
TROX,1530804,Tronox Holdings plc
CSR,798359,CENTERSPACE
CPAC,1221029,CEMENTOS PACASMAYO SAA
ARRY,1820721,"Array Technologies, Inc."
HSLV,2013223,Highlander Silver Corp.
GERN,886744,GERON CORP
LXRX,1062822,"LEXICON PHARMACEUTICALS, INC."
MFA,1055160,"MFA FINANCIAL, INC."
KDK,1853138,"Kodiak AI, Inc."
KFRC,930420,KFORCE INC
BMEZ,1785971,BlackRock Health Sciences Term Trust
DBVT,1613780,DBV Technologies S.A.
PDX,1756908,PIMCO Dynamic Income Strategy Fund
UAMY,101538,UNITED STATES ANTIMONY CORP
VLRS,1520504,"Controladora Vuela Compania de Aviacion, S.A.B. de C.V."
QNST,1117297,"QUINSTREET, INC"
PHAR,1828316,Pharming Group N.V.
NAK,1164771,NORTHERN DYNASTY MINERALS LTD
BTZ,1379384,BLACKROCK CREDIT ALLOCATION INCOME TRUST
DAKT,915779,DAKTRONICS INC /SD/
GOOS,1690511,Canada Goose Holdings Inc.
ABUS,1447028,Arbutus Biopharma Corp
ANRO,1999480,"Alto Neuroscience, Inc."
HAFC,1109242,HANMI FINANCIAL CORP
UTL,755001,UNITIL CORP
TRST,357301,TRUSTCO BANK CORP N Y
NLST,1282631,NETLIST INC
TK,911971,TEEKAY CORP LTD
DSGN,1807120,"Design Therapeutics, Inc."
INDI,1841925,"indie Semiconductor, Inc."
LBRX,1691082,LB PHARMACEUTICALS INC
RDVT,1720116,"Red Violet, Inc."
ANNX,1528115,"Annexon, Inc."
WRLD,108385,WORLD ACCEPTANCE CORP
ENRD,2095096,Einride AB
BLDP,1453015,Ballard Power Systems Inc.
MSSHY,2087844,Mitsui-Soko Holdings Co Limited/ADR
AVR,2011514,Anteris Technologies Global Corp.
CRCT,1828962,"Cricut, Inc."
SUPV,1517399,Grupo Supervielle S.A.
NRK,1195739,NUVEEN NEW YORK AMT-FREE QUALITY MUNICIPAL INCOME FUND
REPL,1737953,"Replimune Group, Inc."
BUR,1714174,Burford Capital Ltd
HTD,1260041,JOHN HANCOCK TAX-ADVANTAGED DIVIDEND INCOME FUND
SYNSY,2004340,Syensqo SA/ADR
AIO,1778114,Virtus Artificial Intelligence & Technology Opportunities Fund
EIG,1379041,"Employers Holdings, Inc."
NBBK,1979330,"NB Bancorp, Inc."
DEC,1922446,Diversified Energy Co
KOP,1315257,Koppers Holdings Inc.
AVEX,2096300,AEVEX Corp.
BBSI,902791,BARRETT BUSINESS SERVICES INC
KBDC,1747172,"Kayne Anderson BDC, Inc."
AEBI,2048519,Aebi Schmidt Holding AG
FBRX,1419041,"Forte Biosciences, Inc."
STK,1471420,"Columbia Seligman Premium Technology Growth Fund, Inc."
FTH,1829802,"Faeth Therapeutics, Inc."
LTGHY,1569963,Life Healthcare Group Holdings Limited/ADR
ALDS,1755101,APPlife Digital Solutions Inc
FTK,928054,FLOTEK INDUSTRIES INC/CN/
NXDR,1846069,"Nextdoor Holdings, Inc."
LMB,1606163,"Limbach Holdings, Inc."
UMAC,1956955,"Unusual Machines, Inc."
FMCB,1085913,FARMERS & MERCHANTS BANCORP
BKSY,1753539,BlackSky Technology Inc.
GILT,897322,GILAT SATELLITE NETWORKS LTD
CAC,750686,CAMDEN NATIONAL CORP
NXP,883618,NUVEEN SELECT TAX FREE INCOME PORTFOLIO
PSTL,1759774,"Postal Realty Trust, Inc."
BBDC,1379785,"Barings BDC, Inc."
ADSE,1879248,Ads-Tec Energy Public Ltd Co
MOMO,1610601,Hello Group Inc.
PMT,1464423,PennyMac Mortgage Investment Trust
ARKO,1823794,ARKO Corp.
NPK,80172,NATIONAL PRESTO INDUSTRIES INC
HIVE,1720424,HIVE Digital Technologies Ltd.
LYTS,763532,LSI INDUSTRIES INC
THFF,714562,FIRST FINANCIAL CORP /IN/
IPX,1898601,IPERIONX Ltd
GLIBA,2057463,Liberty Capital Corp/NV
ALIT,1809104,"Alight, Inc. / Delaware"
OXLC,1495222,Oxford Lane Capital Corp.
PCN,1160990,PIMCO CORPORATE & INCOME STRATEGY FUND
ACDC,1881487,ProFrac Holding Corp.
RJET,810332,REPUBLIC AIRWAYS HOLDINGS INC.
MAMA,1520358,"Mama's Creations, Inc."
RPC,1841968,"Ridgepost Capital, Inc."
CCXI,2074973,Churchill Capital Corp XI
HMH,2021880,HMH Holding Inc
TBPH,1583107,"Theravance Biopharma, Inc."
AWF,906013,ALLIANCEBERNSTEIN GLOBAL HIGH INCOME FUND INC
HPK,1792849,"HighPeak Energy, Inc."
INMD,1742692,InMode Ltd.
NANO,2101833,ATII Holdings Inc.
MPB,879635,MID PENN BANCORP INC
RERE,1838957,ATRenew Inc.
BZH,915840,BEAZER HOMES USA INC
PHK,1219360,PIMCO HIGH INCOME FUND
TALK,1803901,"Talkspace, Inc."
BCX,1506289,BlackRock Resources & Commodities Strategy Trust
DSP,1828791,Viant Technology Inc.
MITK,807863,MITEK SYSTEMS INC
EVER,1640428,"EverQuote, Inc."
MEC,1766368,"Mayville Engineering Company, Inc."
CAPL,1538849,CrossAmerica Partners LP
MOV,72573,MOVADO GROUP INC
TDUP,1484778,ThredUp Inc.
ALOY,1567900,REALLOYS INC.
JMIA,1756708,Jumia Technologies AG
FMNB,709337,FARMERS NATIONAL BANC CORP /OH/
EVEX,1823652,"Eve Holding, Inc."
CCBG,726601,CAPITAL CITY BANK GROUP INC
GSBC,854560,"GREAT SOUTHERN BANCORP, INC."
RVI,2085091,Robinhood Ventures Fund I
FSSL,2065812,FS Specialty Lending Fund
SCHL,866729,SCHOLASTIC CORP
HRTG,1598665,"Heritage Insurance Holdings, Inc."
TALMF,2001201,Fuerte Metals Corp
WGO,107687,WINNEBAGO INDUSTRIES INC
SMP,93389,"STANDARD MOTOR PRODUCTS, INC."
BCSF,1655050,"Bain Capital Specialty Finance, Inc."
GTM,1794515,ZoomInfo Technologies Inc.
DQ,1477641,DAQO NEW ENERGY CORP.
MATW,63296,MATTHEWS INTERNATIONAL CORP
MQY,890196,"BLACKROCK MUNIYIELD QUALITY FUND, INC."
FCBC,859070,FIRST COMMUNITY BANKSHARES INC /VA/
JKS,1481513,"JinkoSolar Holding Co., Ltd."
GMRS,1898718,GMR Solutions Inc.
AMPH,1297184,"Amphastar Pharmaceuticals, Inc."
DXYZ,1843974,Destiny Tech100 Inc.
TRNS,99302,TRANSCAT INC
ADAM,1273685,"ADAMAS TRUST, INC."
HPP,1482512,"Hudson Pacific Properties, Inc."
OCS,1953530,Oculis Holding AG
GCMG,1819796,GCM Grosvenor Inc.
ESPR,1434868,"Esperion Therapeutics, Inc."
CTMX,1501989,"CytomX Therapeutics, Inc."
MFIC,1278752,MidCap Financial Investment Corp
PGC,1050743,PEAPACK GLADSTONE FINANCIAL CORP
TIGR,1756699,UP Fintech Holding Ltd
SMBC,916907,"SOUTHERN MISSOURI BANCORP, INC."
EGBN,1050441,EAGLE BANCORP INC
EOI,1300391,Eaton Vance Enhanced Equity Income Fund
YALA,1794350,Yalla Group Ltd
HSTM,1095565,HEALTHSTREAM INC
APOG,6845,"APOGEE ENTERPRISES, INC."
HTB,1538263,"HomeTrust Bancshares, Inc."
CLYM,1768446,"Climb Bio, Inc."
KODK,31235,EASTMAN KODAK CO
SPFI,1163668,"SOUTH PLAINS FINANCIAL, INC."
METC,1687187,"Ramaco Resources, Inc."
TCGLF,2047190,TechCreate Group Ltd.
NIKA,1145604,"NIKA PHARMACEUTICALS, INC"
PSIX,1137091,"POWER SOLUTIONS INTERNATIONAL, INC."
BVS,1665988,Bioventus Inc.
RIGL,1034842,RIGEL PHARMACEUTICALS INC
CYRX,1124524,"Cryoport, Inc."
BRELY,2018463,Brazilian Rare Earths Limited/ADR
NX,1423221,Quanex Building Products CORP
ODD,1907085,Oddity Tech Ltd
NABL,1834488,"N-able, Inc."
MTUS,1598428,Metallus Inc.
ORRF,826154,ORRSTOWN FINANCIAL SERVICES INC
SMBK,1038773,SMARTFINANCIAL INC.
SPRY,1671858,"ARS Pharmaceuticals, Inc."
MEGI,1855066,NYLI CBRE Global Infrastructure Megatrends Term Fund
MNTN,1891027,"MNTN, Inc."
ZVRA,1434647,"ZEVRA THERAPEUTICS, INC."
IMMX,1873835,"Immix Biopharma, Inc."
ODTX,1882782,"Odyssey Therapeutics, Inc."
BOT,2081119,"RoboStrategy, Inc."
PD,1568100,"PagerDuty, Inc."
THQ,1604522,abrdn Healthcare Opportunities Fund
NAVI,1593538,NAVIENT CORP
ALRS,903419,ALERUS FINANCIAL CORP
ACRS,1557746,"Aclaris Therapeutics, Inc."
XOMA,791908,XOMA Royalty Corp
OIO,1957538,OIO Group
FFC,1174164,Flaherty & Crumrine PREFERRED & INCOME SECURITIES FUND INC
IVR,1437071,Invesco Mortgage Capital Inc.
LXU,60714,"LSB INDUSTRIES, INC."
HBIA,732417,HILLS BANCORPORATION
DJCO,783412,DAILY JOURNAL CORP
HNRG,788965,HALLADOR ENERGY CO
WLKP,1604665,Westlake Chemical Partners LP
BTO,925683,JOHN HANCOCK FINANCIAL OPPORTUNITIES FUND
NGNE,1404644,Neurogene Inc.
FWRG,1789940,"First Watch Restaurant Group, Inc."
SIBN,1459839,"SI-BONE, Inc."
FDUS,1513363,FIDUS INVESTMENT Corp
OFRM,1696556,"Once Upon a Farm, PBC"
LCLN,1925283,"Lincoln International, Inc."
IMSR,2019804,Terrestrial Energy Inc. /DE/
CRESY,1034957,CRESUD INC
CAZGF,2074220,Catapult Group International Ltd
FISI,862831,FINANCIAL INSTITUTIONS INC
ABTC,1755953,American Bitcoin Corp.
AAC,2128115,Ares Acquisition Corp III
NGVC,1547459,"Natural Grocers by Vitamin Cottage, Inc."
GGN,1313510,"GAMCO Global Gold, Natural Resources & Income Trust"
SKYH,1823587,Sky Harbour Group Corp
SHBI,1035092,SHORE BANCSHARES INC
RMT,912147,"ROYCE MICRO-CAP TRUST, INC."
AGNT,1495932,"AGNT, Inc."
CODI,1345126,Compass Diversified Holdings
ONT,1643615,"Onterris, Inc."
NEWP,1369085,NEW PACIFIC METALS CORP
GDOT,1386278,GREEN DOT CORP
FPH,1574197,"Five Point Holdings, LLC"
HOV,357294,HOVNANIAN ENTERPRISES INC
RPD,1560327,"Rapid7, Inc."
BUI,1528988,"BlackRock Utilities, Infrastructure & Power Opportunities Trust"
HIPO,1828105,Hippo Holdings Inc.
HYLN,1759631,Hyliion Holdings Corp.
DRUG,1827401,BRIGHT MINDS BIOSCIENCES INC.
HZO,1057060,MARINEMAX INC
SABR,1597033,Sabre Corp
CCD,1602584,Calamos Dynamic Convertible & Income Fund
SSII,1676163,"SS Innovations International, Inc."
SGP,1778922,"SpyGlass Pharma, Inc."
NIE,1383441,Virtus Equity & Convertible Income Fund
ODV,1431852,Osisko Development Corp.
SSYS,1517396,STRATASYS LTD.
KRNT,1625791,Kornit Digital Ltd.
CBLL,1861107,"Ceribell, Inc."
OMER,1285819,OMEROS CORP
IBCP,39311,INDEPENDENT BANK CORP /MI/
CGBD,1544206,"Carlyle Secured Lending, Inc."
LPTH,889971,LIGHTPATH TECHNOLOGIES INC
ASGI,1793855,abrdn Global Infrastructure Income Fund
BBNX,1674632,"Beta Bionics, Inc."
IRWD,1446847,IRONWOOD PHARMACEUTICALS INC
CWBC,1127371,Community West Bancshares
SOC,1831481,Sable Offshore Corp.
GYRE,1124105,"GYRE THERAPEUTICS, INC."
MYI,883412,"BLACKROCK MUNIYIELD QUALITY FUND III, INC."
RGNX,1590877,REGENXBIO Inc.
KOPN,771266,KOPIN CORP
SWIM,1833197,"Latham Group, Inc."
WOOF,1826470,"Petco Health & Wellness Company, Inc."
MAX,1818383,"MediaAlpha, Inc."
WEST,1806347,Westrock Coffee Co
LDI,1831631,"loanDepot, Inc."
LOT,1962746,Lotus Technology Inc.
HDL,1995306,SUPER HI INTERNATIONAL HOLDING LTD.
ANGX,1865200,"Angel Studios, Inc."
CARE,1829576,"Carter Bankshares, Inc."
BLMN,1546417,"Bloomin' Brands, Inc."
PFLT,1504619,PennantPark Floating Rate Capital Ltd.
REPX,1001614,"Riley Exploration Permian, Inc."
FOXF,1424929,FOX FACTORY HOLDING CORP
CTO,23795,"CTO Realty Growth, Inc."
TXO,1559432,"TXO Partners, L.P."
EFOR,890564,Everforth Inc
BIT,1562818,BlackRock Multi-Sector Income Trust
CSTL,1447362,CASTLE BIOSCIENCES INC
ABXXF,1971975,Abaxx Technologies Inc.
JBI,1839839,"Janus International Group, Inc."
JQC,1227476,Nuveen Credit Strategies Income Fund
SLRC,1418076,SLR Investment Corp.
WDI,1819559,Western Asset Diversified Income Fund (WDI)
RA,1655099,Brookfield Real Assets Income Fund Inc.
AURA,1501796,"Aura Biosciences, Inc."
HSHP,1959455,Himalaya Shipping Ltd.
IBTA,1538379,"Ibotta, Inc."
AIAI,2096362,AIAI Holdings Corp
MNPR,1645469,Monopar Therapeutics
PRAA,1185348,PRA GROUP INC
PFN,1296250,PIMCO Income Strategy Fund II
SHEN,354963,SHENANDOAH TELECOMMUNICATIONS CO/VA/
FBYD,1937987,"Falcon's Beyond Global, Inc."
PKE,76267,PARK AEROSPACE CORP
VBNK,1690639,VersaBank
DGICA,800457,DONEGAL GROUP INC
TBLD,1820378,Thornburg Income Builder Opportunities Trust
INN,1497645,"Summit Hotel Properties, Inc."
IGR,1268884,CBRE GLOBAL REAL ESTATE INCOME FUND
BRSP,1717547,"BrightSpire Capital, Inc."
GFR,1966287,Greenfire Resources Ltd.
CADL,1841387,"Candel Therapeutics, Inc."
SWBI,1092796,"SMITH & WESSON BRANDS, INC."
PAXS,1886878,PIMCO Access Income Fund
SB,1434754,"SAFE BULKERS, INC."
SXC,1514705,"SunCoke Energy, Inc."
RBTK,1594204,ZHEN DING RESOURCES INC.
VTEX,1793663,VTEX
PAR,708821,PAR TECHNOLOGY CORP
ALLO,1737287,"Allogene Therapeutics, Inc."
PEO,216851,"ADAMS NATURAL RESOURCES FUND, INC."
RSKD,1851112,RISKIFIED LTD.
UTZ,1739566,"Utz Brands, Inc."
TIPT,1393726,TIPTREE INC.
AHRT,1569187,"AH Realty Trust, Inc."
CCSI,1866633,"Consensus Cloud Solutions, Inc."
DLY,1788399,DoubleLine Yield Opportunities Fund
KRO,1257640,KRONOS WORLDWIDE INC
BMM,1732379,Blue Moon Metals Inc.
KRT,1758021,Karat Packaging Inc.
VEL,1692376,"Velocity Financial, Inc."
WASH,737468,WASHINGTON TRUST BANCORP INC
ISOU,1997377,IsoEnergy Ltd.
BOE,1320375,BlackRock Enhanced Global Dividend Trust
BBOT,1869105,"BridgeBio Oncology Therapeutics, Inc."
NMFC,1496099,New Mountain Finance Corp
KRNGY,1494191,Karoon Gas Australia Ltd /ADR/
FISN,1918102,"DEEP FISSION, INC."
PRME,1894562,"Prime Medicine, Inc."
MAKO,1784930,Mako Mining Corp.
MCS,62234,MARCUS CORP
NKX,1195738,NUVEEN CALIFORNIA AMT-FREE QUALITY MUNICIPAL INCOME FUND
RLMD,1553643,"RELMADA THERAPEUTICS, INC."
BWMX,1788257,"BETTERWARE DE MEXICO, S.A.P.I. DE C.V"
NB,1512228,NIOCORP DEVELOPMENTS LTD
TRON,1956744,Tron Inc.
AROW,717538,ARROW FINANCIAL CORP
RSVR,1824403,"Reservoir Media, Inc."
TCMD,1027838,TACTILE SYSTEMS TECHNOLOGY INC
CASS,708781,CASS INFORMATION SYSTEMS INC
PFIS,1056943,PEOPLES FINANCIAL SERVICES CORP.
MTA,1722606,Metalla Royalty & Streaming Ltd.
VMO,884152,Invesco Municipal Opportunity Trust
BCAL,1795815,California BanCorp \ CA
HTZ,1657853,"HERTZ GLOBAL HOLDINGS, INC"
YB,1995520,Yuanbao Inc.
TCBX,1781730,"Third Coast Bancshares, Inc."
GAIN,1321741,GLADSTONE INVESTMENT CORPORATIONDE
MUJ,1053988,"BLACKROCK MUNIHOLDINGS NEW JERSEY QUALITY FUND, INC."
PHR,1412408,"Phreesia, Inc."
SATL,1874315,Satellogic Inc.
TRTX,1630472,"TPG RE Finance Trust, Inc."
NVRI,2104052,Enviri Corp
VINP,1826286,Vinci Compass Investments Ltd.
CRMD,1410098,CorMedix Inc.
ACP,1503290,abrdn Income Credit Strategies Fund
TECX,1681087,"Tectonic Therapeutic, Inc."
BHK,1160864,BLACKROCK CORE BOND TRUST
AENT,1823584,ALLIANCE ENTERTAINMENT HOLDING CORP
FFMGF,1641229,First Mining Gold Corp.
CGNT,1824814,Cognyte Software Ltd.
EVH,1628908,"Evolent Health, Inc."
VTS,1944558,"Vitesse Energy, Inc."
RHNO,1785493,RHINO BITCOIN INC.
CNNE,1704720,"Cannae Holdings, Inc."
CCOI,1158324,"COGENT COMMUNICATIONS HOLDINGS, INC."
NPB,1336706,NORTHPOINTE BANCSHARES INC
AMSF,1018979,AMERISAFE INC
ASPI,1921865,ASP Isotopes Inc.
ALPIB,872716,ALPINE BANKS OF COLORADO
DMII,2040475,Drugs Made In America Acquisition II Corp.
ANL,1944552,Adlai Nortye Ltd.
ASC,1577437,Ardmore Shipping Corp
RWT,930236,REDWOOD TRUST INC
GPRK,1464591,GeoPark Ltd
EROC,2110029,"ERock, Inc."
PWRL,2052053,Powerlaw Corp.
PDT,855886,JOHN HANCOCK PREMIUM DIVIDEND FUND
FDMT,1650648,"4D Molecular Therapeutics, Inc."
VLGEA,103595,VILLAGE SUPER MARKET INC
KRUS,1772177,"KURA SUSHI USA, INC."
BALY,1747079,Bally's Corp
LEGH,1436208,Legacy Housing Corp
NCDL,1737924,Nuveen Churchill Direct Lending Corp.
ACHV,949858,"ACHIEVE LIFE SCIENCES, INC."
MSBI,1466026,"Midland States Bancorp, Inc."
TREE,1434621,"LendingTree, Inc."
LAES,1951222,SEALSQ Corp
PUBM,1422930,"PubMatic, Inc."
CLDT,1476045,Chatham Lodging Trust
RRBI,1071236,RED RIVER BANCSHARES INC
SWRD,1795851,"Stewards, Inc."
CERS,1020214,CERUS CORP
VRRM,1682745,VERRA MOBILITY Corp
EVOH,1700844,EvoAir Holdings Inc.
STTK,1680367,"Shattuck Labs, Inc."
AGMB,2020932,Agomab Therapeutics NV
BHB,743367,BAR HARBOR BANKSHARES
NDMO,1793129,Nuveen Dynamic Municipal Opportunities Fund
AXG,1959224,"Solowin Holdings, Ltd."
NRDS,1625278,"NERDWALLET, INC."
HQL,884121,abrdn Life Sciences Investors
FBRT,1562528,"Franklin BSP Realty Trust, Inc."
EMD,1227862,WESTERN ASSET EMERGING MARKETS DEBT FUND INC.
CARS,1683606,Cars.com Inc.
MHD,1034665,"BLACKROCK MUNIHOLDINGS FUND, INC."
NTGR,1122904,"NETGEAR, INC."
LDP,1548717,"Cohen & Steers Ltd Duration Preferred & Income Fund, Inc."
IHRT,1400891,"iHeartMedia, Inc."
HELE,916789,HELEN OF TROY LTD
RGR,95029,STURM RUGER & CO INC
KE,1606757,"Kimball Electronics, Inc."
MDXG,1376339,"MIMEDX GROUP, INC."
IIM,885601,Invesco Value Municipal Income Trust
NRGV,1828536,"Energy Vault Holdings, Inc."
DSU,1051003,"BLACKROCK DEBT STRATEGIES FUND, INC."
NOAH,1499543,NOAH HOLDINGS LTD
GOOD,1234006,GLADSTONE COMMERCIAL CORP
GSM,1639877,Ferroglobe PLC
NRIM,1163370,NORTHRIM BANCORP INC
GUT,1080720,GABELLI UTILITY TRUST
SCZM,1548536,Santacruz Silver Mining Ltd.
FAX,790500,"ABRDN ASIA-PACIFIC INCOME FUND, INC."
SLI,1537137,STANDARD LITHIUM LTD.
BWAY,1505065,Brainsway Ltd.
ACNB,715579,ACNB CORP
BTBT,1710350,"Bit Digital, Inc"
GROY,1834026,Gold Royalty Corp.
GRNT,1928446,"Granite Ridge Resources, Inc."
NFBK,1493225,"Northfield Bancorp, Inc."
DC,1852353,Dakota Gold Corp.
CSV,1016281,CARRIAGE SERVICES INC
NMCO,1774342,Nuveen Municipal Credit Opportunities Fund
KLC,1873529,"KinderCare Learning Companies, Inc."
QNC,2106613,Quantum eMotion Corp
CTKB,1831915,"Cytek Biosciences, Inc."
BWB,1341317,Bridgewater Bancshares Inc
EVAC,2042902,EQV Ventures Acquisition Corp. II
UHT,798783,UNIVERSAL HEALTH REALTY INCOME TRUST
BCSS,2064355,Bain Capital GSS Investment Corp.
ALT,1326190,"Altimmune, Inc."
CXII,2114227,Churchill Capital Corp XII
CEPF,2034267,"Cantor Equity Partners IV, Inc."
BTGO,1740604,"BITGO HOLDINGS, INC."
DNUT,1857154,"Krispy Kreme, Inc."
WHK,1921603,WhiteHawk Minerals Corp.
DNA,1830214,"Ginkgo Bioworks Holdings, Inc."
ILPT,1717307,Industrial Logistics Properties Trust
ELA,701719,Envela Corp
RMAX,1581091,"RE/MAX Holdings, Inc."
HY,1173514,"HYSTER-YALE, INC."
KRNY,1617242,Kearny Financial Corp.
PRTH,1653558,"Priority Technology Holdings, Inc."
THSGF,1832803,THESIS GOLD INC.
FLGT,1674930,"Fulgent Genetics, Inc."
PACK,1712463,Ranpak Holdings Corp.
AEXA,2079173,American Exceptionalism Acquisition Corp. A
NML,1562051,Neuberger Energy Infrastructure & Income Fund Inc.
SMWB,1842731,SIMILARWEB LTD.
IIIV,1728688,"i3 Verticals, Inc."
MCFT,1638290,"MasterCraft Boat Holdings, Inc."
NVCT,1875558,"Nuvectis Pharma, Inc."
NPCE,1528287,NeuroPace Inc
NFGC,1840616,New Found Gold Corp.
AVK,1219120,ADVENT CONVERTIBLE & INCOME FUND
CIVB,944745,"CIVISTA BANCSHARES, INC."
SFST,1090009,SOUTHERN FIRST BANCSHARES INC
IIIN,764401,INSTEEL INDUSTRIES INC
VGM,880892,Invesco Trust for Investment Grade Municipals
CBNK,1419536,Capital Bancorp Inc
THM,1134115,INTERNATIONAL TOWER HILL MINES LTD
ETJ,1395325,Eaton Vance Risk-Managed Diversified Equity Income Fund
EVGO,1821159,EVgo Inc.
XRN,1533615,Chiron Real Estate Inc.
UNTY,920427,UNITY BANCORP INC /NJ/
SPIR,1816017,"Spire Global, Inc."
SPPP,1539190,SPROTT PHYSICAL PLATINUM & PALLADIUM TRUST
DDI,1799567,"DoubleDown Interactive Co., Ltd."
CTNM,1855175,"Contineum Therapeutics, Inc."
OBE,1334388,OBSIDIAN ENERGY LTD.
AIIO,1932737,ROBO.AI INC.
HUYA,1728190,HUYA Inc.
ADUR,1863934,ADURO CLEAN TECHNOLOGIES INC.
MMU,886043,WESTERN ASSET MANAGED MUNICIPALS FUND INC.
CHW,1396277,Calamos Global Dynamic Income Fund
TATT,808439,TAT TECHNOLOGIES LTD
TMS,2048951,Teamshares Inc
FEIM,39020,FREQUENCY ELECTRONICS INC
TOI,1799191,"Oncology Institute, Inc."
EIKN,1861123,"Eikon Therapeutics, Inc."
CSHR,2087587,CoinShares PLC
AIOT,1774170,"Powerfleet, Inc."
MEI,65270,METHODE ELECTRONICS INC
ORN,1402829,Orion Group Holdings Inc
MLR,924822,MILLER INDUSTRIES INC /TN/
EGY,894627,VAALCO ENERGY INC /DE/
OSPN,1044777,OneSpan Inc.
BME,1314966,BlackRock Health Sciences Trust
TMQ,1543418,Trilogy Metals Inc.
ETD,896156,ETHAN ALLEN INTERIORS INC
DBCA,2095161,D. Boral Acquisition I Corp.
FET,1401257,"FORUM ENERGY TECHNOLOGIES, INC."
SVMB,1647822,"Jingbo Technology, Inc."
OOMA,1327688,OOMA INC
VKQ,877463,Invesco Municipal Trust
MRRDF,1839886,Meridian Mining UK Societas
MYGN,899923,MYRIAD GENETICS INC
ASIX,1673985,AdvanSix Inc.
MUA,901243,"BLACKROCK MUNIASSETS FUND, INC."
ALTI,1838615,"AlTi Global, Inc."
WEAV,1609151,"Weave Communications, Inc."
THW,1635977,abrdn World Healthcare Fund
VITL,1579733,"Vital Farms, Inc."
XMAX,1473334,XMax Inc.
BBCP,1703956,"Concrete Pumping Holdings, Inc."
GLRE,1385613,"GREENLIGHT CAPITAL RE, LTD."
TWN,804123,TAIWAN FUND INC
TLRY,1731348,"Tilray Brands, Inc."
GCBC,1070524,GREENE COUNTY BANCORP INC
NKLR,2067627,Terra Innovatum Global N.V.
IQI,885125,Invesco Quality Municipal Income Trust
OXM,75288,OXFORD INDUSTRIES INC
ARVN,1655759,"ARVINAS, INC."
ACIC,1401521,AMERICAN COASTAL INSURANCE Corp
CRD-A,25475,CRAWFORD & CO
GEMI,2055592,"Gemini Space Station, Inc."
CTGO,1502377,Contango Silver & Gold Inc.
BSRR,1130144,SIERRA BANCORP
BTQ,1821866,BTQ Technologies Corp.
OLP,712770,ONE LIBERTY PROPERTIES INC
ASMB,1426800,"ASSEMBLY BIOSCIENCES, INC."
NEXN,1849396,Nexxen International Ltd.
HKHC,88000,Horizon Kinetics Holding Corp
MSIF,1535778,"MSC INCOME FUND, INC."
VCV,895531,Invesco California Value Municipal Income Trust
HBCP,1436425,"HOME BANCORP, INC."
FIP,1899883,FTAI Infrastructure Inc.
BDN,790816,BRANDYWINE REALTY TRUST
URG,1375205,UR-ENERGY INC
ANGO,1275187,ANGIODYNAMICS INC
FBIZ,1521951,"FIRST BUSINESS FINANCIAL SERVICES, INC."
MNRO,876427,"MONRO, INC."
DPG,1515671,Duff & Phelps Utility & Infrastructure Fund Inc.
ADV,1776661,Advantage Solutions Inc.
EBF,33002,"ENNIS, INC."
PROK,1850270,PROKIDNEY CORP.
BGY,1393299,BlackRock Enhanced International Dividend Trust
ZNOG,1131312,ZION OIL & GAS INC
MLAB,724004,MESA LABORATORIES INC /CO/
KYTX,1994702,"Kyverna Therapeutics, Inc."
CTEV,1793229,Claritev Corp
MBUU,1590976,"MALIBU BOATS, INC."
GUG,1864208,Guggenheim Active Allocation Fund
SLDP,1844862,"Solid Power, Inc."
WNC,879526,WABASH NATIONAL Corp
PKOH,76282,PARK OHIO HOLDINGS CORP
KIDS,1425450,ORTHOPEDIATRICS CORP
ITIC,720858,INVESTORS TITLE CO
CLPT,1285550,"ClearPoint Neuro, Inc."
VALN,1836564,Valneva SE
MG,1436126,"Mistras Group, Inc."
NMG,1649752,Nouveau Monde Graphite Inc.
EROK,2104882,"EagleRock Land, LLC"
NGS,1084991,NATURAL GAS SERVICES GROUP INC
GCGR,2108962,General Catalyst Global Resilience Merger Corp.
DDD,910638,3D SYSTEMS CORP
WIW,1267902,WESTERN ASSET INFLATION-LINKED OPPORTUNITIES & INCOME FUND
AMRQF,2076631,AMAROQ LTD.
LOCO,1606366,"El Pollo Loco Holdings, Inc."
ECC,1604174,Eagle Point Credit Co
EIM,1176984,Eaton Vance Municipal Bond Fund
CHCT,1631569,Community Healthcare Trust Inc
YEXT,1614178,"Yext, Inc."
CYH,1108109,COMMUNITY HEALTH SYSTEMS INC
SERV,1832483,Serve Robotics Inc. /DE/
BGB,1546429,Blackstone Strategic Credit 2027 Term Fund
ROMA,1945240,Roma Green Finance Ltd
AQST,1398733,"Aquestive Therapeutics, Inc."
CLB,1958086,Core Laboratories Inc. /DE/
NWAX,2074878,New America Acquisition I Corp.
ETO,1281926,Eaton Vance Tax-Advantaged Global Dividend Opportunities Fund
PML,1170299,PIMCO MUNICIPAL INCOME FUND II
MCTA,2035992,Charming Medical Ltd
OIS,1121484,"OIL STATES INTERNATIONAL, INC"
PAYS,1496443,"Paysign, Inc."
OWLS,2025416,OBOOK HOLDINGS INC.
WRN,1364125,Western Copper & Gold Corp
BLW,1233681,BLACKROCK Ltd DURATION INCOME TRUST
IGD,1285890,Voya GLOBAL EQUITY DIVIDEND & PREMIUM OPPORTUNITY FUND
GRRR,1903145,Gorilla Technology Group Inc.
FTHY,1810523,FIRST TRUST HIGH YIELD OPPORTUNITIES 2027 TERM FUND
CPS,1320461,Cooper-Standard Holdings Inc.
CNCK,1913847,Coincheck Group N.V.
SPT,1517375,"Sprout Social, Inc."
MEVO,2087361,M Evo Global Acquisition Corp II
TRC,96869,TEJON RANCH CO
ZURA,1855644,Zura Bio Ltd
YORW,108985,YORK WATER CO
EDIT,1650664,"Editas Medicine, Inc."
WTI,1288403,W&T OFFSHORE INC
COFS,803164,CHOICEONE FINANCIAL SERVICES INC
IFN,917100,"ABERDEEN INDIA FUND, INC."
OCGN,1372299,"Ocugen, Inc."
OBT,1754226,"Orange County Bancorp, Inc. /DE/"
GOGO,1537054,Gogo Inc.
ESEA,1341170,EUROSEAS LTD.
GAU,1377757,Galiano Gold Inc.
GMTL,2039972,Guardian Metal Resources PLC
EACO,784539,EACO CORP
SD,1349436,SANDRIDGE ENERGY INC
BSVN,1746129,Bank7 Corp.
TASK,1829864,"TaskUs, Inc."
RYAM,1597672,RAYONIER ADVANCED MATERIALS INC.
BWMN,1847590,Bowman Consulting Group Ltd.
VREOF,1771706,Vireo Growth Inc.
CABA,1759138,"Cabaletta Bio, Inc."
GHY,1554697,"PGIM Global High Yield Fund, Inc."
STRO,1382101,"SUTRO BIOPHARMA, INC."
BETR,1835856,Better Home & Finance Holding Co
IDR,1030192,"Idaho Strategic Resources, Inc."
KRSP,2074872,Rice Acquisition Corp 3
FVR,1988494,"FrontView REIT, Inc."
PACB,1299130,"PACIFIC BIOSCIENCES OF CALIFORNIA, INC."
GDYN,1743725,"GRID DYNAMICS HOLDINGS, INC."
HKD,1809691,AMTD Digital Inc.
CTRN,1318484,Citi Trends Inc
PRTA,1559053,PROTHENA CORP PUBLIC LTD CO
VSTM,1526119,"Verastem, Inc."
PDLB,1874071,"Ponce Financial Group, Inc."
LWAY,814586,"Lifeway Foods, Inc."
CLMB,945983,"Climb Global Solutions, Inc."
GIW,2080019,GigCapital8 Corp.
CRAN,2081358,Crane Harbor Acquisition Corp. II
NRC,70487,NRC HEALTH
DCBO,1829959,Docebo Inc.
EVMN,2044725,"Evommune, Inc."
ANSC,1854149,Agriculture & Natural Solutions Acquisition Corp
FCCN,1131903,SPECTRAL CAPITAL Corp
KREF,1631596,KKR Real Estate Finance Trust Inc.
ELMT,2101698,Elmet Group Co.
SFIX,1576942,"Stitch Fix, Inc."
DDL,1854545,Dingdong (Cayman) Ltd
RZLT,1509261,"Rezolute, Inc."
CRNC,1768267,Cerence Inc.
CLNE,1368265,Clean Energy Fuels Corp.
GTEN,1986817,"Gores Holdings X, Inc. / CI"
TWI,899751,TITAN INTERNATIONAL INC
KELYA,55135,KELLY SERVICES INC
CBIO,1253689,"CRESCENT BIOPHARMA, INC."
NMAI,1861115,Nuveen Multi-Asset Income Fund
HPS,1215913,JOHN HANCOCK PREFERRED INCOME FUND III
JOUT,788329,JOHNSON OUTDOORS INC
VMD,1729149,"VIEMED HEALTHCARE, INC."
SOPH,1840706,SOPHiA GENETICS SA
IPI,1421461,"Intrepid Potash, Inc."
OVID,1636651,Ovid Therapeutics Inc.
BMBL,1830043,Bumble Inc.
KIO,1515940,KKR Income Opportunities Fund
TENX,34956,"TENAX THERAPEUTICS, INC."
FRPH,844059,"FRP HOLDINGS, INC."
OFIX,884624,Orthofix Medical Inc.
SGMT,1400118,Sagimet Biosciences Inc.
LXFR,1096056,LUXFER HOLDINGS PLC
MOVE,1734750,"Corvex, Inc."
VVR,1059386,Invesco Senior Income Trust
VREX,1681622,Varex Imaging Corp
APXT,2079253,Apex Treasury Corp
CWCO,928340,Consolidated Water Co. Ltd.
STRZ,929351,STARZ ENTERTAINMENT CORP /CN/
BWFG,1505732,"Bankwell Financial Group, Inc."
MFI,1940941,mF International Ltd
CLFD,796505,"Clearfield, Inc."
NBB,1478888,Nuveen Taxable Municipal Income Fund
BMRC,1403475,Bank of Marin Bancorp
MTW,61986,MANITOWOC CO INC
CMDB,2033535,Costamare Bulkers Holdings Ltd
ETB,1308927,Eaton Vance Tax-Managed Buy-Write Income Fund
BNTC,1808898,Benitec Biopharma Inc.
SEAH,2075786,"Seahawk Recycling Holdings, Inc."
MAGN,41719,Magnera Corp
DIN,49754,"Dine Brands Global, Inc."
ARTV,1817241,"Artiva Biotherapeutics, Inc."
NPFD,1865389,Nuveen Variable Rate Preferred & Income Fund
RBB,1499422,RBB Bancorp
CBK,1981546,"Commercial Bancgroup, Inc."
ERII,1421517,"Energy Recovery, Inc."
PINWF,2059573,Pinewood Technologies Group plc
PANL,1606909,Pangaea Logistics Solutions Ltd.
FFA,1291334,FIRST TRUST ENHANCED EQUITY INCOME FUND
SWMR,2092574,"Swarmer, Inc"
GLAD,1143513,GLADSTONE CAPITAL CORP
WTBA,1166928,WEST BANCORPORATION INC
CCCC,1662579,"C4 Therapeutics, Inc."
ITRG,1722387,Integra Resources Corp.
DCTH,872912,"DELCATH SYSTEMS, INC."
NNNN,1982708,Anbio Biotechnology
IEAG,2084396,Infinite Eagle Acquisition Corp.
FSTR,352825,FOSTER L B CO
ZSQR,1759186,Z Squared Inc.
ECX,1861974,ECARX Holdings Inc.
KBON,2088749,Karbon Capital Partners Corp.
SLN,1479615,Silence Therapeutics plc
LRMR,1374690,"Larimar Therapeutics, Inc."
NVEC,724910,NVE CORP /NEW/
REAX,1862461,Real Brokerage Inc
HNST,1530979,"Honest Company, Inc."
EVN,1074540,Eaton Vance Municipal Income Trust
GRVY,1313310,"GRAVITY Co., Ltd."
RNLXY,1811115,Renalytix plc
IBEX,1720420,IBEX Ltd
SRTA,1779128,"Strata Critical Medical, Inc."
WILC,1030997,G WILLI FOOD INTERNATIONAL LTD
GOTU,1768259,Gaotu Techedu Inc.
ZKH,1862044,ZKH Group Ltd
MBVI,2073928,M3-Brigade Acquisition VI Corp.
HPI,1176199,JOHN HANCOCK PREFERRED INCOME FUND
TLNC,2073340,Talon Capital Corp.
IMXI,1683695,"International Money Express, Inc."
ALTO,778164,"Alto Ingredients, Inc."
EPRX,1581178,EUPRAXIA PHARMACEUTICALS INC.
GBFH,1791145,GBank Financial Holdings Inc.
CGC,1737927,Canopy Growth Corp
RLGT,1171155,"RADIANT LOGISTICS, INC"
FGOVF,1064052,FREEGOLD VENTURES LTD
IACO,2091176,Idea Acquisition Corp.
EH,1759783,EHang Holdings Ltd
NUAI,2028336,"New ERA Energy & Digital, Inc."
ASPN,1145986,ASPEN AEROGELS INC
PHOE,2035709,Phoenix Asia Holdings Ltd
RMNI,1635282,"Rimini Street, Inc."
BNED,1634117,"Barnes & Noble Education, Inc."
KRAQ,2082119,KRAKacquisition Corp
MRAM,1438423,EVERSPIN TECHNOLOGIES INC.
CDRO,1866782,"Codere Online Luxembourg, S.A."
MESH,2081468,Meshflow Acquisition Corp
EOLS,1570562,"Evolus, Inc."
ELVA,1844450,Electrovaya Inc.
RCKT,1281895,"ROCKET PHARMACEUTICALS, INC."
FINS,1745059,Angel Oak Financial Strategies Income Term Trust
BCAR,2065779,D. Boral ARC Acquisition I Corp.
QUAD,1481792,"Quad/Graphics, Inc."
TITN,1409171,Titan Machinery Inc.
ISD,1534880,"PGIM High Yield Bond Fund, Inc."
CCRN,1141103,CROSS COUNTRY HEALTHCARE INC
DFP,1559991,Flaherty & Crumrine Dynamic Preferred & Income Fund Inc
BBW,1113809,BUILD-A-BEAR WORKSHOP INC
MRLN,2028707,"Merlin, Inc."
MATV,1000623,"Mativ Holdings, Inc."
AMCX,1514991,AMC Global Media Inc.
HELP,1833141,CYBIN INC.
BOC,1494582,BOSTON OMAHA Corp
ACTG,934549,ACACIA RESEARCH CORP
BBBY,1130713,"BED BATH & BEYOND, INC."
AUTL,1730463,Autolus Therapeutics plc
CBAN,711669,COLONY BANKCORP INC
INV,2001557,"Innventure, Inc."
NEWT,1587987,"NewtekOne, Inc."
BXC,1301787,BlueLinx Holdings Inc.
SMC,2024218,Summit Midstream Corp
HFRO,1710680,HIGHLAND OPPORTUNITIES & INCOME FUND
FPI,1591670,Farmland Partners Inc.
HTT,1692705,High Templar Tech Ltd
MGMNF,1965615,MAGNA MINING INC.
PTOR,2093912,Praetorian Acquisition Corp.
SI,1699350,"SHOULDER INNOVATIONS, INC."
WDH,1823986,Waterdrop Inc.
SGU,1002590,"STAR GROUP, L.P."
VRNO,1848416,Verano Holdings Corp.
CINT,1868995,CI&T Inc
CMPX,1738021,"Compass Therapeutics, Inc."
SHOE,895447,SHOE STATION GROUP INC
AIV,922864,APARTMENT INVESTMENT & MANAGEMENT CO
VKI,908993,Invesco Advantage Municipal Income Trust II
OPTU,1702780,"Optimum Communications, Inc."
LSAK,1041514,LESAKA TECHNOLOGIES INC
KFII,2029976,K&F GROWTH ACQUISITION CORP. II
FWRD,912728,FORWARD AIR CORP
AIBZ,2100457,Bitzero Holdings Inc.
XRPN,2044009,Armada Acquisition Corp. II
CCAP,1633336,"Crescent Capital BDC, Inc."
PSFE,1833835,Paysafe Ltd
PBFS,1769663,"Pioneer Bancorp, Inc./MD"
EBS,1367644,Emergent BioSolutions Inc.
NATH,69733,"NATHANS FAMOUS, INC."
LOGC,2064307,ContextLogic Holdings Inc.
ALLT,1365767,Allot Ltd.
FMAO,792966,FARMERS & MERCHANTS BANCORP INC
KMDA,1567529,KAMADA LTD
CLBR,2091024,Colombier Acquisition Corp. III
DMAC,1401040,DiaMedica Therapeutics Inc.
CZNC,810958,CITIZENS & NORTHERN CORP
PCB,1423869,PCB BANCORP
PBYI,1401667,"PUMA BIOTECHNOLOGY, INC."
RBBN,1708055,Ribbon Communications Inc.
HVT,216085,HAVERTY FURNITURE COMPANIES INC
GSKRF,1944955,FIRST NORDIC METALS CORP.
XFOR,1501697,"X4 Pharmaceuticals, Inc"
RTAC,2035173,Renatus Tactical Acquisition Corp I
PLBC,1168455,PLUMAS BANCORP
IPSC,1850119,"Century Therapeutics, Inc."
UPB,2022626,"Upstream Bio, Inc."
BLND,1855747,"Blend Labs, Inc."
CRAQ,2058359,Cal Redwood Acquisition Corp.
RM,1519401,Regional Management Corp.
DGXX,1854368,Digi Power X Inc.
USNA,896264,USANA HEALTH SCIENCES INC
ISTR,1602658,Investar Holding Corp
MOBI,1489993,"Mobia Medical, Inc."
CWH,1669779,"Camping World Holdings, Inc."
TCI,733590,TRANSCONTINENTAL REALTY INVESTORS INC
UROY,1711570,Uranium Royalty Corp.
GPAT,1834526,GP-Act III Acquisition Corp.
CCIX,2006291,Churchill Capital Corp IX/Cayman
NPAC,2048948,New Providence Acquisition Corp. III/Cayman
QMCO,709283,QUANTUM CORP /DE/
VELO,1825079,"Velo3D, Inc."
SAAQ,2091222,Space Asset Acquisition Corp.
DCX,1957413,Digital Currency X Technology Inc.
LEO,818972,"BNY MELLON STRATEGIC MUNICIPALS, INC."
ENTA,1177648,ENANTA PHARMACEUTICALS INC
MTLS,1091223,MATERIALISE NV
TACO,2033122,Berto Acquisition Corp.
FVRR,1762301,Fiverr International Ltd.
SDHY,1812923,PGIM Short Duration High Yield Opportunities Fund
CAL,14707,CALERES INC
BBCQ,2088295,Bleichroeder Acquisition Corp. II
NCV,1214935,Virtus Convertible & Income Fund
GBAB,1495825,Guggenheim Taxable Municipal Bond & Investment Grade Debt Trust
BGR,1306550,BlackRock Energy & Resources Trust
AVIR,1593899,"Atea Pharmaceuticals, Inc."
GUAC,2081515,Berto Acquisition Corp. II
ABEO,318306,ABEONA THERAPEUTICS INC.
ALF,2010930,Centurion Acquisition Corp.
CMCO,1005229,COLUMBUS MCKINNON CORP
FRST,1325670,Primis Financial Corp.
PCAP,2056634,ProCap Acquisition Corp
PFL,1244183,PIMCO INCOME STRATEGY FUND
MBAV,2016072,M3-Brigade Acquisition V Corp.
MTAL,2107724,Metals Acquisition Corp. II
ZKP,2087447,Lafayette Digital Acquisition Corp. I
UXIN,1729173,Uxin Ltd
GTN,43196,"GRAY MEDIA, INC"
VHI,59255,VALHI INC /DE/
SCGX,1277575,SAXON CAPITAL GROUP INC
ELTP,1053369,ELITE PHARMACEUTICALS INC /NV/
RDAG,2055459,Republic Digital Acquisition Co
PKBK,1315399,"PARKE BANCORP, INC."
WENN,2057043,WEN Acquisition Corp
PERI,1338940,Perion Network Ltd.
FRA,1259708,"BLACKROCK FLOATING RATE INCOME STRATEGIES FUND, INC."
MYN,882150,"BLACKROCK MUNIYIELD NEW YORK QUALITY FUND, INC."
SOHU,1734107,Sohu.com Ltd
FCBM,1531193,"First Carolina Financial Services, Inc."
ENHA,1956439,Enhanced Group Inc.
INRE,1528985,"Inland Real Estate Income Trust, Inc."
PRLD,1678660,Prelude Therapeutics Inc
IACQ,2122505,Irenic Acquisition Corp.
FOF,1375340,"Cohen & Steers Closed-End Opportunity Fund, Inc."
RR,1963685,RICHTECH ROBOTICS INC.
NAN,1074769,NUVEEN NEW YORK QUALITY MUNICIPAL INCOME FUND
ASTL,1860805,Algoma Steel Group Inc.
GBLI,1494904,"Global Indemnity Group, LLC"
TMCR,2087398,Metals Royalty Co Inc.
XPER,1788999,Xperi Inc.
RNGR,1699039,"Ranger Energy Services, Inc."
EAD,1210123,ALLSPRING INCOME OPPORTUNITIES FUND
MPTI,1902314,"M-tron Industries, Inc."
GCO,18498,GENESCO INC
AVBC,2058758,"Avidia Bancorp, Inc."
FTW,2083125,PRESIDIO PRODUCTION Co
AEF,846676,"abrdn Emerging Markets ex-China Fund, Inc."
SOR,91847,SOURCE CAPITAL /DE/
AUNA,1799207,AUNA S.A.
MZYX,2097376,MOZAYYX Acquisition Corp.
FNLC,765207,"First Bancorp, Inc /ME/"
HACQ,2089982,HCM IV Acquisition Corp.
AKBA,1517022,"Akebia Therapeutics, Inc."
BKKT,1820302,"Bakkt, Inc."
ELMD,1488917,"Electromed, Inc."
VNDA,1347178,Vanda Pharmaceuticals Inc.
TRVG,1683825,trivago N.V.
ALOV,2083989,"Aldabra 4 Liquidity Opportunity Vehicle, Inc."
CDZI,727273,CADIZ INC
ULH,1308208,"UNIVERSAL LOGISTICS HOLDINGS, INC."
NATR,275053,NATURES SUNSHINE PRODUCTS INC
NREF,1786248,"NexPoint Real Estate Finance, Inc."
XRX,1770450,Xerox Holdings Corp
EDD,1388141,"Morgan Stanley Emerging Markets Domestic Debt Fund, Inc."
LAND,1495240,GLADSTONE LAND Corp
NOA,1368519,North American Construction Group Ltd.
LXEO,1907108,"Lexeo Therapeutics, Inc."
AII,2007587,"American Integrity Insurance Group, Inc."
LPRO,1806201,Open Lending Corp
GNE,1528356,Genie Energy Ltd.
SLP,1023459,"Simulations Plus, Inc."
USCB,1901637,"USCB FINANCIAL HOLDINGS, INC."
OIM,2088325,OneIM Acquisition Corp.
FCRS,2074697,FutureCrest Acquisition Corp.
OPTX,1866816,"SYNTEC OPTICS HOLDINGS, INC."
XNET,1510593,Xunlei Ltd
PLAY,1525769,"Dave & Buster's Entertainment, Inc."
ATNI,879585,"ATN International, Inc."
SUJA,1934114,"SUJA LIFE, INC."
MVBF,1277902,MVB FINANCIAL CORP
LAB,1162194,STANDARD BIOTOOLS INC.
GSRV,2111762,GSR V Acquisition Corp.
LND,1499849,BrasilAgro - Brazilian Agricultural Real Estate Co
BCML,1730984,BayCom Corp
FVAV,1850733,Fortress Value Acquisition Corp. V
MGPI,835011,MGP INGREDIENTS INC
VALU,717720,VALUE LINE INC
KNOP,1564180,KNOT Offshore Partners LP
OPI,1456772,OFFICE PROPERTIES INCOME TRUST
NECB,1847398,"NorthEast Community Bancorp, Inc./MD/"
NCMI,1377630,"National CineMedia, Inc."
AWP,1390195,abrdn Global Premier Properties Fund
CHMG,763563,CHEMUNG FINANCIAL CORP
SDHI,2034037,Siddhi Acquisition Corp (Cayman Islands)
TLS,320121,TELOS CORP
ACAA,2096900,Averin Capital Acquisition Corp.
GIX,2098712,GigCapital9 Corp.
FATE,1434316,FATE THERAPEUTICS INC
WEYS,106532,WEYCO GROUP INC
PINE,1786117,"Alpine Income Property Trust, Inc."
ACCO,712034,ACCO BRANDS Corp
TACH,2009183,Titan Acquisition Corp.
ALUB,2041493,Alussa Energy Acquisition Corp. II
API,1802883,"Agora, Inc."
KTF,839533,DWS MUNICIPAL INCOME TRUST
OTGA,2077010,OTG Acquisition Corp. I
SVCO,1943289,"Silvaco Group, Inc."
CCII,2064683,Cohen Circle Acquisition Corp. II
CLCHF,2125750,Clinch Resources Ltd.
IPCX,2012318,Inflection Point Acquisition Corp. III
FENC,1211583,FENNEC PHARMACEUTICALS INC.
ABAT,1576873,AMERICAN BATTERY TECHNOLOGY Co
HIX,1058239,WESTERN ASSET HIGH INCOME FUND II INC.
MVST,1760689,"Microvast Holdings, Inc."
MCI,275694,BARINGS CORPORATE INVESTORS
RPAY,1720592,Repay Holdings Corp
JRI,1539337,Nuveen Real Asset Income & Growth Fund
NC,789933,NACCO INDUSTRIES INC
CAF,1368493,"Morgan Stanley China A Share Fund, Inc."
MIY,890393,"BLACKROCK MUNIYIELD MICHIGAN QUALITY FUND, INC."
OPAL,1842279,OPAL Fuels Inc.
JGH,1615905,Nuveen Global High Income Fund
NXG,1506488,NXG NextGen Infrastructure Income Fund
SCD,1270131,LMP CAPITAL & INCOME FUND INC.
KCHV,2053799,Kochav Defense Acquisition Corp.
CMCL,766011,Caledonia Mining Corp Plc
HCIC,2099093,Hennessy Capital Investment Corp. VIII
ARCI,2083910,Archimedes Tech SPAC Partners III Co.
WSBF,1569994,"Waterstone Financial, Inc."
AVBH,1443575,"Avidbank Holdings, Inc."
PAII,2069238,Pyrophyte Acquisition Corp. II
SOUL,2025608,Soulpower Acquisition Corp.
GEVO,1392380,"Gevo, Inc."
SBXE,2081909,SilverBox Corp V
BDCI,2042292,BTC Development Corp.
AXIN,2057030,Axiom Intelligence Acquisition Corp 1
CEPL,1009759,"Capstone Energy Plus, Inc."
ARTNA,863110,ARTESIAN RESOURCES CORP
MTRX,866273,MATRIX SERVICE CO
OYSE,2042182,Oyster Enterprises II Acquisition Corp
BLZR,2075310,Trailblazer Acquisition Corp.
RMR,1644378,RMR GROUP INC.
HCMA,2069856,HCM III ACQUISITION CORP.
HPF,1189740,JOHN HANCOCK PREFERRED INCOME FUND II
LYEL,1806952,"Lyell Immunopharma, Inc."
HIO,910068,WESTERN ASSET HIGH INCOME OPPORTUNITY FUND INC.
YSG,1819580,Yatsen Holding Ltd
LE,799288,"LANDS' END, INC."
SORN,2086263,Soren Acquisition Corp.
CURR,1862935,Currenc Group Inc.
AGCC,2060016,Agencia Comercial Spirits Ltd.
IPFX,2102041,Inflection Point Acquisition Corp. VI
ASG,786035,LIBERTY ALL STAR GROWTH FUND INC.
ARL,1102238,AMERICAN REALTY INVESTORS INC
DSAC,2082149,Daedalus Special Acquisition Corp.
INDP,1857044,"Indaptus Therapeutics, Inc."
FHTX,1822462,Foghorn Therapeutics Inc.
ATAC,2135163,Albatross Acquisition Corp
BKT,832327,"BLACKROCK INCOME TRUST, INC."
CVEO,1590584,Civeo Corp
ZNTL,1725160,"Zentalis Pharmaceuticals, Inc."
EMF,809708,TEMPLETON EMERGING MARKETS FUND
KEYY,2102771,Keystone Acquisition Corp.
BYND,1655210,"BEYOND MEAT, INC."
SUPX,1897087,SuperX AI Technology Ltd
SNDL,1766600,SNDL Inc.
OSS,1394056,"ONE STOP SYSTEMS, INC."
AACI,2092897,Armada Acquisition Corp. III
PTLO,1871509,Portillo's Inc.
MSC,1713334,STUDIO CITY INTERNATIONAL HOLDINGS Ltd
ARQQ,1859690,Arqit Quantum Inc.
ISSC,836690,INNOVATIVE SOLUTIONS & SUPPORT INC
PALI,1357459,"PALISADE BIO, INC."
NWFL,1013272,NORWOOD FINANCIAL CORP
PHDWY,1765812,"PT Ace Hardware Indonesia, Tbk./ADR"
TWFG,2007596,"TWFG, Inc."
TSBK,1046050,TIMBERLAND BANCORP INC
IONR,1896084,ioneer Ltd
CATX,728387,"Perspective Therapeutics, Inc."
CZFS,739421,CITIZENS FINANCIAL SERVICES INC
CAII,2115404,Collective Acquisition Corp. II
XPOF,1802156,"Xponential Fitness, Inc."
BRW,826020,Saba Capital Income & Opportunities Fund
BLUW,2050501,Blue Water Acquisition Corp. III
JOF,859796,JAPAN SMALLER CAPITALIZATION FUND INC
BEAG,1852207,Bold Eagle Acquisition Corp.
SPXX,1338561,Nuveen S&P 500 Dynamic Overwrite Fund
TWIN,100378,TWIN DISC INC
MASS,1555279,908 Devices Inc.
ASYS,720500,AMTECH SYSTEMS INC
SPCE,1706946,"Virgin Galactic Holdings, Inc"
SCTH,1703157,"Securetech Innovations, Inc."
CEPV,2034266,"Cantor Equity Partners V, Inc."
RFMZ,1817159,"RiverNorth Flexible Municipal Income Fund II, Inc."
MSB,65172,MESABI TRUST
IMRX,1790340,Immuneering Corp
STRT,933034,STRATTEC SECURITY CORP
PPT,827773,PUTNAM PREMIER INCOME TRUST
MBI,814585,MBIA INC
SEG,2009684,Seaport Entertainment Group Inc.
NLCP,1854964,"NewLake Capital Partners, Inc."
FERA,2025401,Fifth Era Acquisition Corp I
GASS,1328919,StealthGas Inc.
CIX,1049606,COMPX INTERNATIONAL INC
PACH,2040381,Pioneer Acquisition I Corp
PSBD,1794776,Palmer Square Capital BDC Inc.
ONIT,873860,ONITY GROUP INC.
IRD,1228627,"Opus Genetics, Inc."
NODK,1681206,"NI Holdings, Inc."
SZZL,2030663,Sizzle Acquisition Corp. II
OBA,2034313,Oxley Bridge Acquisition Ltd
DRDB,2032528,Roman DBDR Acquisition Corp. II
LODE,1120970,Comstock Inc.
COSO,1297107,"CoastalSouth Bancshares, Inc."
ALMU,1828805,"Aeluma, Inc."
TSSI,1320760,"TSS, Inc."
AFB,1162027,ALLIANCEBERNSTEIN NATIONAL MUNICIPAL INCOME FUND
EVOX,2077954,Evolution Global Acquisition Corp
PMTR,2061473,Perimeter Acquisition Corp. I
MLP,63330,MAUI LAND & PINEAPPLE CO INC
CARL,1794546,"CARLSMED, INC."
LZM,1958217,Lifezone Metals Ltd
CAES,2087965,"Cantor Equity Partners VII, Inc."
ATII,2028516,Archimedes Tech SPAC Partners II Co.
FSBW,1530249,"FS Bancorp, Inc."
TEI,909112,TEMPLETON EMERGING MARKETS INCOME FUND
ALDF,2031561,Aldel Financial II Inc.
CION,1534254,CION Investment Corp
KOYN,2068454,"CSLM Digital Asset Acquisition Corp III, Ltd"
OEC,1609804,Orion S.A.
MYFW,1327607,First Western Financial Inc
CYDY,1175680,CytoDyn Inc.
SHIP,1448397,Seanergy Maritime Holdings Corp.
RIV,1501072,"RIVERNORTH OPPORTUNITIES FUND, INC."
BGT,1287480,BLACKROCK FLOATING RATE INCOME TRUST
LCTX,876343,"Lineage Cell Therapeutics, Inc."
GETY,1898496,"Getty Images Holdings, Inc."
BKTI,2186,BK Technologies Corp
RNGT,2078653,Range Capital Acquisition Corp II
BGS,1278027,"B&G Foods, Inc."
POLE,2025341,Andretti Acquisition Corp. II
CMII,2088805,Columbus Circle Capital Corp II
HRZN,1487428,Horizon Technology Finance Corp
TVA,2033991,Texas Ventures Acquisition III Corp
ESOA,1357971,Energy Services of America CORP
AGD,1362481,abrdn Global Dynamic Dividend Fund
CMTG,1666291,"Claros Mortgage Trust, Inc."
SAC,2082844,Safeguard Acquisition Corp.
PLTS,2053033,Platinum Analytics Cayman Ltd
ZIP,1617553,"ZIPRECRUITER, INC."
JACS,2039058,Jackson Acquisition Co II
NNDM,1643303,Nano Dimension Ltd.
MKLY,2067592,McKinley Acquisition Corp
EFR,1258623,Eaton Vance Senior Floating-Rate Trust
AMRN,897448,AMARIN CORP PLC\UK
AIRJ,1855474,AirJoule Technologies Corp.
AEAQ,2083689,Activate Energy Acquisition Corp.
BUUU,2047273,BUUU Group Ltd
VACI,2080023,Viking Acquisition Corp I
MXF,65433,MEXICO FUND INC
FVCB,1675644,"FVCBankcorp, Inc."
VOXR,1907909,VOX ROYALTY CORP.
AACO,2099906,Abony Acquisition Corp. I
SVIV,2098242,Spring Valley Acquisition Corp. IV
ILLU,2101135,Illumination Acquisition Corp. I
LPAA,2015502,Launch One Acquisition Corp.
LGSXY,1447221,Light S.A./ADR
FWDI,38264,"Forward Industries, Inc."
SSTK,1549346,"Shutterstock, Inc."
LEGO,2087450,Legato Merger Corp. IV
FNKO,1704711,"Funko, Inc."
SITKF,1747657,Sitka Gold Corp.
NCA,818851,NUVEEN CALIFORNIA MUNICIPAL VALUE FUND
OTLY,1843586,Oatly Group AB
PRE,1876431,Prenetics Global Ltd
BRBS,842717,"BLUE RIDGE BANKSHARES, INC."
ORGO,1661181,Organogenesis Holdings Inc.
HLLY,1822928,Holley Inc.
LPBB,2023676,Launch Two Acquisition Corp.
NMRA,1885522,"Neumora Therapeutics, Inc."
LWAC,2061379,LightWave Acquisition Corp.
BACC,2059654,Blue Acquisition Corp/Cayman
DVLT,1682149,Datavault AI Inc.
CCFN,731122,MUNCY COLUMBIA FINANCIAL Corp
TMTS,2097364,Spartacus Acquisition Corp. II
JMSB,1710482,"John Marshall Bancorp, Inc."
RAC,2047497,Rithm Acquisition Corp.
ARDC,1515324,"Ares Dynamic Credit Allocation Fund, Inc."
VRXA,2079109,Veraxa Biotech Holding AG
VHCP,2086264,Vine Hill Capital Investment Corp. II
IFRX,1708688,InflaRx N.V.
RFI,891290,COHEN & STEERS TOTAL RETURN REALTY FUND INC
ZUMZ,1318008,Zumiez Inc
ITHA,2080985,ITHAX Acquisition Corp III
GTERA,2043766,Globa Terra Acquisition Corp
NBH,1178839,NEUBERGER MUNICIPAL FUND INC.
FCCO,932781,FIRST COMMUNITY CORP /SC/
BCYC,1761612,BICYCLE THERAPEUTICS PLC
SBC,1930313,SBC Medical Group Holdings Inc
UIS,746838,UNISYS CORP
CLLS,1627281,Cellectis S.A.
RCKY,895456,"ROCKY BRANDS, INC."
TAKOF,1547452,Volatus Aerospace Inc.
EFTY,2058349,"ETOILES CAPITAL GROUP CO., LTD"
AIRS,1870940,"Airsculpt Technologies, Inc."
BRBI,2058601,BRBI BR Partners S.A.
NEGG,1474627,"Newegg Commerce, Inc."
JENA,2060337,JENA ACQUISITION Corp II
ALCO,3545,"ALICO, INC."
BIXI,2082542,Bitcoin Infrastructure Acquisition Corp Ltd
OFLX,1317945,"Omega Flex, Inc."
DSM,855887,"BNY MELLON STRATEGIC MUNICIPAL BOND FUND, INC."
NHIC,2043699,NewHold Investment Corp. III
HVMC,2070602,Highview Merger Corp.
GSRF,2072404,GSR IV Acquisition Corp.
DUOT,1396536,"DUOS TECHNOLOGIES GROUP, INC."
FNRN,1114927,FIRST NORTHERN COMMUNITY BANCORP
CDPMF,2046223,Cerro de Pasco Resources Inc.
QLEP,2102155,Quantum Leap Acquisition Corp
NCZ,1227857,Virtus Convertible & Income Fund II
ELDN,1404281,"Eledon Pharmaceuticals, Inc."
PMO,900422,PUTNAM MUNICIPAL OPPORTUNITIES TRUST
NL,72162,NL INDUSTRIES INC
NSLR,1509470,Neostellar Capital Corp.
FDBC,1098151,FIDELITY D & D BANCORP INC
SVAQ,2085659,Silicon Valley Acquisition Corp.
PESI,891532,PERMA FIX ENVIRONMENTAL SERVICES INC
ACGC,2111542,ACP Holdings Acquisition Corp.
ANVI,1570132,"ANVI GLOBAL HOLDINGS, INC."
OIA,835333,Invesco Municipal Income Opportunities Trust
RMM,1771226,"RiverNorth Managed Duration Municipal Income Fund, Inc."
ACV,1636289,Virtus Diversified Income & Convertible Fund
IRHO,2051985,Iron Horse Acquisition II Corp.
MTNE,2044817,CH4 Natural Solutions Corp
SAR,1377936,SARATOGA INVESTMENT CORP.
GPAC,2085408,General Purpose Acquisition Corp.
CV,1378325,"CapsoVision, Inc"
SHMD,1987240,SCHMID Group N.V.
HCAC,2079013,Hall Chadwick Acquisition Corp
SGLA,1433551,Sino Green Land Corp.
OSUR,1116463,ORASURE TECHNOLOGIES INC
AACP,2102123,Apogee Acquisition Corp
SABS,1833214,"SAB Biotherapeutics, Inc."
KINS,33992,"KINGSTONE COMPANIES, INC."
NWBO,1072379,NORTHWEST BIOTHERAPEUTICS INC
RILY,1464790,"BRC Group Holdings, Inc."
AACB,2034334,Artius II Acquisition Inc.
FLXS,37472,FLEXSTEEL INDUSTRIES INC
EGHT,1023731,8X8 INC /DE/
NTPIF,829365,NAM TAI PROPERTY INC.
FUND,825202,SPROTT FOCUS TRUST INC.
ADAC,2083002,American Drive Acquisition Co
SVAC,2074850,Spring Valley Acquisition Corp. III
ALXO,1810182,ALX ONCOLOGY HOLDINGS INC
ISBA,842517,ISABELLA BANK CORP
FGII,2090452,FG Imperii Acquisition Corp.
UP,1819516,Wheels Up Experience Inc.
UCFI,1901203,CN Healthy Food Tech Group Corp.
BRVMF,1913288,Bravo Mining Corp.
LPCV,2083728,Launchpad Cadenza Acquisition Corp I
NPCT,1835068,Nuveen Core Plus Impact Fund
KPET,2095297,KPET Ultra Paceline Corp
ASLE,1754170,AerSale Corp
SES,1819142,SES AI Corp
SGHT,1531177,"Sight Sciences, Inc."
BGH,1521404,BARINGS GLOBAL SHORT DURATION HIGH YIELD FUND
BORAY,2097461,"Bora Pharmaceuticals Co., Ltd./ADR"
CRLBF,1832928,Cresco Labs Inc.
PNRG,56868,PRIMEENERGY RESOURCES CORP
TKNO,1850902,"Alpha Teknova, Inc."
GLSI,1799788,"Greenwich LifeSciences, Inc."
POWW,1015383,Outdoor Holding Co
FUNC,763907,FIRST UNITED CORP/MD/
JWSMF,1831359,Jaws Mustang Acquisition Corp
MMD,1518557,NYLI MacKay DefinedTerm Muni Opportunities Fund
EFT,1288992,Eaton Vance Floating-Rate Income Trust
CIA,24090,"CITIZENS, INC."
KWY,1072627,KINGSWAY Corp
KF,748691,KOREA FUND INC
OVLY,1431567,Oak Valley Bancorp
AFRI,1903870,Forafric Global PLC
BRT,14846,BRT Apartments Corp.
REI,1384195,"RING ENERGY, INC."
CUB,2015955,Lionheart Holdings
EOD,1386067,ALLSPRING GLOBAL DIVIDEND OPPORTUNITY FUND
DBL,1525201,DoubleLine Opportunistic Credit Fund
HBB,1709164,Hamilton Beach Brands Holding Co
ZH,1835724,Zhihu Inc.
BUKS,15847,BUTLER NATIONAL CORP
JCE,1385763,Nuveen Core Equity Alpha Fund
RNAC,1453687,"Cartesian Therapeutics, Inc."
TMCI,1630627,"TREACE MEDICAL CONCEPTS, INC."
JACK,807882,JACK IN THE BOX INC
TVAI,1872228,Thayer Ventures Acquisition Corp II
XCBE,2083493,X3 Acquisition Corp. Ltd.
WNEB,1157647,"Western New England Bancorp, Inc."
SENS,1616543,"Senseonics Holdings, Inc."
OPRT,1538716,Oportun Financial Corp
AVNW,1377789,"AVIAT NETWORKS, INC."
AERG,879911,"APPLIED ENERGETICS, INC."
HLXC,2099656,Helix Acquisition Corp. III
MIN,826735,MFS INTERMEDIATE INCOME TRUST
DBI,1319947,Designer Brands Inc.
SSP,832428,E.W. SCRIPPS Co
MGNX,1125345,MACROGENICS INC
TTRX,2023016,Turn Therapeutics Inc.
PMM,844790,PUTNAM MANAGED MUNICIPAL INCOME TRUST
CBNA,1392272,CHAIN BRIDGE BANCORP INC
REEMF,1419806,RARE ELEMENT RESOURCES LTD
QUIK,882508,QUICKLOGIC Corp
SBXD,2015947,SilverBox Corp IV
PTHRF,1621910,Pantheon Resources plc
TCPC,1370755,BlackRock TCP Capital Corp.
NHIV,2099767,NewHold Investment Corp IV
FRAF,723646,FRANKLIN FINANCIAL SERVICES CORP /PA/
RC,1527590,Ready Capital Corp
XSLL,2088807,Xsolla SPAC 1
LTBR,1084554,LIGHTBRIDGE Corp
FUBO,1484769,FuboTV Inc.
XFLT,1703079,XAI Floating Rate & Alternative Income Trust
NAGE,1386570,"Niagen Bioscience, Inc."
JDZG,1976908,JIADE Ltd
PAMT,798287,PAMT CORP
TDF,919893,TEMPLETON DRAGON FUND INC
CD,1527762,Chaince Digital Holdings Inc.
MUZE,2093484,Muzero Acquisition Corp
KRYXF,1318596,KORYX COPPER INC.
EOT,1454741,Eaton Vance National Municipal Opportunities Trust
CEPO,2027708,"Cantor Equity Partners I, Inc."
HVII,1846416,Hennessy Capital Investment Corp. VII
TRDA,1689375,"Entrada Therapeutics, Inc."
TTGT,2018064,"TechTarget, Inc."
OSG,874501,OCTAVE SPECIALTY GROUP INC
HDSN,925528,HUDSON TECHNOLOGIES INC /NY
NXDT,1356115,NEXPOINT DIVERSIFIED REAL ESTATE TRUST
ORBS,1892492,Eightco Holdings Inc.
SRZN,1824893,"Surrozen, Inc./DE"
DNMX,2081125,Dynamix Corp III
GALT,1133416,GALECTIN THERAPEUTICS INC
DSX,1318885,DIANA SHIPPING INC.
NNBR,918541,NN INC
CXDO,1075736,"Crexendo, Inc."
IKT,1750149,"Inhibikase Therapeutics, Inc."
AMFN,96664,"American Fusion, Inc."
HWBK,893847,"HAWTHORN BANCSHARES, INC."
BPRN,1913971,"Princeton Bancorp, Inc."
RLTY,1866874,Cohen & Steers Real Estate Opportunities & Income Fund
RAIL,1320854,"FreightCar America, Inc."
MPAA,918251,MOTORCAR PARTS OF AMERICA INC
FXNC,719402,FIRST NATIONAL CORP /VA/
CNXU,2066836,Conexeu Sciences Inc.
LX,1708259,LexinFintech Holdings Ltd.
OACC,2029769,Oaktree Acquisition Corp. III Life Sciences
ACH,75252,ACCENDRA HEALTH INC/VA/
CAMVF,1407582,Cambria Gold Mines Inc.
TROO,1412095,"Troops, Inc. /Cayman Islands/"
SVRSF,1682056,Silver Storm Mining Ltd.
NHS,1487610,Neuberger High Yield Strategies Fund Inc.
CFFI,913341,C & F FINANCIAL CORP
WLII,2083946,Willow Lane Acquisition Corp. II
TRX,1173643,TRX GOLD Corp
TOYO,1985273,"TOYO Co., Ltd"
WHGOF,1423867,White Gold Corp.
EU,1500881,enCore Energy Corp.
JAKK,1009829,JAKKS PACIFIC INC
ATLO,1132651,AMES NATIONAL CORP
FGPR,922358,FERRELLGAS PARTNERS L P
CPZ,1717457,Calamos Long/Short Equity & Dynamic Income Trust
DMAA,2028614,Drugs Made In America Acquisition Corp.
FACT,2028935,FACT II Acquisition Corp.
REA,2095743,"Rare Earths Americas, Inc."
NTWO,2028027,Newbury Street II Acquisition Corp
NUW,1450445,Nuveen AMT-Free Municipal Value Fund
TRGS,2098780,TRG Latin America Acquisitions Corp.
SIGA,1010086,SIGA TECHNOLOGIES INC
ATOM,1420520,Atomera Inc
TG,850429,TREDEGAR CORP
AUDC,1086434,AUDIOCODES LTD
ERC,1227073,ALLSPRING MULTI-SECTOR INCOME FUND
PCYO,276720,PURE CYCLE CORP
CMRC,1626450,"Commerce.com, Inc."
GLO,1350869,Clough Global Opportunities Fund
PROF,1628808,Profound Medical Corp.
PLMK,2030482,"Plum Acquisition Corp, IV"
TBCH,1493761,Turtle Beach Corp
CLW,1441236,Clearwater Paper Corp
RELL,355948,"RICHARDSON ELECTRONICS, LTD."
VNME,2055879,Vendome Acquisition Corp I
NUS,1021561,"NU SKIN ENTERPRISES, INC."
ADAG,1818838,Adagene Inc.
GSVRF,865400,GUANAJUATO SILVER CO LTD
PFSTY,2120422,Pfisterer Holdings SE/ADR
TLSI,1826667,"TriSalus Life Sciences, Inc."
ANGI,1705110,Angi Inc.
ELLO,946394,Ellomay Capital Ltd.
HCKT,1057379,"HACKETT GROUP, INC."
RCS,916183,"PIMCO STRATEGIC INCOME FUND, INC."
ESCA,33488,ESCALADE INC
GSIT,1126741,GSI TECHNOLOGY INC
AZ,1866030,A2Z CUST2MATE SOLUTIONS CORP.
LCNB,1074902,LCNB CORP
RGCO,1069533,RGC RESOURCES INC
SILC,916793,SILICOM LTD.
SCII,2076739,SC II Acquisition Corp.
TBI,768899,"TrueBlue, Inc."
PPHC,1903508,"Public Policy Holding Company, Inc."
SNFCA,318673,SECURITY NATIONAL FINANCIAL CORP
FCT,1282850,FIRST TRUST SENIOR FLOATING RATE INCOME FUND II
LOVE,1701758,Lovesac Co
LTRX,1114925,LANTRONIX INC
VGZ,783324,VISTA GOLD CORP
QADR,2083217,QDRO Acquisition Corp.
CAQ,2100125,Cambridge Acquisition Corp.
OHAC,2090787,Oceanhawk Acquisition Corp.
LAW,1625641,"CS Disco, Inc."
MTC,1742518,"MMTEC, INC."
PDYN,1826681,Palladyne AI Corp.
SLGL,1684693,Sol-Gel Technologies Ltd.
COPL,2045473,Copley Acquisition Corp
ACIU,1651625,AC Immune SA
DHY,1061353,CREDIT SUISSE HIGH YIELD CREDIT FUND
GLOO,2069785,"Gloo Holdings, Inc."
TDRRF,1921050,Tudor Gold Corp.
USAU,27093,U.S. GOLD CORP.
ACRE,1529377,Ares Commercial Real Estate Corp
VFF,1584549,"Village Farms International, Inc."
JRS,1158289,NUVEEN REAL ESTATE INCOME FUND
MITT,1514281,"TPG Mortgage Investment Trust, Inc."
RMBI,1767837,"Richmond Mutual Bancorporation, Inc."
PRQR,1612940,ProQR Therapeutics N.V.
FRD,39092,FRIEDMAN INDUSTRIES INC
FBLA,2013639,"FB Bancorp, Inc. /MD/"
LGI,1278211,LAZARD GLOBAL TOTAL RETURN & INCOME FUND INC
SCM,1551901,Stellus Capital Investment Corp
NAUT,1808805,"Nautilus Biotechnology, Inc."
VABK,1572334,Virginia National Bankshares Corp
DWSN,799165,DAWSON GEOPHYSICAL CO
EIC,1754836,Eagle Point Income Co Inc.
FLWS,1084869,1 800 FLOWERS COM INC
PSF,1498612,"Cohen & Steers Select Preferred & Income Fund, Inc."
JILL,1687932,"J.Jill, Inc."
MCGA,2064658,Yorkville Acquisition Corp.
SOCA,2065948,Solarius Capital Acquisition Corp.
LMNR,1342423,Limoneira CO
FOSL,883569,"Fossil Group, Inc."
MMT,809173,ABERDEEN MULTI-MARKET INCOME FUND
CHRS,1512762,"Coherus Oncology, Inc."
TARA,1359931,"Protara Therapeutics, Inc."
DAAQ,2052162,Digital Asset Acquisition Corp.
IGAC,2075068,Invest Green Acquisition Corp
RDCM,1016838,RADCOM LTD
PTNM,2046573,Pitanium Ltd
DYNC,2028699,Dynamix Corp
INR,2029118,"INFINITY NATURAL RESOURCES, INC."
LMED,1477960,LataMed AI Corp.
OTLK,1649989,"Outlook Therapeutics, Inc."
SSAC,2081300,SPACSphere Acquisition Corp.
AVAC,2111009,American Ventures Acquisition Corp. I
FUFU,1921158,Bitfufu Inc.
MRBK,1750735,Meridian Corp
TDWD,2076616,Tailwind 2.0 Acquisition Corp.
JLHL,2007846,Julong Holding Ltd
OBIO,1814114,"Orchestra BioMed Holdings, Inc."
MACI,2016221,Melar Acquisition Corp. I/Cayman
AVXL,1314052,ANAVEX LIFE SCIENCES CORP.
FC,886206,FRANKLIN COVEY CO
CNDT,1677703,CONDUENT Inc
FTF,1233087,FRANKLIN LTD DURATION INCOME TRUST
TWLV,2052243,Twelve Seas Investment Co III/Cayman
KPTI,1503802,Karyopharm Therapeutics Inc.
HHLKF,1562823,Hot Chili Ltd
SRV,1400897,NXG Cushing Midstream Energy Fund
SUMA,2105838,SUMA Acquisition Corp
RTB,1419275,"RTB Digital, Inc."
LATA,2076427,Galata Acquisition Corp. II
IVVD,1832038,"Invivyd, Inc."
FULC,1680581,"Fulcrum Therapeutics, Inc."
DYOR,2079292,Insight Digital Partners II
FOA,1828937,Finance of America Companies Inc.
BLRK,2081532,Bluerock Acquisition Corp.
MFIN,1000209,MEDALLION FINANCIAL CORP
REFI,1867949,"Chicago Atlantic Real Estate Finance, Inc."
INBK,1562463,First Internet Bancorp
KROS,1664710,"Keros Therapeutics, Inc."
BIII,2087087,Black Spade Acquisition III Co
DTIL,1357874,PRECISION BIOSCIENCES INC
SVCC,2033593,Stellar V Capital Corp. (Cayman Islands)
MFM,801961,ABERDEEN MUNICIPAL INCOME FUND
CAN,1780652,Canaan Inc.
NKSH,796534,NATIONAL BANKSHARES INC
IRAB,2077785,Iris Acquisition Corp II
GENC,64472,GENCOR INDUSTRIES INC
MNTK,1826600,"Montauk Renewables, Inc."
PNNT,1383414,PENNANTPARK INVESTMENT CORP
CGEN,1119774,COMPUGEN LTD
RDNW,1596961,"RideNow Group, Inc."
CRAC,2070887,Crown Reserve Acquisition Corp. I
RWAY,1653384,Runway Growth Finance Corp.
BDSX,1439725,BIODESIX INC
MAGH,2046117,Magnitude International Ltd
AOMR,1766478,"Angel Oak Mortgage REIT, Inc."
PMTS,1641614,CPI Card Group Inc.
WALD,1840199,Waldencast plc
TII,1791703,Titan Mining Corp
NERV,1598646,"Minerva Neurosciences, Inc."
IMMR,1058811,IMMERSION CORP
LIEN,1843162,"Chicago Atlantic BDC, Inc."
GDEV,1848739,GDEV Inc.
LFMD,948320,"LifeMD, Inc."
NPV,897421,NUVEEN VIRGINIA QUALITY MUNICIPAL INCOME FUND
VLN,1863006,Valens Semiconductor Ltd.
SITC,894315,SITE Centers Corp.
GCTS,1851961,"GCT Semiconductor Holding, Inc."
ONCH,2054272,1RT Acquisition Corp.
PEBK,1093672,PEOPLES BANCORP OF NORTH CAROLINA INC
IMPP,1876581,Imperial Petroleum Inc./Marshall Islands
UTMD,706698,UTAH MEDICAL PRODUCTS INC
ALOT,8146,"AstroNova, Inc."
CZWI,1367859,Citizens Community Bancorp Inc.
SMTI,714256,Sanara MedTech Inc.
GTE,1273441,GRAN TIERRA ENERGY INC.
FJET,1947016,"Starfighters Space, Inc."
BXSY,1059213,BEXIL INVESTMENT TRUST
EFSI,880641,EAGLE FINANCIAL SERVICES INC
ASUR,884144,ASURE SOFTWARE INC
OPBK,1722010,OP Bancorp
IIF,916618,"MORGAN STANLEY INDIA INVESTMENT FUND, INC."
PMMCF,1930459,Pampa Metals Corp
SABA,828803,Saba Capital Income & Opportunities Fund II
PTAC,2099095,Patriot Acquisition Corp./CI
MAMK,2008007,MaxsMaking Inc.
CAMP,1736730,Camp4 Therapeutics Corp
CDXS,1200375,"CODEXIS, INC."
ICTSF,1010134,ICTS INTERNATIONAL N V
CMTV,718413,COMMUNITY BANCORP /VT
TSNDF,1778129,TerrAscend Corp.
IDAC,2090441,Iron Dome Acquisition I Corp.
TSI,809559,TCW STRATEGIC INCOME FUND INC
QNBC,750558,QNB CORP.
WEWA,1616156,"WEWARDS, INC."
SPOK,1289945,"Spok Holdings, Inc"
ALTG,1759824,ALTA EQUIPMENT GROUP INC.
EVTL,1867102,Vertical Aerospace Ltd.
NBP,1778016,NovaBridge Biosciences
BGIN,1945565,BGIN BLOCKCHAIN Ltd
GSHR,2044635,Gesher Acquisition Corp. II
CRNT,1119769,CERAGON NETWORKS LTD
AIFU,1413855,AIFU Inc.
RNA,2093101,"Atrium Therapeutics, Inc."
EGHA,2052547,EGH Acquisition Corp.
CCAQ,2041047,COLLECTIVE ACQUISITION CORP.
PALO,2101562,PALOMA ACQUISITION CORP I
GLATF,1716410,Global Atomic Corp
GORO,1160791,GOLD RESOURCE CORP
STRS,885508,STRATUS PROPERTIES INC
SPMC,1930147,"Sound Point Meridian Capital, Inc."
SMHI,1690334,SEACOR Marine Holdings Inc.
TGMPF,2025947,Tantalus Systems Holding Inc.
JRVR,1620459,"James River Group Holdings, Inc."
SMNR,1913577,"Semnur Pharmaceuticals, Inc."
PSRHF,1991413,Pulsar Helium Inc.
HAVA,2042460,Harvard Ave Acquisition Corp
VYGR,1640266,"Voyager Therapeutics, Inc."
NKTX,1787400,"Nkarta, Inc."
MDV,1645873,"MODIV INDUSTRIAL, INC."
KISB,803742,KISH BANCORP INC
FOTB,1099668,"FIRST OTTAWA BANCSHARES, INC."
CABO,1632127,"Cable One, Inc."
ANIK,898437,"Anika Therapeutics, Inc."
TDAC,1926599,Translational Development Acquisition Corp.
TETOF,1783432,Tectonic Metals Inc.
VUZI,1463972,Vuzix Corp
CTAA,2094073,Clearthink 1 Acquisition Corp.
FCAP,1070296,FIRST CAPITAL INC
CFBK,1070680,CF BANKSHARES INC.
EVI,65312,"EVI INDUSTRIES, INC."
KRRO,1703647,"Korro Bio, Inc."
SMRT,1837014,"SmartRent, Inc."
IDE,1417802,"Voya Infrastructure, Industrials & Materials Fund"
RICK,935419,"RCI HOSPITALITY HOLDINGS, INC."
NUCL,2089283,Eagle Nuclear Energy Corp.
PPIH,914122,"Perma-Pipe International Holdings, Inc."
SRI,1043337,STONERIDGE INC
SUGRF,1996493,Sucro Ltd
SIDU,1879726,Sidus Space Inc.
ETX,1563696,Eaton Vance Municipal Income 2028 Term Trust
FOCL,1041934,EDAP TMS SA
FF,1337298,FutureFuel Corp.
SGC,95574,"SUPERIOR GROUP OF COMPANIES, INC."
SND,1529628,"Smart Sand, Inc."
CMT,1026655,CORE MOLDING TECHNOLOGIES INC
EGG,1982961,ENIGMATIG LTD
TNXP,1430306,Tonix Pharmaceuticals Holding Corp.
NEN,746514,NEW ENGLAND REALTY ASSOCIATES LIMITED PARTNERSHIP
RXST,1111485,"RxSight, Inc."
FT,833040,FRANKLIN UNIVERSAL TRUST
CPSS,889609,"CONSUMER PORTFOLIO SERVICES, INC."
IMUX,1280776,"IMMUNIC, INC."
VPV,895528,Invesco Pennsylvania Value Municipal Income Trust
PDEX,788920,PRO DEX INC
DMB,1565381,"BNY Mellon Municipal Bond Infrastructure Fund, Inc."
GWRS,1434728,"Global Water Resources, Inc."
NGEN,1751912,NERVGEN PHARMA CORP.
KTWO,2086524,K2 Capital Acquisition Corp
COOK,1857853,"Traeger, Inc."
AIRO,1927958,"AIRO Group Holdings, Inc."
BEBE,2079933,TGE Value Creative Solutions Corp
SAFX,2019793,"XCF Global, Inc."
FIGX,2059033,FIGX Capital Acquisition Corp.
OVBC,894671,OHIO VALLEY BANC CORP
MSLE,1421642,Satellos Bioscience Inc.
BRKH,2098707,Burtech Acquisition Corp II
QTTB,1661998,Q32 Bio Inc.
RCMT,700841,"RCM TECHNOLOGIES, INC."
PNPNF,855950,POWER METALLIC MINES INC.
ETSS,2085932,Energy Transition Special Opportunities
AIIA,2073553,AI Infrastructure Acquisition Corp.
OAKC,1588871,"Oakworth Capital, Inc."
SBMT,2067674,SILVER BOW MINING CORP.
ARCT,1768224,Arcturus Therapeutics Holdings Inc.
SLNH,64463,"Soluna Holdings, Inc"
MWC,2083526,"Micware Co., Ltd."
KRMD,704440,"KORU Medical Systems, Inc."
CURV,1792781,Torrid Holdings Inc.
QSI,1816431,Quantum-Si Inc
AREC,1590715,American Resources Corp
PERF,1899830,Perfect Corp.
BANX,1578987,ArrowMark Financial Corp.
SMDRF,1939801,SIERRA MADRE GOLD & SILVER LTD.
FINW,1856365,Finwise Bancorp
INFU,1337013,"InfuSystem Holdings, Inc"
WRLGF,1733968,West Red Lake Gold Mines Ltd.
INSE,1615063,"Inspired Entertainment, Inc."
NRO,1261166,NEUBERGER REAL ESTATE SECURITIES INCOME FUND INC
HITI,1847409,High Tide Inc.
PLX,1006281,"Protalix BioTherapeutics, Inc."
INTT,1036262,INTEST CORP
OPP,1678130,"RiverNorth/DoubleLine Strategic Opportunity Fund, Inc."
ZPTA,1843714,"Zapata Quantum, Inc."
FORR,1023313,"FORRESTER RESEARCH, INC."
TPVG,1580345,TriplePoint Venture Growth BDC Corp.
TBXXF,1785476,King Copper Discovery Corp.
LFAC,2084563,Leapfrog Acquisition Corp
KLTR,1432133,KALTURA INC
DERM,1867066,Journey Medical Corp
EMBC,1872789,Embecta Corp.
LUCD,1799011,Lucid Diagnostics Inc.
DEFT,1888274,"Defi Technologies, Inc."
RFIL,740664,R F INDUSTRIES LTD
WHWK,1422142,"Whitehawk Therapeutics, Inc."
HUMA,1818382,"Humacyte, Inc."
PAL,1998768,"Proficient Auto Logistics, Inc"
CSBB,880417,"CSB Bancorp, Inc."
STEX,1530766,Streamex Corp.
SEVN,1452477,Seven Hills Realty Trust
RBKB,1751783,"Rhinebeck Bancorp, Inc."
LCUT,874396,"LIFETIME BRANDS, INC"
III,1371489,Information Services Group Inc.
GLDG,1538847,GoldMining Inc.
ABOS,1576885,"Acumen Pharmaceuticals, Inc."
WIA,1254370,WESTERN ASSET INFLATION-LINKED INCOME FUND
GF,858706,NEW GERMANY FUND INC
ACOG,1655923,Alpha Cognition Inc.
GAMG,55234,"Global Asset Management Group, Inc."
EXFY,1476840,"Expensify, Inc."
CBFV,1605301,"CB Financial Services, Inc."
EBMT,1478454,"Eagle Bancorp Montana, Inc."
RLEA,1893657,Rubber Leaf Inc
PHCI,1620749,Panamera Holdings Corp
BMBN,804563,BENCHMARK BANKSHARES INC
EQ,1746466,"Equillium, Inc."
WHG,1165002,WESTWOOD HOLDINGS GROUP INC
APYX,719135,Apyx Medical Corp
MDWD,1593984,MediWound Ltd.
ONEW,1772921,OneWater Marine Inc.
XYF,1725033,X Financial
TNYA,1858848,"Tenaya Therapeutics, Inc."
LARK,1141688,LANDMARK BANCORP INC
QTRX,1503274,Quanterix Corp
OMSE,2012219,OMS Energy Technologies Inc.
CNTN,1861657,"Canton Strategic Holdings, Inc."
ACU,2098,ACME UNITED CORP
STRW,1782430,"Strawberry Fields REIT, Inc."
AOUT,1808997,"American Outdoor Brands, Inc."
LANV,1922097,Lanvin Group Holdings Ltd
BVFL,1302387,"BV Financial, Inc."
MRUWY,2093667,"Maruwa Co., Ltd./ADR"
ATGL,1967621,Alpha Technology Group Ltd
HYDTF,1958389,Hydreight Technologies Inc.
BWIV,2082847,Blue Water Acquisition Corp. IV
EHI,1228509,WESTERN ASSET GLOBAL HIGH INCOME FUND INC.
CRBU,1619856,"Caribou Biosciences, Inc."
ESP,33533,ESPEY MFG & ELECTRONICS CORP
TONX,1566610,TON Strategy Co
THRY,1556739,"Thryv Holdings, Inc."
MRDN,1437925,Meridian Holdings Inc./NV
KVHI,1007587,KVH INDUSTRIES INC \DE\
ECBK,1914605,"ECB Bancorp, Inc. /MD/"
CRBP,1595097,"Corbus Pharmaceuticals Holdings, Inc."
LQMT,1141240,LIQUIDMETAL TECHNOLOGIES INC
BSET,10329,BASSETT FURNITURE INDUSTRIES INC
HWAIF,1999124,Healwell AI Inc.
EGAN,1066194,EGAIN Corp
UTGN,832480,UTG INC
HGLB,1622148,HIGHLAND GLOBAL ALLOCATION FUND
INHD,1961847,INNO HOLDINGS INC.
FGFH,786298,FORESIGHT FINANCIAL GROUP INC
EDF,1501103,Virtus Stone Harbor Emerging Markets Income Fund
LEE,58361,"LEE ENTERPRISES, Inc"
BCBP,1228454,BCB BANCORP INC
ARCL,2073515,ARC Group Acquisition I Corp.
TAYD,96536,"TAYLOR DEVICES, INC."
LFCR,1005286,"LIFECORE BIOMEDICAL, INC. \DE\"
FLC,1245648,FLAHERTY & CRUMRINE TOTAL RETURN FUND INC
CPKF,847538,CHESAPEAKE FINANCIAL SHARES INC
ALEC,1653087,"Alector, Inc."
DPRO,1786286,Draganfly Inc.
NRXP,1719406,"NRX Pharmaceuticals, Inc."
PAAC,2087446,Proem Acquisition Corp. I
BZAI,1871638,"Blaize Holdings, Inc."
CHEC,2047177,Chenghe Acquisition III Co.
INGN,1294133,Inogen Inc
GGT,921671,GABELLI MULTIMEDIA TRUST INC.
OZ,1807046,"Belpointe PREP, LLC"
OWLT,1816708,"Owlet, Inc."
LENZ,1815776,"LENZ Therapeutics, Inc."
BRCB,2068577,"Black Rock Coffee Bar, Inc."
FTHA,2097986,Forefront Tech Holdings Acquisition Corp
ECF,793040,ELLSWORTH GROWTH & INCOME FUND LTD
NRDY,1819404,Nerdy Inc.
DHF,1057861,BNY MELLON HIGH YIELD STRATEGIES FUND
DHX,1393883,"DHI GROUP, INC."
NUTR,2006468,NUSATRIP Inc
DOUG,1878897,Douglas Elliman Inc.
RVLGF,1616885,Revival Gold Inc.
KGEI,1477081,Kolibri Global Energy Inc.
PONO,2108164,"Pono Capital Four, Inc."
TSKFF,1803800,Talisker Resources Ltd.
NXPGY,1455632,Mobico Group PLC/ADR
LAWR,2007599,"Robot Consulting Co., Ltd."
NYXH,1857190,Nyxoah SA
MPV,831655,BARINGS PARTICIPATION INVESTORS
HUHU,1945415,HUHUTECH International Group Inc.
MNSB,1693577,"MainStreet Bancshares, Inc."
CVGI,1290900,"Commercial Vehicle Group, Inc."
VBF,5094,Invesco Bond Fund
TORO,1941131,TORO CORP.
HQI,1140102,"HireQuest, Inc."
BSL,1486298,Blackstone Senior Floating Rate 2027 Term Fund
SY,1758530,So-Young International Inc.
TAVI,2020385,Tavia Acquisition Corp.
SKYX,1598981,SKYX Platforms Corp.
HNVR,1828588,"Hanover Bancorp, Inc. /MD"
OKUR,1637715,"OnKure Therapeutics, Inc."
PCQ,1140411,PIMCO CALIFORNIA MUNICIPAL INCOME FUND
ORMP,1176309,ORAMED PHARMACEUTICALS INC.
PLG,1095052,PLATINUM GROUP METALS LTD
ZONE,1956741,"CleanCore Solutions, Inc."
ACB,1683541,AURORA CANNABIS INC
HCAT,1636422,"Health Catalyst, Inc."
NIU,1744781,Niu Technologies
IPHA,1598599,Innate Pharma SA
AMPG,1518461,"AmpliTech Group, Inc."
EARN,1560672,Ellington Credit Co
VTN,883265,Invesco Trust for Investment Grade New York Municipals
MENS,1954488,Jyong Biotech Ltd.
RENEF,1889112,Cartesian Growth Corp II
BZUN,1625414,Baozun Inc.
NLOP,1952976,Net Lease Office Properties
DIBS,1600641,"1stdibs.com, Inc."
PEPG,1835597,PepGen Inc.
CBUS,1705843,"Cibus, Inc."
RGP,1084765,"RESOURCES CONNECTION, INC."
NNY,818850,NUVEEN NEW YORK MUNICIPAL VALUE FUND
NMP,2054876,NMP Acquisition Corp.
ANTX,1880438,"AN2 Therapeutics, Inc."
FGBI,1408534,"First Guaranty Bancshares, Inc."
STXS,1289340,"Stereotaxis, Inc."
AMPY,1533924,Amplify Energy Corp.
KORE,1855457,"KORE Group Holdings, Inc."
PYXS,1782223,"Pyxis Oncology, Inc."
MINE,1823255,MAYFAIR GOLD CORP.
SBFG,767405,"SB FINANCIAL GROUP, INC."
HOFT,1077688,HOOKER FURNISHINGS Corp
TRAK,50471,"ReposiTrak, Inc."
ENBP,1437479,ENB Financial Corp
NAZ,892992,NUVEEN ARIZONA QUALITY MUNICIPAL INCOME FUND
EMIS,2075816,Emmis Acquisition Corp.
HTLM,2023153,HomesToLife Ltd
WENC,2104260,West Enclave Merger Corp.
SAGU,2083452,Shreya Acquisition Group
QRED,2085177,QuasarEdge Acquisition Corp
EMYB,1449794,"Embassy Bancorp, Inc."
CTW,2047148,CTW Cayman
TLSA,1723069,Tiziana Life Sciences Ltd
IMDX,1642380,Insight Molecular Diagnostics Inc.
LKSP,2043508,Lake Superior Acquisition Corp
MIST,1408443,Milestone Pharmaceuticals Inc.
ZHJD,1794276,Intelligent Hotel Group Ltd.
GLQ,1316463,Clough Global Equity Fund
GLED,2091484,GalaxyEdge Acquisition Corp
CNTB,1835268,Connect Biopharma Holdings Ltd
LAFA,2079106,LaFayette Acquisition Corp.
OXSQ,1259429,Oxford Square Capital Corp.
ADCT,1771910,ADC Therapeutics SA
CUE,1645460,"Cue Biopharma, Inc."
AP,6176,AMPCO PITTSBURGH CORP
BHLL,1407583,Bunker Hill Mining Corp.
CURI,1776909,CuriosityStream Inc.
EAF,931148,GRAFTECH INTERNATIONAL LTD
FLX,1858724,BingEx Ltd
EPSN,1726126,Epsilon Energy Ltd.
SPEG,2028735,Silver Pegasus Acquisition Corp.
MHF,830487,WESTERN ASSET MUNICIPAL HIGH INCOME FUND INC.
CHCI,1299969,"Comstock Holding Companies, Inc."
FLYX,1843973,FLYEXCLUSIVE INC.
FMAC,2099232,Future Money Acquisition Corp
ONL,1873923,Orion Properties Inc.
FREVS,36840,"FIRST REAL ESTATE INVESTMENT TRUST OF NEW JERSEY, INC."
SMID,924719,SMITH MIDLAND CORP
WPAC,2081536,White Pearl Acquisition Corp.
AIB,2070542,AIB Data Centers Inc.
BMN,1832871,BlackRock 2037 Municipal Target Term Trust
SLBK,1657642,"Skyline Bankshares, Inc."
VIVO,1681348,VivoPower PLC
HURA,1498382,"TuHURA Biosciences, Inc./NV"
DOMO,1505952,"DOMO, INC."
SHIM,1887944,Shimmick Corp
PED,1141197,PEDEVCO CORP
BMHL,2027815,Bluemount Holdings Ltd
VENU,1770501,Venu Holding Corp
GLAI,1473490,"Global AI, Inc."
ARMP,921114,"Armata Pharmaceuticals, Inc."
TYGO,1855447,"TIGO ENERGY, INC."
EML,31107,EASTERN CO
TYFG,1725262,"Tri-County Financial Group, Inc."
PIM,830622,PUTNAM MASTER INTERMEDIATE INCOME TRUST
BHR,1574085,Braemar Hotels & Resorts Inc.
FNWD,919864,Finward Bancorp
DLTH,1649744,DULUTH HOLDINGS INC.
NINE,1532286,"Nine Energy Service, Inc."
CHPT,1777393,"ChargePoint Holdings, Inc."
YDES,2011674,YD Bio Ltd
CEPS,2089536,"Cantor Equity Partners VI, Inc."
WW,105319,"WW INTERNATIONAL, INC."
AMWL,1393584,American Well Corp
GARLF,1725569,Roxmore Resources Inc.
GRAF,1897463,Graf Global Corp.
JFIN,1743102,Jiayin Group Inc.
INAC,2063816,Indigo Acquisition Corp.
IGA,1332943,Voya Global Advantage & Premium Opportunity Fund
DMRC,2119322,Digimarc Corp
EXOD,1821534,"Exodus Movement, Inc."
MOLN,1745114,MOLECULAR PARTNERS AG
YCY,2075336,AA Mission Acquisition Corp. II
SMJF,2070954,SMJ International Holdings Inc.
KULR,1662684,"KULR Technology Group, Inc."
AXREF,1175596,AMARC RESOURCES LTD
MX,1325702,MAGNACHIP SEMICONDUCTOR Corp
STLRF,1979408,STLLR Gold Inc.
KZIA,1075880,KAZIA THERAPEUTICS LTD
PFD,868578,FLAHERTY & CRUMRINE PREFERRED & INCOME FUND INC
LGCY,1836754,Legacy Education Inc.
WTF,1987363,Waton Financial Ltd
SRG,1628063,Seritage Growth Properties
HURC,315374,HURCO COMPANIES INC
MSD,904112,MORGAN STANLEY EMERGING MARKETS DEBT FUND INC
MPA,891038,BLACKROCK MUNIYIELD PENNSYLVANIA QUALITY FUND
APUR,2093524,Aperture AC
ALPX,2125551,Alpex Acquisition Corp
TRAD,2085485,APEX Tech Acquisition Inc.
WPGCF,1404353,West Point Gold Corp.
BHAV,2097288,BHAV Acquisition Corp
EVG,1287498,Eaton Vance Short Duration Diversified Income Fund
UNCY,1766140,"Unicycive Therapeutics, Inc."
MYX,2080087,Maywood Acquisition Corp. 2
GRX,1391437,Gabelli Healthcare & WellnessRx Trust
VLTLF,1872061,Volt Lithium Corp.
XFLH,2088103,XFLH Capital Corp
SPE,897802,"SPECIAL OPPORTUNITIES FUND, INC."
DAVA,1656081,Endava plc
EMPG,2005569,Empro Group Inc.
AGMRF,2022059,"Silver Mountain Resources, Inc."
INSG,1022652,INSEEGO CORP.
MXCT,1287098,"MAXCYTE, INC."
PLUN,2065661,Plutonian Acquisition Corp. II
UTKN,1919182,Universal Token
LVWR,1898795,"LiveWire Group, Inc."
SRBK,1951276,"SR Bancorp, Inc."
BEOB,1480170,BEO BANCORP
OCC,1000230,OPTICAL CABLE CORP
INVZ,1835654,Innoviz Technologies Ltd.
CVRX,1235912,"CVRx, Inc."
SRGXF,1644540,Surge Copper Corp
PNBK,1098146,PATRIOT NATIONAL BANCORP INC
BCV,9521,BANCROFT FUND LTD
WRAP,1702924,"WRAP TECHNOLOGIES, INC."
BRCC,1891101,BRC Inc.
HEQ,1496749,John Hancock Diversified Income Fund
SIF,90168,SIFCO INDUSTRIES INC
SPRB,1683553,"SPRUCE BIOSCIENCES, INC."
ACNT,95953,ASCENT INDUSTRIES CO.
CEE,860489,"CENTRAL & EASTERN EUROPE FUND, INC."
RFAM,2091712,RF Acquisition Corp III
SLQT,1794783,"SelectQuote, Inc."
AFBI,1823406,"Affinity Bancshares, Inc."
UAC,2098669,United Acquisition Corp. I
WHF,1552198,"WhiteHorse Finance, Inc."
AARD,1774857,"Aardvark Therapeutics, Inc."
BGX,1504234,Blackstone Long-Short Credit Income Fund
DOYU,1762417,DouYu International Holdings Ltd
GRO,1472326,Brazil Potash Corp.
NPWR,1845437,NET Power Inc.
JXG,1546383,JX Luxventure Group Inc.
CAST,1633369,"FreeCast, Inc."
AGEN,1098972,AGENUS INC
GNT,1438893,"GAMCO Natural Resources, Gold & Income Trust"
SCPQ,2083143,Social Commerce Partners Corp
VATE,1006837,INNOVATE Corp.
FMBM,740806,F&M BANK CORP
HYI,1497186,Western Asset High Yield Opportunity Fund Inc.
TUSK,1679268,"MAMMOTH ENERGY SERVICES, INC."
BGM,1779578,BGM Group Ltd.
FIRY,1801661,Firy Inc.
HDRN,2023730,"Hadron Energy, Inc."
PLBY,1803914,"Playboy, Inc."
CIK,810766,"CREDIT SUISSE ASSET MANAGEMENT INCOME FUND, INC."
WBX,1866501,Wallbox N.V.
ELME,104894,Elme Communities
OGI,1620737,ORGANIGRAM GLOBAL INC.
MVIS,65770,"MICROVISION, INC."
SANG,1753368,Sangoma Technologies Corp
GNLX,1231457,GENELUX Corp
BRR,2076163,"ProCap Financial, Inc."
SSVFF,1397616,SOUTHERN SILVER EXPLORATION CORP
AXR,6207,AMREP CORP.
LSBK,2059653,"Lake Shore Bancorp, Inc. /MD/"
AGXPF,1482436,SILVER X MINING CORP.
IHD,1496292,Voya Emerging Markets High Dividend Equity Fund
BWG,1504545,BrandywineGLOBAL-Global Income Opportunities Fund Inc
AURFF,1864597,Tincorp Metals Inc.
VNJA,1532383,VANJIA CORP
WRIV,1328409,WHITE RIVER BANCSHARES CO
GCUMF,1514860,Gunnison Copper Corp.
DLNG,1578453,Dynagas LNG Partners LP
AMBR,1697818,Amber International Holding Ltd
CAAS,2037400,"China Automotive Systems, Inc."
ANNA,1845123,"AleAnna, Inc."
GPRO,1500435,"GoPro, Inc."
CGO,1285650,CALAMOS GLOBAL TOTAL RETURN FUND
SJT,319655,SAN JUAN BASIN ROYALTY TRUST
KTGDF,1583962,K2 Gold Corp
BOOM,34067,DMC Global Inc.
VECA,2081690,Vernal Capital Acquisition Corp.
SDHC,1982518,Smith Douglas Homes Corp.
HYSR,1481028,"SUNHYDROGEN, INC."
VXRT,72444,"Vaxart, Inc."
NMI,830271,NUVEEN MUNICIPAL INCOME FUND INC
RRGB,1171759,RED ROBIN GOURMET BURGERS INC
ALDX,1341235,"Aldeyra Therapeutics, Inc."
EPM,1006655,EVOLUTION PETROLEUM CORP
WYY,1034760,WIDEPOINT CORP
NMT,897419,NUVEEN MASSACHUSETTS QUALITY MUNICIPAL INCOME FUND
BUDA,2079720,"BUDA JUICE, INC."
YOOV,2001794,Concorde International Group Ltd.
CLAR,913277,Clarus Corp
CCNB,1437213,"Coastal Carolina Bancshares, Inc."
FTCO,1828377,Fortitude Gold Corp
VTVT,1641489,vTv Therapeutics Inc.
RCEL,1762303,"AVITA Medical, Inc."
JHS,759866,JOHN HANCOCK INCOME SECURITIES TRUST
JYNT,1612630,JOINT Corp
GHI,1059142,Greystone Housing Impact Investors LP
NEOV,1748137,NeoVolta Inc.
RMMZ,1870833,"RiverNorth Managed Duration Municipal Income Fund II, Inc."
GUTS,1572616,"FRACTYL HEALTH, INC."
VFL,895574,abrdn National Municipal Income Fund
STIM,1227636,"Neuronetics, Inc."
ENGN,1980845,enGene Therapeutics Inc.
WEA,1163792,WESTERN ASSET PREMIER BOND FUND
TGEN,1537435,TECOGEN INC.
FXAC,2121703,FortuneX Acquisition Corp
ACR,1332551,ACRES Commercial Realty Corp.
IPEX,2028355,Inflection Point Acquisition Corp. V
MBOT,883975,Microbot Medical Inc.
PMN,1374339,ProMIS Neurosciences Inc.
ZVIA,1854139,Zevia PBC
TCX,909494,TUCOWS INC /PA/
CLPR,1649096,Clipper Realty Inc.
RYDE,1971115,Ryde Group Ltd
USBC,1074828,"USBC, Inc."
GGZ,1585855,Gabelli Global Small & Mid Cap Value Trust
COYA,1835022,"Coya Therapeutics, Inc."
PODC,1940177,"PodcastOne, Inc."
TSQ,1499832,"Townsquare Media, Inc."
PHD,1305767,"Pioneer Floating Rate Fund, Inc."
HYNE,2073153,"Hoyne Bancorp, Inc."
AKA,1865107,A.K.A. BRANDS HOLDING CORP.
ELRE,1438461,Yinfu Gold Corp.
SPRO,1701108,"Spero Therapeutics, Inc."
VANI,1266806,"Vivani Medical, Inc."
TLYS,1524025,"TILLY'S, INC."
NICM,1526475,NICOLA MINING INC.
DMO,1478102,Western Asset Mortgage Opportunity Fund Inc.
PFO,882071,Flaherty & Crumrine PREFERRED & INCOME OPPORTUNITY FUND INC
QSEA,2047455,Quartzsea Acquisition Corp
SEER,1726445,"Seer, Inc."
APGOF,1811931,Apollo Silver Corp
IAF,779336,"ABRDN AUSTRALIA EQUITY FUND, INC."
SKIN,1818093,SkinHealth Systems Inc.
FPRGF,1555980,Falco Resources Ltd.
MED,910329,MEDIFAST INC
BZFD,1828972,"BuzzFeed, Inc."
BNC,1482541,CEA Industries Inc.
NCSM,1692427,"NCS Multistage Holdings, Inc."
OPRX,1448431,OptimizeRx Corp
SPAUF,1337090,SPANISH MOUNTAIN GOLD LTD.
LBCMF,1580110,Copper Giant Resources Corp.
PLYX,2075320,"Polaryx Therapeutics, Inc."
FKYS,737875,FIRST KEYSTONE CORP
BRLT,1866757,"Brilliant Earth Group, Inc."
HCHL,2046656,Happy City Holdings Ltd
GHG,1724755,GreenTree Hospitality Group Ltd.
MCN,1289868,XAI Madison Equity Premium Income Fund
PGAC,2030829,PANTAGES CAPITAL ACQUISITION Corp
ANTA,2044255,Antalpha Platform Holding Co
ZENA,1997403,"ZenaTech, Inc."
GRUSF,1463000,Grown Rogue International Inc.
ZJK,1941506,"ZJK Industrial Co., Ltd."
NIM,890119,NUVEEN SELECT MATURITIES MUNICIPAL FUND
WSBK,2047235,"Winchester Bancorp, Inc./MD/"
DRTTF,1340476,DIRTT ENVIRONMENTAL SOLUTIONS LTD
VWAV,2038439,"VisionWave Holdings, Inc."
RFL,1713863,"Rafael Holdings, Inc."
KBLB,1413119,"Kraig Biocraft Laboratories, Inc."
BSBK,1787414,Bogota Financial Corp.
UNIB,811211,UNIVERSITY BANCORP INC /DE/
JHI,759828,JOHN HANCOCK INVESTORS TRUST
UMEW,1114936,UMeWorld Inc.
NVX,1859795,NOVONIX Ltd
GLU,1282957,GABELLI GLOBAL UTILITY & INCOME TRUST
TNYZF,1836775,Tiny Ltd.
NTHI,1979414,"NEONC TECHNOLOGIES HOLDINGS, INC."
PAI,75398,Western Asset Investment Grade Income Fund Inc.
BOTJ,1275101,BANK OF THE JAMES FINANCIAL GROUP INC
CHAR,2024459,Charlton Aria Acquisition Corp
AMCI,1937891,AMC Robotics Corp
CRDL,1702123,Cardiol Therapeutics Inc.
BSAI,1416090,BLUSKY AI INC.
VRA,1495320,"Vera Bradley, Inc."
RACC,2118032,Research Alliance Corp III
AMTX,738214,"AEMETIS, INC"
BNR,1792267,Burning Rock Biotech Ltd
MRT,1852767,"Marti Technologies, Inc."
UNB,706863,UNION BANKSHARES INC
SNNGF,1384831,PPX Mining Corp.
MGYR,1337068,"Magyar Bancorp, Inc."
SCOR,1158172,"COMSCORE, INC."
SSTI,1351636,"SOUNDTHINKING, INC."
RENT,1468327,"Rent the Runway, Inc."
QUMS,2070900,Quantumsphere Acquisition Corp
ENLV,1596812,Enlivex Ltd.
MNTS,1781162,Momentus Inc.
PCSC,2017526,Perceptive Capital Solutions Corp
TZOO,1133311,TRAVELZOO
CFSU,1621888,Complete Financial Solutions Inc.
VMXXF,1594856,VALHALLA METALS INC.
CODA,1334325,"Coda Octopus Group, Inc."
RPT,1614806,Rithm Property Trust Inc.
SPWR,1838987,SunPower Inc.
RNGE,1438943,"RANGE IMPACT, INC."
SBI,882300,WESTERN ASSET INTERMEDIATE MUNI FUND INC.
YDDL,2034723,One & one Green Technologies. INC
BAER,1941536,"Bridger Aerospace Group Holdings, Inc."
YRD,1631761,Yiren Digital Ltd.
FLNT,1460329,"Fluent, Inc."
FBIO,1429260,"Fortress Biotech, Inc."
EMPD,1829794,Empery Digital Inc.
VRCA,1660334,Verrica Pharmaceuticals Inc.
SCTSF,1790538,Scottie Resources Corp.
LGCXF,1921582,Lahontan Gold Corp.
LAKE,798081,LAKELAND INDUSTRIES INC
STHO,1953366,Star Holdings
SUNS,2012706,"Sunrise Realty Trust, Inc."
HYPR,1833769,"Hyperfine, Inc."
JELD,1674335,"JELD-WEN Holding, Inc."
BDTX,1701541,"Black Diamond Therapeutics, Inc."
PROV,1010470,PROVIDENT FINANCIAL HOLDINGS INC
VERI,1615165,"Veritone, Inc."
USGO,1947244,U.S. GoldMining Inc.
RVSB,1041368,RIVERVIEW BANCORP INC
UFI,100726,UNIFI INC
ERH,1279014,ALLSPRING UTILITIES & HIGH INCOME FUND
XGN,1274737,EXAGEN INC.
NFE,1749723,New Fortress Energy Inc.
HOVR,1930021,New Horizon Aircraft Ltd.
NMAD,1335105,"NOMAD POWER SOLUTIONS, INC."
TRT,732026,TRIO-TECH INTERNATIONAL
LPA,1997711,Logistic Properties of the Americas
EP,887396,EMPIRE PETROLEUM CORP
KLRS,1754068,"Kalaris Therapeutics, Inc."
SPKL,1884046,Spark I Acquisition Corp
KEQU,55529,KEWAUNEE SCIENTIFIC CORP /DE/
BWEN,1120370,"BROADWIND, INC."
SRFM,1936224,SURF AIR MOBILITY INC.
LUD,1984124,Luda Technology Group Ltd
ONCY,1129928,ONCOLYTICS BIOTECH INC
ANIX,715446,Anixa Biosciences Inc
FTZFF,1819258,Fitzroy Minerals Inc.
CHPG,2024460,ChampionsGate Acquisition Corp
FTLF,1374328,"FITLIFE BRANDS, INC."
HERE,1932770,Here Group Ltd
TTEC,1013880,"TTEC Holdings, Inc."
XTRAF,1684505,Xtract One Technologies Inc.
KGFMF,1853889,Kingfisher Metals Corp.
LMRXF,1001500,LARAMIDE RESOURCES LTD
SFBC,1541119,"Sound Financial Bancorp, Inc."
BHM,1903382,"Bluerock Homes Trust, Inc."
FURY,1514597,FURY GOLD MINES LTD
PCF,810943,HIGH INCOME SECURITIES FUND
CSTAF,1834032,Constellation Acquisition Corp I
PGP,1318025,PIMCO Global StocksPLUS & Income Fund
HSDT,1610853,Solana Co
RVRC,1839140,Revium Rx.
NWPP,1163389,NEW PEOPLES BANKSHARES INC
COE,1659494,51Talk Online Education Group
WATT,1575793,Energous Corp
QSEP,1103795,"QS Energy, Inc."
FGMC,1906364,FG Merger II Corp.
ATHE,1131343,ALTERITY THERAPEUTICS LTD
SUIG,1425355,SUI Group Holdings Ltd.
NOEM,1956648,CO2 Energy Transition Corp.
FNWB,1556727,First Northwest Bancorp
HFUS,1482554,"Hartford Creative Group, Inc."
PBHC,1609065,"Pathfinder Bancorp, Inc."
PYPD,1611842,PolyPid Ltd.
PZG,1629210,Paramount Gold Nevada Corp.
VIRC,751365,VIRCO MFG CORPORATION
CHGG,1364954,"CHEGG, INC"
RPID,1380106,"RAPID MICRO BIOSYSTEMS, INC."
ICCC,811641,IMMUCELL CORP /DE/
RMI,1746967,"RiverNorth Opportunistic Municipal Income Fund, Inc."
ARQ,1515156,"Arq, Inc."
VII,2139246,Viking Acquisition Corp. II
ULBI,875657,ULTRALIFE CORP
ATLX,1540684,Atlas Lithium Corp
RDZN,1868640,Roadzen Inc.
PFBX,770460,PEOPLES FINANCIAL CORP /MS/
SNWV,1417663,"SANUWAVE Health, Inc."
GEOS,1001115,GEOSPACE TECHNOLOGIES CORP
BNAI,1838163,Brand Engagement Network Inc.
SXTC,1723980,"China SXT Pharmaceuticals, Inc."
AMAN,2112457,Amanat Acquisition Corp.
FLZH,1706524,"Flash Sports & Media Holdings, Inc."
ROC,2077709,Rank One Computing Corp
CCLD,1582982,"CareCloud, Inc."
VTIX,1606242,Virtuix Holdings Inc.
GGOXF,877019,Galleon Gold Corp.
TGLO,1066684,THEGLOBE COM INC
CGTX,1455365,COGNITION THERAPEUTICS INC
INO,1055726,"INOVIO PHARMACEUTICALS, INC."
RGT,1514490,"ROYCE GLOBAL TRUST, INC."
PARK,2069604,"Park Dental Partners, Inc."
IGI,1462586,Western Asset Investment Grade Opportunity Trust Inc.
MYPS,1823878,"PLAYSTUDIOS, Inc."
FLL,891482,FULL HOUSE RESORTS INC
CMCM,1597835,Cheetah Mobile Inc.
RANI,1856725,"Rani Therapeutics Holdings, Inc."
JLS,1472215,Nuveen Mortgage & Income Fund/MA/
REKR,1697851,"Rekor Systems, Inc."
NOBH,72205,NOBILITY HOMES INC
VHUB,1972234,"VenHub Global, Inc."
BMEA,1840439,"Biomea Fusion, Inc."
IAE,1385632,Voya Asia Pacific High Dividend Equity Income Fund
GCV,845611,GABELLI CONVERTIBLE & INCOME SECURITIES FUND INC
SDA,1936804,SunCar Technology Group Inc.
JUSHF,1909747,Jushi Holdings Inc.
BCRD,1496690,"BlueOne Technologies, Inc."
CBKM,1006830,CONSUMERS BANCORP INC /OH/
LCCC,2049248,Lakeshore Acquisition III Corp.
PTHS,1919246,Pelthos Therapeutics Inc.
RSKIA,84112,"GEORGE RISK INDUSTRIES, INC."
MHH,1437226,"Mastech Digital, Inc."
AUBN,750574,"AUBURN NATIONAL BANCORPORATION, INC"
MGF,811922,MFS GOVERNMENT MARKETS INCOME TRUST
FUSB,717806,"FIRST US BANCSHARES, INC."
VRDR,1506929,"VERDE RESOURCES, INC."
DFDV,1805526,DeFi Development Corp.
JATT,2112446,JATT II Acquisition Corp.
HFFG,1680873,HF Foods Group Inc.
BYNO,1801417,byNordic Acquisition Corp
RPMT,1437283,"REGO PAYMENT ARCHITECTURES, INC."
ALPS,2025774,Alps Group Inc
BYFC,1001171,BROADWAY FINANCIAL CORP \DE\
GDL,1378701,GDL FUND
RFAI,2012807,RF Acquisition Corp II
GOAI,1983736,Eva Live Inc
RLYB,1739410,Rallybio Corp
CPSH,814676,CPS TECHNOLOGIES CORP/DE/
ELTX,1601485,"Elicio Therapeutics, Inc."
UBCP,731653,UNITED BANCORP INC /OH/
NUVR,71557,"Nuvera Communications, Inc."
TOP,1848275,TOP Financial Group Ltd
CWBHF,1750155,"Charlotte's Web Holdings, Inc."
CANG,1725123,Cango Inc.
RFM,1790177,"RiverNorth Flexible Municipal Income Fund, Inc."
ENGS,1971828,Energys Group Ltd
NZAUF,1925511,Rua Gold Inc.
BCIC,1372807,BCP Investment Corp
FDSB,2012726,"Fifth District Bancorp, Inc."
GLND,2093507,Greenland Energy Co
EVF,1070732,Eaton Vance Senior Income Trust
LONA,1620463,"LeonaBio, Inc."
GRWG,1604868,GrowGeneration Corp.
BDCTF,1576159,BuildDirect.com Technologies Inc.
INTG,69422,INTERGROUP CORP
CRDF,1213037,"Cardiff Oncology, Inc."
BYRN,1354866,Byrna Technologies Inc.
ORRCF,1390352,OROCO RESOURCE CORP
MCAH,2109876,Mountain Crest Acquisition 6 Corp.
SIMA,2014982,SIM Acquisition Corp. I
FVN,2010653,Future Vision II Acquisition Corp.
MMTX,2077033,Miluna Acquisition Corp
AMTD,1769731,AMTD IDEA GROUP
ORIQ,2044523,Origin Investment Corp I
NRXS,1933567,"Neuraxis, INC"
AEYE,1362190,AUDIOEYE INC
FMN,1199004,Federated Hermes Premier Municipal Income Fund
CPIX,1087294,CUMBERLAND PHARMACEUTICALS INC
ARBE,1861841,Arbe Robotics Ltd.
AAWH,1756390,"Ascend Wellness Holdings, Inc."
ATRA,1604464,"Atara Biotherapeutics, Inc."
OPXS,1397016,Optex Systems Holdings Inc
SOTK,806172,SONO TEK CORP
MAIA,1878313,"MAIA Biotechnology, Inc."
ISPR,1948455,Ispire Technology Inc.
DH,1861795,Definitive Healthcare Corp.
OKYO,1849296,OKYO Pharma Ltd
PEW,2051380,GrabAGun Digital Holdings Inc.
KSBI,912764,KS BANCORP INC
PECE,2088626,Peace Acquisition Corp.
BSAA,2051587,BEST SPAC I Acquisition Corp.
CWGL,1562151,"Crimson Wine Group, Ltd"
EDVR,1917599,Endeavor Bancorp
QTEX,1837493,QTREX Quantum Ltd.
LCGMF,1339688,LION COPPER & GOLD CORP.
PEVM,1879848,PHOENIX MOTOR INC.
TEAD,1454938,Teads Holding Co.
MMLP,1176334,MARTIN MIDSTREAM PARTNERS L.P.
CHMI,1571776,Cherry Hill Mortgage Investment Corp
ALIS,2026767,Calisa Acquisition Corp
CSPI,356037,CSP INC /MA/
CRCUF,868822,Canagold Resources Ltd.
VGI,1528811,Virtus Global Multi-Sector Income Fund
TELO,1971532,"Telomir Pharmaceuticals, Inc."
FTCI,1828161,"FTC Solar, Inc."
NAMM,2026514,Namib Minerals
BLNK,1429764,Blink Charging Co.
HLP,1855557,Hongli Group Inc.
AGPU,1446159,Axe Compute Inc.
ZOMDF,1684144,Zomedica Corp.
MGTE,1965052,Marblegate Capital Corp
CPBI,1979332,"Central Plains Bancshares, Inc."
ZKIN,1687451,"ZK International Group Co., Ltd."
RNTX,1420565,"Rein Therapeutics, Inc."
PFX,1490349,PhenixFIN Corp
CSTE,1504379,Caesarstone Ltd.
PLMJF,1845550,Plum Acquisition Corp. III
BARK,1819574,"Bark, Inc."
ACRV,1781174,"Acrivon Therapeutics, Inc."
BODI,1826889,"Beachbody Company, Inc."
CSBR,771856,"CHAMPIONS ONCOLOGY, INC."
ACET,1720580,"Adicet Bio, Inc."
GOSS,1728117,"Gossamer Bio, Inc."
IDN,1040896,"Intellicheck, Inc."
MDIA,1784254,Mediaco Holding Inc.
UYSC,2036973,UY Scuti Acquisition Corp.
GNSS,924383,Genasys Inc.
APAC,2043630,StoneBridge Acquisition II Corp
BTMD,1819253,biote Corp.
PUSA,2009312,Aureus Greenway Holdings Inc
CPHC,1672909,Canterbury Park Holding Corp
SAMG,1549966,Silvercrest Asset Management Group Inc.
OM,1484612,"Outset Medical, Inc."
NEXM,795800,NexMetals Mining Corp.
WSTN,2076192,Westin Acquisition Corp
ASPS,1462418,ALTISOURCE PORTFOLIO SOLUTIONS S.A.
DTF,879535,DTF TAX-FREE INCOME 2028 TERM FUND INC
ENTX,1638097,Entera Bio Ltd.
UWHR,898171,UWHARRIE CAPITAL CORP
GLV,1288795,Clough Global Dividend & Income Fund
GGAZF,1515964,Goldgroup Mining Inc.
MAYS,54187,MAYS J W INC
CLNN,1822791,Clene Inc.
GDO,1472341,WESTERN ASSET GLOBAL CORPORATE OPPORTUNITY FUND INC.
HNNA,1145255,HENNESSY ADVISORS INC
KG,2055116,Kestrel Group Ltd
STLE,779227,STEELE BANCORP INC
VNCE,1579157,VINCE HOLDING CORP.
BDL,12040,FLANIGANS ENTERPRISES INC
AASP,930245,Agassi Sports Entertainment Corp.
WKEY,1738699,Wisekey International Holding S.A.
NTIC,875582,NORTHERN TECHNOLOGIES INTERNATIONAL CORP
REDW,942895,REDWOOD FINANCIAL INC /MN/
FSEA,1943802,"First Seacoast Bancorp, Inc."
ANVS,1477845,"Annovis Bio, Inc."
XTGRF,1288770,XTRA-GOLD RESOURCES CORP
PNI,1170311,PIMCO NEW YORK MUNICIPAL INCOME FUND II
TUNGF,2049560,American Tungsten Corp.
PYYX,939930,"PYXUS INTERNATIONAL, INC."
HRTX,818033,"HERON THERAPEUTICS, INC. /DE/"
DTCX,1853825,"Datacentrex, Inc."
GGR,1886190,Gogoro Inc.
SIREF,1577783,Sirios Resources Inc.
JUVF,714712,JUNIATA VALLEY FINANCIAL CORP
OCCI,1716951,"OFS Credit Company, Inc."
SSEA,2059165,STARRY SEA ACQUISITION CORP
NMS,1607997,Nuveen Minnesota Quality Municipal Income Fund
SPAI,2011208,Safe Pro Group Inc.
SEAT,1856031,Vivid Seats Inc.
EAXR,832370,"Ealixir, Inc."
LFVN,849146,Lifevantage Corp
ISRLF,1915328,Israel Acquisitions Corp
AISP,1842566,"Airship AI Holdings, Inc."
NXTT,1784970,Next Technology Holding Inc.
VMCAF,1892747,Valuence Merger Corp. I
SERA,1534969,"SERA PROGNOSTICS, INC."
ZEPP,1720446,Zepp Health Corp
FRMM,1690080,FORUM MARKETS Inc
RSSS,1386301,"Research Solutions, Inc."
SWZ,813623,Total Return Securities Fund
AVD,5981,AMERICAN VANGUARD CORP
NNOX,1795251,Nano-X Imaging Ltd.
SRL,16859,Scully Royalty Ltd.
AEC,1519469,ANFIELD ENERGY INC.
GANX,1819411,"Gain Therapeutics, Inc."
MCHX,1224133,MARCHEX INC
LSE,1985139,"Leishen Energy Holding Co., Ltd."
AIRG,1272842,AIRGAIN INC
TISI,318833,TEAM INC
WTG,2053927,Wintergreen Acquisition Corp.
CYPH,1509745,CYPHERPUNK TECHNOLOGIES INC.
DTI,1884516,Drilling Tools International Corp
FSI,1069394,FLEXIBLE SOLUTIONS INTERNATIONAL INC
AUC,1755058,ATIF Holdings Ltd
SOWG,1490161,Sow Good Inc.
AIRT,353184,AIR T INC
PROP,1162896,Prairie Operating Co.
RTGN,1836295,RetinalGenix Technologies Inc.
NBRG,1918414,Newbridge Acquisition Ltd
AEAE,1852016,AltEnergy Acquisition Corp
CNDA,1851959,Concord Acquisition Corp II
BPAC,2064177,Blueport Acquisition Ltd
LNZA,1843724,"LanzaTech Global, Inc."
IOR,949961,INCOME OPPORTUNITY REALTY INVESTORS INC /TX/
JFB,2024306,JFB Construction Holdings
EEA,791718,"EUROPEAN EQUITY FUND, INC / MD"
FBSI,912967,FIRST BANCSHARES INC /MO/
FATN,1993400,Fatpipe Inc/UT
GECC,1675033,Great Elm Capital Corp.
IBIO,1420720,"iBio, Inc."
CEV,1074692,Eaton Vance California Municipal Income Trust
AIFC,862861,AI Financial Corp
DLHC,785557,DLH Holdings Corp.
ODYS,1577445,Odysight.ai Inc.
NDLS,1275158,NOODLES & Co
SLNG,1043186,"Stabilis Solutions, Inc."
OSTX,1795091,OS Therapies Inc
TLPH,1427925,"TALPHERA, INC."
OZVN,1751707,OZ VISION INC.
CIRC,1605888,CIRCLE8 GROUP INC
OPHC,1288855,"OptimumBank Holdings, Inc."
LNSR,1320350,"LENSAR, Inc."
THMG,711034,THUNDER MOUNTAIN GOLD INC
LEAT,1456189,Leatt Corp
HOUR,1874875,"Hour Loop, Inc"
LGO,1400438,Largo Inc.
IH,1814423,iHuman Inc.
IPWR,1507957,Ideal Power Inc.
NCAUF,1627868,Newcore Gold Ltd.
BLNC,1632121,"Balance Labs, Inc."
EUBG,1171326,ENTREPRENEUR UNIVERSE BRIGHT GROUP
PCM,908187,"PCM FUND, INC."
XPL,917225,SOLITARIO RESOURCES CORP.
KNDI,1720250,"Kandi Technologies Group, Inc."
LVO,1491419,"LiveOne, Inc."
DWNX,927719,DELHI BANK CORP
TCRX,1783328,"TScan Therapeutics, Inc."
HIT,2019505,"Health In Tech, Inc."
IMAQ,1846235,International Media Acquisition Corp.
ROLR,1947210,"High Roller Technologies, Inc."
CUAUF,1737319,C3 Metals Inc.
KAZR,2031009,Skyline Builders Group Holding Ltd
XBIT,1626878,XBiotech Inc.
HANNF,1123267,Hannan Metals Ltd.
PLRX,1746473,"PLIANT THERAPEUTICS, INC."
QXL,797542,QUANTUM X LABS INC.
CVU,889348,CPI AEROSTRUCTURES INC
DMA,1523289,Destra Multi-Alternative Fund
MB,2027265,MASTERBEEF GROUP
SIEB,65596,SIEBERT FINANCIAL CORP
RGS,716643,REGIS CORP
INVE,1036044,"Identiv, Inc."
STI,1881551,Solidion Technology Inc.
DIT,928465,AMCON DISTRIBUTING CO
ENZN,727510,"Viskase Holdings, Inc."
BEEP,1847874,Mobile Infrastructure Corp
ALYAF,1734520,Alithya Group inc
NCTY,1296774,The9 LTD
PGZ,1557523,Principal Real Estate Income Fund
CATO,18255,CATO CORP
EDSA,1540159,"Edesa Biotech, Inc."
MNOV,1226616,MEDICINOVA INC
VLT,846671,Invesco High Income Trust II
GEG,1831096,"Great Elm Group, Inc."
SCLX,1820190,Scilex Holding Co
GAMB,1839799,Gambling.com Group Ltd
CLST,1849867,"Catalyst Bancorp, Inc."
XCH,1979887,XCHG Ltd
IMA,1835579,"ImageneBio, Inc."
KVAC,1889983,Keen Vision Acquisition Corp.
HFBL,1500375,"Home Federal Bancorp, Inc. of Louisiana"
NRT,72633,NORTH EUROPEAN OIL ROYALTY TRUST
PLCE,1041859,"Childrens Place, Inc."
RMXI,1970743,"RMX INDUSTRIES, INC."
SPCB,1291855,SuperCom Ltd
FFAI,1805521,FARADAY FUTURE INTELLIGENT ELECTRIC INC.
NAKA,1946573,Nakamoto Inc.
HYFT,1715925,MindWalk Holdings Corp.
LINK,828146,INTERLINK ELECTRONICS INC
NSTS,1881592,"NSTS Bancorp, Inc."
PMVP,1699382,"PMV Pharmaceuticals, Inc."
BOF,1962481,BranchOut Food Inc.
CTOR,1851484,"CITIUS ONCOLOGY, INC."
SEV,1786471,Aptera Motors Corp
NRRWF,1680637,Nuran Wireless Inc.
MOB,1898643,Mobilicom Ltd
VCUFF,1884122,Vizsla Copper Corp.
CING,1862150,Cingulate Inc.
AFCG,1822523,Advanced Flower Capital Inc.
CRGO,1927719,Freightos Ltd
STAK,2002453,STAK Inc.
GPMT,1703644,Granite Point Mortgage Trust Inc.
PDCC,1998043,Pearl Diver Credit Co Inc.
YIBO,1868395,Planet Image International Ltd
APWC,1026980,ASIA PACIFIC WIRE & CABLE CORP LTD
GIBO,2034520,GIBO HOLDINGS Ltd
AURE,1765850,Aurelion Inc.
SKIL,1774675,Skillsoft Corp.
BSEM,1658678,"BioStem Technologies, Inc."
GENK,1891856,"GEN Restaurant Group, Inc."
EXOZ,2010788,EXOZYMES INC.
PMVC,1807765,PMV Consumer Acquisition Corp.
DOMH,12239,Dominari Holdings Inc.
HMR,2029471,Heidmar Maritime Holdings Corp.
LRDC,1442492,"Laredo Oil, Inc."
ANPA,2031688,Rich Sparkle Holdings Ltd
LUNG,1127537,Pulmonx Corp
ASRV,707605,AMERISERV FINANCIAL INC /PA/
CNVS,1173204,Cineverse Corp.
WSHP,2048271,WeShop Holdings Ltd
IMMP,1506184,IMMUTEP Ltd
TMRC,1445942,Texas Mineral Resources Corp.
EDRY,1731388,EuroDry Ltd.
PTLE,2016337,PTL Ltd
BHST,1723464,BIOHARVEST SCIENCES INC.
WFCF,1360565,"Where Food Comes From, Inc."
CTM,1877939,"Castellum, Inc."
LIDR,1818644,"AEye, Inc."
STKS,1399520,"ONE Group Hospitality, Inc."
SYHBF,1541190,SKYHARBOUR RESOURCES LTD
STEM,1758766,"STEM, INC."
IZEA,1495231,"IZEA Worldwide, Inc."
ZTEK,1904501,Zentek Ltd.
RSF,1644771,"RiverNorth Capital & Income Fund, Inc."
CHUC,1134765,"Charlie's Holdings, Inc."
USIO,1088034,"Usio, Inc."
DXR,27367,DAXOR CORP
ELBM,1907184,Electra Battery Materials Corp
UPXI,1775194,"UPEXI, INC."
TC,1743340,Token Cat Ltd
CCIF,1517767,Carlyle Credit Income Fund
FMFG,1698022,"Farmers & Merchants Bancshares, Inc."
NPT,2014337,Texxon Holding Ltd
IMTCF,1288268,Intrepid Metals Corp.
LESL,1821806,"Leslie's, Inc."
ELTK,1024672,ELTEK LTD
WWR,839470,"WESTWATER RESOURCES, INC."
XLO,1840233,"Xilio Therapeutics, Inc."
DCGO,1822359,DocGo Inc.
BFNH,1310488,"BIOFORCE NANOSCIENCES HOLDINGS, INC."
BGSF,1474903,"BGSF, INC."
MCRB,1609809,"Seres Therapeutics, Inc."
AUXXF,1725603,A2 Gold Corp.
BRID,14177,BRIDGFORD FOODS CORP
CDAQF,1851909,Compass Digital Acquisition Corp.
LEEEF,1711141,Leef Brands Inc.
CNTX,1842952,Context Therapeutics Inc.
JANL,1133062,JANEL CORP
UEIC,101984,UNIVERSAL ELECTRONICS INC
GLBS,1499780,GLOBUS MARITIME LTD
BYSI,1677940,BeyondSpring Inc.
MDNC,1931055,Medinotec Inc.
SDM,2014955,Smart Digital Group Ltd
JRSH,1696558,"Jerash Holdings (US), Inc."
SELF,1031235,"Global Self Storage, Inc."
TWG,1978057,Top Wealth Group Holding Ltd
RKHNF,1422532,ROCKHAVEN RESOURCES LTD
CAPN,2024203,Cayson Acquisition Corp
SLMT,1939965,Brera Holdings PLC
XTNT,1453593,"Xtant Medical Holdings, Inc."
LFS,2030277,"LEIFRAS Co., Ltd."
BSIN,101594,BIG SKY INDUSTRIAL INC.
SFWL,1863218,SHENGFENG DEVELOPMENT Ltd
FLNA,1069530,"FILANA THERAPEUTICS, INC."
ECOR,1560258,"electroCore, Inc."
SGA,886136,SAGA COMMUNICATIONS INC
SRCRF,1467093,Scorpio Gold Corp
WAVE,1846715,Eco Wave Power Global AB (publ)
WTHVF,1562530,Westhaven Gold Corp.
SODI,91668,SOLITRON DEVICES INC
BDCO,793306,BLUE DOLPHIN ENERGY CO
MXE,863900,MEXICO EQUITY & INCOME FUND INC
CMTL,23197,COMTECH TELECOMMUNICATIONS CORP /DE/
FSHP,1850059,Flag Ship Acquisition Corp
YTRA,1516899,"Yatra Online, Inc."
PLLMF,1570505,EDGE COPPER Corp
TLTFF,923883,THERALASE TECHNOLOGIES INC /FI
OPTT,1378140,"Ocean Power Technologies, Inc."
LGCL,1954694,Lucas GC Ltd
IEHC,50292,IEH Corp
XTIA,1529113,"XTI Aerospace, Inc."
DSWL,946936,DESWELL INDUSTRIES INC
NRRSF,1778940,Norsemont Mining Inc.
BSPA,2094107,"Ballston Spa Bancorp, Inc."
WAMFF,1893899,Alaska Silver Corp.
THCH,1877333,TH International Ltd
CRT,881787,CROSS TIMBERS ROYALTY TRUST
JMM,838131,Nuveen Multi-Market Income Fund
ZEO,1865506,Zeo Energy Corp.
WETO,1941158,Wetour Robotics Ltd
AHMA,2010959,AMBITIONS ENTERPRISE MANAGEMENT CO. L.L.C
INKT,1840229,"MiNK Therapeutics, Inc."
ICG,1895597,Intchains Group Ltd
LITB,1523836,"LightInTheBox Holding Co., Ltd."
PVL,1520048,Permianville Royalty Trust
BOLD,1782303,"Boundless Bio, Inc."
ITMSF,1285170,INTERMAP TECHNOLOGIES CORP
GCL,2002045,GCL Global Holdings Ltd
TOUR,1597095,Tuniu Corp
GMHS,2000530,Gamehaus Holdings Inc.
MDAI,1833498,"Spectral AI, Inc."
NCEW,1968043,New Century Logistics (BVI) Ltd
FEAM,1888654,"5E Advanced Materials, Inc."
STKE,1846839,SOL Strategies Inc.
ATYR,1339970,aTYR PHARMA INC
INCR,1857030,Intercure Ltd.
IBAC,1998781,IB Acquisition Corp.
OAKV,1865429,"Oak View Bankshares, Inc."
NOMA,1994214,Nomadar Corp.
COCH,1840877,"Envoy Medical, Inc."
KANP,1230058,KAANAPALI LAND LLC
FTEK,846913,"FUEL TECH, INC."
POCI,867840,"PRECISION OPTICS CORPORATION, INC."
VIOT,1742770,"Viomi Technology Co., Ltd"
MREO,1719714,Mereo BioPharma Group plc
PN,2001288,PN Smart Energy Ltd
CVV,766792,CVD EQUIPMENT CORP
STG,1723935,Sunlands Technology Group
WHEN,943535,"WORLD HEALTH ENERGY HOLDINGS, INC."
BTCS,1436229,BTCS Inc.
TIL,1789769,"Instil Bio, Inc."
BEWFF,1113152,BEWHERE HOLDINGS INC
HCMC,844856,Healthier Choices Management Corp.
NXB,2067767,NextBoat Inc.
WNRS,1587603,"WINNERS, INC."
COPR,1263364,Idaho Copper Corp
EHTH,1333493,"eHealth, Inc."
MKTW,1805651,"MARKETWISE, INC."
MCRP,1993431,Micropolis AI Robotics
FSP,1031316,FRANKLIN STREET PROPERTIES CORP /MA/
TACT,1017303,TRANSACT TECHNOLOGIES INC
CVVUF,1023109,CANALASKA URANIUM LTD
HAIN,910406,HAIN CELESTIAL GROUP INC
DRIO,1533998,DarioHealth Corp.
WYHG,1999860,Wing Yip Food Holdings Group Ltd
CREX,1356093,"CREATIVE REALITIES, INC."
APT,884269,ALPHA PRO TECH LTD
GAIA,1089872,"GAIA, INC"
NTWK,1039280,NETSOL TECHNOLOGIES INC
REVFF,1002366,Gitennes Exploration Inc.
VOC,1505413,VOC Energy Trust
RIBB,2035016,Ribbon Acquisition Corp.
AZASF,1701599,Arizona Gold & Silver Inc.
BRAG,1867834,Bragg Gaming Group Inc.
BENF,1775734,Beneficient
POSC,844985,POSITRON CORP
QTI,1844505,"QT IMAGING HOLDINGS, INC."
TCBS,1849466,"Texas Community Bancshares, Inc."
NKGFF,1839154,Nevada King Gold Corp.
BCHT,728385,Birchtech Corp.
LASE,1807887,Laser Photonics Corp
ZTG,2011458,Zenta Group Co Ltd
LSF,1650696,"Laird Superfood, Inc."
SQNS,1383395,SEQUANS COMMUNICATIONS
NXXT,1817004,"NEXTNRG, INC."
ALCYF,1901336,Alchemy Investments Acquisition Corp 1
ATHR,2026353,"Aether Holdings, Inc."
KLXE,1738827,"KLX Energy Services Holdings, Inc."
ABLV,1957489,Able View Global Inc.
INMB,1711754,"Inmune Bio, Inc."
INVU,862651,"Investview, Inc."
FWAC,2116105,Futurewave Acquisition Corp
ALSAF,1865111,Alpha Star Acquisition Corp
BKHA,2000775,Black Hawk Acquisition Corp
IBO,1834105,IMPACT BIOMEDICAL INC.
SRTS,1494891,"Sensus Healthcare, Inc."
SKYA,1737995,"SkyAI, Inc."
VGAS,1841425,"Verde Clean Fuels, Inc."
ACRG,773717,"American Clean Resources Group, Inc."
MIND,926423,"MIND TECHNOLOGY, INC"
LFT,1547546,"Lument Finance Trust, Inc."
CRSF,924396,Crisp Momentum Inc.
VIDA,1973062,VIDA Global Inc.
GPGCF,1813241,Great Pacific Gold Corp.
OFS,1487918,OFS Capital Corp
MKDW,1991332,MKDWELL Tech Inc.
FMY,1319183,FIRST TRUST MORTGAGE INCOME FUND
SMOFF,1538189,Sonoro Gold Corp.
USDE,2080215,StableCoinX Inc.
SYPR,864240,SYPRIS SOLUTIONS INC
SLSN,883107,"SOLESENCE, INC."
MGLD,1005101,"Marygold Companies, Inc."
TPCS,1328792,TECHPRECISION CORP
PGZFF,1566073,Pan Global Resources Inc.
LOAN,1080340,"MANHATTAN BRIDGE CAPITAL, INC"
AEI,1750106,Alset Inc.
PRTS,1378950,"CarParts.com, Inc."
NORD,1011060,Nordicus Partners Corp
YOUL,2028177,Youlife Group Inc.
TGE,2053456,Generation Essentials Group
COLA,2028201,Columbus Acquisition Corp/Cayman Islands
SRLZF,861972,Salazar Resources Ltd
MGX,1785279,"Metagenomi Therapeutics, Inc."
SNAL,1886894,"Snail, Inc."
NA,1872302,Nano Labs Ltd
SPWH,1132105,"SPORTSMAN'S WAREHOUSE HOLDINGS, INC."
USPCY,1939479,China Strategic Technology Group Limited/ADR
TJGC,1969928,TJGC GROUP Ltd
HYPD,1682639,"HYPERION DEFI, INC."
MATH,1682241,Metalpha Technology Holding Ltd
FNUC,1769697,Frontier Nuclear & Minerals Inc.
GPUS,896493,"Hyperscale Data, Inc."
RAVE,718332,"RAVE RESTAURANT GROUP, INC."
DWTX,1818844,"Dogwood Therapeutics, Inc."
BHIC,1784440,"BioScience Health Innovations, Inc."
YHNA,2020987,YHN Acquisition I Ltd
AURX,1091596,"Nuo Therapeutics, Inc."
EXYN,1960355,"Exyn Technologies, Inc."
DRYGF,2006413,Dryden Gold Corp.
PCLA,2018462,PicoCELA Inc.
GROV,1841761,"Grove Collaborative Holdings, Inc."
KTCC,719733,KEY TRONIC CORP
RYM,1800637,"RYTHM, Inc."
PLUT,1933021,Plutus Financial Group Ltd
UAVS,8504,AgEagle Aerial Systems Inc.
ARBK,1841675,Argo Blockchain Plc
LTRN,1763950,Lantern Pharma Inc.
NIPG,1966233,NIP Group Inc.
HYOR,1070789,HyOrc Corp
LGL,61004,LGL GROUP INC
NPRFF,1859022,Nepra Foods Inc.
AIOS,1603993,AIOS Tech Inc.
MBBC,1835385,"Marathon Bancorp, Inc. /MD/"
CBAT,2086841,CBAK Energy Technology Ltd
ETST,1538495,"Earth Science Tech, Inc."
RDEXF,1856082,RPX Gold Inc.
GFLT,1796949,"GenFlat Holdings, Inc."
VERU,863894,VERU INC.
SPRU,1772720,SPRUCE POWER HOLDING CORP
QETA,1978528,Quetta Acquisition Corp
IDXG,1054102,"INTERPACE BIOSCIENCES, INC."
CNF,1733868,CNFinance Holdings Ltd.
RYOJ,2012600,"rYojbaba Co., Ltd."
ATVK,1530185,"Globaltek Ventures, Inc."
XHG,1769256,XChange TEC.INC
MLGO,1800392,MicroAlgo Inc.
HGBL,849145,Heritage Global Inc.
SORA,2033515,AsiaStrategy
ELWT,2063863,"Elauwit Connection, Inc."
AGIG,1156041,"ABUNDIA GLOBAL IMPACT GROUP, INC."
MYO,1369290,"MYOMO, INC."
GLXZ,13156,"Galaxy Gaming, Inc."
ONMD,1849380,OneMedNet Corp
QDMI,1094032,QDM International Inc.
PXS,1640043,Pyxis Tankers Inc.
FSTJ,1525306,First America Resources Corp
RDI,716634,READING INTERNATIONAL INC
OP,2119416,OpenPayd Global Holdings Ltd
AREN,894871,"Arena Group Holdings, Inc."
BBGI,1099160,BEASLEY BROADCAST GROUP INC
PDSB,1472091,PDS Biotechnology Corp
SCYX,1178253,SCYNEXIS INC
PRPO,1043961,"Precipio, Inc."
ACFN,880984,"ACORN ENERGY, INC."
SNT,1993727,Senstar Technologies Corp
ELUT,1708527,ELUTIA INC.
PLNH,1813452,Planet 13 Holdings Inc.
VHC,1082324,VirnetX Holding Corp
AACG,1420529,ATA Creativity Global
AVX,1826397,AVAX ONE TECHNOLOGY LTD.
ILLR,1769624,Triller Group Inc.
BRKCF,1019742,BARKSDALE RESOURCES CORP.
INDO,1757840,Indonesia Energy Corp Ltd
RNXT,1574094,"RenovoRx, Inc."
PHUN,1665300,"Phunware, Inc."
SJ,1753673,Scienjoy Holding Corp
ZOOZ,1992818,ZOOZ Strategy Ltd.
AXIL,1718500,"Axil Brands, Inc."
PETS,1040130,PETMED EXPRESS INC
MERC,1333274,MERCER INTERNATIONAL INC.
SOGP,1783407,Sound Group Inc.
SACH,1682220,Sachem Capital Corp.
PFAI,2032755,Pinnacle Food Group Ltd
ALGS,1799448,"Aligos Therapeutics, Inc."
OESX,1409375,"ORION ENERGY SYSTEMS, INC."
DTSQ,2017950,DT Cloud Star Acquisition Corp
TETEF,1900679,Technology & Telecommunication Acquisition Corp
IXHL,1873875,Incannex Healthcare Inc.
APLM,1944885,Apollomics Inc.
CULP,723603,CULP INC
BGDE,1218683,"Big Digital Energy, Inc."
ESLA,1844417,"Estrella Immunopharma, Inc."
STRR,1210708,"Star Equity Holdings, Inc."
LOOP,1504678,"Loop Industries, Inc."
NAAS,1712178,NaaS Technology Inc.
OMEX,798528,ODYSSEY MARINE EXPLORATION INC
MSSAF,1882464,Metal Sky Star Acquisition Corp
PPSI,1449792,"PIONEER POWER SOLUTIONS, INC."
MNY,1974044,MoneyHero Ltd
AERT,1853044,"Aeries Technology, Inc."
ELOX,1035354,"Eloxx Pharmaceuticals, Inc."
NSYS,722313,NORTECH SYSTEMS INC
ZDGE,1667313,"Zedge, Inc."
AFJK,1979005,"Aimei Health Technology Co., Ltd."
PAVM,1624326,PAVmed Inc.
GRF,850027,"EAGLE CAPITAL GROWTH FUND, INC."
USREF,2037786,Tactical Resources Corp.
WPRT,1370416,WESTPORT FUEL SYSTEMS INC.
GSIW,1954269,Garden Stage Ltd
EQTRF,1635729,Altamira Gold Corp.
GRCE,1444192,"Grace Therapeutics, Inc."
KFFB,1297341,Kentucky First Federal Bancorp
JETMF,1846084,Global Crossing Airlines Group Inc.
ABVC,1173313,"ABVC BIOPHARMA, INC."
RYET,1873454,Ruanyun Edai Technology Inc.
KBSX,2014254,FST Corp.
QNTO,1391933,"QUAINT OAK BANCORP, INC."
ASTI,1350102,"Ascent Solar Technologies, Inc."
VRHI,2078149,"Veri MedTech Holdings, Inc."
SWAG,1872525,"Stran & Company, Inc."
SNTL,889353,Sentinel Holdings Ltd.
RDGL,1449349,VIVOS INC
PXLW,1040161,"PIXELWORKS, INC"
RCON,1442620,"Recon Technology, Ltd"
MAMO,1952853,Massimo Group
CNTM,1895249,"ConnectM Technology Solutions, Inc."
MIRA,1904286,"MIRA PHARMACEUTICALS, INC."
DYAI,1213809,DYADIC INTERNATIONAL INC
NSFDF,1009922,NXT Energy Solutions Inc.
NIXX,1462223,"Nixxy, Inc."
IBATF,1786318,INTERNATIONAL BATTERY METALS LTD.
MCAG,1859035,Mountain Crest Acquisition Corp. V
NEPH,1196298,NEPHROS INC
CCG,1965473,Cheche Group Inc.
FRFAF,1894942,Fresh Factory B.C. Ltd.
JSDA,1083522,JONES SODA CO.
MLCI,2051820,Mount Logan Capital Inc.
GREE,1844971,Greenidge Generation Holdings Inc.
RMCO,1843656,Royalty Management Holding Corp
GRML,1907223,Greenland Mines Ltd
EUDA,1847846,EUDA Health Holdings Ltd
KOSS,56701,KOSS CORP
ESAUF,1657800,ESGold Corp.
GROW,754811,U S GLOBAL INVESTORS INC
INIS,1038277,RADNOSTIX INC
LOMLF,1509397,Lion One Metals Ltd.
CYDVF,1394039,Century Lithium Corp.
BRIA,2000230,BrilliA Inc
ZYBT,1975641,Zhengye Biotechnology Holding Ltd
SPMEF,2056030,South Pacific Metals Corp.
GNS,1847806,Genius Group Ltd
HKIT,1742341,HiTek Global Inc.
VRM,1580864,"Vroom, Inc."
NTRB,1676047,NutriBand Inc.
MDBH,1934642,"MDB Capital Holdings, LLC"
BDMD,1982444,Baird Medical Investment Holdings Ltd
BLNE,1534708,"Beeline Holdings, Inc."
DAIO,351998,DATA I/O CORP
SLND,1883814,"Southland Holdings, Inc."
BIOF,1549145,"BLUE BIOFUELS, INC."
TELA,1561921,"TELA Bio, Inc."
GNTA,1838716,Genenta Science S.p.A.
SDEV,1389545,Stablecoin Development Corp
UCL,1775898,uCloudlink Group Inc.
SCWO,933972,374Water Inc.
PRPL,1643953,"Purple Innovation, Inc."
BZDLF,1527038,KINCORA COPPER LTD
PBK,2011053,POWERBANK Corp
GDSRF,1427901,Gold Strike Resources Corp.
TOON,1355848,"Kartoon Studios, Inc."
COHN,1270436,Cohen & Co Inc.
CNTY,911147,CENTURY CASINOS INC /CO/
NSRX,2029039,Nasus Pharma Ltd
SPPL,1948697,SIMPPLE LTD.
YI,1738906,"111, Inc."
FIEE,1467761,"FiEE, Inc."
VTSI,1085243,"VirTra, Inc"
TKRFF,1368845,TINKA RESOURCES Ltd
MHUBF,1869137,MineHub Technologies Inc.
KCCFF,1726906,Kutcho Copper Corp.
NNVC,1379006,"NANOVIRICIDES, INC."
AAME,8177,ATLANTIC AMERICAN CORP
LIVE,1045742,LIVE VENTURES Inc
XOS,1819493,"Xos, Inc."
GRAN,2027722,Grande Group Ltd/HK
LITS,1262104,"Lite Strategy, Inc."
BCTX,1610820,BriaCell Therapeutics Corp.
VPLM,1410738,Voip-pal.com Inc
PHNMF,1720553,Phenom Resources Corp.
JAGU,2039273,Jaguar Uranium Corp.
DXLG,813298,"DESTINATION XL GROUP, INC."
BATL,1282648,BATTALION OIL CORP
PYRGF,1743344,PyroGenesis Canada Inc.
KPLT,1785424,"Katapult Holdings, Inc."
BLGO,880242,"BIOLARGO, INC."
RADX,1949257,Radiopharm Theranostics Ltd
DGNX,2010499,Diginex Ltd
NSPR,1433607,"InspireMD, Inc."
BEAT,1779372,"HeartBeam, Inc."
VASO,839087,VASO Corp
HERZ,880406,"Herzfeld Credit Income Fund, Inc"
VGES,1746119,Vanguard Green Investment Ltd
UG,101295,UNITED GUARDIAN INC
RGCCF,1918151,Relevant Gold Corp.
CRVO,1053691,CervoMed Inc.
HOLO,1841209,MicroCloud Hologram Inc.
SEOVF,1491434,SERNOVA CORP.
NTIP,1065078,"NETWORK-1 TECHNOLOGIES, INC."
DDC,1808110,DDC Enterprise Ltd
GAME,1714562,"GameSquare Holdings, Inc."
SRGZ,1401835,Star Gold Corp.
MLSS,855683,MILESTONE SCIENTIFIC INC.
HYEX,1630176,HEALTHY EXTRACTS INC.
FTHM,1753162,Fathom Holdings Inc.
ACTU,1652935,"ACTUATE THERAPEUTICS, INC."
RDAC,2018145,Rising Dragon Acquisition Corp.
BRFH,1487197,BARFRESH FOOD GROUP INC.
CRWS,25895,CROWN CRAFTS INC
SAGGF,1727370,Sterling Metals Corp.
RSRV,83350,RESERVE PETROLEUM CO
SNTI,1854270,"Senti Biosciences Holdings, Inc."
TVRD,1346830,"Tvardi Therapeutics, Inc."
ARAY,1138723,ACCURAY INC
VIPRF,1684662,SILVER VIPER MINERALS CORP.
STCB,1539850,"Starco Brands, Inc."
KDKGF,872699,KLONDIKE GOLD CORP /FI
QUCY,1874252,Quantum Cyber N.V.
SER,1708599,"Serina Therapeutics, Inc."
QTZM,1663038,Quantum Genesis AI Corp.
AZZTF,1706404,Aztec Minerals Corp.
GDHG,1928340,GOLDEN HEAVEN GROUP HOLDINGS LTD.
SCAG,2000366,Scage Future
GIFT,1760233,"GIFTIFY, INC."
NTRP,788611,"NextTrip, Inc."
KLNG,1110607,"Koil Energy Solutions, Inc."
DARE,1401914,"Dare Bioscience, Inc."
CRVW,1377149,CareView Communications Inc
BAFN,1649739,BayFirst Financial Corp.
KYNB,921299,"KYNTRA BIO, INC."
RAND,81955,RAND CAPITAL CORP
ANGH,1871983,Anghami Inc
PC,1998056,Premium Catering (Holdings) Ltd
SCIA,830616,"SCI Engineered Materials, Inc."
GUER,1832487,"Guerrilla RF, Inc."
AWRE,1015739,AWARE INC /MA/
BOSC,1005516,BOS BETTER ONLINE SOLUTIONS LTD
UCAR,1939780,U Power Ltd
ISTKF,1678748,Intellistake Technologies Corp.
LSTA,320017,"LISATA THERAPEUTICS, INC."
LOCL,1840780,Local Bounti Corporation/DE
KSCP,1600983,"Knightscope, Inc."
EVTV,1563568,"AZIO AI HOLDINGS, INC."
XBP,1839530,"XBP Global Holdings, Inc."
PFSB,1967656,"PFS Bancorp, Inc."
FUSE,2033383,Fusemachines Inc.
ATNM,1388320,"Actinium Pharmaceuticals, Inc."
PRKA,1297937,"PARKS AMERICA, INC"
YSXT,1993463,"YSX Tech Co., Ltd"
SLGB,1987189,Smart Logistics Global Ltd
ZLME,1489300,Zhanling International Ltd
WKHS,1425287,Workhorse Group Inc.
MOBX,1855467,"MOBIX LABS, INC"
PLRZ,1893645,Polyrizon Ltd.
CXXIF,831609,C21 Investments Inc.
GTHP,924515,GUIDED THERAPEUTICS INC
PETV,1512922,"PetVivo Holdings, Inc."
FMST,1935418,Foremost Clean Energy Ltd.
SRXH,1471727,SRX Global Inc.
MAUUF,1905688,AERO ENERGY Ltd
GDST,1858007,Chi Special Acquisition Corp.
ITHUF,1643154,"iANTHUS CAPITAL HOLDINGS, INC."
FGNX,1591890,FG Nexus Inc.
EHSI,1089815,Elite Health Systems Inc.
TRCK,1045942,"Track Group, Inc."
QCLS,1321834,"Q/C TECHNOLOGIES, INC."
FKWL,722572,FRANKLIN WIRELESS CORP
RAPH,1415397,Raphael Pharmaceutical Inc.
IGC,1326205,"IGC Pharma, Inc."
HTCO,1928948,High-Trend International Group
NCI,1916331,Neo-Concept International Group Holdings Ltd
TAOX,1571934,TAO Synergies Inc.
VCGMF,1650196,Visionary Copper & Gold Mines Inc.
PVCT,315545,"PROVECTUS BIOPHARMACEUTICALS, INC."
CGDXF,1479480,XALI GOLD CORP.
BESS,1066764,Bimergen Energy Corp
HLEO,1953988,Helio Corp /FL/
CCEL,862692,CRYO CELL INTERNATIONAL INC
ATCH,1963088,"AtlasClear Holdings, Inc."
GRDX,1604191,GridAI Technologies Corp.
ACCS,843006,ACCESS Newswire Inc.
JFU,1619544,9F Inc.
ESGH,1883835,ESG Inc.
PSTV,1095981,"PLUS THERAPEUTICS, INC."
NCT,2018529,Intercont (Cayman) Ltd
HBIO,1123494,HARVARD BIOSCIENCE INC
WSTRF,1621906,Western Uranium & Vanadium Corp.
WBQNL,1785494,Woodbridge Liquidation Trust
HWAUF,1817161,Headwater Gold Inc.
WIMI,1770088,WiMi Hologram Cloud Inc.
NRDE,1759546,NU RIDE INC.
FOFA,1871181,"FAMILY OFFICE OF AMERICA, INC."
ELSE,351789,ELECTRO SENSORS INC
LFLRF,1800890,LaFleur Minerals Inc..
EMCGF,1869601,Embrace Change Acquisition Corp.
CRMT,799850,AMERICAS CARMART INC
USGDF,1726159,AMERICAN PACIFIC MINING CORP
BIRD,1653909,"Smartbird, Inc."
INLX,1081745,"INTELLINETICS, INC."
EMGDF,1790607,Eminent Gold Corp.
BURU,1814215,"Nuburu, Inc."
CLRCF,1903392,ClimateRock
QRHC,1442236,Quest Resource Holding Corp
MRMD,1522767,MARIMED INC.
KNGRF,1191832,Kingsmen Resources Ltd.
EVAX,1828253,Evaxion A/S
PBMLF,1319150,Pacific Booker Minerals Inc.
SPND,867038,SPINDLETOP OIL & GAS CO
HSPOF,1946021,Horizon Space Acquisition I Corp.
ATCMF,1567663,ATICO MINING Corp
EURK,2000410,Eureka Acquisition Corp
SST,1805833,"System1, Inc."
BEEM,1398805,Beam Global
RSGLF,1683408,Rocky Shore Gold Ltd.
RGNT,1912966,REGENTIS BIOMATERIALS LTD.
BRNS,1828185,Barinthus Biotherapeutics plc.
SFRX,1106213,SEAFARER EXPLORATION CORP
HAFG,1367993,"Holistic Asset Finance Group Co., Ltd."
NRSN,1875091,NeuroSense Therapeutics Ltd.
TIGCF,1387473,Triumph Gold Corp.
PRT,1724009,PermRock Royalty Trust
PDC,1944399,Perpetuals.com Ltd
VIPZ,1832161,"VIP Play, Inc."
EONR,1842556,EON Resources Inc.
PLAG,1117057,Planet Green Holdings Corp.
JG,1737339,Aurora Mobile Ltd
BTAI,1720893,"BioXcel Therapeutics, Inc."
OPTH,2027329,Optimi Health Corp.
FNGR,1602409,"FingerMotion, Inc."
GDGIF,2027037,"Gemdale Gold, Inc"
GRNQ,1597846,Greenpro Capital Corp.
ASPC,1890361,ASPAC III Acquisition Corp.
MRKR,1094038,"Marker Therapeutics, Inc."
USEA,1912847,United Maritime Corp
ADTI,1420924,"Adapti, Inc."
LVLU,1780201,"Lulu's Fashion Lounge Holdings, Inc."
BCG,1953984,"Binah Capital Group, Inc."
SGRP,1004989,"SPAR Group, Inc."
BONXF,1544770,BONTERRA RESOURCES INC.
GWH,1819438,"ESS Tech, Inc."
STLNF,1729653,Stallion Uranium Corp.
CLPS,1724542,CLPS Inc
PAPL,1938109,Pineapple Financial Inc.
AAUAF,1015647,ALMADEN MINERALS LTD
PLSM,2064764,Pulsenmore Ltd.
ACCL,2038378,Acco Group Holdings Ltd
HLRTF,1418149,Hillcrest Energy Technologies Ltd.
LICN,1876766,Lichen International Ltd
CDLX,1666071,"Cardlytics, Inc."
SKKY,1546853,"Skkynet Cloud Systems, Inc."
SKYE,1516551,"Skye Bioscience, Inc."
FLD,1889123,"Fold Holdings, Inc."
IRVRF,1666782,Irving Resources Inc.
MDXH,1872529,MDxHealth SA
NYC,1595527,American Strategic Investment Co.
RETO,1687277,"ReTo Eco-Solutions, Inc."
CTSO,1175151,Cytosorbents Corp
AVAI,1740797,"AVAI BIO, INC."
AAPI,1134982,"Apple iSports Group, Inc."
PMEC,1891944,Primech Holdings Ltd
HPAI,2001699,Helport AI Ltd
LIQT,1307579,LIQTECH INTERNATIONAL INC
RLBY,34285,RELIABILITY INC
AYTU,1385818,"AYTU BIOPHARMA, INC"
BLIV,1982448,BeLive Holdings
DUO,1750593,Fangdd Network Group Ltd.
MDCX,1997296,Medicus Pharma Ltd.
CRMZ,315958,CREDITRISKMONITOR COM INC
AKTX,1541157,Akari Therapeutics Plc
SDOT,1701756,Sadot Group Inc.
OPAD,1825024,Offerpad Solutions Inc.
TRSG,1943444,Tungray Technologies Inc
APAAF,1419336,Appia Rare Earths & Uranium Corp.
CLIR,1434524,ClearSign Technologies Corp
LFWD,1607962,Lifeward Ltd.
XHLD,2030954,"TEN Holdings, Inc."
CLRO,840715,CLEARONE INC
YQ,1821468,17 Education & Technology Group Inc.
UTSI,1030471,UTSTARCOM HOLDINGS CORP.
JOB,40570,GEE Group Inc.
CVM,725363,CEL SCI CORP
NALG,1059689,North America Lithium & Gold Corp
ATOS,1488039,"ATOSSA THERAPEUTICS, INC."
EHLD,2032779,Euroholdings Ltd.
RANG,2035644,Range Capital Acquisition Corp.
UFG,2021688,Uni-Fuels Holdings Ltd
NMTC,1500198,NEUROONE MEDICAL TECHNOLOGIES Corp
CDIX,811222,Cardiff Lexington Corp
FOFO,2060083,"Hang Feng Technology Innovation Co., Ltd."
BMR,1899005,Beamr Imaging Ltd.
FEDU,1709819,Four Seasons Education (Cayman) Inc.
TXMD,25743,"TherapeuticsMD, Inc."
IPM,1355839,INTELLIGENT PROTECTION MANAGEMENT CORP.
BETRF,1464165,BetterLife Pharma Inc.
CPHI,1106644,"CHINA PHARMA HOLDINGS, INC."
BMNM,1275477,"BIMINI CAPITAL MANAGEMENT, INC."
SAIH,1847075,SAIHEAT Ltd
INIKF,1928722,PopReach Corp
CLRB,1279704,"Cellectar Biosciences, Inc."
ABCP,20639,AmBase Corp
LPSN,1102993,LIVEPERSON INC
CFND,2044327,C1 Fund Inc.
SNNF,2072421,"Seneca Bancorp, Inc."
CELU,1752828,Celularity Inc
JL,1948436,J-Long Group Ltd
GEBRF,1570843,Greenbriar Sustainable Living Inc.
DFLI,1847986,Dragonfly Energy Holdings Corp.
CMGHF,1169760,CHAODA MODERN AGRICULTURE HOLDINGS LTD /FI
QZMRF,811522,QUARTZ MOUNTAIN RESOURCES LTD
RMTI,1041024,"ROCKWELL MEDICAL, INC."
STFS,2003061,Star Fashion Culture Holdings Ltd
DETX,1919776,"LIBERTY DEFENSE HOLDINGS, LTD."
EPOW,1780731,E-Power Inc.
BIOX,1769484,Bioceres Crop Solutions Corp.
UONE,1041657,"URBAN ONE, INC."
MODD,1074871,"Modular Medical, Inc."
QNTM,1771885,Quantum Biopharma Ltd.
CCM,1472072,Concord Medical Services Holdings Ltd
NCEL,1783036,NewcelX Ltd.
TVGN,1860871,Tevogen Bio Holdings Inc.
TTIPF,1877778,"Thiogenesis Therapeutics, Corp."
CKX,352955,"CKX LANDS, INC."
KALA,1479419,"KALA BIO, Inc."
VNTG,2027160,Vantage Corp (Singapore)
SPRS,747540,SURGE COMPONENTS INC
AHT,1232582,ASHFORD HOSPITALITY TRUST INC
SMXT,1519472,"SolarMax Technology, Inc."
COGDF,1557440,Compass Gold Corp
ILAL,1657214,International Land Alliance Inc.
KMRK,2049187,K-TECH SOLUTIONS CO LTD
MNDO,1119083,MIND CTI LTD
ARAI,1818274,Arrive AI Inc.
BRLS,1852973,Borealis Foods Inc.
POWMF,1988634,Power Metal Resources PLC
VYNE,1566044,VYNE Therapeutics Inc.
LGVN,1721484,Longeveron Inc.
PAYD,1017655,PAID INC
AVAT,2092446,Avalanche Treasury Corp
RCG,919567,"RENN Fund, Inc."
GRLMF,2055938,GreenLight Metals Inc.
ARKR,779544,ARK RESTAURANTS CORP
CTRM,1720161,Castor Maritime Inc.
MWYN,2030522,"Marwynn Holdings, Inc."
FOXX,2013807,Foxx Development Holdings Inc.
ROMJF,1742195,Rubicon Organics Inc.
MRNO,1988776,Murano Global Investments Plc
TBTC,1090396,TABLE TRAC INC
PSHG,1481241,Performance Shipping Inc.
GRTX,1563577,"Galera Therapeutics, Inc."
AAQL,1672571,Antiaging Quantum Living Inc.
AIXC,1460702,"AIxCrypto Holdings, Inc."
LPSIF,1472466,LEGEND POWER SYSTEMS INC.
RVP,946563,RETRACTABLE TECHNOLOGIES INC
GOVB,1978811,"Gouverneur Bancorp, Inc./MD/"
SFCX,1624985,SUPA Consolidated Inc.
YXT,1872090,YXT.COM GROUP HOLDING Ltd
NGTF,1593001,"NightFood Holdings, Inc."
IEGCF,1537317,Independence Gold Corp.
AMOD,1862463,"ALPHA MODUS HOLDINGS, INC."
MSBB,1967306,"Mercer Bancorp, Inc."
JVA,1007019,COFFEE HOLDING CO INC
INTZ,736012,INTRUSION INC
PSQH,1847064,"PSQ Holdings, Inc."
BHV,1169034,BLACKROCK VIRGINIA MUNICIPAL BOND TRUST
HOWL,1785530,"Werewolf Therapeutics, Inc."
JGLDF,1686000,Japan Gold Corp.
GNOLF,1261002,GENOIL INC
RKTO,1711786,Rocket One Inc.
LPCN,1535955,Lipocine Inc.
YAAS,1964946,Youxin Technology Ltd
JF,1716338,J & Friends Holdings Ltd
EFOI,924168,"ENERGY FOCUS, INC/DE"
BLTH,1487718,"AMERICAN BATTERY MATERIALS, INC."
TMDE,2009714,TMD Energy Ltd
AIHS,1711012,Senmiao Technology Ltd
TLF,909724,TANDY LEATHER FACTORY INC
INUV,829323,"Inuvo, Inc."
PASW,1897532,"Ping An Biomedical Co., Ltd."
PSIG,1997201,PS International Group Ltd.
MOBQ,1084267,"Mobiquity Technologies, Inc."
ICU,1831868,SeaStar Medical Holding Corp
AUSI,826253,AURA SYSTEMS INC
IRIX,1006045,IRIDEX CORP
GEDC,1174891,"TerraVolt Holdings, Inc."
MSGM,1821175,Motorsport Games Inc.
QH,1781193,QUHUO Ltd
SSGC,1584693,SafeSpace Global Corp
LGPS,2040290,LOGPROSTYLE INC.
WMLLF,1077640,Wealth Minerals Ltd.
NEUP,1191070,Neuphoria Therapeutics Inc.
REFR,793524,RESEARCH FRONTIERS INC
VAUCF,1723047,Viva Gold Corp.
ONEG,2030834,OneConstruction Group Ltd
AUID,1534154,authID Inc.
DSY,1999297,Big Tree Cloud Holdings Ltd
MDRR,1654595,"Medalist Diversified, Inc."
MAPPF,1493130,PROSTAR HOLDINGS INC. /BC
NXPL,1058307,NextPlat Corp
CYN,1874097,Cyngn Inc.
TOMZ,314227,"TOMI Environmental Solutions, Inc."
ATCX,1684688,ATLAS CRITICAL MINERALS Corp
HRGN,1563665,"Harvard Apparatus Regenerative Technology, Inc."
ALLR,1860657,"Allarity Therapeutics, Inc."
HHS,45919,HARTE HANKS INC
TURB,1963439,"Turbo Energy, S.A."
KDOZF,1318482,KIDOZ INC.
ASTC,1001907,ASTROTECH Corp
DUKR,1638911,DUKE Robotics Corp.
PRHI,1502292,"Presurance Holdings, Inc."
RAIN,2028293,"Rain Enhancement Technologies Holdco, Inc."
CLOQ,1437517,"CYBERLOQ TECHNOLOGIES, INC."
WBSR,1645155,Webstar Technology Group Inc.
FABC,1086745,"Fabric.AI, Inc."
NNUP,888981,NOCOPI TECHNOLOGIES INC/MD/
ORIO,1602842,Orion Digital Corp.
PLUR,1158780,Pluri Inc.
LHAI,2017758,Linkhome Holdings Inc.
AMSS,1851491,AMASS BRANDS
RECT,1995116,Rectitude Holdings Ltd.
MYND,1708441,"Mynd.ai, Inc."
SDST,1831979,Stardust Power Inc.
LRRIF,1992500,Lion Rock Resources Inc.
JSPR,1788028,"Jasper Therapeutics, Inc."
KARX,1729637,Karbon-X Corp.
SAGT,2029138,SAGTEC GLOBAL Ltd
TRGXF,1861479,Terra Rossa Gold Ltd.
ALGRF,1703292,KENADYR METALS CORP
MPU,1953021,Mega Matrix Inc
WNDW,1071840,"SolarWindow Technologies, Inc."
OTLC,908259,"Oncotelic Therapeutics, Inc."
STLY,797465,"HG Holdings, Inc."
DBGI,1668010,"Digital Brands Group, Inc."
AIFF,803578,"FIREFLY NEUROSCIENCE, INC."
PTN,911216,PALATIN TECHNOLOGIES INC
RAY,1948443,Raytech Holding Ltd
FENG,1509646,Phoenix New Media Ltd
ARLSF,1852354,ARGO GRAPHENE SOLUTIONS CORP.
TWOSF,877028,T2 Metals Corp.
TULP,875355,"BLOOMIA HOLDINGS, INC."
LIMX,1803977,Limitless X Holdings Inc.
WFF,1980210,WF Holding Ltd
LRE,1888980,"LEAD REAL ESTATE CO., LTD"
AWHL,926617,Aspira Women's Health Inc.
RDGMF,1820025,Ridgeline Minerals Corp
MGIH,1903995,Millennium Group International Holdings Ltd
GGRP,1854445,"Glimpse Group, Inc."
MXC,66418,MEXCO ENERGY CORP
COSM,1474167,Cosmos Health Inc.
ZEOX,1557376,"Zeo ScientifiX, Inc."
UZX,1969401,Linkage Global Inc
QNCX,1662774,"Quince Therapeutics, Inc."
NTZ,900391,NATUZZI S P A
CXAI,1820875,CXApp Inc.
RITR,1951229,Reitar Logtech Holdings Ltd
OHCFF,1735514,Light AI Inc.
TARSF,1409036,Silver North Resources Ltd.
SOS,1346610,SOS Ltd
EQS,878932,"EQUUS TOTAL RETURN, INC."
TOPP,1960847,Toppoint Holdings Inc.
ALAR,1725332,Alarum Technologies Ltd.
BIVI,1580149,BIOVIE INC.
VNRX,93314,VOLITIONRX LTD
FLUX,1083743,"Flux Power Holdings, Inc."
TRXA,1437750,T-REX Acquisition Corp.
IHT,82473,INNSUITES HOSPITALITY TRUST
MBRX,1659617,"Moleculin Biotech, Inc."
MRAI,1844392,"Marpai, Inc."
IOTR,1997637,iOThree Ltd
KTTA,1841330,Pasithea Therapeutics Corp.
EPSM,1883437,Epsium Enterprise Ltd
AWCA,1021917,"Awaysis Capital, Inc."
MOGU,1743971,MOGU Inc.
PRKR,914139,PARKERVISION INC
AIJTY,1713923,Jianpu Technology Inc.
NHTC,912061,NATURAL HEALTH TRENDS CORP
CYCN,1755237,"Cyclerion Therapeutics, Inc."
STSBF,1307926,South Star Battery Metals Corp.
GIGM,1105101,GIGAMEDIA Ltd
CTXR,1506251,"Citius Pharmaceuticals, Inc."
SVRN,1869467,OceanPal Inc.
CHKR,1524769,CHESAPEAKE GRANITE WASH TRUST
SKYQ,1812447,Sky Quarry Inc.
LEXX,1348362,Lexaria Bioscience Corp.
UPYY,1677897,UPAY
PMI,2030617,"Picard Medical, Inc."
AEHL,1470683,Antelope Enterprise Holdings Ltd
KUBR,1081834,Kuber Resources Corp
EDTK,1782309,Skillful Craftsman Education Technology Ltd
OBAI,1756064,"Our Bond, Inc."
NZERF,1509705,New Zealand Energy Corp.
TPST,1544227,"Tempest Therapeutics, Inc."
YTFD,1311673,"Yale Transaction Finders, Inc."
GTBP,109657,"GT Biopharma, Inc."
WETH,1826660,Wetouch Technology Inc.
BLIN,1378590,"Bridgeline Digital, Inc."
HIND,1427570,"Vyome Holdings, Inc"
SMX,1940674,SMX (Security Matters) Public Ltd Co
TGHL,2024114,GrowHub Ltd
GLOH,1114859,"Glow Holdings, Inc."
AIEV,1912582,"Thunder Power Holdings, Inc."
SLAI,1517496,SOLAI Ltd
DYNR,1111741,"DYNARESOURCE, INC."
ZDAI,1966678,"DirectBooking Technology Co., Ltd."
LDDD,1892316,Longduoduo Co Ltd
GTEC,1735041,Greenland Technologies Holding Corp.
MMCP,1879293,"Mag Mile Capital, Inc."
GTIM,825324,Good Times Restaurants Inc.
NEWH,1371128,"NewHydrogen, Inc."
PCSV,1122020,"PCS Edventures!, Inc."
AUST,1817740,Austin Gold Corp.
BRN,10048,BARNWELL INDUSTRIES INC
NEON,87050,Neonode Inc.
ANY,1591956,Sphere 3D Corp.
BGAVF,1500620,Bravada Gold Corp
APHP,1771995,American Picture House Corp
TLIH,1982012,Ten-League International Holdings Ltd
THH,2044241,TryHard Holdings Ltd
UPLD,1505155,"Upland Software, Inc."
DGCOF,1809267,Daura Capital Corp.
MTTAF,1999111,Meta Critical Minerals Inc.
LSH,1996192,Lakeside Holding Ltd
ZJYL,1837821,Jin Medical International Ltd.
CALC,1534133,"CalciMedica, Inc."
BTCT,1796514,BTC Digital Ltd.
SUNE,22701,"SUNation Energy, Inc."
CAHO,1678105,Caro Holdings Inc.
ENDMF,1524326,Enduro Metals Corp.
MDWK,1295514,"MDWerks, Inc."
PASG,1787297,"Passage BIO, Inc."
RITE,1096296,MINERALRITE Corp
SCNX,1382574,"Scienture Holdings, Inc."
GWTI,1572386,"GREENWAY TECHNOLOGIES, INC. & SUBSIDIARIES"
ASFH,1828748,ASIAFIN HOLDINGS CORP.
FRECF,1816133,Frequency Exchange Corp.
SPST,1192323,Superstar Platforms Inc.
IVFH,312257,INNOVATIVE FOOD HOLDINGS INC
COCP,1412486,"Cocrystal Pharma, Inc."
NRIS,1603793,"Norris Industries, Inc."
SWVL,1875609,Swvl Holdings Corp
RCT,2027360,RedCloud Holdings plc
DOGZ,1707303,Dogness (International) Corp
DLPN,1282224,"Dolphin Entertainment, Inc."
WVVI,838875,WILLAMETTE VALLEY VINEYARDS INC
CNTMF,1758124,Fluent Corp.
RYES,1424864,Rise Gold Corp.
AIRI,1009891,AIR INDUSTRIES GROUP
MTWO,1753373,"M2i Global, Inc."
BCDA,925741,"BioCardia, Inc."
ADIA,1160420,"Adia Nutrition, Inc."
GRAPF,1715272,First Canadian Graphite Inc.
ZBAO,1966750,Zhibao Technology Inc.
NAII,787253,NATURAL ALTERNATIVES INTERNATIONAL INC
AIMD,1014763,"Ainos, Inc."
BFRI,1858685,Biofrontera Inc.
XERI,1481504,"XERIANT, INC."
VCIG,1930510,VCI Global Ltd
PCMC,1141964,PUBLIC CO MANAGEMENT CORP
GYRO,1589061,"Gyrodyne, LLC"
MMA,1981519,MIXED MARTIAL ARTS GROUP LTD
TAOP,1552670,Taoping Inc.
INTI,1042418,"Inhibitor Therapeutics, Inc."
PRZO,1916241,ParaZero Technologies Ltd.
BLRX,1498403,BioLineRx Ltd.
OXBR,1584831,OXBRIDGE RE HOLDINGS Ltd
QMCI,1101433,QUOTEMEDIA INC
CUPR,1995704,Cuprina Holdings (Cayman) LTD
ETS,2053641,Elite Express Holding Inc.
SMSI,948708,"SMITH MICRO SOFTWARE, INC."
TPET,1898766,Trio Petroleum Corp
CHOW,2041829,ChowChow Cloud International Holdings Ltd
CFOO,1310630,China Foods Holdings Ltd.
HUIZ,1778982,Huize Holding Ltd
BTOC,1972529,Armlogi Holding Corp.
COOT,1959994,Australian Oilseeds Holdings Ltd
BNGO,1411690,"Bionano Genomics, Inc."
INAB,1740279,"IN8BIO, INC."
LEDS,1333822,SemiLEDs Corp
EDUC,31667,EDUCATIONAL DEVELOPMENT CORP
ICMB,1578348,"Investcorp Credit Management BDC, Inc."
ULTHF,1850269,NordX Metals Corp.
BFRG,1829247,"BullFrog AI Holdings, Inc."
ARTW,7623,ARTS WAY MANUFACTURING CO INC
FNFI,1065823,FIRST NILES FINANCIAL INC
AEON,1837607,"AEON Biopharma, Inc."
ADGM,2006986,"Adagio Medical Holdings, Inc."
NVNI,1965143,Nvni Group Ltd
PBSV,1304161,"Pharma-Bio Serv, Inc."
BKUCF,1463978,BLUE SKY URANIUM CORP.
UEEC,1096938,"United Health Products, Inc."
AIFA,1708341,"All In FutureTech Alliance, Inc."
TRUFF,1836747,Red Light Holland Corp.
INTS,1567264,"INTENSITY THERAPEUTICS, INC."
KLGDF,1901931,Kalo Gold Corp.
JBDI,1964314,JBDI Holdings Ltd
LNAI,1527728,Lunai Bioworks Inc.
ALRTF,1930419,ALR Technologies SG Ltd.
HCAI,1958399,"Huachen AI Parking Management Technology Holding Co., Ltd"
NROM,709005,NOBLE ROMANS INC
CEXYF,1836503,GIANT MINING CORP.
REED,1140215,"REED'S, INC."
IDAI,1718939,T Stamp Inc
CMMB,1534248,Chemomab Therapeutics Ltd.
EBON,1799290,Ebang International Holdings Inc.
DROR,1282980,"Dror Ortho-Design, Inc."
IAALF,1450894,IBC Advanced Alloys Corp.
WKSP,1096275,Worksport Ltd
CLWT,1026662,EURO TECH HOLDINGS CO LTD
RSMXF,1858994,Regency Silver Corp.
KNRX,1982960,KNOREX LTD.
CLIK,2020027,Click Holdings Ltd.
GFAI,1804469,"Guardforce AI Co., Ltd."
NGLD,1605481,Nevada Canyon Gold Corp.
ATER,1757715,"Aterian, Inc."
ICCM,1584371,IceCure Medical Ltd.
BHSIF,1432588,BAYHORSE SILVER INC.
CSDX,1106861,CS DIAGNOSTICS CORP.
AETN,764630,"AETERNUM HEALTH, INC."
BON,1816815,Bon Natural Life Ltd
CBLO,1882781,"C2 Blockchain, Inc."
CISO,1777319,"CISO Global, Inc."
BIYA,1944712,Baiya International Group Inc.
PRSO,890394,Peraso Inc.
GXAI,1895618,GAXOS.AI INC.
SEED,1321851,Origin Agritech LTD
RWAX,1119190,"TAP REAL ESTATE TECHNOLOGIES, INC."
HNOI,1342916,"HNO International, Inc."
UUU,102109,"UNIVERSAL SAFETY PRODUCTS, INC."
REBN,1707910,"Reborn Coffee, Inc."
MYSE,1648960,"Myseum.AI, Inc."
TRGEF,1989815,Targa Exploration Corp.
HUDI,1791725,"Huadi International Group Co., Ltd."
POM,1877971,POMDOCTOR Ltd
SEGG,1673481,Sports Entertainment Gaming Global Corp
CABR,2020737,"Caring Brands, Inc."
PHIO,1533040,Phio Pharmaceuticals Corp.
FEMY,1339005,FEMASYS INC
FXBY,1068897,FOXBY CORP.
GDTC,1873093,CytoMed Therapeutics Ltd
CHAI,1649009,"Core AI Holdings, Inc."
BCLI,1137883,BRAINSTORM CELL THERAPEUTICS INC.
ORESF,1481857,Orestone Mining Corp.
TRAW,1130598,"Traws Pharma, Inc."
COPAF,1420049,COPAUR MINERALS INC.
STQN,847942,STRATEGIC ACQUISITIONS INC /NV/
OSRH,1840425,"OSR Health, Inc."
PETZ,1684425,"TDH Holdings, Inc."
SKK,1991261,SKK Holdings Ltd
VNOV,1699709,VitaNova Life Sciences Corp
GOCOQ,1808220,"GoHealth, Inc."
XCUR,1698530,"EXICURE, INC."
VEEA,1840317,VEEA INC.
NYMXF,1018735,NYMOX PHARMACEUTICAL CORP
MTEK,1872964,Maris Tech Ltd.
INEO,1933951,INNEOVA Holdings Ltd
KPRX,1372514,KIORA PHARMACEUTICALS INC
NAMI,1967631,Jinxin Technology Holding Co
BANL,1914805,CBL International Ltd
PBM,1985062,PSYENCE BIOMEDICAL LTD.
JAGX,1585608,"Jaguar Health, Inc."
LHSW,2004024,Lianhe Sowell International Group Ltd
ELOG,2013320,Eastern International Ltd.
TOVX,894158,"Theriva Biologics, Inc."
CTGL,1498067,SKYTECH ORION GLOBAL CORP.
BGI,1179821,BIRKS GROUP INC.
RMCF,1616262,"Rocky Mountain Chocolate Factory, Inc."
RVSN,1743905,Rail Vision Ltd.
FCCI,1807689,"FAST CASUAL CONCEPTS, INC."
SFHG,1926792,SAMFINE CREATION HOLDINGS GROUP Ltd
PFHO,1138476,PACIFIC HEALTH CARE ORGANIZATION INC
BMGL,2004489,Basel Medical Group Ltd
CETY,1329606,"Clean Energy Technologies, Inc."
MSAI,1863990,"MultiSensor AI Holdings, Inc."
GP,1584547,GREENPOWER MOTOR Co INC.
ECTM,1487798,ECA Marcellus Trust I
SINT,1269026,"Sintx Technologies, Inc."
ELECF,1817083,Electric Royalties Ltd.
VIZND,1704476,VISIONARY METALS CORP.
CSAI,1709628,"CLOUDASTRUCTURE, INC."
JPOTF,1061612,Jackpot Digital Inc.
PUBC,1575858,Purebase Corp
DFNS,1787518,T3 Defense Inc.
LILIF,1689448,Argentina Lithium & Energy Corp.
IMRN,1660046,Immuron Ltd
VTGN,1411685,"Vistagen Therapeutics, Inc."
APUS,1894525,"Apimeds Pharmaceuticals US, Inc."
MMTIF,1085921,MICROMEM TECHNOLOGIES INC
HKPD,2007702,"Cellyan Biotechnology Co., Ltd"
GMVMF,1495730,GMV Minerals Inc.
BGL,2019435,Blue Gold Ltd
TWOH,1494413,Two Hands Corp
MILIF,1866460,Military Metals Corp.
YNVYF,1427728,YNVISIBLE INTERACTIVE INC.
GRNL,1282571,GREENLITE VENTURES INC
AIRE,1859199,reAlpha Tech Corp.
XITO,1651932,"Xenous Holdings, Inc."
GARWF,1403870,Golden Arrow Resources Corp
AWX,1061069,AVALON HOLDINGS CORP
OST,1803407,"Ostin Technology Group Co., Ltd."
LZMH,1967397,LZ Technology Holdings Ltd
NIMU,720762,NON INVASIVE MONITORING SYSTEMS INC /FL/
CVR,19871,CHICAGO RIVET & MACHINE CO
CMCT,908311,Creative Media & Community Trust Corp
CLEV,1414382,Concrete Leveling Systems Inc
CBAI,2082729,Coolbit Technologies Ltd
TDTH,1983550,Trident Digital Tech Holdings Ltd
TKLF,1836242,"Tokyo Lifestyle Co., Ltd."
GVH,1978527,Globavend Holdings Ltd
BICX,1443863,BioCorRx Inc.
GPMTF,1677084,GPM Metals Inc.
IVDN,1190370,INNOVATIVE DESIGNS INC
DKI,2058584,DarkIris Inc.
LOBO,1932072,LOBO TECHNOLOGIES LTD.
NMEX,1415744,NORTHERN MINERALS & EXPLORATION LTD.
BNKK,1760903,"BONK, INC."
BNET,875729,BION ENVIRONMENTAL TECHNOLOGIES INC
LOTT,1568969,Techlott Inc.
YMAT,1875016,"J-Star Holding Co., Ltd."
PLCKF,1848782,Plurilock Security Inc.
VSA,1592560,VisionSys AI Inc
AMS,744825,AMERICAN SHARED HOSPITAL SERVICES
MARPS,62362,MARINE PETROLEUM TRUST
XELB,1083220,"XCel Brands, Inc."
IFBD,1815566,"Infobird Co., Ltd"
LCTC,1493137,"Lifeloc Technologies, Inc"
CODX,1692415,"Co-Diagnostics, Inc."
WXM,1979610,WF International Ltd.
HWH,1897245,HWH International Inc.
AQMS,1621832,"Aqua Metals, Inc."
KWM,2000756,K Wave Media Ltd.
RYOOF,1683274,Rio Silver Inc.
HWKE,1750777,"Hawkeye Systems, Inc."
MTEX,1056358,MANNATECH INC
MOJO,1414953,EQUATOR Beverage Co
MGNC,1949864,Mag Magna Corp
NXL,1527352,"Nexalin Technology, Inc."
UBXG,1888525,U-BX Technology Ltd.
HLYK,1680139,HealthLynked Corp
CVAT,1376793,"Cavitation Technologies, Inc."
JUNS,1679628,"JUPITER NEUROSCIENCES, INC."
OMH,1944902,Ohmyhome Ltd
QWTR,1487091,"Quest Water Global, Inc."
AGRZ,2009233,Agroz Inc.
CRIS,1108205,CURIS INC
GULTU,1565146,Gulf Coast Ultra Deep Royalty Trust
FGI,1864943,FGI Industries Ltd.
VS,1701963,Versus Systems Inc.
MVO,1371782,MV Oil Trust
MBAI,1610590,Check-Cap Ltd
PURE,1006028,"PURE BIOSCIENCE, INC."
CVKD,1937993,"Cadrenal Therapeutics, Inc."
APRE,1781983,"Aprea Therapeutics, Inc."
MTVA,1638287,MetaVia Inc.
SNTW,1619096,Summit Networks Inc.
SPFX,1807893,"STANDARD PREMIUM FINANCE HOLDINGS, INC."
CLNV,1391426,Clean Vision Corp
ALTUF,1977971,Altura Energy Corp.
FEBO,1957001,Fenbo Holdings Ltd
JCTC,885307,JEWETT CAMERON TRADING CO LTD
SDCH,1022505,"SideChannel, Inc."
HSCS,1468492,HeartSciences Inc.
ADVB,1941029,Advanced Biomed Inc.
CPIVF,1712294,CAPTIVA VERDE WELLNESS CORP.
SBDS,1870600,"Solo Brands, Inc."
FTRK,2027262,Fast Track Group
KPEA,1502557,Kun Peng International Ltd.
QNRX,1671502,"Quoin Pharmaceuticals, Ltd."
VRME,1104038,"VerifyMe, Inc."
YYAI,1674440,AIRWA INC.
INM,1728328,InMed Pharmaceuticals Inc.
SUND,1171838,"Sundance Strategies, Inc."
CMHSF,1889352,COMPREHENSIVE HEALTHCARE SYSTEMS INC. (CANADA)
BRTX,1505497,"BioRestorative Therapies, Inc."
HTOO,1819794,Fusion Fuel Green PLC
ZCRMF,1425061,ZINCORE METALS INC
NCL,1923780,Northann Corp.
BTTC,2034400,Black Titan Corp
VNTXF,1754180,FORTE GROUP HOLDINGS INC.
APMCF,1628935,MORIEN RESOURCES CORP.
SURG,1392694,"SurgePays, Inc."
CCOOF,1853599,CORE SILVER CORP.
APCX,1070050,AppTech Payments Corp.
JZ,1852440,Jianzhi Education Technology Group Co Ltd
IMNN,749647,"Imunon, Inc."
DTSS,2110423,Datasea Intelligent Technology Ltd.
SCND,87802,SCIENTIFIC INDUSTRIES INC
YCBD,1644903,"cbdMD, Inc."
SYBX,1527599,"SYNLOGIC, INC."
KTEL,845819,"KonaTel, Inc."
RNAZ,1829635,"Transcode Therapeutics, Inc."
EWSB,2013792,"EWSB Bancorp, Inc. /MD/"
UUUFF,2056751,Recharge Resources Ltd.
CENN,1707919,Cenntro Inc.
SOAR,1853070,"Volato Group, Inc."
HUBC,1905660,Hub Cyber Security Ltd.
BBBMF,1829809,Lux Metals Corp.
CGDCF,1342325,Carlin Gold Corp
JTAI,1861622,Jet.AI Inc.
KLYG,1372114,"Kelyniam Global, Inc."
XWEL,1410428,"XWELL, Inc."
GNVR,1792941,Genvor Inc
ASBP,1847345,"Aspire Biopharma Holdings, Inc."
AMLM,1356371,"AMERICAN LITHIUM MINERALS, INC."
GLXG,1905920,Galaxy Payroll Group Ltd
YHGJ,1042187,YUNHONG GREEN CTI LTD.
QURT,1549631,"Quarta-Rad, Inc."
BCUFF,1477201,Bell Copper Corp
ARBB,1930179,ARB IOT Group Ltd
UK,1821424,Ucommune International Ltd
KAPA,1962011,"Kairos Pharma, LTD."
ILAG,1814963,Intelligent Living Application Group Inc.
ITOC,1970544,iTonic Holdings Ltd
RIME,923601,"Algorhythm Holdings, Inc."
DLXY,2025218,Delixy Holdings Ltd
KXIN,1713539,Kaixin Holdings
AIM,946644,AIM ImmunoTech Inc.
CYDX,1388994,"CYduct Diagnostics, Inc."
NIOMF,1937453,First American Uranium Inc.
MSN,32621,EMERSON RADIO CORP
GMM,1913749,Global Mofy AI Ltd
MTEN,1948099,Mingteng International Corp Inc.
TRIB,888721,TRINITY BIOTECH PLC
DTST,1419951,Data Storage Corp
GITS,1911545,"Global Interactive Technologies, Inc."
NVNO,1661053,enVVeno Medical Corp
CGTL,1967822,Creative Global Technology Holdings Ltd
MRM,1819704,Medirom Healthcare Technologies Inc.
CNSP,1729427,"CNS Pharmaceuticals, Inc."
GCDT,1926293,Green Circle Decarbonize Technology Ltd
AHNRF,1304409,ATHENA GOLD CORP
PMCB,1157075,"PharmaCyte Biotech, Inc."
FAMI,1701261,"Farmmi, Inc."
RVPH,1742927,"REVIVA PHARMACEUTICALS HOLDINGS, INC."
VYND,1745078,"Vynleads, Inc."
MCUJF,1133519,MEDICURE INC
TGL,1905956,TREASURE GLOBAL INC
AITTF,1520556,TRENCHANT TECHNOLOGIES CAPITAL CORP.
WGRX,2030763,"Wellgistics Health, Inc."
NVVE,1836875,Nuvve Holding Corp.
GLE,1908705,Global Engine Group Holding Ltd
EDHL,2024876,Everbright Digital Holding Ltd.
BRGX,1593184,"BIOREGENX, INC."
HXHX,1936817,Haoxin Holdings Ltd
HCWB,1828673,HCW Biologics Inc.
AIDX,1139685,"20/20 Biolabs, Inc."
ADXN,1574232,Addex Therapeutics Ltd.
SNES,1680378,"SenesTech, Inc."
KITT,1849820,"Nauticus Robotics, Inc."
BOLT,1641281,"Bolt Biotherapeutics, Inc."
CMBMF,1738177,Cambium Networks Corp
BRQL,1854526,DYNAMIC AEROSPACE SYSTEMS Corp
LUCY,1808377,Innovative Eyewear Inc
INNPF,1889791,INNOCAN PHARMA Corp
SPHL,2002236,SPRINGVIEW HOLDINGS LTD
CPOP,1807389,"Pop Culture Group Co., Ltd"
EUEMF,1993599,European Energy Metals Corp.
FBGL,1938534,FBS Global Ltd
YJ,1759614,Yunji Inc.
AUUD,1554818,AUDDIA INC.
THURF,1536811,Thunderstruck Resources Ltd.
BNZI,1826011,"Banzai International, Inc."
CANF,1536196,Can-Fite BioPharma Ltd.
SYRA,1922335,Syra Health Corp
IMIMF,1866146,Interra Copper Corp.
TRLEF,1648636,Trillion Energy International Inc.
ACON,1635077,"Aclarion, Inc."
AVCRF,1355736,Avricore Health Inc.
TRBMF,1406944,TORQ RESOURCES INC.
WAFU,1716770,Wah Fu Education Group Ltd
NXTC,1661059,"NextCure, Inc."
IONI,1580490,I-ON Digital Corp.
SERPY,2075349,Top End Energy Ltd/ADR
NDRA,1681682,ENDRA Life Sciences Inc.
SYNX,1976443,Silynxcom Ltd.
HIRU,925779,HIRU Corp
CLGN,1631487,CollPlant Biotechnologies Ltd
GAUZ,1781446,Gauzy Ltd.
MMTRS,66496,MILLS MUSIC TRUST
PMNT,1849221,Perfect Moment Ltd.
ERNA,748592,Ernexa Therapeutics Inc.
JCSE,1905511,JE Cleantech Holdings Ltd
LIMN,1971387,"Liminatus Pharma, Inc."
CRWE,1103833,"Crown Equity Holdings, Inc."
WLFFF,1544883,Wolfden Resources Corp
XTLB,1023549,XTL BIOPHARMACEUTICALS LTD
CRE,2003977,Cre8 Enterprise Ltd
DXYN,29332,DIXIE GROUP INC
ROYL,1694617,"Royale Energy, Inc."
BTBD,1718224,"BT Brands, Inc."
IQST,1527702,iQSTEL Inc
GDC,1641398,GD Culture Group Ltd
MSGY,2020228,Masonglory Ltd
VSBGF,1757207,VSBLTY GROUPE TECHNOLOGIES CORP.
AMST,1807166,Amesite Inc.
SKAS,1128281,"Saker Aviation Services, Inc."
TANH,1588084,TANTECH HOLDINGS LTD
AMBO,1494558,Ambow Education Holding Ltd.
AIXN,835662,"AiXin Life International, Inc."
OCLN,1419793,"ORIGINCLEAR, INC."
SKFG,1794942,"Stark Focus Group, Inc."
CETI,1935092,"Cyber Enviro-Tech, Inc."
SILO,1514183,"Silo Pharma, Inc."
DQWS,1652561,DSwiss Inc
ACXP,1736243,"Acurx Pharmaceuticals, Inc."
HGTXU,862022,HUGOTON ROYALTY TRUST
MFBI,2024899,"Monroe Federal Bancorp, Inc."
APM,1734005,Aptorum Group Ltd
PULM,1574235,"Pulmatrix, Inc."
CURX,2025942,Curanex Pharmaceuticals Inc
BCAB,1826892,"BioAtla, Inc."
URZEF,1398713,URZ3 ENERGY CORP.
MGRX,1938046,"MANGOCEUTICALS, INC."
XBIO,1534525,"Xenetic Biosciences, Inc."
JYD,1938186,Jayud Global Logistics Ltd
NTCL,1927578,NetClass Technology Inc
HWNI,1413891,"HIGH WIRE NETWORKS, INC."
CEIN,1309082,"CAMBER ENERGY, INC."
GOVX,832489,"GeoVax Labs, Inc."
CWD,1627282,CaliberCos Inc.
PIAC,845385,PRINCETON CAPITAL CORP
VVOS,1716166,"Vivos Therapeutics, Inc."
ADIL,1513525,"ADIAL PHARMACEUTICALS, INC."
BABB,1123596,"BAB, INC."
POLA,1622345,"Polar Power, Inc."
MEGL,1881472,Magic Empire Global Ltd
EVGN,1574565,Evogene Ltd.
XCRT,1138586,"Xcelerate, Inc."
MWG,1941500,Multi Ways Holdings Ltd
ORKT,1979407,ORANGEKLOUD TECHNOLOGY INC.
WOK,1929783,WORK Medical Technology Group LTD
PCSA,1533743,"Processa Pharmaceuticals, Inc."
DSNY,1099369,DESTINY MEDIA TECHNOLOGIES INC
ZDPY,1279620,"Zoned Properties, Inc."
GNPX,1595248,"Genprex, Inc."
IPDN,1546296,"Professional Diversity Network, Inc."
MITQ,1770236,MOVING iMAGE TECHNOLOGIES INC.
SONM,1178697,"DNA X, Inc."
SNOA,1367083,"Sonoma Pharmaceuticals, Inc."
XAIR,1641631,"Beyond Air, Inc."
MASK,1993097,3 E Network Technology Group Ltd
MIMI,1998560,Mint Inc Ltd
KRTL,1288614,KRTL Holding Group Inc
MTR,313364,MESA ROYALTY TRUST/TX
GURE,885462,"GULF RESOURCES, INC."
CELZ,1187953,"CREATIVE MEDICAL TECHNOLOGY HOLDINGS, INC."
STME,1493712,Stimcell Energetics Inc.
ONEI,1388295,OneMeta Inc.
BQ,1815021,Boqii Holding Ltd
RMSG,1983324,Real Messenger Corp
MHUAF,1835615,"Meihua International Medical Technologies Co., Ltd."
GELS,1920092,Gelteq Ltd
DSS,771999,"DSS, INC."
SSM,1840416,Sono Group N.V.
GLGI,1088413,"GREYSTONE LOGISTICS, INC."
HAMRF,1868866,SILVER HAMMER MINING CORP
CCHH,2074123,CCH Holdings Ltd
GLNS,1375348,Golden Star Resource Corp.
SNTG,1810467,Sentage Holdings Inc.
NCNA,1709626,NuCana plc
FASLF,1731854,First Andes Silver Ltd.
SABOF,1896752,Sabio Holdings Inc.
NTRX,1363598,"Entrex Carbon Market, Inc."
OLOX,1023994,OLENOX INDUSTRIES INC.
ALP,1095435,Alpha Compute Corp
BKYI,1019034,BIO KEY INTERNATIONAL INC
ENVB,890821,"Enveric Biosciences, Inc."
CTNT,1951667,CHEETAH NET SUPPLY CHAIN SERVICE INC.
KIQSF,1161814,KELSO TECHNOLOGIES INC
LTUM,1415332,Lithium Corp
ADMQ,1588014,"ADM ENDEAVORS, INC."
TDIC,2041338,Dreamland Ltd
ZSTK,1790169,ZeroStack Corp.
CYCU,1868419,"Cycurion, Inc."
SRRE,1083490,SUNRISE REAL ESTATE GROUP INC
DFSC,1889823,DEFSEC Technologies Inc.
CRCW,1688126,Crypto Co
KRKR,1779476,36Kr Holdings Inc.
SNGX,812796,"SOLIGENIX, INC."
MBIO,1680048,"MUSTANG BIO, INC."
EHGO,1879754,EShallGo Inc.
NVGLF,1607807,NV Gold Corp
CDIO,1870144,"Cardio Diagnostics Holdings, Inc."
LCFY,1875547,Locafy Ltd
VSEE,1864531,"VSEE HEALTH, INC."
AKAN,1888014,AKANDA CORP.
BLIS,1703625,"NAPC Defense, Inc."
RENX,1959023,RenX Enterprises Corp.
MLEC,1937737,Moolec Science SA
INTJ,1916416,Intelligent Group Ltd
DRMA,1853816,"Dermata Therapeutics, Inc."
YDKG,1413745,Yueda Digital Holding
AAMTF,1327899,Armada Mercantile Ltd
BMRA,73290,BIOMERICA INC
NXTS,1789192,Nexentis Technologies Inc.
EJH,1769768,E-Home Household Service Holdings Ltd
AREB,1648087,AMERICAN REBEL HOLDINGS INC
DXST,1958133,Decent Holding Inc.
ITHR,1919191,"Intelithrive, Inc."
INBS,1725430,INTELLIGENT BIO SOLUTIONS INC.
CDTG,1793895,CDT Environmental Technology Investment Holdings Ltd
CNFN,1352952,CFN Enterprises Inc.
NBLXF,1813419,Noble Plains Uranium Corp.
HCWC,1948864,HEALTHY CHOICE WELLNESS CORP.
OBULF,1927026,One Bullion Ltd
AMZE,1880343,"AMAZE HOLDINGS, INC."
WAST,1515139,WASTE ENERGY CORP.
NXGL,1468929,"NEXGEL, INC."
WYGC,723533,Wenyuan Group Corp.
TCRI,1481443,"TechCom, Inc."
VEST,1594968,Loan Artificial Intelligence Corp.
FMFC,2024656,Kandal M Venture Ltd
FCHDF,2048847,Fairchild Gold Corp.
INBP,1016504,INTEGRATED BIOPHARMA INC
ELAB,1840563,PMGC Holdings Inc.
IWSH,1279715,"Wright Investors Service Holdings, Inc."
HVGDF,921968,HARVEST GOLD CORP
CREG,721693,Smart Powerr Corp.
BGMS,1130166,"Bio Green Med Solution, Inc."
LTHIF,1364252,InZinc Mining Ltd.
PAVS,1751876,Paranovus Entertainment Technology Ltd.
TCRT,1107421,"Alaunos Therapeutics, Inc."
KWIK,1884164,"KwikClick, Inc."
OLB,1314196,"OLB GROUP, INC."
CHNR,793628,CHINA NATURAL RESOURCES INC
BIAF,1712762,"bioAffinity Technologies, Inc."
EGMCF,1199392,EMERGENT METALS CORP.
BASA,1448705,"BASANITE, INC."
SLE,1621672,"Super League Enterprise, Inc."
NWGL,1948294,CL Workshop Group Ltd
FWFW,1492617,"FLYWHEEL ADVANCED TECHNOLOGY, INC."
WNW,1787803,Meiwu Technology Co Ltd
BMXI,1122993,BROOKMOUNT EXPLORATIONS INC
JWEL,1805594,Jowell Global Ltd.
CYAB,2032341,"CYABRA, INC."
APVO,1671584,Aptevo Therapeutics Inc.
MTNB,1582554,"Matinas BioPharma Holdings, Inc."
TWAV,746210,"TaoWeave, Inc."
LMRMF,1588837,Lomiko Metals Inc.
NIVF,1981662,NewGenIvf Group Ltd
CIIT,1557798,"Tianci International, Inc."
POAS,2024258,PHAOS TECHNOLOGY HOLDINGS (CAYMAN) Ltd
AMBIQ,1937441,Ambipar Emergency Response
AWLIF,1866034,Ameriwest Critical Metals Inc.
AZI,1959726,Autozi Internet Technology (Global) Ltd.
ZPHYF,1613979,ZEPHYR MINERALS LTD.
FBLG,1958777,"FibroBiologics, Inc."
AQB,1603978,AQUABOUNTY TECHNOLOGIES INC
SMTK,1817760,"SmartKem, Inc."
CPMV,836564,Mosaic ImmunoEngineering Inc.
ABVEF,1979484,Above Food Ingredients Inc.
LABT,2079272,Lakewood-Amedex Biotherapeutics Inc.
OFAL,2036307,OFA Group
WAI,1938865,Top KingWin Ltd
FRSX,1691221,Foresight Autonomous Holdings Ltd.
SVBL,1031093,"SILVER BULL RESOURCES, INC."
ALZN,1677077,"Alzamend Neuro, Inc."
GPOX,1673475,"GPO Plus, Inc."
HTCR,1892322,"HeartCore Enterprises, Inc."
EEIQ,1781397,EpicQuest Education Group International Ltd
SRCO,318299,"SPARTA COMMERCIAL SERVICES, INC."
VERTF,1178526,Vertiqal Studios Corp.
CETX,1435064,CEMTREX INC
SBFM,1402328,Sunshine Biopharma Inc.
CVSI,1510964,"CV Sciences, Inc."
LBGJ,1896425,Li Bang International Corp Inc.
SVRE,1894693,SaverOne 2014 Ltd.
SCKT,944075,"SOCKET MOBILE, INC."
BUDZ,1393772,"WEED, INC."
ROIUF,1736289,Route1 Inc.
GHST,1121795,GHST World Inc.
VSME,1951294,VS MEDIA Holdings Ltd
YYGH,1985337,YY Group Holding Ltd.
CTTH,1035422,"CTT PHARMACEUTICAL HOLDINGS, INC."
SPTY,1840102,"SPECIFICITY, INC."
MGN,1995075,Megan Holdings Ltd.
XPON,1894954,Expion360 Inc.
BGLC,1737523,BioNexus Gene Lab Corp
NVSGF,1415758,Nevada Sunrise Metals Corp.
RHEP,1004724,"REGIONAL HEALTH PROPERTIES, INC"
WBUY,1946703,WEBUY GLOBAL LTD
APTOF,882361,Aptose Biosciences Inc.
GLMD,1595353,Galmed Pharmaceuticals Ltd.
RMSL,1412126,RemSleep Holdings Inc.
CJMB,2032545,CALLAN JMB INC.
RDHL,1553846,RedHill Biopharma Ltd.
BAOS,1811216,Baosheng Media Group Holdings Ltd
PRFX,1801834,PRF Technologies Ltd.
SEAV,1763660,SEATech Ventures Corp.
CNEY,1780785,CN ENERGY GROUP. INC.
ENSC,1716947,"Ensysce Biosciences, Inc."
VPRB,1376231,"VPR Brands, LP."
TOFB,730349,TOFUTTI BRANDS INC
SXTP,1946563,"60 DEGREES PHARMACEUTICALS, INC."
TOPS,1296484,TOP SHIPS INC.
TOGI,1349706,"TurnOnGreen, Inc."
PRSI,79661,PORTSMOUTH SQUARE INC
ALUR,1964979,"ALLURION TECHNOLOGIES, INC."
DEVSF,1854480,DevvStream Corp.
USAQ,856984,"QHSLab, Inc."
KAYS,1530746,"Kaya Holdings, Inc."
HIHO,1026785,HIGHWAY HOLDINGS LTD
ATXG,1650101,ADDENTAX GROUP CORP.
TNON,1560293,"Tenon Medical, Inc."
ARTL,1621221,"ARTELO BIOSCIENCES, INC."
MNDR,1976695,Mobile-health Network Solutions
GSUN,1826376,Golden Sun Technology Group Ltd.
RBNE,2039060,Robin Energy Ltd.
TUTH,1178660,Standard Dental Labs Inc.
HYFM,1695295,"HYDROFARM HOLDINGS GROUP, INC."
CYAN,768408,CYANOTECH CORP
REVB,1810560,"REVELATION BIOSCIENCES, INC."
YMT,1991605,Yimutian Inc.
FMHS,1811999,"FARMHOUSE, INC. /NV"
LVRLF,1168981,CordovaCann Corp.
CAPS,887151,Capstone Holding Corp.
VRSSF,1879001,Verses AI Inc.
XRTX,1729214,XORTX Therapeutics Inc.
FTFT,1066923,Future FinTech Group Inc.
MKZR,1550913,"MacKenzie Realty Capital, Inc."
AERA,1605331,AI Era Corp.
PSYCF,1847706,Psyched Wellness Ltd.
NWTG,1934245,"Newton Golf Company, Inc."
MAGE,1515317,MAGELLAN COPPER & GOLD Corp
CNET,1376321,ZW Data Action Technologies Inc.
PPCB,1517681,"Propanc Biopharma, Inc."
ALBT,1630212,Avalon GloboCare Corp.
NCPL,1414767,Netcapital Inc.
HCTI,1839285,"Healthcare Triangle, Inc."
CHR,1738758,"Cheer Holding, Inc."
TBLLF,1854257,Tombill Mines Ltd
IZM,1854572,ICZOOM Group Inc.
BRQSF,1650575,"Borqs Technologies, Inc."
GBR,105744,"New Concept Energy, Inc."
PWDY,1435617,"POWERDYNE INTERNATIONAL, INC."
PGOL,1080448,PATRIOT GOLD CORP
AMIX,1617867,"Autonomix Medical, Inc."
WLDS,1887673,Wearable Devices Ltd.
BTCY,1630113,BIOTRICITY INC.
UPC,1809616,Universe Pharmaceuticals INC
MAXNQ,1796898,"Maxeon Solar Technologies, Ltd."
FXHO,1789299,UTime Ltd
ISPC,1558569,iSpecimen Inc.
ABTS,1864055,Abits Group Inc
ADTX,1726711,"Aditxt, Inc."
ONCO,1782107,"Onconetix, Inc."
AITX,1498148,Artificial Intelligence Technology Solutions Inc.
KCRD,1696025,"Kindcard, Inc."
CCTG,1931717,CCSC Technology International Holdings Ltd
BYAH,1986247,"Park Ha Biological Technology Co., Ltd."
ICON,1995574,Icon Energy Corp
IVDA,1397183,"Iveda Solutions, Inc."
VRAX,1885827,Virax Biolabs Group Ltd
LUDG,1960262,"LUDWIG ENTERPRISES, INC."
PW,1532619,Power REIT
PMHS,1265521,"Polomar Health Services, Inc."
AVNI,1113313,ARVANA INC
PLTYF,1433309,"Plastec Technologies, Ltd."
LNTO,2006925,LELANTOS HOLDINGS INC.
CPCPF,1868050,CopperCorp Resources Inc.
SUGP,1969863,SU Group Holdings Ltd
BITTF,1028357,BITTERROOT RESOURCES LTD
CAPC,814926,"CAPSTONE COMPANIES, INC."
FLYE,1975940,"Fly-E Group, Inc."
OCG,1776067,Oriental Culture Holding LTD
DCOY,1615219,Decoy Therapeutics Inc.
SQFT,1080657,"Presidio Property Trust, Inc."
BOXL,1624512,Boxlight Corp
SYGCF,1917817,Sylla Gold Corp.
LMFA,1640384,"LM FUNDING AMERICA, INC."
WHLT,1025771,CHASE PACKAGING CORP
FEED,1326706,"ENvue Medical, Inc."
LUVU,1374567,"Luvu Brands, Inc."
SNYR,1562733,Synergy CHC Corp.
ITP,1358190,"IT TECH PACKAGING, INC."
CMND,1892500,Clearmind Medicine Inc.
GRI,1824293,"GRI Bio, Inc."
VSTD,1898604,Vestand Inc.
CHSN,1825349,Chanson International Holding
RAYA,1825875,Erayak Power Solution Group Inc.
WCT,1990251,Wellchange Holdings Co Ltd
SNRG,1652539,SusGlobal Energy Corp.
CASIF,1962738,"CASI Pharmaceuticals, Inc."
VRRCF,1717695,VR Resources Ltd.
MVNC,1439264,Marvion Inc.
MFON,1447380,MOBIVITY HOLDINGS CORP.
EZGO,1806904,EZGO Technologies Ltd.
SRKZF,1723455,SKY GOLD CORP.
BTOG,1735556,BIT ORIGIN Ltd
AUMN,1011509,Golden Minerals Co
RUBI,1943421,Rubico Inc.
BIXT,1445815,"BIOXYTRAN, INC"
NEXR,1885408,Nexera Technologies Ltd
IPSI,1591913,"Innovative Payment Solutions, Inc."
KRFG,774415,"King Resources, Inc."
ABCFF,1284237,ABACUS MINING & EXPLORATION CORP
LSBCF,1946399,"LakeShore Biopharma Co., Ltd."
OVTZ,1107280,OCULUS INC.
VTAK,1716621,"Catheter Precision, Inc."
LXEH,1814067,Lixiang Education Holding Co. Ltd.
SPRC,1611746,SciSparc Ltd.
ATMH,1484674,"ALL THINGS MOBILE ANALYTIC, INC."
CUEN,1424657,Cuentas Inc.
ADMT,849401,"ADM TRONICS UNLIMITED, INC."
ATPC,1713210,Agape ATP Corp
CLDI,1855485,"Calidi Biotherapeutics, Inc."
MSS,1892292,Maison Solutions Inc.
SLXN,2022416,Silexion Therapeutics Corp
KLSVF,1655531,KLONDIKE SILVER CORP.
PHGE,1739174,BiomX Inc.
BNBX,744452,BNB PLUS CORP.
PMAX,2012096,Powell Max Ltd
JZXN,1816172,"Jiuzi Holdings, Inc."
HIGR,1807616,Hi-Great Group Holding Co
OGEN,1174940,ORAGENICS INC
NOTE,1823466,"FiscalNote Holdings, Inc."
SVUHF,1973368,SRIVARU Holding Ltd
CISS,1951067,C3is Inc.
CRUCF,1734427,Colibri Resource Corp
AGMH,1705402,"AGM GROUP HOLDINGS, INC."
ALTX,775057,ALTEX INDUSTRIES INC
VYST,1308027,Vystar Corp
BRWC,1873213,Birdie Win Corp
FBCD,1370816,"FBC Holding, Inc."
TGNT,846377,"Totaligent, Inc."
VEEE,1855509,"Twin Vee PowerCats, Co."
FFLO,1543652,"Free Flow USA, Inc."
GCTK,1506983,"Glucotrack, Inc."
ACUT,1850767,Accustem Sciences Inc.
VIVS,1497253,"VivoSim Labs, INC."
NCRA,1756180,"NOCERA, INC."
VISM,1082733,"VISIUM TECHNOLOGIES, INC."
VIVK,1450704,"Vivakor, Inc."
BBLG,1419554,Bone Biologics Corp
FUNI,1502966,"Hypha Labs, Inc."
GWAV,1589149,"Greenwave Technology Solutions, Inc."
PKTX,1128189,"ProtoKinetix, Inc."
LBSR,1172178,LIBERTY STAR URANIUM & METALS CORP.
LIFD,1391135,LFTD PARTNERS INC.
SBEV,1553788,"SPLASH BEVERAGE GROUP, INC."
AZTR,1701478,"Azitra, Inc."
LNKS,1972074,Linkers Industries Ltd
RPGL,1912884,Republic Power Group Ltd
ZCMD,1785566,Zhongchao Inc.
EZRA,1812727,"Reliance Global Group, Inc."
YHC,1843165,LQR House Inc.
MYSZ,1211805,"My Size, Inc."
RECX,2126221,"Recreatives Industries, Inc."
GTCH,1471781,GBT Technologies Inc.
FRGT,1687542,"Freight Technologies, Inc."
SGLY,1422892,Singularity Future Technology Ltd.
SELXF,1990950,Semilux International Ltd.
DEFG,1874907,Grayscale Decentralized Finance (DeFi) Fund LLC
VIIQ,1470129,VisitIQ Corp.
MI,1958713,NFT Ltd
CRCE,1911467,"Circle Energy, Inc./NV"
SSEBF,1771039,SILVER SPRUCE RESOURCES INC.
SOBR,1425627,"SOBR Safe, Inc."
EMRH,1300306,EMERGING HOLDINGS INC
IVF,1417926,"INVO Fertility, Inc."
CLRI,1362516,"Cleartronic, Inc."
BDRX,1643918,Biodexa Pharmaceuticals Plc
LGHL,1806524,Lion Group Holding Ltd
ZHDM,1950209,Ainnova Tech
DAIC,2033770,"CID Holdco, Inc."
SETO,794998,SETO HOLDINGS INC
HGYN,1324759,HONG YUAN HOLDING GROUP
PREM,1570937,Premier Air Charter Holdings Inc.
DRCT,1880613,"Direct Digital Holdings, Inc."
DXF,1499494,Eason Technology Ltd
LINMF,1066130,Linear Minerals Corp
EDBL,1809750,Edible Garden AG Inc
KSEZ,1945619,Kinetic Seas Inc.
VYCO,1424768,VYCOR MEDICAL INC
GMEX,1928581,GMEX Robotics Corp
FCUV,1590418,FOCUS UNIVERSAL INC.
MWAI,1520118,"MedWellAI, Inc."
ASNS,1141284,ACTELIS NETWORKS INC
IBG,1924482,Innovation Beverage Group Ltd
CDT,1896212,CDT Equity Inc.
AEMD,882291,AETHLON MEDICAL INC
AVPMF,1445467,AVRUPA MINERALS LTD.
MECPF,1945166,MUSTANG ENERGY CORP.
MDLK,1611046,ModuLink Inc.
SHPH,1757499,"Shuttle Pharmaceuticals Holdings, Inc."
DTCKF,1949478,DAVIS COMMODITIES Ltd
HEPA,1583771,"Hepion Pharmaceuticals, Inc."
BNRG,1901215,Brenmiller Energy Ltd.
GTIC,1584480,"Greentech Innovations, Inc."
FCHL,2023796,Fitness Champs Holdings Ltd
AGNPF,1642178,Grey Matters Health Inc.
LRHC,1879403,La Rosa Holdings Corp.
IPST,1788230,"IP STRATEGY HOLDINGS, INC."
TWNPQ,2011954,Twin Hospitality Group Inc.
AIXI,1935172,Xiao-I Corp
GRHI,894501,"GOLD ROCK HOLDINGS, INC."
IMTE,1668438,Integrated Media Technology Ltd
OMQS,278165,OMNIQ Corp.
GNLN,1743745,"Greenlane Holdings, Inc."
FUST,1636051,FUSE GROUP HOLDING INC.
WCUFF,1902276,World Copper Ltd.
BRVO,1444839,Bravo Multinational Inc.
CPMD,1081938,"CANNAPHARMARX, INC."
FGL,1989930,Founder Group Ltd
BMTM,1568385,"Bright Mountain Media, Inc."
VBIO,1787740,"Valion Bio, Inc."
SNBH,1358633,SENTIENT BRANDS HOLDINGS INC.
AGSS,1514443,"AMERIGUARD SECURITY SERVICES, INC."
CNRCF,1996586,Canter Resources Corp.
FDXTF,1970125,FENDX TECHNOLOGIES INC.
XXII,1347858,"22nd Century Group, Inc."
KIDZ,2022308,KIDZ AI Inc.
PPBT,1614744,PURPLE BIOTECH LTD.
RKDA,1469443,"Arcadia Biosciences, Inc."
GTLL,932021,GLOBAL TECHNOLOGIES LTD
MITI,802257,"Mitesco, Inc."
NUMD,1543637,"Nu-Med Plus, Inc."
BJDX,1704287,"Bluejay Diagnostics, Inc."
REOS,1335288,ReoStar Energy CORP
GPUSF,1708160,Alset Capital Inc.
TRUG,1857086,"TruGolf Holdings, Inc."
AYRWF,1847462,Ayr Wellness Inc.
QPRC,824416,QUEST PATENT RESEARCH CORP
CHEV,1459188,Charging Robotics Inc.
IMCC,1792030,IM Cannabis Corp.
ESMC,862668,ESCALON MEDICAL CORP
SENR,1576197,"Strategic Environmental & Energy Resources, Inc."
EPWKF,1900720,EPWK Holdings Ltd.
ONFO,1825452,"Onfolio Holdings, Inc"
SHFS,1854963,"SHF Holdings, Inc."
BSPK,1409197,"Bespoke Extracts, Inc."
ASFT,1651992,"Appsoft Technologies, Inc."
DOGP,1360442,"Dogecoin Cash, Inc."
RDGT,1856084,Ridgetech Inc.
TRNR,1785056,"Interactive Strength, Inc."
SCNI,1611747,Scinai Immunotherapeutics Ltd.
PTOS,1172069,"P2 Solar, Inc."
WTER,1532390,ALKALINE WATER Co INC
ISCO,1355790,International Stem Cell CORP
WHLR,1527541,"Wheeler Real Estate Investment Trust, Inc."
HSTA,1813603,Hestia Insight Inc.
BTMCQ,1901799,Bitcoin Depot Inc.
DPLS,866439,"DarkPulse, Inc."
TNMG,2013186,TNL Mediagene
GIPR,1651721,"GENERATION INCOME PROPERTIES, INC."
SKVI,1085277,"SKINVISIBLE, INC."
CBDL,1776073,CBD Life Sciences Inc.
CBIH,1411057,"Cannabis Bioscience International Holdings, Inc."
ABPO,1893219,"Abpro Holdings, Inc."
GENN,1745621,Genneia S.A.
ZCAR,1854275,"Zoomcar Holdings, Inc."
EVFM,1618835,"Evofem Biosciences, Inc."
YBGJ,895464,Yubo International Biotech Ltd
SCDA,1341878,"B-Scada, Inc."
PFSA,1859807,"Profusa, Inc."
MMEX,1440799,MMEX Resources Corp
RBOT,1812173,Vicarious Surgical Inc.
VHAI,1880431,Vocodia Holdings Corp
FECOF,849997,FEC Resources Inc.
STKH,1828098,Steakholder Foods Ltd.
PRPH,868278,"ProPhase Labs, Inc."
ADNH,1744494,"ADVENT TECHNOLOGIES HOLDINGS, INC."
IPW,1830072,iPower Inc.
GV,1892274,Visionary Holdings Inc.
CIMG,1527613,CIMG Inc.
ELPW,2015691,Elong Power Holding Ltd.
ZVSA,1859007,"ZyVersa Therapeutics, Inc."
IPTNF,1680513,IMPACT ANALYTICS INC.
MRPT,1143994,MACREPORT NET INC
VMAR,1813783,Vision Marine Technologies Inc.
ARRT,1530425,"Artisan Consumer Goods, Inc."
JEM,2018222,707 Cayman Holdings Ltd.
QIND,1393781,Quality Industrial Corp.
CONC,790273,CONECTISYS CORP
ZICX,1465311,Zicix Corp
ENRT,1346022,Enertopia Corp.
CLDVF,1971260,Cloud3 Ventures Inc.
ORISF,1964664,ORIENTAL RISE HOLDINGS Ltd
ELVG,1741489,"Elvictor Group, Inc."
EEGI,1043150,"Eline Entertainment Group, Inc."
ATXI,1644963,"AVENUE THERAPEUTICS, INC."
NULGF,1502758,NuLegacy Gold Corp
HAO,1954594,Haoxi Health Technology Ltd
AGTX,1603345,Agentix Corp.
ZNB,1747661,Zeta Network Group
NAFS,1409253,"Havana Roasters Coffee Companies, Inc."
EMMA,822370,"Emmaus Life Sciences, Inc."
GNTOF,1346917,GENTOR RESOURCES INC.
ZSPC,1637147,"zSpace, Inc."
GMER,1454742,"GOOD GAMING, INC."
RAKR,1872292,Rainmaker Worldwide Inc.
DGTEF,1978151,Eat & Beyond Global Holdings Inc.
NRHI,1680689,"Natural Resource Holdings, Inc."
PNYG,1784058,Pony Group Inc.
PAIYY,1757143,Aesthetic Medical International Holdings Group Ltd
QSJC,1753391,"TANCHENG GROUP CO., LTD."
ODYY,1626644,"Odyssey Health, Inc."
VIVC,1703073,VIVIC CORP.
DBMM,1127475,"Digital Brand Media & Marketing Group, Inc."
MNTR,1599117,"Mentor Capital, Inc."
MDCE,1404593,Medical Care Technologies Inc.
CSUI,1680132,CANNABIS SUISSE CORP.
CBMJ,1452583,"CONSERVATIVE BROADCAST MEDIA & PUBLISHING, INC."
CERO,1870404,"CERO THERAPEUTICS HOLDINGS, INC."
TAAG,1386044,"Awareness Group, Inc."
WORX,1674227,SCWorx Corp.
KUST,1342958,"KUSTOM ENTERTAINMENT, INC."
LITSF,1978165,LITHOS GROUP LTD.
JFIL,1517389,"Jubilant Flame International, Ltd"
SNBRQ,827187,Sleep Number Corp
OZSC,1679817,"OZOP ENERGY SOLUTIONS, INC."
TLSS,1463208,"Transportation & Logistics Systems, Inc."
WINT,946486,WINDTREE THERAPEUTICS INC /DE/
EMBYF,1487615,Nexera Energy Inc.
XAGE,1842939,"Longevity Health Holdings, Inc."
GFMH,820771,Goliath Film & Media Holdings
CBDY,1586554,Target Group Inc.
OWPC,1622244,"One World Products, Inc."
NOTVQ,720154,"Inotiv, Inc."
LGMK,1566826,"LogicMark, Inc."
BZYR,724445,BURZYNSKI RESEARCH INSTITUTE INC
RMTG,1760026,Regenerative Medical Technology Group Inc.
GGLXF,800523,GGL RESOURCES CORP.
SKYI,1555017,"Sky Century Investment, Inc."
HGAS,1817232,Global Gas Corp
FMTOF,1888151,Femto Technologies Inc.
SLDC,1427644,"Solidus Communications, Inc."
NSTM,912544,NovelStem International Corp.
NMHI,1947861,Nature's Miracle Holding Inc.
MCOM,1788841,micromobility.com Inc.
KAVL,1762239,"Kaival Brands Innovations Group, Inc."
MSPR,1802450,"MSP Recovery, Inc."
DDDX,1453122,"3DX Industries, Inc."
PTCO,1609258,PetroGas Co
RTCJF,1381074,Baijiayun Group Ltd
AIBT,1763329,"AIBOTICS, INC."
STAI,1994624,ScanTech AI Systems Inc.
PTIX,1022899,"Protagenic Therapeutics, Inc.\new"
NIHK,1084475,"Video River Networks, Inc."
BFCH,1395005,"UNLOCKD, Inc."
CYTOF,1601936,Altamira Therapeutics Ltd.
GRPS,1990446,"Trans American Aquaculture, Inc"
TIRXF,1782941,TIAN RUIXIANG HOLDINGS LTD
SBIG,1801602,"SpringBig Holdings, Inc."
IOBTQ,1865494,"IO Biotech, Inc."
AOXY,352991,ADVANCED OXYGEN TECHNOLOGIES INC
SOPAQ,1817511,SOCIETY PASS INCORPORATED.
ITOX,1290658,"IIOT-OXYS, Inc."
LIPO,1347242,LIPELLA PHARMACEUTICALS INC.
ETUGF,1877430,E2Gold Inc.
SATT,1661600,SATIVUS TECH CORP.
CWPE,1741220,CW Petroleum Corp
NUWE,1506492,"Nuwellis, Inc."
FYNN,1497230,Fyntechnical Innovations Inc
GREH,1084937,Green Rain Energy Holdings Inc.
CBDW,1877461,1606 CORP.
MTLK,1098462,METALINK LTD
ATDS,1068689,"Data443 Risk Mitigation, Inc."
GPLB,1392449,Green Planet Bio Engineering Co. Ltd.
ONAR,1682265,Onar Holding Corp
GCAN,1695473,"Greater Cannabis Company, Inc."
NNAX,1132509,New Momentum Corp.
GRVE,918573,GROOVE BOTANICALS INC.
STEK,1511820,Stemtech Corp
MEHA,1837254,Functional Brands Inc.
INLF,1991592,INLIF Ltd
GRXXF,1823126,Critical Reagent Processing Corp.
OMTK,1404804,Omnitek Engineering Corp
UOKAF,1741534,MDJM LTD
LEEN,1230524,"Leopard Energy, Inc."
PTPI,1815903,"Petros Pharmaceuticals, Inc."
BBLR,1873722,Bubblr Inc.
ECPL,1356914,ECOPLUS INC
SPOWF,1227282,Strata Power Corp
FOXO,1812360,FOXO TECHNOLOGIES INC.
BSFC,1730773,Blue Star Foods Corp.
BOTY,1407704,"LINGERIE FIGHTING CHAMPIONSHIPS, INC."
CNBX,1343009,CNBX Pharmaceuticals Inc.
FATAQ,1705012,"Fat Brands, Inc"
CIRX,813716,CIRTRAN CORP
ESSI,1490873,"ECO SCIENCE SOLUTIONS, INC."
SVVC,1495584,"Firsthand Technology Value Fund, Inc."
FCHS,1416876,"First Choice Healthcare Solutions, Inc."
ALDA,1062506,ATLANTICA INC
MGAM,1886362,"Mobile Global Esports, Inc."
WNLV,1558740,Winvest Group Ltd
CPTAF,1967478,Captivision Inc.
BHATF,1759136,Blue Hat Interactive Entertainment Technology
CMLS,1058623,CUMULUS MEDIA INC
NBND,1725911,NetBrands Corp.
CLOW,1619227,"Cloudweb, Inc."
GBUX,1169138,"GIVBUX, INC."
RGBP,1589150,Regen BioPharma Inc
PNXP,1710495,PINEAPPLE EXPRESS CANNABIS Co
GRLF,915661,GREEN LEAF INNOVATIONS INC
BINI,1499961,"BOLLINGER INNOVATIONS, INC."
SIGY,1642159,"Sigyn Therapeutics, Inc."
OCEA,1869974,"Ocean Biomedical, Inc."
BMPA,1130781,"BMP AI Technologies, Inc."
BDPT,1575142,"BIOADAPTIVES, INC."
TMGI,1434601,"Transglobal Management Group, Inc."
USAM,1804792,ARES STRATEGIC MINING INC.
WLGSF,1899658,"WANG & LEE GROUP, Inc."
IGTA,1866838,Inception Growth Acquisition Ltd
GTIJF,1879373,GRAPHJET TECHNOLOGY
STRG,1803096,"STARGUIDE GROUP, INC."
KMCM,2107523,Titan Holdings Corp.
BID,2094919,Tribeca Strategic Acquisition Corp.
MSAV,2099338,MSAV Holdings Ltd
TVIV,2096755,Texas Ventures Acquisition IV Corp
GOW,2097702,GOWell Energy Technology
IMC,2098395,IMC Rare Earths Ltd
MOT,2099681,MetaOptics Ltd
NYB,2100835,NYB Holdings Ltd
TBCV,2140030,"Thunder Bridge Capital Partners V, Ltd."
BCCQ,2128045,Bleichroeder Acquisition Corp. III
MLAA,2094265,Mountain Lake Acquisition Corp. II
GDHRY,2129466,"Guangdong Huayan Robotics Co, Ltd./ADR"
HCAX,2130219,Hall Chadwick Acquisition Corp II
RVII,2131040,Robinhood Ventures Fund II
BEMPY,2137137,Bangkok Expressway & Metro Public Co Limited/ADR
CBAGY,2138373,Carabao Group Public Co Limited/ADR
RREV,2123969,RRE Ventures Acquisition Corp.
MPJPY,2100603,Metaplanet Inc.
MRCO,2106436,Mercator Acquisition Corp.
CGCF,2126043,Cartesian Growth Corp IV
JMKE,2127043,Jersey Mike's Subs Inc.
BCLGY,2127862,BALTIC CLASSIFIEDS GROUP PLC/ADR
GFTFF,2103596,Grafton Resources Inc.
SUCH,2104032,Suchness Tech Ltd
TP,2104296,Ticketplus Ltd.
NCO,2116230,Southern Cross Acquisition I Corp.
SICOF,2117702,Silverco Mining Ltd.
YARRF,2099818,Pirate Gold Corp.
MTLMY,2091028,Metallium Limited/ADR
AFNDY,2101973,Allfunds Group PLC./ADR
ANJFY,2098397,"Anjoy Foods Group Co., Ltd./ADR"
CRAUY,2094687,"Chery Automobile Co., Ltd./ADR"
RUIH,2094989,RUI Holdings Inc
PCAI,2131101,Powercheck AI Holdings Ltd
SAMO,2125567,Samos Energy Acquisition Corp
CSCM,2136449,Crestone Strategic Capital Acquisition Corp
OPNHY,2131812,Open House Group Co. Ltd/ADR
ULIT,2134552,US Elemental Inc.
NATNF,2096533,Nation Gold Corp.
TGRGF,2094900,Tiger Gold Corp.
EBGCY,2123531,Eastroc Beverage Group Co. Ltd/ADR
DGAC,2111038,DISCIPLINED GROWTH ACQUISITION Corp
TELYF,2113853,TELYRX HOLDINGS INC.
CMPLY,2117197,Com7 PCL/ADR
SHOT,2104879,RMG ML Sports Holdings
HYPG,2107730,Grayscale Hyperliquid Staking ETF
JNGDY,2109559,"Jingdong Industrials, Inc./ADR"
GYGY,2111846,Game Your Game Inc.
FRTRY,2098710,"Fortior Technology (Shenzhen) Co., Ltd./ADR"
MNTGY,2123346,"Montage Technology Co., Ltd./ADR"
CCCT,2123471,Columbus Circle Capital Corp III
CSQR,2105398,"Csquare, Inc."
VAT,2109801,"VARSAL TECH, INC."
XLAB,2109869,D. Boral ARC Merger Corp
KCAC-UN,2102713,Kensington Capital Acquisition Corp. VI
BLDC,2097508,"Blockfusion Digital Infrastructure, Inc."
ETHB,2099103,iShares Staked Ethereum Trust ETF
WSAT,2101411,WISeSat.Space Holdings Corp.
BWOW,2053791,Bitwise Dogecoin ETF
BLTG,2045873,BOUNDLESS GROUP
DFSLY,2038919,Defeng Solife Holdings Limited/ADR
SBMW,2036060,"Security Midwest Bancorp, Inc."
MYCRY,2032399,Mycronic AB/ADR
RENGY,2092252,"Rengo Co., Ltd./ADR"
OBNK,2042444,Osprey BONK Trust
JOSS,2067746,"JOSS Realty REIT, Inc."
SOUD,2070237,Hacker Interstellar Inc.
BMOK,2071607,BM Acquisition Corp.
CPXXY,2071911,Capital Power Corp/ADR
PSBTY,2063685,PT Sumber Alfaria Trijaya Tbk/ADR
BXRLY,2056450,Boxer Retail Limited/ADR
SOEZ,2057388,Franklin Solana Trust
ELFTY,2073615,Element Fleet Management Corp./ADR
NWCYY,2073913,North West Co Inc./ADR
EVON,2075036,EvoNexus Group LTD
STJNY,2077242,Stella-Jones Inc./ADR
ASKRY,2078895,Asker Healthcare Group AB/ADR
QMLS,2084026,"QumulusAI, Inc."
SBCLY,2087852,Sumitomo Bakelite Co Limited/ADR
BHYP,2088139,Bitwise Hyperliquid ETF
OBBCY,2088339,"OBIC Business Consultants Co., Ltd./ADR"
EXCBF,2088688,Excalibur Metals Corp.
ADBT,2084227,"Advasa Holdings, Inc."
STDN,2086716,"Standard Nuclear, Inc."
RSMIY,2086869,RESOLUTION MINERALS LTD/ADR
CLNK,2082889,Bitwise Chainlink ETF
BAGZ,2115027,Cryptex Digital Market Cap ETF
LEDR,2109823,Leader's Advantage Acquisition Corp.
XTND,2111860,"Xtend AI Robotics, Inc."
OSPR,2113481,Osprey Acquisition Corp. III
JAB,2128739,JAB Acquisition Corp I
LARS,2140589,Laris Growth Acquisition Corp.
ATAYY,2127653,American Tungsten & Antimony Ltd
LAWK,2122791,Lawaken Group Inc.
MUYNY,2123524,Muyuan Foods Co. Ltd/ADR
BVGLY,2127839,Bellevue Gold Ltd./ADR
JXIRY,2128458,Jiaxin International Resources Investment Limited/ADR
SHILY,2111790,Shanghai Iluvatar CoreX Semiconductor Co Ltd/ADR
SKHY,2120882,SK hynix Inc.
WXILY,2123372,"Wuxi Lead Intelligent Equipment Co., Ltd./ADR"
AIST,2109082,AI STRATEGY INC.
PSQL,2119292,Bleichroeder Acquisition France Merger Sub 2
CVCPY,2120046,CVC Capital Partners plc/ADR
ORCRY,2142762,Organo Corporation/ADR
LTGR,2104177,Long Table Growth Corp.
HGZDY,2128813,"Hangzhou Diagens Biotechnology Co., Ltd./ADR"
TEAC,2129595,Tidewise Acquisition Corp
OBX,2130606,"Gazelle Parent, Inc."
FTRA,2131853,FutureCorp Space Acquisition 1
EULLY,2127859,EUROPEAN LITHIUM LTD/ADR
SIAMY,2138369,Siam Global House Public Co Limited/ADR
AADX,2118195,"Applied Aerospace & Defense, Inc."
ISNR,2123475,Snow Rothschild Acquisition Corp.
BHTGY,2125951,"Beijing Haizhi Technology Group Co., Ltd./ADR"
JONE,2129056,Jones Ventures INTL Acquisition1 Corp
FDMM,2129659,Freedom Metals Acquisition Corp.
MCFN,2131882,"McCarthy Finney, Inc."
SIGEY,2132082,"Sigenergy Technology Co., Ltd./ADR"
MTAK,2133136,Market Technology Acquisition Corp
BDDD,2133836,Bridge III Acquisition Ltd
PNSB,2087419,"PSB Financial, Inc."
NHKSY,2087500,NHK Spring Co. Ltd/ADR
ITHEY,2134539,Ithaca Energy PLC/ADR
SXZTY,2135894,"Shanghai Xizhi Technology Co., Ltd./ADR"
MIAC,2136530,Meridian3 Industrials Acquisition Corp
PTAXY,2089174,Paltac Corporation/ADR
TEICY,2089506,TOSEI CORP/ADR
LAGH,2090910,Lagarosse Holdings Ltd
CDTHY,2091663,CONDUIT HOLDINGS LTD/ADR
SGPIY,2099326,"Seres Group Co., Ltd./ADR"
IPVV,2105274,"InterPrivate Investment Partners V, Inc."
CHON,2095150,ChainOn Group Ltd
SMGSY,2093227,SMG Swiss Marketplace Group AG/ADR
NTCMY,2126620,Natura Cosmeticos S.A./ADR
DTRSY,2127860,DATELINE RESOURCES LTD/ADR
TLAC,2128462,Three Lions Acquisition Corp.
TYOEY,2128619,Toyo Engineering Corporation/ADR
MNYCY,2131961,Manycore Tech Inc./ADR
THARY,2133810,Tharisa plc
NORT,2135939,Norient Acquisition
HUAQY,2136116,Huaqin Co. LTD/ADR
OCLT,2137679,OceanLight Acquisition Corp
PRLG,2137754,Prologium Holding Inc.
RACD,2137777,Research Alliance Corp IV
NARA,2138186,"Narragansett Bancorp, Inc."
SHNTY,2138554,"Shanghai Top Numerical Control Technology Co., Ltd./ADR"
NGCOY,2092248,"Nagase & Co., Ltd./ADR"
WATR,2092314,Air Water Ventures Ltd
FRTT,2092967,Fort Technology Inc
NBKBY,2093618,Noba Bank Group AG/ADR
ZJGIY,2093654,Zijin Gold International Co Limited/ADR
ODKUY,2108124,"Odakyu Electric Railway Co., Ltd./ADR"
GDMT,2105318,Gold Mountain Acquisition Corp.
SSHBY,2107375,"SBI Shinsei Bank, Limited/ADR"
MDKGY,2098332,Merdeka Gold Resources Tbk PT/ADR
EWAV,2100704,East West Ave Acquisition Corp.
SNSC,2101240,SunScout Holding Ltd
NRGFF,2102593,AE Fuels Corp
SKAI,2103029,Sky Acquisition Group
MSBT,2103612,Morgan Stanley Bitcoin Trust
RGKUY,2141099,Rigaku Holdings Corporation/ADR
SWBKY,2098324,Shawbrook Group plc/ADR
EFGH,2104943,Embed Financial Group Holdings
SICCY,2098860,"SICC Co., Ltd./ADR"
INEOF,2099727,INEO Tech Corp.
GBNB,2106762,Grayscale BNB ETF
SCOP,2108383,Sprott Physical Copper Trust
MMXGY,2109556,Minimax Group Inc./ADR
CMBY,2123232,Cumberland Farms Ltd
KNWAY,2109545,Knowledge Atlas Technology Joint Stock Co Limited/ADR
GIDHF,2109547,GigaDevice Semiconductor Inc./ADR
AELKY,2110583,ASELSAN Elektronik Sanayi ve Ticaret Anonim Sirketi/ADR
MTGLY,2128448,Mininglamp Technology Group Limited/ADR
SXTEY,2128597,"Shenzhen Xunce Technology Co., Ltd./ADR"
YICC,2130386,Yorkville International Capital Corp.
VGTHY,2131322,"Victory Giant Technology (HuiZhou) Co., Ltd./ADR"
ZABKY,2138474,Zabka Group S.A./ADR
LNFGY,2140948,Lion Finance Group PLC/ADR
THYP,2090011,21Shares Hyperliquid ETF
MSH,2137634,MAO SHAN HUANG HOLDINGS Ltd
PLCI,2122392,Pelican Acquisition II Corp
ICGSF,2123553,ICG Silver & Gold Ltd.
SKBBY,2125904,"Sichuan Kelun-Biotech Biopharmaceutical Co., Ltd./ADR"
BRTM,2131350,B&R Technology Merger Corp.
KGBMY,2133892,Kongsberg Maritime ASA/ADR
LKYLY,2091585,Locksley Resources Limited/ADR
TKDG,2092287,3 KNIGHTS DYNAMICS GROUP Ltd
SIAI,2112466,Silentium Ltd.
APBD,2114463,AParadise II Acquisition Corp.
LTAFF,2115899,Lithium Africa Corp.
BEJEF,2116276,Beijer Ref AB/ADR
AMPM,2049323,AM PM Group Ltd
SMFSY,2048270,"Sumitomo Forestry Co., Ltd./ADR"
ALEUY,2046098,ALLEGRO.EU SA/ADR
DYBTY,2085208,Duality Biotherapeutics Inc/ADR
RKAM,2087716,"ROKIT America, Inc."
TRBG,2088375,Turbogen Ltd.
SNEVY,2089488,SUNEVISION HOLDINGS/ADR
XRPZ,2059438,Franklin XRP Trust
MNZLY,2062807,Mercury NZ Ltd./ADR
FSOL,2063380,Fidelity Solana Fund
LSHGY,2063675,Louis Hachette Group/ADR
PCPGY,2053411,PC Partner Group Ltd/ADR
PRNCF,2045300,Prince Silver Corp.
GHRTF,2045434,Greenheart Gold Inc.
UPX,2046370,Uptrend Holdings Ltd
OTAI,2094076,Starlink AI Acquisition Corp
DPDSY,2094201,DPC DASH LTD/ADR
VBNB,2066824,VanEck BNB ETF
RECCY,2070570,Reece Limited/ADR
HNPHY,2073669,Hansoh Pharmaceutical Group Co Limited/ADR
TMKVY,2073901,Tamarack Valley Energy Ltd./ADR
CSCCY,2075918,Capstone Copper Corp./ADR
VSGRY,2075141,VusionGroup
GGRPY,2075474,GPT Group/ADR
APEX,2069858,APEX Global Solutions Ltd
FRLCY,2065932,Freelancer Ltd
VIRMF,2074745,Viridian Metals Inc.
IBL,2075038,I Bella Perfect Inc.
PRSKY,2071912,PrairieSky Royalty Ltd/ADR
AESP,2082526,Aeon Acquisition I Corp.
APNA,2085795,APEIRON ACQUISITION VEHICLE I
FHFFY,2082876,Foshan Haitian Flavouring & Food Co Ltd./ADR
KHOBF,2084698,KHEOBA Ltd
NEUC,2093976,Neucleus Group Ltd
PNIG,2089778,Pacipic Nexus IntelliTech Group
JAYGF,2092243,Blue Jay Gold Corp.
AKCLY,2087856,Aica Kogyo Co Limited/ADR
GHXI,2086438,"Gores Holdings XI, Inc."
ARTC,2086545,Art Technology Acquisition Corp.
NHLTY,2060863,Nightingale Health Plc
DNCLY,2065660,"DeNA Co., Ltd./ADR"
YGSHY,2053843,Yangzijiang Shipbuilding Holdings Ltd/ADR
NEUT,2065741,Neutrans Inc.
IDPEY,2062803,IDP Education Ltd./ADR
GRCPY,2063671,Canal Plus SA/ADR
ROZE,2075335,ROZE AI INC.
KOEI,2070087,"Koei Group Co., Ltd."
SAPUY,2072563,Saputo Inc./ADR
STA,2049977,"Starton Holdings, Inc."
CLBZ,2050338,Collab Z Inc.
CLRLY,2063231,Central Retail Corp Public Co Limited/ADR
MREGY,2063417,Meridian Energy Ltd/ADR
LILW,2065821,Little West Holdings Inc.
SCBXY,2066600,SCB X Public Co Ltd
CAPI,2066925,"CAPSTONE 72, INC."
BSTR,2083583,"BSTR Holdings, Inc."
QSOL,2074409,Invesco Galaxy Solana ETF
BKPOY,2075877,Bank Pekao S.A./ADR
IDXMF,2067171,IDEX METALS CORP.
SMPHY,2063413,SM Prime Holdings Inc./ADR
JXAMY,2065485,JX Advanced Metals Corporation/ADR
FNIGY,2073638,Finning International Inc./ADR
TPZEY,2073655,Topaz Energy Corp./ADR
ACMIF,2065282,Allied Critical Metals Corp.
TDOG,2064314,21Shares Dogecoin ETF
THCLY,2064381,"Toho Co., Ltd./ADR"
MDAT,2091521,Web3Labs Global Inc.
GLVPY,2089499,GLENVEAGH PROPERTIES PLC/ADR
YLY,2053115,Zi Yun Dong Fang Ltd
SSRLY,2073972,Sienna Senior Living Inc./ADR
SVICY,2074157,StorageVault Canada Inc./ADR
GIVE,2074158,Wealth Management System Inc.
TKCYY,2066601,"Tokyo Ohka Kogyo Co., Ltd./ADR"
ONWRY,2059986,Onward Medical N.V./ADR
HZRBY,2060217,"Horizon Robotics, Inc./ADR"
SPGH,2062925,Smart Pointer Group Holdings Ltd
SUIS,2060703,Canary Staked SUI ETF
BITA,2089969,iShares Bitcoin Premium Income ETF
CNYGF,2090651,Canary Gold Corp.
ZSICY,2076398,"Zhejiang Sanhua Intelligent Controls Co., Ltd./ADR"
UNIU,2077715,"RiverNorth Long Prime Unicorn Fund I, Inc."
AMTU,2078570,"AMATUHI HOLDINGS, INC."
GTLRY,2087843,Greatland Resources Limited/ADR
UATCY,2084585,"Unisound AI Technology Co., Ltd./ADR"
BTECH,2086775,BTECH Corp
ZGJLY,2087840,"Zhejiang Leapmotor Technology Co., Ltd./ADR"
ZSHLY,2088776,"Zensho Holdings Co., Ltd./ADR"
TKNZ,2089855,T. Rowe Price Active Crypto ETF
MBGL,2090312,Mobility Global Inc.
CLYD,2094256,"BEACON TOPCO, INC."
NTMJ,2084296,Nintech Mould Factory Inc.
POCH,2085836,"POCHE TECHNOLOGY CO., Ltd"
GONYF,2081438,GO Residential Real Estate Investment Trust
TCLXY,2073804,TCL Electronics Holdings Limited/ADR
BIREY,2073268,Birchcliff Energy Ltd./ADR
METRY,2073643,METRO INC./ADR
NPIXY,2072389,Northland Power Inc./ADR
GRVT,2078037,GreenVector Holdings Ltd
PDSRX,1756404,Principal Real Asset Fund
WDSP,1813744,"World Scan Project, Inc."
ETCG,1705181,Grayscale Ethereum Classic Trust (ETC)
BAR,1690437,GraniteShares Gold Trust
PLTM,1690842,GraniteShares Platinum Trust
GDLC,1729997,Grayscale CoinDesk Crypto 5 ETF
LIME,1699963,"Neutron Holdings, Inc."
REF,1787117,Reformation Inc.
DGNOF,1790693,Diagnos Inc.
HZEN,1748945,Grayscale Horizen Trust (ZEN)
LTCN,1732406,Grayscale Litecoin Trust (LTC)
ZCSH,1720265,Grayscale Zcash Trust (ZEC)
DCFBS,1630745,"DCFC Holdings, LLC"
ODRS,1610718,"Outdoor Specialty Products, Inc."
CPPBY,1551468,Central Pattana Public Co Limited/ADR
BPRE,1551047,Bluerock Private Real Estate Fund
OUNZ,1546652,VanEck Merk Gold ETF
IPSAY,1582820,IPSOS/ADR
EYUBY,1562294,Electricity Generating Public Co Limited/ADR
BITW,1723788,Bitwise 10 Crypto Index ETF
AAAU,1708646,Goldman Sachs Physical Gold ETF
MSYND,1693687,GREENLIT VENTURES INC.
FDCTD,1722731,"FDCTECH, INC."
UVIX,1793497,VS Trust
BITB,1763415,Bitwise Bitcoin ETF
GIXI,1782265,Gix Internet Ltd.
OBTC,1767057,Osprey Bitcoin Trust
IAUM,1759124,iShares Gold Trust Micro
BCHG,1732409,Grayscale Bitcoin Cash Trust (BCH)
VCRDX,1812286,Harrison Street Infrastructure Income Fund
CBPHF,1856491,"Clover Biopharmaceuticals, Ltd."
ORIB,1854183,Orion Bliss Corp.
QSP,1618755,Restaurant Brands International Limited Partnership
BDRY,1610940,Amplify Commodity Trust
BUHPY,1547870,Bumrungrad Hospital Public Co Limited/ADR
PTMSY,1575356,PT MDS Retailing Tbk/ADR
WNHK,1503658,"Winning Catering Group, Inc."
DSRNY,1544088,DiaSorin SpA/ADR
PRBRY,1503812,PREMIUM BRANDS HOLDINGS Corp
MROSY,1516535,Melrose Industries Plc/ADR
BPYPP,1545772,Brookfield Property Partners L.P.
UGA,1396878,"United States Gasoline Fund, LP"
OAK-PA,1403528,"Brookfield Oaktree Holdings, LLC"
BIPH,1406234,Brookfield Infrastructure Partners L.P.
PPLT,1460235,abrdn Platinum ETF Trust
JTGEY,1472033,"Citibank,N.A./ADR"
TSEOQ,1519061,Trinseo PLC
BOTX,1643721,DATZ WORLD HOLDINGS CORP.
GLDM,1618181,World Gold Trust
GDOG,2055510,Grayscale Dogecoin Trust ETF
GLEI,1871890,Galaxy Enterprises Inc. /WY/
OSOL,1868282,Osprey Solana Trust
NSNFY,2027166,"Nissin Foods Holdings Co., Ltd./ADR"
GTAO,2029297,Grayscale Bittensor Trust (TAO)
XRP,2039525,Bitwise XRP ETF
NCIQ,2031069,Hashdex Nasdaq CME Crypto Index ETF
EZPZ,2033807,Franklin Crypto Trust
CCEYF,1992604,CanCambria Energy Corp.
EZBC,1992870,Franklin Templeton Digital Holdings Trust
QETH,1995569,Invesco Galaxy Ethereum ETF
BTC,2015034,Grayscale Bitcoin Mini Trust ETF
TSLVF,1852753,TIER ONE SILVER INC.
FBDT,1892704,"First Breach, Inc."
OCAC,1926314,Ocean Capital Acquisition Corp
HODL,1838028,VanEck Bitcoin ETF
EIIA,1896036,Eagle Point Institutional Income Fund
SCTX,1853921,"Scribe Therapeutics, Inc."
FBTC,1852317,Fidelity Wise Origin Bitcoin Fund
ETHV,1860788,VanEck Ethereum ETF
ODOT,1857629,Osprey Polkadot Trust
VCX,1867090,"Fundrise Innovation Fund, LLC"
HODO,1903595,House of Doge Inc.
TCRG,1879270,Cannaisseur Group Inc.
XXC,1875994,XINXU COPPER INDUSTRY TECHNOLOGY Ltd
ARKB,1869699,Ark 21Shares Bitcoin ETF
BTCO,1855781,Invesco Galaxy Bitcoin ETF
BTCW,1850391,WisdomTree Bitcoin Fund
OABIW,1846253,"OmniAb, Inc."
GSOL,1896677,Grayscale Solana Staking ETF
FGDL,1858258,Franklin Templeton Holdings Trust
MANA,1852023,Grayscale Decentraland Trust (MANA)
GLNK,1852025,Grayscale Chainlink Trust ETF
GBAT,1852040,Grayscale Basic Attention Token Trust (BAT)
BABYD,1807936,Else Nutrition Holdings Inc.
GXLM,1761325,Grayscale Stellar Lumens Trust (XLM)
SEQC,1779977,"SeeQC, Inc."
ETHE,1725210,Grayscale Ethereum Staking ETF
ICR-PA,1690012,"InPoint Commercial Real Estate Income, Inc."
GLIV,1852024,Grayscale Livepeer Trust (LPT)
ITRE,1861448,"IntriEnergy, Inc."
AUGCF,1839290,AU Gold Corp.
EMI,1838003,"Encore Medical, Inc."
BRRR,1841175,CoinShares Bitcoin ETF
OBNB,1916101,Osprey BNB Chain Trust
CUPPF,2021989,Super Copper Corp.
PDYTY,2032887,PT Dayamitra Telekomunikasi Tbk/ADR
KKSIY,2033019,Kokusai Electric Corporation/ADR
PGIM,1923622,PGIM Private Credit Fund
FRBT,1925062,"Forbright, Inc."
VSOL,2028541,VanEck Solana ETF
SCTAY,2032517,Sectra AB/ADR
FETH,2000046,Fidelity Ethereum Fund
IDIA,1997389,Innovative Digital Investors Acquisition Corp.
NOPFF,1991188,Nevada Organic Phosphate Inc.
DEFI,1985840,Hashdex Commodities Trust
IBIT,1980994,iShares Bitcoin Trust ETF
TDGGF,1972589,TDG Gold Corp.
NXNT,1976663,"Nexscient, Inc."
BRBF,1976870,BRB Foods Inc.
VTNMF,1981775,V Ten Metals Corp.
TVCN,1952670,TV Channels Network Inc.
CGL,1934387,CGL Logistics Holdings Ltd
GXRP,2037427,Grayscale XRP Trust ETF
XDT,2038688,Xdata Group
CTWO,1958928,COTWO ADVISORS PHYSICAL EUROPEAN CARBON ALLOWANCE TRUST
TOXR,2028835,21Shares XRP ETF
PMHMY,2030632,Perfect Medical Health Management Ltd./ADR
MGNO,2033615,"Magnolia Bancorp, Inc."
KPL,2000208,Kepler Group Ltd
USDW,1977837,MADE IN USA INC.
ETH,2020455,Grayscale Ethereum Staking Mini ETF
ETHW,2013744,Bitwise Ethereum ETF
KOGDF,2008257,KO Gold Inc.
VZSLY,2031760,Vizsla Royalties Corp.
ITXP,2025878,"Independence Power Holdings, Inc."
VAVX,2060717,VanEck Avalanche ETF
TSUI,2061626,21Shares Sui ETF
GGTKY,2059690,PT GoTo Gojek Tokopedia Tbk/ADR
DDHLY,2034300,Digital Domain Holdings Limited/ADR
GBNXY,2071913,Gibson Energy Inc/ADR
STSUF,2077638,Satsuma Technology PLC
UNID,2077697,"RiverNorth Short Prime Unicorn Fund I, Inc"
MLIZY,2080003,MELIUZ S.A.
LBRJ,1999119,"Libera Gaming Operations, Inc"
ETHA,2000638,iShares Ethereum Trust ETF
PSUS,2002660,"Pershing Square USA, Ltd."
NMCPF,2003813,Nuvau Minerals Corp
CRGT,1958489,"Cortigent, Inc."
ITG,2110117,"ITG, Inc./DE/"
AMAC,2110119,AMR Resources Acquisition Corp.
BREZ,2095443,Breeze Acquisition Corp. II
APMC,2101393,AmperCap Acquisition Co
WLCO,2101470,Wilco 63 Corp
FFGG,2102972,FF Global Holdings Ltd
ADIG,2105139,ADI GLOBAL DISTRIBUTION INC.
ORNJY,2093314,OranjeBTC S.A. Educacao E Investmentimento/ADR
MTMTY,2090231,Metlen Energy & Metals PLC/ADR
HRBAY,2088827,"Horiba, Ltd./ADR"
CCIL,2083945,CALM Chain International Ltd
LSBA,2075589,Law's Business Group Holding Ltd
BAVA,2086017,Bitwise Avalanche ETF
MARH,2087064,Starrygazey Inc.
NSURF,2002326,North Shore Uranium Ltd.
INHI,1997950,Unitrend Entertainment Group Ltd
EZET,2011535,Franklin Ethereum Trust
TSOL,2028834,21Shares Solana ETF
SGIHY,2027330,"Sugi Holdings Co., Ltd./ADR"
PMA,1956166,Ming Shing Group Holdings Ltd
LPCHY,2023870,Lapco Holdings Limited/ADR
CCLV,2027982,"C2 Capital Group, Inc."
ENT,2028464,"ENTRATA, INC."
GSUI,2034012,Grayscale Sui Staking ETF
NNRGF,1951593,Ninepoint Energy Fund
GSMT,1940243,Global-Smart.Tech Inc.
PBRRY,2034467,PT Barito Renewables Energy Tbk/ADR
KYTFY,2042187,Kyoto Financial Group Inc/ADR
SOLC,2041869,Canary Marinade Solana ETF
MOGMF,2011589,Mogotes Metals Inc.
GSNR,2025000,Grayscale Near Trust (NEAR)
GAVA,2035053,Grayscale Avalanche Staking ETF
MIMDF,1920576,MiMedia Holdings Inc.
DAVI,2039072,DAVION HEALTHCARE PLC
MDDTY,2038958,Mandatum Oyj/ADR
RCWBY,1969729,Rockwool A/S/ADR
TETH,1992508,21Shares Ethereum ETF
STCK,2024996,Grayscale Stacks Trust (STX)
MKAR,2052373,Mkango Rare Earths Ltd
BSOL,2045872,Bitwise Solana Staking ETF
DBP,1383057,Invesco DB Precious Metals Fund
USL,1405528,"United States 12 Month Oil Fund, LP"
IAU,1278680,ISHARES GOLD TRUST
FXB,1353611,Invesco CurrencyShares British Pound Sterling Trust
FXY,1353613,Invesco CurrencyShares Japanese Yen Trust
GJO,1340909,"STRATS SM TRUST FOR WAL-MART STORES, INC. SECURITIES, SERIES 2005-4"
XSIAX,1124959,VOYA CREDIT INCOME FUND
TSM,1046179,TAIWAN SEMICONDUCTOR MANUFACTURING CO LTD
QQQ,1067839,"INVESCO QQQ TRUST, SERIES 1"
ZTR,836412,Virtus Total Return Fund Inc.
UELMO,100826,UNION ELECTRIC CO
AILIH,18654,Ameren Illinois Co
CITR,894556,CitroTech Inc.
DIA,1041130,SPDR DOW JONES INDUSTRIAL AVERAGE ETF TRUST
EMP,66901,"ENTERGY MISSISSIPPI, LLC"
CHSCP,823277,CHS INC
GPJA,41091,GEORGIA POWER CO
CMS-PB,201533,CONSUMERS ENERGY CO
EAI,7323,"ENTERGY ARKANSAS, LLC"
NRUC,70502,NATIONAL RURAL UTILITIES COOPERATIVE FINANCE CORP /DC/
ENJ,71508,"ENTERGY NEW ORLEANS, LLC"
PPURF,1495651,Ucore Rare Metals Inc.
PALL,1459862,abrdn Palladium ETF Trust
BNO,1472494,"United States Brent Oil Fund, LP"
PCGC,1365359,"HYDRO POWER TECHNOLOGIES, INC."
DBA,1383082,INVESCO DB AGRICULTURE FUND
DBB,1383084,INVESCO DB BASE METALS FUND
GBTC,1588489,Grayscale Bitcoin Trust ETF
GJP,1343491,"STRATS(SM) TRUST FOR DOMINION RESOURCES, INC. SECURITIES, SERIES 2005-6"
GJR,1353226,"STRATS(SM) Trust for Procter & Gamble Securities, Series 2006-1"
FXC,1353612,Invesco CurrencyShares Canadian Dollar Trust
GJS,1356284,"STRATS(SM) Trust for Goldman Sachs Group Securities, Series 2006-2"
UDN,1383149,INVESCO DB US DOLLAR INDEX BEARISH FUND
ETI-P,1427437,"ENTERGY TEXAS, INC."
UNL,1405513,"United States 12 Month Natural Gas Fund, LP"
SGOL,1450923,abrdn Gold ETF Trust
WYTC,1560143,WYTEC INTERNATIONAL INC
GLTR,1483386,abrdn Precious Metals Basket ETF Trust
KTH,1283464,STRUCTURED PRODUCTS CORP CORTS TR FOR PECO ENERGY CAP TR III
DBC,1328237,Invesco DB Commodity Index Tracking Fund
USCI,1479247,United States Commodity Index Funds Trust
DBO,1383058,Invesco DB Oil Fund
GJT,1357660,"STRATS(SM) Trust for Allstate Corp Securities, Series 2006-3"
FXF,1353615,Invesco CurrencyShares Swiss Franc Trust
GSG,1332174,iShares S&P GSCI Commodity-Indexed Trust
FXE,1328598,Invesco CurrencyShares Euro Trust
FXA,1353614,Invesco CurrencyShares Australian Dollar Trust
ELC,1348952,"ENTERGY LOUISIANA, LLC"
SLV,1330568,iShares Silver Trust
GEHDF,1291313,Great Eastern Holdings Ltd
DBE,1383062,Invesco DB Energy Fund
UNG,1376227,"United States Natural Gas Fund, LP"
JBK,1284143,LEHMAN ABS CORP GOLDMAN SACHS CAP 1 SEC BACKED SER 2004-6
CUVL,1290877,Clinuvel Pharmaceuticals Ltd
SIVR,1450922,abrdn Silver ETF Trust
IVHI,1009919,"Invech Holdings, Inc."
PYT,1294808,PPLUS Trust Series GSC-2
KTN,1283337,STRUCTURED PRODUCTS CORP CRED ENHANCE CORTS TR FOR AON CAP A
SGMOQ,1001233,"SANGAMO THERAPEUTICS, INC"
MDY,936958,SPDR S&P MIDCAP 400 ETF TRUST
IPB,1267332,MERRILL LYNCH DEPOSITOR INC INDEXPLUS TRUST SERIES 2003-1
SDSYA,1163609,SOUTH DAKOTA SOYBEAN PROCESSORS LLC
NHFLF,1075822,NORTHFIELD CAPITAL CORP
SPCX,1181412,SPACE EXPLORATION TECHNOLOGIES CORP
AEBMY,1174511,ANADOLU EFES BIRACILIK VE MALT SANAYI A S/ADR
MADL,1052354,MAN AHL DIVERSIFIED I LP
SPY,884394,SPDR S&P 500 ETF TRUST
MAAI,912595,MID AMERICA APARTMENT COMMUNITIES INC.
SVA,1084201,SINOVAC BIOTECH LTD
GJH,1286405,STRATS SM TRUST FOR U S CELL CORP SEC SERIES 2004 6
USO,1327068,"United States Oil Fund, LP"
GLD,1222333,SPDR GOLD TRUST
GOOG,1652044,Alphabet Inc.
USB-PA,36104,US BANCORP DE
BRK-A,1067983,BERKSHIRE HATHAWAY INC
ASMLF,937966,ASML HOLDING NV
TSMWF,1046179,TAIWAN SEMICONDUCTOR MANUFACTURING CO LTD
BABAF,1577552,Alibaba Group Holding Ltd
JPM-PC,19617,JPMORGAN CHASE & CO
NVSEF,1114448,NOVARTIS AG
PCCYF,1108329,PETROCHINA CO LTD
BML-PG,70858,BANK OF AMERICA CORP /DE/
BML-PL,70858,BANK OF AMERICA CORP /DE/
BAC-PB,70858,BANK OF AMERICA CORP /DE/
TOYOF,1094517,TOYOTA MOTOR CORP/
CILJF,1268896,CHINA LIFE INSURANCE CO LTD
BAC-PK,70858,BANK OF AMERICA CORP /DE/
MBFJF,67088,MITSUBISHI UFJ FINANCIAL GROUP INC
RYDAF,1306965,Shell plc
NONOF,353278,NOVO NORDISK A S
BCDRF,891478,"Banco Santander, S.A."
HBCYF,1089113,HSBC HOLDINGS PLC
WFC-PY,72971,WELLS FARGO & COMPANY/MN
BHPLF,811809,BHP Group Ltd
ABLZF,1091587,ABB LTD
ABBNY,1091587,ABB LTD
SAPGF,1000184,SAP SE
WFC-PL,72971,WELLS FARGO & COMPANY/MN
SNEJF,313838,Sony Group Corp
TBB,732717,AT&T INC.
SNYNF,1121404,Sanofi
BTAFF,1303523,British American Tobacco p.l.c.
UNLYF,217410,UNILEVER PLC
BUDFF,1668717,Anheuser-Busch InBev SA/NV
WFC-PC,72971,WELLS FARGO & COMPANY/MN
DTEGF,946770,DEUTSCHE TELEKOM AG
GLAXF,1131399,GSK plc
BPAQF,313807,BP PLC
RTPPF,863064,RIO TINTO PLC
SMFNF,1022837,"SUMITOMO MITSUI FINANCIAL GROUP, INC."
IDEXF,1438656,Industria de Diseno Textil Inditex SA / ADR
BYDDF,1445162,BYD CO LTD
NCRRP,70866,NCR Voyix Corp
CMXHF,1274152,CSL LTD
AIQUF,1161167,L AIR LIQUIDE SA /FI
SNPMF,1123658,CHINA PETROLEUM & CHEMICAL CORP
MBGAF,1067318,DAIMLER AG
NETTF,1110646,"NetEase, Inc."
USB-PH,36104,US BANCORP DE
EBBNF,895728,ENBRIDGE INC
CTA-PB,30554,"EIDP, Inc."
USB-PP,36104,US BANCORP DE
BAESF,895564,BAE SYSTEMS PLC /FI/
NTTYY,769594,NIPPON TELEGRAPH & TELEPHONE CORP
NOKBF,924613,NOKIA CORP
PPRUF,1445465,Kering
AMXOF,1129137,AMERICA MOVIL SAB DE CV/
GLCNF,1524684,Glencore plc/ADR
MS-PK,895421,MORGAN STANLEY
PBR-A,1119639,PETROBRAS - PETROLEO BRASILEIRO SA
KDDIF,1106215,KDDI CORP
STOHF,1140625,EQUINOR ASA
MS-PE,895421,MORGAN STANLEY
RLXXF,929869,RELX PLC
BAIDF,1329099,"Baidu, Inc."
DGEAF,835403,DIAGEO PLC
EIPAF,1002242,ENI SPA
CCZ,1166691,COMCAST CORP
WEBNF,719245,WESTPAC BANKING CORP
IFNNF,1107457,INFINEON TECHNOLOGIES AG
MZHOF,1335730,MIZUHO FINANCIAL GROUP INC
HTHIF,47710,HITACHI LTD
NGGTF,1004315,NATIONAL GRID PLC
TKPHF,1395064,TAKEDA PHARMACEUTICAL CO LTD
DKILF,1446519,Daikin Industries Ltd
BECEF,718940,BCE INC
SPG-PJ,1063761,SIMON PROPERTY GROUP INC.
BSQKZ,1512673,"Block, Inc."
CTA-PA,30554,"EIDP, Inc."
TNCAF,1232384,TC ENERGY CORP
INGVF,1039765,ING GROEP NV
MET-PA,1099219,METLIFE INC
TRPCF,1269238,Trip.com Group Ltd
ITOCF,355363,ITOCHU CORP
MET-PE,1099219,METLIFE INC
LLDTF,1160106,Lloyds Banking Group plc
BBVXF,842180,"BANCO BILBAO VIZCAYA ARGENTARIA, S.A."
HLNCF,1900304,Haleon plc
TCANF,1232384,TC ENERGY CORP
PSA-PH,1393311,Public Storage
BAMXF,1446250,Bayerische Motoren Werke AG/ADR
JDCMF,1549802,"JD.com, Inc."
HNDAF,715153,HONDA MOTOR CO LTD
SVNDF,1359519,SEVEN & I HOLDINGS CO LTD
BAMGF,1001085,BROOKFIELD Corp /ON/
MRAAF,1450468,"Murata Manufacturing Co., Ltd./ADR"
PINXF,1569964,People's Insurance Co (Group) of China Limited/ADR
BMDPF,1002788,BANCA MONTE DEI PASCHI DI SIENA SPA
HEI-A,46619,HEICO CORP
TCKRF,886986,TECK RESOURCES LTD
CRARF,1279967,CREDIT AGRICOLE S A
ENAKF,1136808,E.ON SE
RBSPF,844150,NatWest Group plc
ERIXF,717826,ERICSSON LM TELEPHONE CO
PUKPF,1116578,PRUDENTIAL PLC
WOPEF,844551,WOODSIDE ENERGY GROUP LTD
FNCTF,1038143,ORANGE
ALL-PH,899051,ALLSTATE CORP
BIP,1406234,Brookfield Infrastructure Partners L.P.
LEN-B,920760,LENNAR CORP /NEW/
CIXPF,1535628,CaixaBank/ADR
BCLYF,312069,BARCLAYS PLC
RSMDF,943819,RESMED INC
CODGF,1012037,COMPAGNIE DE SAINT GOBAIN
LAAOF,1791706,Li Auto Inc.
VWSYF,1330306,VESTAS WIND SYSTEMS A/S
ORXCF,1070304,ORIX CORP
TEFOF,814052,TELEFONICA S A
VODPF,839923,VODAFONE GROUP PUBLIC LTD CO
BBDO,1160330,BANK BRADESCO
GNMSF,1434265,GENMAB A/S
ANNSF,1700171,Aena S.A./ADR
DLR-PK,1297996,"DIGITAL REALTY TRUST, INC."
HRNNF,1712356,Hydro One Ltd
STMEF,932787,STMicroelectronics N.V.
FWONK,1560385,Liberty Media Corp
HKHHF,1142231,HEINEKEN HOLDING N V
AMSYF,1243429,ArcelorMittal
SAXPF,1436778,Sampo OYJ
RYAOF,1038683,RYANAIR HOLDINGS PLC
MKC-V,63754,MCCORMICK & CO INC
TNRSF,1190723,TENARIS SA
CAJPY,16988,CANON INC
RSTRF,1618755,Restaurant Brands International Limited Partnership
MARUF,801645,MARUBENI CORP /FI
SOJC,92122,SOUTHERN CO
CAJFF,16988,CANON INC
HMRZF,1396282,H&M HENNES & MAURITZ AB
FCNCB,798941,FIRST CITIZENS BANCSHARES INC /DE/
COCSF,910631,COCA COLA FEMSA SAB DE CV
ICHGF,858446,INTERCONTINENTAL HOTELS GROUP PLC /NEW/
TELNF,1126113,TELENOR ASA
RCIAF,733099,ROGERS COMMUNICATIONS INC
FOX,1754301,Fox Corp
XPNGF,1810997,XPENG INC.
Z,1617640,"ZILLOW GROUP, INC."
STT-PG,93751,STATE STREET CORP
KYOCF,57083,KYOCERA CORP
FWONB,1560385,Liberty Media Corp
EDRVY,1516534,EDP Renewables S.A./ADR
BKZHY,1459334,Santander Bank Polska SA/ADR
POAHF,1450346,Porsche Automobil Holding SE / ADR
NRSCF,1163653,NOMURA HOLDINGS INC
NWS,1564708,NEWS CORP
JHIUF,1159152,James Hardie Industries plc
SPXSF,1518542,Spirax-Sarco Engineering PLC/ADR
MAA,912595,MID AMERICA APARTMENT COMMUNITIES INC.
RYLPF,313216,KONINKLIJKE PHILIPS NV
AMCCF,1748790,Amcor plc
SURDF,1450159,"Sumitomo Realty & Development Co., Ltd./ADR"
BIO-B,12208,"BIO-RAD LABORATORIES, INC."
CHKIF,1041668,CHINA SOUTHERN AIRLINES CO LTD
ADTTF,1158838,ADVANTEST CORP
KEY-PK,91576,KEYCORP /NEW/
FSNUF,904868,Fresenius SE & Co. KGaA
TEVJF,818686,TEVA PHARMACEUTICAL INDUSTRIES LTD
AKZOF,3124,AKZO NOBEL NV
SGIOF,1281721,SHIONOGI & CO LTD
FRFFF,915191,FAIRFAX FINANCIAL HOLDINGS LTD/ CAN
APO-PA,1858681,"Apollo Global Management, Inc."
KEY-PI,91576,KEYCORP /NEW/
NIOIF,1736541,NIO Inc.
FNGD,927971,BANK OF MONTREAL /CAN/
GFIOF,1172724,GOLD FIELDS LTD
NCSYF,1003935,NICE Ltd.
RKLIF,930157,RENTOKIL INITIAL PLC /FI
SVYSF,930826,SOLVAY S A /ADR/
GELYF,1474968,Geely Automobile Holdings Limited/ADR
NMPGY,1333172,Navios Maritime Holdings Inc.
WSO-B,105016,WATSCO INC
FMCQF,1333141,Fresenius Medical Care AG
MAA-PI,912595,MID AMERICA APARTMENT COMMUNITIES INC.
LBRDB,1611983,Liberty Broadband Corp
RF-PC,1281761,REGIONS FINANCIAL CORP
SNNUF,845982,SMITH & NEPHEW PLC
SHECF,1442651,"Shin-Etsu Chemical Co., Ltd."
BF-B,14693,BROWN FORMAN CORP
LBRDK,1611983,Liberty Broadband Corp
BZLFF,1072397,BUNZL PLC
ALMMF,1161611,ALUMINUM CORP OF CHINA LTD
ERRAF,1127248,EMERA INC
PIRBF,1437441,Piraeus Bank S.A.
UHAL-B,4457,U-Haul Holding Co /NV/
SBYSF,1786909,Sibanye Stillwater Ltd
TAP-A,24545,MOLSON COORS BEVERAGE CO
DQJCF,1446597,Don Quijote Holdings Co Ltd
PBNNF,1504122,PT Bank Negara Indonesia (Persero) Tbk/ADR
WPPGF,806968,WPP plc
PRYMF,1437672,Prysmian S.p.A.
AOMFF,1062066,ALSTOM
GPAEF,1347557,Pacific Airport Group
MNBEF,1034983,MINEBEA MITSUMI Inc.
AEGOF,769218,AEGON LTD.
FREJO,1026214,FEDERAL HOME LOAN MORTGAGE CORP
SMTOF,95227,SUMITOMO ELECTRIC INDUSTRIES LTD/ADR/
YAMHF,1447100,"Yamaha Motor Co., Ltd."
GLIBB,2057463,Liberty Capital Corp/NV
NDEKF,353991,NITTO DENKO CORP / ADR/
ASRMF,1123452,SOUTHEAST AIRPORT GROUP
SBMFF,1604982,Sino Biopharmaceutical Limited/ADR
JGSHF,1567172,"JG Summit Holdings, Inc./ADR"
LBTYB,1570585,Liberty Global Ltd.
UEPCN,100826,UNION ELECTRIC CO
CXMSF,1076378,CEMEX SAB DE CV
SAPIF,2072563,Saputo Inc./ADR
CIG-C,1157557,ENERGY CO OF MINAS GERAIS
DINRF,1544379,"SCREEN Holdings Co., Ltd./ADR"
PSORF,938323,PEARSON PLC
UEPEO,100826,UNION ELECTRIC CO
UEPEP,100826,UNION ELECTRIC CO
PSNYW,1884082,Polestar Automotive Holding UK PLC
SASOF,314590,SASOL LTD
VNORP,899689,VORNADO REALTY TRUST
OSCUF,1600520,"Japan Exchange Group, Inc./ADR"
NWOEF,1372920,New Oriental Education & Technology Group Inc.
CLUS,1346287,Cluster Group Holdings Ltd Co
VNO-PL,899689,VORNADO REALTY TRUST
UEPCP,100826,UNION ELECTRIC CO
VNO-PM,899689,VORNADO REALTY TRUST
UNBLF,1453932,Unibail-Rodamco SE/ADR
YMHAY,1447100,"Yamaha Motor Co., Ltd."
UEPEN,100826,UNION ELECTRIC CO
BLBLF,1723690,Bilibili Inc.
VOYA-PB,1535929,"Voya Financial, Inc."
XZJCF,1562805,Mitsui Kinzoku Co Ltd./ADR
GIFLF,1438569,Grifols SA
KOSCF,1668501,Kose Corporation/ADR
PADEF,1489079,Adaro Energy PT/ADR/
GIFOF,1438569,Grifols SA
MSUXF,1710864,Misumi Group Inc./ADR
ATDRF,1647435,Auto Trader Group plc/ADR
DSECF,1481045,Daiwa Securities Group Inc.
CMSA,811156,CMS ENERGY CORP
SLG-PI,1040971,SL GREEN REALTY CORP
RCWLY,1969729,Rockwool A/S/ADR
BCUCF,1581285,Brunello Cucinelli S.p.A./ADR
BMRPF,1671235,B&M European Value Retail S.A./ADR
LIFX,1581760,"Life360, Inc."
GIKLY,1438569,Grifols SA
RUSHB,1012019,RUSH ENTERPRISES INC \TX\
BLFBY,1506721,Balfour Beatty plc/ADR
HACBY,793742,HACHIJUNI BANK LTD
ALTB,1642365,Alpine Auto Brokers Inc.
SFGRF,2084022,Sony Financial Group Inc./ADR
UNMA,5513,Unum Group
SLFPF,1370418,STANDARD LIFE PLC
RTMVF,1516536,Rightmove PLC/ADR
MITUF,1446420,Mitsui Chemicals Inc
BPOPO,763901,"POPULAR, INC."
HGMCF,1023514,HARMONY GOLD MINING CO LTD
SSRGF,921638,SSR MINING INC.
ZLDPF,2068427,Zealand Pharma A/S/ADR
PHTCF,78150,PLDT Inc.
PCG-PE,1004980,PG&E Corp
AKO-B,925261,ANDINA BOTTLING CO INC
PPENF,1469395,Pampa Energy Inc.
PCG-PD,1004980,PG&E Corp
PCG-PC,1004980,PG&E Corp
FNMFN,310522,FEDERAL NATIONAL MORTGAGE ASSOCIATION FANNIE MAE
PCG-PH,1004980,PG&E Corp
PCG-PG,1004980,PG&E Corp
GAERF,1378239,Central North Airport Group
AXS-PE,1214816,AXIS CAPITAL HOLDINGS LTD
DTW,936340,DTE ENERGY CO
SPTJF,908732,SINOPEC SHANGHAI PETROCHEMICAL CO LTD
PIFMF,1445211,"Indofood Sukses Makmur, Tbk"
PCG-PI,1004980,PG&E Corp
DISPF,1671750,Disco Corporation/ADR
TCMFF,932470,TELECOM ARGENTINA SA
SLMBP,1032033,SLM Corp
BELFB,729580,BEL FUSE INC /NJ
DLAKF,1049724,DEUTSCHE LUFTHANSA A G /FI
SF-PB,720672,STIFEL FINANCIAL CORP
TWO-PC,1465740,TWO HARBORS INVESTMENT CORP.
ATROB,8063,ASTRONICS CORP
LBTYK,1570585,Liberty Global Ltd.
GEF-B,43920,"GREIF, INC"
BATRK,1958140,"Atlanta Braves Holdings, Inc."
TYTMF,1447101,Tokyo Tatemono Co Ltd
MOG-B,67887,MOOG INC.
VLYPP,714310,VALLEY NATIONAL BANCORP
RYKKF,1592049,Ryohin Keikaku Co/ADR
TWO-PB,1465740,TWO HARBORS INVESTMENT CORP.
TWO-PA,1465740,TWO HARBORS INVESTMENT CORP.
WRB-PE,11544,BERKLEY W R CORP
SOHGY,1536787,ALSOK Co Ltd./ADR
WBS-PF,801337,WEBSTER FINANCIAL CORP
UA,1336917,"Under Armour, Inc."
VLYPO,714310,VALLEY NATIONAL BANCORP
RLJ-PA,1511337,RLJ Lodging Trust
PEB-PF,1474098,Pebblebrook Hotel Trust
PEB-PE,1474098,Pebblebrook Hotel Trust
CIM-PA,1409493,CHIMERA INVESTMENT CORP
TY-P,99614,TRI-CONTINENTAL Corp
PTXAF,1545057,PT XLSMART Telecom Sejahtera Tbk/ADR
HMDCF,1648257,HUTCHMED (China) Ltd
FMCCG,1026214,FEDERAL HOME LOAN MORTGAGE CORP
AEBZY,1174511,ANADOLU EFES BIRACILIK VE MALT SANAYI A S/ADR
FNMAM,310522,FEDERAL NATIONAL MORTGAGE ASSOCIATION FANNIE MAE
AILLI,18654,Ameren Illinois Co
CENTA,887733,CENTRAL GARDEN & PET CO
TRTN-PA,1660734,Triton International Ltd
NSA-PA,1618563,National Storage Affiliates Trust
BATRB,1958140,"Atlanta Braves Holdings, Inc."
WELPP,107815,WISCONSIN ELECTRIC POWER CO
AILLM,18654,Ameren Illinois Co
AILLN,18654,Ameren Illinois Co
CDGLF,1448611,ComfortDelGro Corp Ltd
FNMAN,310522,FEDERAL NATIONAL MORTGAGE ASSOCIATION FANNIE MAE
SRG-PA,1628063,Seritage Growth Properties
TROLB,98677,TOOTSIE ROLL INDUSTRIES INC
AILIM,18654,Ameren Illinois Co
FMCCJ,1026214,FEDERAL HOME LOAN MORTGAGE CORP
FNMAI,310522,FEDERAL NATIONAL MORTGAGE ASSOCIATION FANNIE MAE
CODQL,1770561,Coronado Global Resources Inc.
WBHC,885275,WILSON BANK HOLDING CO
GLPGF,1421876,Lakefront Biotherapeutics NV
TBNGY,1489088,PT Bukit Asam Tbk/ADR
AILLO,18654,Ameren Illinois Co
LXP-PC,910108,LXP Industrial Trust
FNMAT,310522,FEDERAL NATIONAL MORTGAGE ASSOCIATION FANNIE MAE
AILIN,18654,Ameren Illinois Co
FNMAK,310522,FEDERAL NATIONAL MORTGAGE ASSOCIATION FANNIE MAE
IFCNF,2035057,Inficon Holding AG/ADR
FNMAL,310522,FEDERAL NATIONAL MORTGAGE ASSOCIATION FANNIE MAE
FNMFM,310522,FEDERAL NATIONAL MORTGAGE ASSOCIATION FANNIE MAE
AILLP,18654,Ameren Illinois Co
WLYB,107140,"JOHN WILEY & SONS, INC."
FNMAO,310522,FEDERAL NATIONAL MORTGAGE ASSOCIATION FANNIE MAE
TUFBY,1562296,Thai Union Group Public Co Limited/ADR
FNMAG,310522,FEDERAL NATIONAL MORTGAGE ASSOCIATION FANNIE MAE
FNMFO,310522,FEDERAL NATIONAL MORTGAGE ASSOCIATION FANNIE MAE
ARZTF,1423210,ARYZTA AG (fka IAWS GROUP PLC)
TCNNF,1754195,Trulieve Cannabis Corp.
GDV-PH,1260729,GABELLI DIVIDEND & INCOME TRUST
FISK,1553079,"Empire State Realty OP, L.P."
GRPFF,912892,"GRUPO TELEVISA, S.A.B."
EVOTF,1412558,Evotec SE
NGL-PC,1504461,NGL Energy Partners LP
BFS-PD,907254,"SAUL CENTERS, INC."
FMCCL,1026214,FEDERAL HOME LOAN MORTGAGE CORP
OGCP,1553079,"Empire State Realty OP, L.P."
AGM-A,845877,FEDERAL AGRICULTURAL MORTGAGE CORP
FMCKL,1026214,FEDERAL HOME LOAN MORTGAGE CORP
LTGHF,1569963,Life Healthcare Group Holdings Limited/ADR
DRSHF,1671541,DroneShield Ltd
PMT-PA,1464423,PennyMac Mortgage Investment Trust
LILAK,1712184,Liberty Latin America Ltd.
PMT-PB,1464423,PennyMac Mortgage Investment Trust
OLPX,1868726,"OLAPLEX HOLDINGS, INC."
SBOEF,1578955,SBO AG/ADR
LILAB,1712184,Liberty Latin America Ltd.
FMCCS,1026214,FEDERAL HOME LOAN MORTGAGE CORP
MHLA,1412100,"Maiden Holdings, Ltd."
FMCCO,1026214,FEDERAL HOME LOAN MORTGAGE CORP
CODI-PB,1345126,Compass Diversified Holdings
BH,1726173,Biglari Holdings Inc.
FMCKN,1026214,FEDERAL HOME LOAN MORTGAGE CORP
FREJN,1026214,FEDERAL HOME LOAN MORTGAGE CORP
CMGMF,1503154,Chemring Group PLC/ADR
FMCCN,1026214,FEDERAL HOME LOAN MORTGAGE CORP
FMCKO,1026214,FEDERAL HOME LOAN MORTGAGE CORP
FMCKJ,1026214,FEDERAL HOME LOAN MORTGAGE CORP
FMCKM,1026214,FEDERAL HOME LOAN MORTGAGE CORP
FREGP,1026214,FEDERAL HOME LOAN MORTGAGE CORP
GLOP-PA,1598655,GasLog Partners LP
FMCCH,1026214,FEDERAL HOME LOAN MORTGAGE CORP
FMCCK,1026214,FEDERAL HOME LOAN MORTGAGE CORP
HL-PB,719413,HECLA MINING CO/DE/
FMCCP,1026214,FEDERAL HOME LOAN MORTGAGE CORP
FMCCM,1026214,FEDERAL HOME LOAN MORTGAGE CORP
FMCKP,1026214,FEDERAL HOME LOAN MORTGAGE CORP
GLASF,1848731,Glass House Brands Inc.
SENEB,88948,Seneca Foods Corp
DGICB,800457,DONEGAL GROUP INC
GRAF-UN,1897463,Graf Global Corp.
FXCNF,1164009,FIH Mobile Ltd
HCACU,2079013,Hall Chadwick Acquisition Corp
FUEMF,2001201,Fuerte Metals Corp
KELYB,55135,KELLY SERVICES INC
GTN-A,43196,"GRAY MEDIA, INC"
MEOBF,1345099,MESOBLAST LTD
DRDGF,1023512,DRDGOLD LTD
GDRZF,1072725,GOLD RESERVE LTD
HOVVB,357294,HOVNANIAN ENTERPRISES INC
CMRE-PC,1503584,Costamare Inc.
CLVLF,1290877,Clinuvel Pharmaceuticals Ltd
HLTC,1561032,"National Healthcare Properties, Inc."
HVT-A,216085,HAVERTY FURNITURE COMPANIES INC
GGT-PE,921671,GABELLI MULTIMEDIA TRUST INC.
BRSYF,1505065,Brainsway Ltd.
UMH-PD,752642,"UMH PROPERTIES, INC."
OXLCM,1495222,Oxford Lane Capital Corp.
MTGRF,1537543,MGX Resources Limited/ADR
ERLFF,1271554,Entree Resources Ltd.
TIHRF,2133810,Tharisa plc
NEWTI,1587987,"NewtekOne, Inc."
PTCHF,1782999,PureTech Health plc
OXLCO,1495222,Oxford Lane Capital Corp.
CRD-B,25475,CRAWFORD & CO
UURAF,1495651,Ucore Rare Metals Inc.
TBRG,1169445,"TruBridge, Inc."
CLVLY,1290877,Clinuvel Pharmaceuticals Ltd
GSCCF,1896084,ioneer Ltd
AVHHL,1762303,"AVITA Medical, Inc."
VSOGF,1762506,"Vista Energy, S.A.B. de C.V."
ARTNB,863110,ARTESIAN RESOURCES CORP
OABI,1846253,"OmniAb, Inc."
CKDXF,1815620,Opthea Ltd
CNTHP,23426,CONNECTICUT LIGHT & POWER CO
CGEH,1009759,"Capstone Energy Plus, Inc."
IHRTB,1400891,"iHeartMedia, Inc."
CNLPL,23426,CONNECTICUT LIGHT & POWER CO
NCZ-PA,1227857,Virtus Convertible & Income Fund II
DFPH,1799191,"Oncology Institute, Inc."
DSX-PB,1318885,DIANA SHIPPING INC.
CNTHO,23426,CONNECTICUT LIGHT & POWER CO
RVRF,1641601,River Financial Corp
MTMV,1393044,Motomova Inc
CHMI-PB,1571776,Cherry Hill Mortgage Investment Corp
RLFTY,1854078,MindMaze Therapeutics Holding SA
PRRUF,1506184,IMMUTEP Ltd
CNTHN,23426,CONNECTICUT LIGHT & POWER CO
SLNCF,1479615,Silence Therapeutics plc
APLMW,1944885,Apollomics Inc.
CNLHP,23426,CONNECTICUT LIGHT & POWER CO
ARCXF,1243429,ArcelorMittal
CNLTP,23426,CONNECTICUT LIGHT & POWER CO
HEXEY,1577568,Euronext Athens Holding S.A./ADR
CNLTL,23426,CONNECTICUT LIGHT & POWER CO
IPHYF,1598599,Innate Pharma SA
CNPWM,23426,CONNECTICUT LIGHT & POWER CO
PRTHU,1653558,"Priority Technology Holdings, Inc."
CHMI-PA,1571776,Cherry Hill Mortgage Investment Corp
CNLHO,23426,CONNECTICUT LIGHT & POWER CO
CNPWP,23426,CONNECTICUT LIGHT & POWER CO
LANDP,1495240,GLADSTONE LAND Corp
CNLPM,23426,CONNECTICUT LIGHT & POWER CO
CNLTN,23426,CONNECTICUT LIGHT & POWER CO
VSBC,1697884,VITASPRING BIOMEDICAL CO. LTD.
ENO,71508,"ENTERGY NEW ORLEANS, LLC"
CNLHN,23426,CONNECTICUT LIGHT & POWER CO
BNIGF,1851651,Beroni Group Ltd
IVEVF,1756594,Inventiva S.A.
ECXJ,1823635,"CXJ GROUP CO., Ltd"
SB-PC,1434754,"SAFE BULKERS, INC."
EBRCZ,1347123,"EBR Systems, Inc."
VROYF,2031760,Vizsla Royalties Corp.
ARRKF,1855743,ARRAS MINERALS CORP.
AMEGF,2129284,American Eagle Gold Corp.
CHPGF,1394189,Chesapeake Gold Corp
LUCN,1726079,"Lucent, Inc."
BBXIB,1814974,"BBX Capital, Inc."
LIXT,1335105,"NOMAD POWER SOLUTIONS, INC."
NVNXF,1859795,NOVONIX Ltd
CRTD,1357671,"Creatd, Inc."
AOAO,2042320,Alpha One Inc.
RAASY,1804583,Cloopen Group Holding Ltd
TTSH,1552800,"TILE SHOP HOLDINGS, INC."
RDIB,716634,READING INTERNATIONAL INC
HUSIF,1526475,NICOLA MINING INC.
SFDL,818677,SECURITY FEDERAL CORP
ENDI,1908984,ENDI Corp.
BCV-PA,9521,BANCROFT FUND LTD
BCTF,1668340,"Bancorp 34, Inc."
BKSC,1007273,BANK OF SOUTH CAROLINA CORP
OCGSF,942149,Outcrop Silver & Gold Corp
RGBPP,1589150,Regen BioPharma Inc
GLU-PB,1282957,GABELLI GLOBAL UTILITY & INCOME TRUST
GFASY,1389207,Gafisa S.A.
BCOW,1847360,"1895 Bancorp of Wisconsin, Inc. /MD/"
ATEK,1882198,Athena Technology Acquisition Corp. II
RLFTF,1854078,MindMaze Therapeutics Holding SA
CPTP,202947,CAPITAL PROPERTIES INC /RI/
GSL-PB,1430725,"Global Ship Lease, Inc."
KBSR,1482430,"KBS Real Estate Investment Trust III, Inc."
CULL,1845799,"Cullman Bancorp, Inc. /MD/"
TKLS,1429393,"Trutankless, Inc."
CMCAF,1865248,Piermont Valley Acquisition Corp
JOCM,1907425,JOCOM HOLDINGS CORP.
GGROU,1489874,Golden Growers Cooperative
CBRRF,1845149,Chain Bridge I
SOHON,1301236,Sotherly Hotels Inc.
HSTC,797564,"HST Global, Inc."
HCIL,1086303,"Hongchang International Co., Ltd"
ASCBF,1876716,ASPAC II Acquisition Corp.
FSHPU,1850059,Flag Ship Acquisition Corp
LIVG,1593549,"Livento Group, Inc."
MAPS,1779474,"WM TECHNOLOGY, INC."
FUUFF,1703118,F3 Uranium Corp.
STRC,1050446,Strategy Inc
UBOH,1087456,UNITED BANCSHARES INC/OH
CIZN,1075706,CITIZENS HOLDING CO /MS/
TRLC,1550453,TriLinc Global Impact Fund LLC
MDNAF,1807983,Medicenna Therapeutics Corp.
NSRCF,1302084,NextSource Materials Inc.
ARSMF,1804792,ARES STRATEGIC MINING INC.
VICP,1468639,"Vicapsys Life Sciences, Inc."
NZEOF,1445654,New Zealand Oil & Gas Ltd/ADR
JETBF,1846084,Global Crossing Airlines Group Inc.
BBXIA,1814974,"BBX Capital, Inc."
UONEK,1041657,"URBAN ONE, INC."
RMHI,1452804,"Retrieve Medical Holdings, Inc."
WINV,1854463,WinVest Acquisition Corp.
MLMC,1099234,"FrankSpeech Network, Inc."
WSKEF,1738699,Wisekey International Holding S.A.
SCYYF,1408146,SCANDIUM INTERNATIONAL MINING CORP.
GBNY,1823365,"Generations Bancorp NY, Inc."
BIOE,1723059,Bio Essence Corp
BAYA,1969475,Bayview Acquisition Corp
ANPCF,1620678,ANGLE plc
SALM,1050606,"SALEM MEDIA GROUP, INC. /DE/"
LTSV,1619312,"Lightstone Value Plus REIT IV, Inc."
AATC,943034,AUTOSCOPE TECHNOLOGIES CORP
OMCC,1000045,OLD MARKET CAPITAL Corp
CLCS,1569340,"Cell Source, Inc."
HSTI,1365388,"High Sierra Technologies, Inc."
GWLL,1800373,"GOLDENWELL BIOTECH, INC."
AVLNF,1362898,Avalon Advanced Materials Inc.
OSBK,1076691,OCONEE FINANCIAL CORP
XTXXF,1891512,Adastra Holdings Ltd.
WVVIP,838875,WILLAMETTE VALLEY VINEYARDS INC
LTCH,1826000,"Latch, Inc."
HLLK,1331421,"HALLMARK VENTURE GROUP, INC."
ILLMF,1861233,illumin Holdings Inc.
VWFB,1913838,"VWF Bancorp, Inc."
MRZLF,1301854,Mirasol Resources Ltd
BZRD,1765826,"Blubuzzard, Inc."
BRCNF,1158399,Burcon NutraScience Corp
SFES,86115,SAFEGUARD SCIENTIFICS INC
MSW,1956166,Ming Shing Group Holdings Ltd
GSTX,1497649,Graphene & Solar Technologies Ltd
ZIVO,1101026,"Zivo Bioscience, Inc."
BQST,1568628,Bioquest Corp
WNFT,1528188,Worldwide NFT Inc.
WHLRD,1527541,"Wheeler Real Estate Investment Trust, Inc."
GLBZ,890066,GLEN BURNIE BANCORP
ANEB,1815974,"Anebulo Pharmaceuticals, Inc."
PRNAF,1131343,ALTERITY THERAPEUTICS LTD
MNTCF,2123346,"Montage Technology Co., Ltd./ADR"
SGTM,1895251,"Sustainable Green Team, Ltd."
TVE,1376986,Tennessee Valley Authority
ABIT,1095146,Athena Bitcoin Global
MCLE,1827855,Medicale Corp.
TVC,1376986,Tennessee Valley Authority
CUBT,1400271,Curative Biotechnology Inc
GLUC,1420108,"Glucose Health, Inc."
AGLY,1673504,Atlantis Glory Inc.
TXRP,1133798,"TX Rail Products, Inc."
PAXH,1350156,PREAXIA HEALTH CARE PAYMENT SYSTEMS INC.
TAIT,942126,TAITRON COMPONENTS INC
EVTK,1816554,EVENTIKO INC.
APHD,1490054,"VERDE BIO HOLDINGS, INC."
CJAX,1763925,CoJax Oil & Gas Corp
FEOVF,936801,OCEANIC IRON ORE CORP
XONI,2040753,"Xtreme One Entertainment, Inc."
MGTI,1001601,"MGT CAPITAL INVESTMENTS, INC."
NEXCF,1737270,Nextech3D.AI Corp.
SWISF,1771755,Sekur Private Data Ltd.
BLMH,1996210,"BLUM HOLDINGS, INC."
FULO,1092570,FULLNET COMMUNICATIONS INC
CARV,1016178,CARVER BANCORP INC
VISL,1565228,"Vislink Technologies, Inc."
NPHC,1119643,NUTRA PHARMA CORP
NGHI,1574676,"Galenfeha, Inc."
VQSSF,1777765,VIQ Solutions Inc.
GBCS,727346,"SELECTIS HEALTH, INC."
EGLXF,1854233,Enthusiast Gaming Holdings Inc. / Canada
HMMR,1539680,HAMMER TECHNOLOGY HOLDINGS CORP.
SITS,1468978,"SOUTHERN ITS INTERNATIONAL, INC."
EESH,1138867,"EESTech, Inc."
BRRN,1397795,Bryn Inc.
MVCO,924095,"Metavesco, Inc."
SLTN,1508786,"SILVERTON ENERGY, INC."
SILEF,1545224,Silver Elephant Mining Corp.
ILXP,1115864,ECOMINAS CORP.
BBBXF,1548958,Brixton Metals Corp
LCHD,1715433,Leader Capital Holdings Corp.
FGCO,1377167,"Financial Gravity Companies, Inc."
VMNT,1605057,"Vemanti Group, Inc."
SUIC,1394108,SUIC Worldwide Holdings Ltd.
INNI,1098482,"Innovaro, Inc."
NXMH,1811530,"Next Meats Holdings, Inc."
RSCF,1103090,"REFLECT SCIENTIFIC, INC."
EGTYF,1629632,Eguana Technologies Inc.
TGCB,1815632,"Tego Cyber, Inc."
DTGI,1014052,"Digerati Technologies, Inc."
GLVT,1693687,GREENLIT VENTURES INC.
MTTCF,1828098,Steakholder Foods Ltd.
VCNX,1205922,"VACCINEX, INC."
NUVI,1410708,Emo Capital Corp.
KNOS,1108248,KRONOS ADVANCED TECHNOLOGIES INC
WDLF,1281984,"Decentral Life, Inc."
FZMD,319016,"Fuse Medical, Inc."
BWMG,1166708,"Brownie's Marine Group, Inc"
ACRL,1584618,"Atacama Resources International, Inc."
CANN,1477009,TREES Corp (Colorado)
EBZT,1730869,"Everything Blockchain, Inc."
RDAR,1384365,"Telvantis, Inc."
ECIA,930775,ENCISION INC
GRFXY,1816723,Graphex Group Ltd
UCASU,1723517,UC Asset LP
CETXP,1435064,CEMTREX INC
GPLL,1883083,"GPL Holdings, Inc."
UCLE,1543623,US NUCLEAR CORP.
REE,1843588,REE Automotive Ltd.
BPTH,1133818,"BIO-PATH HOLDINGS, INC."
IWAL,1498372,iWallet Corp
TPHS,724742,Trinity Place Holdings Inc.
JRSS,1597892,JRSIS HEALTH CARE Corp
VYRE,1127007,CABO VERDE CAPITAL INC.
MYCB,1556801,"My City Builders, Inc."
SSHT,1975222,SSHT S&T Group Ltd.
GOGR,1378866,Go Green Global Technologies Corp.
RNGC,1434740,Ranger Gold Corp.
SYIN,1292490,"Synbio International, Inc."
TNBI,1452011,Tanke Biosciences Corp
JFTH,1857910,"Japan Food Tech Holdings, Inc."
SRMX,841533,"SADDLE RANCH MEDIA, INC."
AXIM,1514946,"AXIM BIOTECHNOLOGIES, INC."
WHLRP,1527541,"Wheeler Real Estate Investment Trust, Inc."
BKTH,1144392,MEGOLA INC
CLSDQ,1539029,"Clearside Biomedical, Inc."
KITL,1608092,Kisses From Italy Inc.
AHRO,1338929,"Authentic Holdings, Inc."
SFWJ,1919847,"Software Effective Solutions, Corp."
SPQS,803097,"SportsQuest, Inc."
BRLL,1631463,Barrel Energy Inc.
MGHL,1162283,MORGAN GROUP HOLDING CO
GSAC,890725,GELSTAT CORP
MOBBW,1898643,Mobilicom Ltd
MNZO,1119949,Exxsun Corp
PCYN,812306,PROCYON CORP
INKW,1585380,"Greene Concepts, Inc"
LYRA,1327273,"Lyra Therapeutics, Inc."
NWPG,1289223,"Newport Gold, Inc."
CPWR,827099,Ocean Thermal Energy Corp
PLSH,1552189,"PANACEA LIFE SCIENCES HOLDINGS, INC."
FVTI,1626745,"Fortune Valley Treasures, Inc."
GMZP,1973160,GEMZ Corp. NV
HBUV,1639068,Hubilu Venture Corp
CDSG,946112,"China Dongsheng International, Inc."
PHBI,1435181,Pharmagreen Biotech Inc.
NTRR,1512886,NEUTRA CORP.
DTII,1533357,DEFENSE TECHNOLOGIES INTERNATIONAL CORP.
FGNV,1687919,FORGE INNOVATION DEVELOPMENT CORP.
SSKN,1051514,"STRATA Skin Sciences, Inc."
NGCG,1061040,"New Generation Consumer Group, Inc."
MAJI,1492448,Nextel Medical Corp.
MDEX,1318268,Madison Technologies Inc.
ADMG,1171008,ADAMANT DRI PROCESSING & MINERALS GROUP
ILST,1100788,INTERNATIONAL STAR INC
BLPG,1416697,"Blue Line Protection Group, Inc."
KACLF,1865468,Kairous Acquisition Corp. Ltd
EHVVF,1653606,"Ehave, Inc."
ASII,1464865,"Accredited Solutions, Inc."
RTON,1580262,"Right On Brands, Inc."
CRDV,1084551,Community Redevelopment Inc.
APSI,1553264,AQUA POWER SYSTEMS INC.
TPICQ,1455684,"TPI COMPOSITES, INC"
MMMW,1117228,MASS MEGAWATTS WIND POWER INC
SHGI,1874138,"Sparx Holdings Group, Inc."
LTESF,1946746,Leet INC.
GXXM,1681556,"GEX MANAGEMENT, INC."
VGLS,1091326,"SB Technology Holdings, Inc."
EDGM,1652958,"Edgemode, Inc."
OXBRW,1584831,OXBRIDGE RE HOLDINGS Ltd
KOAN,897078,"Resonate Blends, Inc."
GMBL,1451448,"ESPORTS ENTERTAINMENT GROUP, INC."
EMED,1715819,"Electromedical Technologies, Inc"
NICH,772263,NITCHES INC
BACK,1729944,"IMAC Holdings, Inc."
DPUI,1791929,"DISCOUNT PRINT USA, INC."
ENDV,1528172,"ENDONOVO THERAPEUTICS, INC."
IVPR,1939365,"INSPIRE VETERINARY PARTNERS, INC."
GIPL,1837774,Global Innovative Platforms Inc.
SONX,1407973,"Sonendo, Inc."
SEII,819926,SHARING ECONOMY INTERNATIONAL INC.
DWAY,1394638,"Driveitaway Holdings, Inc."
ACBM,1622996,"ACRO BIOMEDICAL CO., LTD."
SNPW,1343465,Sun Pacific Holding Corp.
DSGT,1413909,DSG Global Inc.
DLTI,1420368,DLT Resolution Inc.
YGMZF,1782037,MingZhu Logistics Holdings Ltd
SONG,1671132,Music Licensing Inc.
COSG,1706509,Cosmos Group Holdings Inc.
CICC,1534254,CION Investment Corp
AHII,1545236,American Heritage International Inc.
BPYPM,1545772,Brookfield Property Partners L.P.
BPYPN,1545772,Brookfield Property Partners L.P.
BPYPO,1545772,Brookfield Property Partners L.P.
SOHGF,1536787,ALSOK Co Ltd./ADR
XRN-PA,1533615,Chiron Real Estate Inc.
XRN-PB,1533615,Chiron Real Estate Inc.
TFIN-P,1539638,"Triumph Financial, Inc."
RITM-PF,1556593,Rithm Capital Corp.
RITM-PE,1556593,Rithm Capital Corp.
GRTUF,1564538,GRANITE REAL ESTATE INVESTMENT TRUST
RITM-PA,1556593,Rithm Capital Corp.
RITM-PB,1556593,Rithm Capital Corp.
RITM-PC,1556593,Rithm Capital Corp.
RITM-PD,1556593,Rithm Capital Corp.
CTTRF,1520504,"Controladora Vuela Compania de Aviacion, S.A.B. de C.V."
BTDPF,1516324,Barratt Developments PLC/ADR
MLSPF,1516535,Melrose Industries Plc/ADR
ISADY,1608401,ISS A/S / ADR
ISFFF,1608401,ISS A/S / ADR
REXR-PB,1571283,"Rexford Industrial Realty, Inc."
REXR-PC,1571283,"Rexford Industrial Realty, Inc."
DLNG-PA,1578453,Dynagas LNG Partners LP
GIPRW,1651721,"GENERATION INCOME PROPERTIES, INC."
TRTX-PC,1630472,"TPG RE Finance Trust, Inc."
RVMDW,1628171,"Revolution Medicines, Inc."
ITRMF,1659323,Iterum Therapeutics plc
SHLAF,1655190,Schindler Holding AG/ADR
SHLRF,1655190,Schindler Holding AG/ADR
JPHLF,1665275,"Japan Post Holdings Co., Ltd./ADR"
FINCF,1666175,Fortis Inc.
FRTSF,1666175,Fortis Inc.
FTPSF,1666175,Fortis Inc.
FRTJF,1666175,Fortis Inc.
FORFF,1666175,Fortis Inc.
FTRSF,1666175,Fortis Inc.
BKSY-WT,1753539,BlackSky Technology Inc.
LTRYW,1673481,Sports Entertainment Gaming Global Corp
TPTS,1674356,"Terra Property Trust, Inc."
ZTOEF,1677250,ZTO Express (Cayman) Inc.
SWDS,1711929,"Starwood Real Estate Income Trust, Inc."
SWDR,1711929,"Starwood Real Estate Income Trust, Inc."
GPMT-PA,1703644,Granite Point Mortgage Trust Inc.
MNSBP,1693577,"MainStreet Bancshares, Inc."
OPTEY,1815620,Opthea Ltd
DFDVW,1805526,DeFi Development Corp.
DFUKF,1805526,DeFi Development Corp.
GCGJ,1765048,GUOCHUN INTERNATIONAL INC.
ACAT,1781726,NP Life Sciences Health Industry Group Inc.
IVBXF,1774163,Innovent Biologics Inc/ADR
MSPRW,1802450,"MSP Recovery, Inc."
MSPRZ,1802450,"MSP Recovery, Inc."
EVLVW,1805385,"Evolv Technologies Holdings, Inc."
KCLHF,1795589,Kingsoft Cloud Holdings Ltd
OAK-PB,1403528,"Brookfield Oaktree Holdings, LLC"
BIPJ,1406234,Brookfield Infrastructure Partners L.P.
BRIPF,1406234,Brookfield Infrastructure Partners L.P.
BIPI,1406234,Brookfield Infrastructure Partners L.P.
BIP-PA,1406234,Brookfield Infrastructure Partners L.P.
BIP-PB,1406234,Brookfield Infrastructure Partners L.P.
AGQ,1415311,ProShares Trust II
BOIL,1415311,ProShares Trust II
EUO,1415311,ProShares Trust II
VIXY,1415311,ProShares Trust II
YCL,1415311,ProShares Trust II
YCS,1415311,ProShares Trust II
ZSL,1415311,ProShares Trust II
UCO,1415311,ProShares Trust II
UGL,1415311,ProShares Trust II
ULE,1415311,ProShares Trust II
UVXY,1415311,ProShares Trust II
VIXM,1415311,ProShares Trust II
SCO,1415311,ProShares Trust II
SVXY,1415311,ProShares Trust II
GLL,1415311,ProShares Trust II
KOLD,1415311,ProShares Trust II
CIMO,1409493,CHIMERA INVESTMENT CORP
CIMP,1409493,CHIMERA INVESTMENT CORP
CIMN,1409493,CHIMERA INVESTMENT CORP
CIM-PD,1409493,CHIMERA INVESTMENT CORP
CIM-PB,1409493,CHIMERA INVESTMENT CORP
CIM-PC,1409493,CHIMERA INVESTMENT CORP
AXIA-PC,1439124,AXIA Energia S.A.
IVR-PC,1437071,Invesco Mortgage Capital Inc.
ATLCL,1464343,Atlanticus Holdings Corp
ATLCP,1464343,Atlanticus Holdings Corp
ATLCZ,1464343,Atlanticus Holdings Corp
CLDT-PA,1476045,Chatham Lodging Trust
LOB-PA,1462120,"Live Oak Bancshares, Inc."
JTGLF,1472033,"Citibank,N.A./ADR"
HPP-PC,1482512,"Hudson Pacific Properties, Inc."
SKLTF,1487139,Seek Ltd
CUBB,1488813,"Customers Bancorp, Inc."
MITN,1514281,"TPG Mortgage Investment Trust, Inc."
MITP,1514281,"TPG Mortgage Investment Trust, Inc."
MITT-PA,1514281,"TPG Mortgage Investment Trust, Inc."
MITT-PB,1514281,"TPG Mortgage Investment Trust, Inc."
MITT-PC,1514281,"TPG Mortgage Investment Trust, Inc."
PFXNZ,1490349,PhenixFIN Corp
KRNGF,1494191,Karoon Gas Australia Ltd /ADR/
NMFCZ,1496099,New Mountain Finance Corp
VRMWW,1580864,"Vroom, Inc."
LAAI,1594968,Loan Artificial Intelligence Corp.
IHICF,1567526,IHI Corporation/ADR
INBKZ,1562463,First Internet Bancorp
CMRE-PD,1503584,Costamare Inc.
CMRE-PB,1503584,Costamare Inc.
NSLRL,1509470,Neostellar Capital Corp.
AMPGZ,1518461,"AmpliTech Group, Inc."
AMPGR,1518461,"AmpliTech Group, Inc."
SFDMF,1493507,Shanghai Fudan Microelectronics Co Limited/ADR/
BTGRF,1546538,BTS Group Holdings Public Co Limited/ADR
BTLWF,1546538,BTS Group Holdings Public Co Limited/ADR
BEPH,1533232,Brookfield Renewable Partners L.P.
BEPI,1533232,Brookfield Renewable Partners L.P.
BEP-PA,1533232,Brookfield Renewable Partners L.P.
BEPJ,1533232,Brookfield Renewable Partners L.P.
PTWRY,1523872,PT Tower Bersama Infrastructure Tbk/ADR
PTFRF,1523872,PT Tower Bersama Infrastructure Tbk/ADR
ATH-PA,1527469,Athene Holding Ltd.
ATHS,1527469,Athene Holding Ltd.
ATH-PB,1527469,Athene Holding Ltd.
ATH-PD,1527469,Athene Holding Ltd.
ATH-PE,1527469,Athene Holding Ltd.
RC-PC,1527590,Ready Capital Corp
MBUMF,1534281,"Mabuchi Motor Co., Ltd./ADR"
RCD,1527590,Ready Capital Corp
RC-PE,1527590,Ready Capital Corp
GDHLF,1526125,GDS Holdings Ltd
NHPBP,1561032,"National Healthcare Properties, Inc."
NCHEF,1570299,Nichirei Corporation/ADR
NWSLL,1564708,NEWS CORP
NHPAP,1561032,"National Healthcare Properties, Inc."
PFLA,1504619,PennantPark Floating Rate Capital Ltd.
ACP-PA,1503290,abrdn Income Credit Strategies Fund
PNDZF,1505880,Pandora A/S / ADR
NIOBW,1512228,NIOCORP DEVELOPMENTS LTD
DBVTF,1613780,DBV Technologies S.A.
MONRF,1605755,Moncler S.p.A./ADR
JSM,1593538,NAVIENT CORP
SYF-PA,1601712,Synchrony Financial
SYF-PB,1601712,Synchrony Financial
MBINM,1629019,Merchants Bancorp
MBINN,1629019,Merchants Bancorp
MBINL,1629019,Merchants Bancorp
KREF-PA,1631596,KKR Real Estate Finance Trust Inc.
LBRA,1599407,1847 Holdings LLC
BHR-PB,1574085,Braemar Hotels & Resorts Inc.
BHR-PD,1574085,Braemar Hotels & Resorts Inc.
SMSOF,1560968,Samsonite International SA/ADR
LFT-PA,1547546,"Lument Finance Trust, Inc."
INN-PE,1497645,"Summit Hotel Properties, Inc."
INN-PF,1497645,"Summit Hotel Properties, Inc."
OFSSH,1487918,OFS Capital Corp
OFSSO,1487918,OFS Capital Corp
NGL-PB,1504461,NGL Energy Partners LP
PRBZF,1503812,PREMIUM BRANDS HOLDINGS Corp
ACGP,1642122,"Associated Capital Group, Inc."
IBIDF,1654508,"Ibiden Co., Ltd./ADR"
MYSEW,1648960,"Myseum.AI, Inc."
CEHCF,1668393,"Cosmo Energy Holdings Co., Ltd./ADR"
JPSTF,1659576,"Japan Post Bank Co., Ltd."
SHMZF,1648512,Shimadzu Corporation/ADR
JBHIF,1643198,JB Hi-Fi Limited/ADR
CCID,1517767,Carlyle Credit Income Fund
NTRBW,1676047,NutriBand Inc.
IQEPF,1550405,IQE PLC/ADR
WHLRL,1527541,"Wheeler Real Estate Investment Trust, Inc."
HGIT,1585101,"HINES GLOBAL INCOME TRUST, INC."
GLOP-PB,1598655,GasLog Partners LP
GLOP-PC,1598655,GasLog Partners LP
HPHTF,1600928,Hamamatsu Photonics K.K./ADR
FTAIM,1590364,FTAI Aviation Ltd.
WEIBF,1595761,WEIBO Corp
GGBY,1616736,Alpha Investment Inc.
BCTXL,1610820,BriaCell Therapeutics Corp.
BCTXZ,1610820,BriaCell Therapeutics Corp.
ADAPY,1621227,Adaptimmune Therapeutics PLC
DUKRW,1638911,DUKE Robotics Corp.
BWET,1610940,Amplify Commodity Trust
BBAAY,1577552,Alibaba Group Holding Ltd
BIVIW,1580149,BIOVIE INC.
HCTPF,1580226,Hutchison Port Holdings Trust/ADR
FGNXP,1591890,FG Nexus Inc.
NSKFF,1535759,Kongsberg Gruppen ASA/ADR
BUHPF,1547870,Bumrungrad Hospital Public Co Limited/ADR
BUGDF,1547870,Bumrungrad Hospital Public Co Limited/ADR
PPLOF,1546066,PEMBINA PIPELINE CORP
PBPRF,1546066,PEMBINA PIPELINE CORP
PMMBF,1546066,PEMBINA PIPELINE CORP
PPLAF,1546066,PEMBINA PIPELINE CORP
BFRGW,1829247,"BullFrog AI Holdings, Inc."
RSVRW,1824403,"Reservoir Media, Inc."
PW-PA,1532619,Power REIT
AHRT-PA,1569187,"AH Realty Trust, Inc."
TNONW,1560293,"Tenon Medical, Inc."
ELLA,1560672,Ellington Credit Co
AMH-PG,1562401,American Homes 4 Rent
AMH-PH,1562401,American Homes 4 Rent
PBNAF,1546066,PEMBINA PIPELINE CORP
PMBPF,1546066,PEMBINA PIPELINE CORP
DPLMF,1529906,Diploma plc/ADR
CICB,1534254,CION Investment Corp
EBOSF,1533082,EBOS Group Limited/ADR
MPLXP,1552000,MPLX LP
CPNNF,1551468,Central Pattana Public Co Limited/ADR
CTPUF,1551468,Central Pattana Public Co Limited/ADR
PRIF-PD,1554625,"Priority Income Fund, Inc."
PRIF-PK,1554625,"Priority Income Fund, Inc."
PRIF-PL,1554625,"Priority Income Fund, Inc."
IPSOF,1582820,IPSOS/ADR
CTRVP,1583771,"Hepion Pharmaceuticals, Inc."
THFRF,1562296,Thai Union Group Public Co Limited/ADR
FBRT-PE,1562528,"Franklin BSP Realty Trust, Inc."
EYUUF,1562294,Electricity Generating Public Co Limited/ADR
EYGPF,1562294,Electricity Generating Public Co Limited/ADR
TUFUF,1562296,Thai Union Group Public Co Limited/ADR
OZKAP,1569650,Bank OZK
NSA-PB,1618563,National Storage Affiliates Trust
SQLLW,1605888,CIRCLE8 GROUP INC
RWAYL,1653384,Runway Growth Finance Corp.
RWAYI,1653384,Runway Growth Finance Corp.
CGABL,1527166,Carlyle Group Inc.
HTZWW,1657853,"HERTZ GLOBAL HOLDINGS, INC"
NRSAX,1663712,NEXPOINT REAL ESTATE STRATEGIES FUND
GNL-PA,1526113,"Global Net Lease, Inc."
GNL-PB,1526113,"Global Net Lease, Inc."
GNL-PE,1526113,"Global Net Lease, Inc."
GNL-PD,1526113,"Global Net Lease, Inc."
FRQND,1624517,"Frequency Holdings, Inc"
LBRDP,1611983,Liberty Broadband Corp
RPT-PC,1614806,Rithm Property Trust Inc.
SNROF,1584273,"Sanrio Company, Ltd./ADR"
ACONW,1635077,"Aclarion, Inc."
HPE-PC,1645590,Hewlett Packard Enterprise Co
MDV-PA,1645873,"MODIV INDUSTRIAL, INC."
GOOGM,1652044,Alphabet Inc.
GOOGN,1652044,Alphabet Inc.
BEIGF,1651308,BeOne Medicines Ltd.
TRTN-PC,1660734,Triton International Ltd
TRTN-PD,1660734,Triton International Ltd
TRTN-PE,1660734,Triton International Ltd
TRTN-PF,1660734,Triton International Ltd
TRTN-PG,1660734,Triton International Ltd
LENDX,1658645,Stone Ridge Trust V
ASCIX,1716885,Angel Oak Strategic Credit Fund
HYNLY,1712356,Hydro One Ltd
ZNKUF,1705455,"ZENKOKU HOSHO Co., Ltd./ADR"
TRTN-PB,1660734,Triton International Ltd
BSTT,1662972,"Blackstone Real Estate Income Trust, Inc."
QGAI,1663038,Quantum Genesis AI Corp.
OPP-PC,1678130,"RiverNorth/DoubleLine Strategic Opportunity Fund, Inc."
OPP-PA,1678130,"RiverNorth/DoubleLine Strategic Opportunity Fund, Inc."
OPP-PB,1678130,"RiverNorth/DoubleLine Strategic Opportunity Fund, Inc."
NICHX,1736510,Variant Alternative Income Fund
RVSNW,1743905,Rail Vision Ltd.
PSPX,1765651,Pacific Sports Exchange Inc.
ALTG-PA,1759824,ALTA EQUIPMENT GROUP INC.
DFNSW,1787518,T3 Defense Inc.
SDMHF,1794363,Sartorius Stedim Biotech S.A./ADR
BURUW,1814215,"Nuburu, Inc."
GWHWW,1819438,"ESS Tech, Inc."
OPFI-WT,1818502,OppFi Inc.
CPPTL,1837671,Copper Property CTL Pass Through Trust
CORZW,1839341,"Core Scientific, Inc./tx"
CORZZ,1839341,"Core Scientific, Inc./tx"
CORZR,1839341,"Core Scientific, Inc./tx"
DMXCF,1839586,District Metals Corp.
GEGGL,1831096,"Great Elm Group, Inc."
TSPH,1823593,TuSimple Holdings Inc.
LSRCF,1822989,Lasertec Corporation/ADR
ANSCU,1854149,Agriculture & Natural Solutions Acquisition Corp
ANSCW,1854149,Agriculture & Natural Solutions Acquisition Corp
HSIGF,1861737,Hesai Group
CLDWW,1855485,"Calidi Biotherapeutics, Inc."
ONMDW,1849380,OneMedNet Corp
CDAUF,1851909,Compass Digital Acquisition Corp.
CDAWF,1851909,Compass Digital Acquisition Corp.
SOUNW,1840856,"SOUNDHOUND AI, INC."
BGFR,1722556,BestGofer Inc.
HYMCW,1718405,HYCROFT MINING HOLDING CORP
OCCIM,1716951,"OFS Credit Company, Inc."
OCCIN,1716951,"OFS Credit Company, Inc."
SCAFF,1713675,Schaeffler AG/ADR
DRRKF,1705969,dormakaba Holding AG
REVBW,1810560,"REVELATION BIOSCIENCES, INC."
SBIGW,1801602,"SpringBig Holdings, Inc."
SVIX,1793497,VS Trust
BYNOU,1801417,byNordic Acquisition Corp
BYNOW,1801417,byNordic Acquisition Corp
TMCWW,1798562,TMC the metals Co Inc.
XRXDW,1770450,Xerox Holdings Corp
PRTCY,1782999,PureTech Health plc
ANKM,1781629,"Ankam, Inc."
TRSO,1758699,TRANSUITE.ORG INC.
CHWRF,1751162,China Tower Corp Limited/ADR
NEOVW,1748137,NeoVolta Inc.
RBOTW,1812173,Vicarious Surgical Inc.
VENAF,1800392,MicroAlgo Inc.
FFAIW,1805521,FARADAY FUTURE INTELLIGENT ELECTRIC INC.
CELUW,1752828,Celularity Inc
OWSCX,1748680,1WS Credit Income Fund
PDSKX,1756404,Principal Real Asset Fund
MCOMW,1788841,micromobility.com Inc.
FVGPY,1691445,FinVolution Group
GECCG,1675033,Great Elm Capital Corp.
GECCH,1675033,Great Elm Capital Corp.
GECCI,1675033,Great Elm Capital Corp.
DBRG-PH,1679688,"DigitalBridge Group, Inc."
DBRG-PI,1679688,"DigitalBridge Group, Inc."
DBRG-PJ,1679688,"DigitalBridge Group, Inc."
RTEZ,1733861,REST EZ Inc.
BIAFW,1712762,"bioAffinity Technologies, Inc."
PMFAX,1723701,PIMCO Flexible Municipal Income Fund
ILLRW,1769624,Triller Group Inc.
ALDSD,1755101,APPlife Digital Solutions Inc
PINE-PA,1786117,"Alpine Income Property Trust, Inc."
ADYYF,1788707,Adyen N.V./ADR
PSKRF,1789444,Protector Forsikring/ADR
LUCYW,1808377,Innovative Eyewear Inc
GFAIW,1804469,"Guardforce AI Co., Ltd."
NCLTF,1801729,"Nitori Holdings Co., Ltd."
EDBLW,1809750,Edible Garden AG Inc
SES-WT,1819142,SES AI Corp
PVOZ,1824204,Park View OZ REIT Inc
AMLIF,1699880,American Lithium Corp.
PRXA,1692345,"PROCACCIANTI HOTEL REIT, INC."
BHFAL,1685040,"Brighthouse Financial, Inc."
BHFAM,1685040,"Brighthouse Financial, Inc."
BHFAN,1685040,"Brighthouse Financial, Inc."
BHFAO,1685040,"Brighthouse Financial, Inc."
BHFAP,1685040,"Brighthouse Financial, Inc."
VTTGF,1729514,VAT Group AG/ADR
ASRRF,1719117,ASR Nederland N.V./ADR
COBA,1727255,Chilean Cobalt Corp.
ADDTF,1766868,Addtech AB/ADR
BEATW,1779372,"HeartBeam, Inc."
MRCIF,1752564,"Mercari, Inc./ADR"
EICA,1754836,Eagle Point Income Co Inc.
NNBXF,1760854,Nanobiotix S.A.
JSPRW,1788028,"Jasper Therapeutics, Inc."
FOUR-PA,1794669,"Shift4 Payments, Inc."
SSTPW,1805833,"System1, Inc."
RENXF,1811115,Renalytix plc
FOXOW,1812360,FOXO TECHNOLOGIES INC.
FOXOD,1812360,FOXO TECHNOLOGIES INC.
MEIUF,1699967,Meitu Inc./ADR
FABTQ,1705012,"Fat Brands, Inc"
FATPQ,1705012,"Fat Brands, Inc"
LIDRW,1818644,"AEye, Inc."
CAHPF,1686009,Evolution Mining Limited/ADR
HSCT,1721056,HOOPS SCOUTING USA
LARAX,1753712,Lord Abbett Credit Opportunities Fund
QFNHF,1741530,"Qfin Holdings, Inc."
TCMEF,1744676,Tencent Music Entertainment Group
OCSAW,1953530,Oculis Holding AG
LILAP,1712184,Liberty Latin America Ltd.
HFRO-PA,1710680,HIGHLAND OPPORTUNITIES & INCOME FUND
BYCBF,1706795,Barry Callebaut AG/ADR
HFRO-PB,1710680,HIGHLAND OPPORTUNITIES & INCOME FUND
TANAF,1941189,Tian'an Technology Group Ltd
CRGOW,1927719,Freightos Ltd
CLRRF,1903392,ClimateRock
CNCKW,1913847,Coincheck Group N.V.
ISLUF,1915328,Israel Acquisitions Corp
ISLWF,1915328,Israel Acquisitions Corp
SATA,1920406,"Strive, Inc."
HEMNF,1915760,Hemnet Group AB/ADR
GSTK,1917993,Growth Stalk Holdings Corp
CEROW,1870404,"CERO THERAPEUTICS HOLDINGS, INC."
SWVLW,1875609,Swvl Holdings Corp
BZAIW,1871638,"Blaize Holdings, Inc."
SVREW,1894693,SaverOne 2014 Ltd.
KVACU,1889983,Keen Vision Acquisition Corp.
TETWF,1900679,Technology & Telecommunication Acquisition Corp
TETUF,1900679,Technology & Telecommunication Acquisition Corp
RAJAF,1885680,"Cordyceps Sunshine Biotech Holdings Co., Ltd."
FEAV,1888654,"5E Advanced Materials, Inc."
KVACW,1889983,Keen Vision Acquisition Corp.
BTBDW,1718224,"BT Brands, Inc."
AIBRF,1728918,AIB Group plc/ADR
WRLWF,1733968,West Red Lake Gold Mines Ltd.
WRLRF,1733968,West Red Lake Gold Mines Ltd.
SKYAW,1737995,"SkyAI, Inc."
ICRL,1690012,"InPoint Commercial Real Estate Income, Inc."
ICRP,1690012,"InPoint Commercial Real Estate Income, Inc."
STSR,1698538,"Strategic Student & Senior Housing Trust, Inc."
MSOGF,1815846,MINISO Group Holding Ltd
METCI,1687187,"Ramaco Resources, Inc."
METCB,1687187,"Ramaco Resources, Inc."
METCZ,1687187,"Ramaco Resources, Inc."
SATLF,1679920,"Start Today Co., Ltd./ADR"
KUKEY,1809158,Kuke Music Holding Ltd
PMVCW,1807765,PMV Consumer Acquisition Corp.
DNOPF,1796026,Dino Polska S.A./ADR
TOIIW,1799191,"Oncology Institute, Inc."
NREF-PA,1786248,"NexPoint Real Estate Finance, Inc."
AOMD,1766478,"Angel Oak Mortgage REIT, Inc."
AOMN,1766478,"Angel Oak Mortgage REIT, Inc."
BENFW,1775734,Beneficient
SYAXF,1739016,Elevra Lithium Ltd
WEBJF,1778788,Webjet Limited/ADR
MNTSW,1781162,Momentus Inc.
MVSTW,1760689,"Microvast Holdings, Inc."
MPNGF,1754088,Meituan Dianping/ADR
EOSER,1805077,"Eos Energy Enterprises, Inc."
OPENW,1801169,Opendoor Technologies Inc.
OPENL,1801169,Opendoor Technologies Inc.
OPENZ,1801169,Opendoor Technologies Inc.
TRINI,1786108,Trinity Capital Inc.
TRINZ,1786108,Trinity Capital Inc.
OWLTW,1816708,"Owlet, Inc."
ABXL,1814287,"Abacus Global Management, Inc."
WSUPW,1819516,Wheels Up Experience Inc.
HLLY-WT,1822928,Holley Inc.
HUMAW,1818382,"Humacyte, Inc."
WGSWW,1818331,GeneDx Holdings Corp.
ZENVF,1836934,Zenvia Inc.
BBAI-WT,1836981,"BigBear.ai Holdings, Inc."
GROVW,1841761,"Grove Collaborative Holdings, Inc."
OSRHW,1840425,"OSR Health, Inc."
SPWRW,1838987,SunPower Inc.
BODYW,1826889,"Beachbody Company, Inc."
DNABW,1830214,"Ginkgo Bioworks Holdings, Inc."
AUROW,1828108,"Aurora Innovation, Inc."
GPATU,1834526,GP-Act III Acquisition Corp.
GROY-WT,1834026,Gold Royalty Corp.
GPATW,1834526,GP-Act III Acquisition Corp.
NVACW,1859807,"Profusa, Inc."
CMCUF,1865248,Piermont Valley Acquisition Corp
CMCWF,1865248,Piermont Valley Acquisition Corp
DRMAW,1853816,"Dermata Therapeutics, Inc."
SEATW,1856031,Vivid Seats Inc.
HNSDF,1856488,Hensoldt AG/ADR
BRLSW,1852973,Borealis Foods Inc.
HMELF,1853630,Hold Me Ltd
OPTXW,1866816,"SYNTEC OPTICS HOLDINGS, INC."
EVBWF,1867102,Vertical Aerospace Ltd.
EVAWF,1867102,Vertical Aerospace Ltd.
EVTWF,1867102,Vertical Aerospace Ltd.
DRTSW,1871321,Alpha Tau Medical Ltd.
SWAGW,1872525,"Stran & Company, Inc."
DFSCW,1889823,DEFSEC Technologies Inc.
REEUF,1889112,Cartesian Growth Corp II
REEWF,1889112,Cartesian Growth Corp II
VHABW,1880431,Vocodia Holdings Corp
SATLW,1874315,Satellogic Inc.
VHAIW,1880431,Vocodia Holdings Corp
SLND-WT,1883814,"Southland Holdings, Inc."
PLSAY,1884082,Polestar Automotive Holding UK PLC
CNDAU,1851959,Concord Acquisition Corp II
CNDAW,1851959,Concord Acquisition Corp II
GCTS-WT,1851961,"GCT Semiconductor Holding, Inc."
INPOF,1848826,InPost S.A./ADR
ZHIHF,1835724,Zhihu Inc.
PLMWF,1845550,Plum Acquisition Corp. III
PLMUF,1845550,Plum Acquisition Corp. III
QTIWW,1844505,"QT IMAGING HOLDINGS, INC."
FLYX-WT,1843973,FLYEXCLUSIVE INC.
DAVEW,1841408,Dave Inc./DE
ZPTAW,1843714,"Zapata Quantum, Inc."
AFRIW,1903870,Forafric Global PLC
CXAIW,1820875,CXApp Inc.
JOBY-WT,1819848,"Joby Aviation, Inc."
BZFDW,1828972,"BuzzFeed, Inc."
PCTBP,1830033,"PureCycle Technologies, Inc."
PCTTU,1830033,"PureCycle Technologies, Inc."
PCTTW,1830033,"PureCycle Technologies, Inc."
RMCOW,1843656,Royalty Management Holding Corp
KTTAW,1841330,Pasithea Therapeutics Corp.
LOCLW,1840780,Local Bounti Corporation/DE
CBRGF,1845149,Chain Bridge I
ESLAW,1844417,"Estrella Immunopharma, Inc."
CBGGF,1845149,Chain Bridge I
IMAQR,1846235,International Media Acquisition Corp.
IMAQU,1846235,International Media Acquisition Corp.
IMAQW,1846235,International Media Acquisition Corp.
PSQH-WT,1847064,"PSQ Holdings, Inc."
HIPOW,1828105,Hippo Holdings Inc.
VLDXW,1825079,"Velo3D, Inc."
SRZNW,1824893,"Surrozen, Inc./DE"
DAZSF,1896511,ZKGC New Energy Ltd
ASPCU,1890361,ASPAC III Acquisition Corp.
ASPCR,1890361,ASPAC III Acquisition Corp.
LSEB,1888740,LSEB Creative Corp.
FLDDW,1889123,"Fold Holdings, Inc."
ADSEW,1879248,Ads-Tec Energy Public Ltd Co
WINVR,1854463,WinVest Acquisition Corp.
MINR,1854816,Minerva Gold Inc.
WINVU,1854463,WinVest Acquisition Corp.
WINVW,1854463,WinVest Acquisition Corp.
AERTW,1853044,"Aeries Technology, Inc."
ASBPW,1847345,"Aspire Biopharma Holdings, Inc."
SAIHW,1847075,SAIHEAT Ltd
GREEL,1844971,Greenidge Generation Holdings Inc.
NPWR-WT,1845437,NET Power Inc.
CDROW,1866782,"Codere Online Luxembourg, S.A."
TVAIR,1872228,Thayer Ventures Acquisition Corp II
TVAIU,1872228,Thayer Ventures Acquisition Corp II
MTEKW,1872964,Maris Tech Ltd.
SHFSW,1854963,"SHF Holdings, Inc."
MOBXW,1855467,"MOBIX LABS, INC"
GDSTR,1858007,Chi Special Acquisition Corp.
GDSTU,1858007,Chi Special Acquisition Corp.
GDSTW,1858007,Chi Special Acquisition Corp.
BETRW,1835856,Better Home & Finance Holding Co
ASAIY,1834048,Sendas Distributor S.A.
MDAIW,1833498,"Spectral AI, Inc."
PIIIW,1832511,P3 Health Partners Inc.
HVIIU,1846416,Hennessy Capital Investment Corp. VII
HVIIR,1846416,Hennessy Capital Investment Corp. VII
SLDPW,1844862,"Solid Power, Inc."
AMPWF,1845097,Ardagh Metal Packaging S.A.
XAGEW,1842939,"Longevity Health Holdings, Inc."
WALDW,1840199,Waldencast plc
VEEAW,1840317,VEEA INC.
RGTIW,1838359,"Rigetti Computing, Inc."
PERFF,1899830,Perfect Corp.
HUBCW,1905660,Hub Cyber Security Ltd.
HUBCZ,1905660,Hub Cyber Security Ltd.
FGMCU,1906364,FG Merger II Corp.
FGMCR,1906364,FG Merger II Corp.
RPDL,1910975,Rapid Line Inc.
PRIAF,1819175,Prime Impact Acquisition I
XOSWW,1819493,"Xos, Inc."
CPTKW,1827899,Crown PropTech Acquisitions
EVEX-WT,1823652,"Eve Holding, Inc."
OPADW,1825024,Offerpad Solutions Inc.
SKYH-WT,1823587,Sky Harbour Group Corp
IMPPP,1876581,Imperial Petroleum Inc./Marshall Islands
PRENW,1876431,Prenetics Global Ltd
TPGXL,1880661,TPG Inc.
LVWR-WT,1898795,"LiveWire Group, Inc."
ATEKU,1882198,Athena Technology Acquisition Corp. II
ATEKW,1882198,Athena Technology Acquisition Corp. II
FIGP,1846702,"Forge Group, Inc."
FSHPR,1850059,Flag Ship Acquisition Corp
KORGW,1855457,"KORE Group Holdings, Inc."
ARBEW,1861841,Arbe Robotics Ltd.
ASTLW,1860805,Algoma Steel Group Inc.
ECXWW,1861974,ECARX Holdings Inc.
VSEEW,1864531,"VSEE HEALTH, INC."
EMCRF,1869601,Embrace Change Acquisition Corp.
EMCWF,1869601,Embrace Change Acquisition Corp.
CDIOW,1870144,"Cardio Diagnostics Holdings, Inc."
MIBE,1872066,MIAMI BREEZE CAR CARE INC
CRBD,1889539,"Corebridge Financial, Inc."
OCAC-UN,1926314,Ocean Capital Acquisition Corp
UCFIW,1901203,CN Healthy Food Tech Group Corp.
VMCWF,1892747,Valuence Merger Corp. I
VMCUF,1892747,Valuence Merger Corp. I
NE-WTA,1895262,Noble Corp plc
NE-WT,1895262,Noble Corp plc
ZCARW,1854275,"Zoomcar Holdings, Inc."
KITTW,1849820,"Nauticus Robotics, Inc."
OKMN,1848334,"OKMIN RESOURCES, INC."
AMODW,1862463,"ALPHA MODUS HOLDINGS, INC."
VLN-WT,1863006,Valens Semiconductor Ltd.
ACQC,1860484,Relativity Acquisition Corp
BTSGU,1865782,"BrightSpring Health Services, Inc."
RDZNW,1868640,Roadzen Inc.
WRDIF,1867729,WeRide Inc.
PHXE-P,1818643,"Phoenix Energy One, LLC"
HGASW,1817232,Global Gas Corp
AIIOW,1932737,ROBO.AI INC.
SCLXW,1820190,Scilex Holding Co
NOTEW,1823466,"FiscalNote Holdings, Inc."
TRWD,1916558,Tradewinds Universal
DBHL,1918080,"Deep Isolation Nuclear, Inc."
SPME,1930147,"Sound Point Meridian Capital, Inc."
SPMA,1930147,"Sound Point Meridian Capital, Inc."
RLNDF,1924064,RoyaLand Co Ltd.
AENTW,1823584,ALLIANCE ENTERTAINMENT HOLDING CORP
ACHR-WT,1824502,Archer Aviation Inc.
IONQ-WT,1824920,"IonQ, Inc."
TLSIW,1826667,"TriSalus Life Sciences, Inc."
PDYNW,1826681,Palladyne AI Corp.
BNAIW,1838163,Brand Engagement Network Inc.
VGASW,1841425,"Verde Clean Fuels, Inc."
SDSTW,1831979,Stardust Power Inc.
FUFUW,1921158,Bitfufu Inc.
ALCWF,1901336,Alchemy Investments Acquisition Corp 1
ALCUF,1901336,Alchemy Investments Acquisition Corp 1
ZRCN,1901297,ZRCN Inc.
BTMWQ,1901799,Bitcoin Depot Inc.
AKPPS,1923734,Ark7 Properties Plus LLC
TDACU,1926599,Translational Development Acquisition Corp.
TDACW,1926599,Translational Development Acquisition Corp.
ANGHW,1871983,Anghami Inc
NRSNW,1875091,NeuroSense Therapeutics Ltd.
GRABW,1855612,Grab Holdings Ltd
SOARW,1853070,"Volato Group, Inc."
KDKRW,1853138,"Kodiak AI, Inc."
APOS,1858681,"Apollo Global Management, Inc."
NXNVW,1865631,NEXTNAV INC.
WBXWF,1866501,Wallbox N.V.
ZEOWW,1865506,Zeo Energy Corp.
ARQQW,1859690,Arqit Quantum Inc.
IMAA,1980295,IMA Tech
BDMDW,1982444,Baird Medical Investment Holdings Ltd
LPAAW,2015502,Launch One Acquisition Corp.
LPAAU,2015502,Launch One Acquisition Corp.
IBACR,1998781,IB Acquisition Corp.
PDPA,1998043,Pearl Diver Credit Co Inc.
TBNRL,1997652,Tamboran Resources Corp
GIBOW,2034520,GIBO HOLDINGS Ltd
NUAIW,2028336,"New ERA Energy & Digital, Inc."
PUIGF,2029472,Puig Brands S.A./ADR
CHPGR,2024460,ChampionsGate Acquisition Corp
CHPGU,2024460,ChampionsGate Acquisition Corp
RAINW,2028293,"Rain Enhancement Technologies Holdco, Inc."
NTWOW,2028027,Newbury Street II Acquisition Corp
NTWOU,2028027,Newbury Street II Acquisition Corp
BGLWW,2019435,Blue Gold Ltd
TOMYF,1826779,Tomy Co Ltd/ADR
SMEGF,1830056,Siemens Energy AG/ADR
BNZIW,1826011,"Banzai International, Inc."
NMPAU,2054876,NMP Acquisition Corp.
NMPAR,2054876,NMP Acquisition Corp.
ONCHU,2054272,1RT Acquisition Corp.
ONCHW,2054272,1RT Acquisition Corp.
BDTB,2041531,Bodhi Tree Biotechnology Inc
COPL-WT,2045473,Copley Acquisition Corp
COPL-UN,2045473,Copley Acquisition Corp
CHECW,2047177,Chenghe Acquisition III Co.
CHECU,2047177,Chenghe Acquisition III Co.
TMSWW,2048951,Teamshares Inc
SUNXF,2048958,Stardust Solar Energy Inc.
FACWW,2049662,Factorial Energy Inc.
KCHVR,2053799,Kochav Defense Acquisition Corp.
KCHVU,2053799,Kochav Defense Acquisition Corp.
XBPEW,1839530,"XBP Global Holdings, Inc."
QTEXW,1837493,QTREX Quantum Ltd.
DFLIW,1847986,Dragonfly Energy Holdings Corp.
GDLG,1848672,Glidelogic Corp.
EONR-WT,1842556,EON Resources Inc.
LNZAW,1843724,"LanzaTech Global, Inc."
CSTUF,1834032,Constellation Acquisition Corp I
CSTWF,1834032,Constellation Acquisition Corp I
NNFSF,1834267,Nongfu Spring Co. Ltd./ADR
ALBC,1834868,Alternative Ballistics Corp
JWSUF,1831359,Jaws Mustang Acquisition Corp
JWSWF,1831359,Jaws Mustang Acquisition Corp
SABSW,1833214,"SAB Biotherapeutics, Inc."
ASUUF,1876716,ASPAC II Acquisition Corp.
ASCWF,1876716,ASPAC II Acquisition Corp.
ASCRF,1876716,ASPAC II Acquisition Corp.
LCFYW,1875547,Locafy Ltd
MSSWF,1882464,Metal Sky Star Acquisition Corp
MSSUF,1882464,Metal Sky Star Acquisition Corp
WLSS,1887912,Welsis Corp.
PGYWW,1883085,Pagaya Technologies Ltd.
NEXRW,1885408,Nexera Technologies Ltd
GGROW,1886190,Gogoro Inc.
GDEVW,1848739,GDEV Inc.
AEAEU,1852016,AltEnergy Acquisition Corp
AEAEW,1852016,AltEnergy Acquisition Corp
NVA-WT,1852551,Nova Minerals Corp
AIRJW,1855474,AirJoule Technologies Corp.
MCAGR,1859035,Mountain Crest Acquisition Corp. V
MCAGU,1859035,Mountain Crest Acquisition Corp. V
BFRIW,1858685,Biofrontera Inc.
TVGNW,1860871,Tevogen Bio Holdings Inc.
LMMY,1939937,"Exousia Bio, Inc."
GLTK,1938338,GlobalTech Corp
MACT,1957783,"MachTen, Inc."
LZM-WT,1958217,Lifezone Metals Ltd
BCGWW,1953984,"Binah Capital Group, Inc."
CCGWW,1965473,Cheche Group Inc.
RTACW,2035173,Renatus Tactical Acquisition Corp I
RTACU,2035173,Renatus Tactical Acquisition Corp I
TACOU,2033122,Berto Acquisition Corp.
TACOW,2033122,Berto Acquisition Corp.
FUSEW,2033383,Fusemachines Inc.
ALDFU,2031561,Aldel Financial II Inc.
ALDFW,2031561,Aldel Financial II Inc.
THTG,2029303,Tech Tonic Group Corp.
PLMKW,2030482,"Plum Acquisition Corp, IV"
PLMKU,2030482,"Plum Acquisition Corp, IV"
MRCL,2029014,Mercalot Inc.
SPEGU,2028735,Silver Pegasus Acquisition Corp.
SPEGR,2028735,Silver Pegasus Acquisition Corp.
GDERF,2021390,Galderma Group AG/ADR
HDRNW,2023730,"Hadron Energy, Inc."
IMSRW,2019804,Terrestrial Energy Inc. /DE/
CHARR,2024459,Charlton Aria Acquisition Corp
CHARU,2024459,Charlton Aria Acquisition Corp
BAYAU,1969475,Bayview Acquisition Corp
BAYAR,1969475,Bayview Acquisition Corp
BCHMF,1968378,Bachem Holding AG/ADR
MGTEW,1965052,Marblegate Capital Corp
FBYDP,1937987,"Falcon's Beyond Global, Inc."
FBYDW,1937987,"Falcon's Beyond Global, Inc."
MLECW,1937737,Moolec Science SA
NAMSW,1936258,NewAmsterdam Pharma Co N.V.
SCAGW,2000366,Scage Future
GCLWW,2002045,GCL Global Holdings Ltd
GAFC,1989788,Guru App Factory Corp
MNYWW,1974044,MoneyHero Ltd
TACHW,2009183,Titan Acquisition Corp.
TACHU,2009183,Titan Acquisition Corp.
ALFUU,2010930,Centurion Acquisition Corp.
ALFUW,2010930,Centurion Acquisition Corp.
DTSQR,2017950,DT Cloud Star Acquisition Corp
DTSQU,2017950,DT Cloud Star Acquisition Corp
MACIW,2016221,Melar Acquisition Corp. I/Cayman
MACIU,2016221,Melar Acquisition Corp. I/Cayman
AVSBS,2032732,"Arrived Homes 5, LLC"
AVPKS,2032732,"Arrived Homes 5, LLC"
AEHGS,2032732,"Arrived Homes 5, LLC"
ALOIS,2032732,"Arrived Homes 5, LLC"
NAMMW,2026514,Namib Minerals
TICAW,2032966,"TIC Solutions, Inc."
VDTA,2033264,Vertical Data Inc.
SVCCW,2033593,Stellar V Capital Corp. (Cayman Islands)
SVCCU,2033593,Stellar V Capital Corp. (Cayman Islands)
YDESW,2011674,YD Bio Ltd
SIMAU,2014982,SIM Acquisition Corp. I
SIMAW,2014982,SIM Acquisition Corp. I
AGMWF,2022059,"Silver Mountain Resources, Inc."
FERAU,2025401,Fifth Era Acquisition Corp I
FERAR,2025401,Fifth Era Acquisition Corp I
DSYWW,1999297,Big Tree Cloud Holdings Ltd
EURKR,2000410,Eureka Acquisition Corp
EURKU,2000410,Eureka Acquisition Corp
MGSD,2003750,"Maitong Sunshine Cultural Development Co., Ltd"
SVUWF,1973368,SRIVARU Holding Ltd
LIMNW,1971387,"Liminatus Pharma, Inc."
SHMDW,1987240,SCHMID Group N.V.
MRNOW,1988776,Murano Global Investments Plc
SBXE-WT,2081909,SilverBox Corp V
LATAU,2076427,Galata Acquisition Corp. II
LATAW,2076427,Galata Acquisition Corp. II
SBXE-UN,2081909,SilverBox Corp V
SAGU-UN,2083452,Shreya Acquisition Group
SAGU-RI,2083452,Shreya Acquisition Group
SAGU-WT,2083452,Shreya Acquisition Group
AVVOF,2082141,Avio S.p.A./ADR
SCPQW,2083143,Social Commerce Partners Corp
SCPQU,2083143,Social Commerce Partners Corp
GBNXF,2071913,Gibson Energy Inc/ADR
TRMLF,2071881,Tourmaline Oil Corp/ADR
AIIA-RI,2073553,AI Infrastructure Acquisition Corp.
AIIA-UN,2073553,AI Infrastructure Acquisition Corp.
MBVIW,2073928,M3-Brigade Acquisition VI Corp.
MBVIU,2073928,M3-Brigade Acquisition VI Corp.
PLUN-UN,2065661,Plutonian Acquisition Corp. II
PLUN-RI,2065661,Plutonian Acquisition Corp. II
AACBR,2034334,Artius II Acquisition Inc.
AACBU,2034334,Artius II Acquisition Inc.
TVACU,2033991,Texas Ventures Acquisition III Corp
TVACW,2033991,Texas Ventures Acquisition III Corp
DGMDF,2034300,Digital Domain Holdings Limited/ADR
MGCOF,2039784,"Midea Group Co., Ltd./ADR"
VWAVW,2038439,"VisionWave Holdings, Inc."
BACCR,2059654,Blue Acquisition Corp/Cayman
BACCU,2059654,Blue Acquisition Corp/Cayman
CCAQW,2041047,COLLECTIVE ACQUISITION CORP.
CCAQU,2041047,COLLECTIVE ACQUISITION CORP.
BDCIU,2042292,BTC Development Corp.
BDCIW,2042292,BTC Development Corp.
SPGDF,2042556,Springer Nature AG & Co. KGaA/ADR
CINGW,1862150,Cingulate Inc.
MSAIW,1863990,"MultiSensor AI Holdings, Inc."
IAUX-WT,1853962,i-80 Gold Corp.
FILG,1852039,Grayscale Filecoin Trust (FIL)
BEAGU,1852207,Bold Eagle Acquisition Corp.
BEAGR,1852207,Bold Eagle Acquisition Corp.
SGST,1852575,"Strategic Storage Trust VI, Inc."
DJTWW,1849635,Trump Media & Technology Group Corp.
RNWWW,1848763,ReNew Energy Global plc
NRDMF,1850269,NordX Metals Corp.
SPKLW,1884046,Spark I Acquisition Corp
SPKLU,1884046,Spark I Acquisition Corp
YBZN,1885514,Yi Po International Holdings Ltd
WLDSW,1887673,Wearable Devices Ltd.
FGIWW,1864943,FGI Industries Ltd.
ALSUF,1865111,Alpha Star Acquisition Corp
ALSTF,1865111,Alpha Star Acquisition Corp
ALSWF,1865111,Alpha Star Acquisition Corp
CYCUW,1868419,"Cycurion, Inc."
BULLW,1866364,Webull Corp
BKKT-WT,1820302,"Bakkt, Inc."
ONFOW,1825452,"Onfolio Holdings, Inc"
BMNP,1829311,"BITMINE IMMERSION TECHNOLOGIES, INC."
FRBP,1825248,Franklin BSP Capital Corp
ONFOP,1825452,"Onfolio Holdings, Inc"
JXN-PA,1822993,Jackson Financial Inc.
ANNAW,1845123,"AleAnna, Inc."
EUDAW,1847846,EUDA Health Holdings Ltd
COCHW,1840877,"Envoy Medical, Inc."
HOLOW,1841209,MicroCloud Hologram Inc.
AISPW,1842566,"Airship AI Holdings, Inc."
ICUCW,1831868,SeaStar Medical Holding Corp
RUMBW,1830081,RUM Group Inc.
LIANY,1831283,LianBio
AMPX-WT,1899287,"Amprius Technologies, Inc."
GRMLW,1907223,Greenland Mines Ltd
ALVOW,1898416,Alvotech
BAKR,1904616,Baker Global Asset Management Inc.
GRAF-WT,1897463,Graf Global Corp.
CDTTW,1896212,CDT Equity Inc.
GRRRW,1903145,Gorilla Technology Group Inc.
ABPWW,1893219,"Abpro Holdings, Inc."
UMGNF,1890126,Universal Music Group N.V./ADR
VFSWW,1913510,VinFast Auto Ltd.
RZLVW,1920294,REZOLVE AI PLC
SDAWW,1936804,SunCar Technology Group Inc.
THQQF,1969796,Embracer Group AB/ADR
RDPTF,1949257,Radiopharm Theranostics Ltd
EXYNW,1960355,"Exyn Technologies, Inc."
ENGNW,1980845,enGene Therapeutics Inc.
AFJKR,1979005,"Aimei Health Technology Co., Ltd."
AFJKU,1979005,"Aimei Health Technology Co., Ltd."
NIVFW,1981662,NewGenIvf Group Ltd
NPEHF,1985406,"Nippon Express Holdings, Inc./ADR"
STWI,1999261,StageWise Strategies Corp.
HPAIW,2001699,Helport AI Ltd
RDACR,2018145,Rising Dragon Acquisition Corp.
RDACU,2018145,Rising Dragon Acquisition Corp.
STKTF,2032517,Sectra AB/ADR
KOKSF,2033019,Kokusai Electric Corporation/ADR
KIDZW,2022308,KIDZ AI Inc.
LPBBW,2023676,Launch Two Acquisition Corp.
LPBBU,2023676,Launch Two Acquisition Corp.
ALISU,2026767,Calisa Acquisition Corp
ALISR,2026767,Calisa Acquisition Corp
TAVIU,2020385,Tavia Acquisition Corp.
TAVIR,2020385,Tavia Acquisition Corp.
YHNAR,2020987,YHN Acquisition I Ltd
SNNRF,2021938,Sunrise Communications AG
YHNAU,2020987,YHN Acquisition I Ltd
SEPSF,1969766,Asep Medical Holdings Inc.
ALURD,1964979,"ALLURION TECHNOLOGIES, INC."
ALURW,1964979,"ALLURION TECHNOLOGIES, INC."
LOTWW,1962746,Lotus Technology Inc.
ALMP,1956237,Almco Plumbing Inc
NOEMW,1956648,CO2 Energy Transition Corp.
NOEMU,1956648,CO2 Energy Transition Corp.
NOEMR,1956648,CO2 Energy Transition Corp.
CRMLW,1951089,Critical Metals Corp.
CRTMF,1951089,Critical Metals Corp.
NNPEF,1951593,Ninepoint Energy Fund
NTCS,1933359,Natics Corp.
KYFGF,2042187,Kyoto Financial Group Inc/ADR
OBAWU,2034313,Oxley Bridge Acquisition Ltd
OBAWW,2034313,Oxley Bridge Acquisition Ltd
SHFH,2032609,Scientist Home Future Health Ltd
DRDBW,2032528,Roman DBDR Acquisition Corp. II
DRDBU,2032528,Roman DBDR Acquisition Corp. II
APTN,1938571,"ADAPTIN BIO, INC."
SXTPW,1946563,"60 DEGREES PHARMACEUTICALS, INC."
JACS-UN,2039058,Jackson Acquisition Co II
JACS-RI,2039058,Jackson Acquisition Co II
SMNRW,1913577,"Semnur Pharmaceuticals, Inc."
HOVRW,1930021,New Horizon Aircraft Ltd.
LANWF,1922097,Lanvin Group Holdings Ltd
MANDF,2038958,Mandatum Oyj/ADR
COLAU,2028201,Columbus Acquisition Corp/Cayman Islands
COLAR,2028201,Columbus Acquisition Corp/Cayman Islands
IPCXR,2012318,Inflection Point Acquisition Corp. III
IPCXU,2012318,Inflection Point Acquisition Corp. III
FSTWF,2014254,FST Corp.
TNMWF,2013186,TNL Mediagene
BKHAR,2000775,Black Hawk Acquisition Corp
BKHAU,2000775,Black Hawk Acquisition Corp
FVNNU,2010653,Future Vision II Acquisition Corp.
FVNNR,2010653,Future Vision II Acquisition Corp.
CCIXU,2006291,Churchill Capital Corp IX/Cayman
CCIXW,2006291,Churchill Capital Corp IX/Cayman
ESMR,1995920,E-Smart Corp.
DAICW,2033770,"CID Holdco, Inc."
PGACU,2030829,PANTAGES CAPITAL ACQUISITION Corp
PGACR,2030829,PANTAGES CAPITAL ACQUISITION Corp
SZZLU,2030663,Sizzle Acquisition Corp. II
IPEXU,2028355,Inflection Point Acquisition Corp. V
IPEXR,2028355,Inflection Point Acquisition Corp. V
KFIIR,2029976,K&F GROWTH ACQUISITION CORP. II
KFIIU,2029976,K&F GROWTH ACQUISITION CORP. II
SZZLR,2030663,Sizzle Acquisition Corp. II
MBAVU,2016072,M3-Brigade Acquisition V Corp.
MBAVW,2016072,M3-Brigade Acquisition V Corp.
CUBWU,2015955,Lionheart Holdings
CUBWW,2015955,Lionheart Holdings
BRETF,2018463,Brazilian Rare Earths Limited/ADR
RANGU,2035644,Range Capital Acquisition Corp.
RANGR,2035644,Range Capital Acquisition Corp.
NPACW,2048948,New Providence Acquisition Corp. III/Cayman
NPACU,2048948,New Providence Acquisition Corp. III/Cayman
LCCCU,2049248,Lakeshore Acquisition III Corp.
LCCCR,2049248,Lakeshore Acquisition III Corp.
MLCIL,2051820,Mount Logan Capital Inc.
BLUWU,2050501,Blue Water Acquisition Corp. III
BLUWW,2050501,Blue Water Acquisition Corp. III
DMIIR,2040475,Drugs Made In America Acquisition II Corp.
DMIIU,2040475,Drugs Made In America Acquisition II Corp.
HAVAU,2042460,Harvard Ave Acquisition Corp
HAVAR,2042460,Harvard Ave Acquisition Corp
APACU,2043630,StoneBridge Acquisition II Corp
APACR,2043630,StoneBridge Acquisition II Corp
GTERW,2043766,Globa Terra Acquisition Corp
GTERU,2043766,Globa Terra Acquisition Corp
GTERR,2043766,Globa Terra Acquisition Corp
MTNE-WT,2044817,CH4 Natural Solutions Corp
MTNE-UN,2044817,CH4 Natural Solutions Corp
LDXC,1985554,Londax Corp.
TOYWF,1985273,"TOYO Co., Ltd"
OYCG,1994582,Oyocar Group Inc.
AAVXF,1956827,Abivax S.A.
RKWBF,1969729,Rockwool A/S/ADR
RKWAF,1969729,Rockwool A/S/ADR
GFRWF,1966287,Greenfire Resources Ltd.
AMBWQ,1937441,Ambipar Emergency Response
BAERW,1941536,"Bridger Aerospace Group Holdings, Inc."
FMSTW,1935418,Foremost Clean Energy Ltd.
FGN,1934850,"F&G Annuities & Life, Inc."
FGSN,1934850,"F&G Annuities & Life, Inc."
KMFG,1935033,KEEMO Fashion Group Ltd
MDCXW,1997296,Medicus Pharma Ltd.
SPHIF,1995306,SUPER HI INTERNATIONAL HOLDING LTD.
INVLW,2001557,"Innventure, Inc."
TLPPF,2007191,Telix Pharmaceuticals Ltd
RMSGW,1983324,Real Messenger Corp
NPLY,1978111,Naploy Corp.
HNIT,1994373,Huineng Technology Corp
VTBAS,1984345,"Vestible Assets, LLC"
GTENW,1986817,"Gores Holdings X, Inc. / CI"
GTENU,1986817,"Gores Holdings X, Inc. / CI"
ATIIU,2028516,Archimedes Tech SPAC Partners II Co.
ATIIW,2028516,Archimedes Tech SPAC Partners II Co.
OACCU,2029769,Oaktree Acquisition Corp. III Life Sciences
OACCW,2029769,Oaktree Acquisition Corp. III Life Sciences
SGIPF,2027330,"Sugi Holdings Co., Ltd./ADR"
SOUL-RI,2025608,Soulpower Acquisition Corp.
SOUL-UN,2025608,Soulpower Acquisition Corp.
CAPNR,2024203,Cayson Acquisition Corp
CAPNU,2024203,Cayson Acquisition Corp
RFAIU,2012807,RF Acquisition Corp II
RFAIR,2012807,RF Acquisition Corp II
SBXD-UN,2015947,SilverBox Corp IV
FOXXW,2013807,Foxx Development Holdings Inc.
SBXD-WT,2015947,SilverBox Corp IV
OIOWW,1957538,OIO Group
PYAIF,1969302,Pony AI Inc.
NVNIW,1965143,Nvni Group Ltd
NAKAW,1946573,Nakamoto Inc.
UYSCR,2036973,UY Scuti Acquisition Corp.
BLNH,2029586,"Blue Line Holdings, Inc."
UYSCU,2036973,UY Scuti Acquisition Corp.
RIBBU,2035016,Ribbon Acquisition Corp.
RIBBR,2035016,Ribbon Acquisition Corp.
FACTW,2028935,FACT II Acquisition Corp.
FACTU,2028935,FACT II Acquisition Corp.
ALPWF,2025774,Alps Group Inc
DYNCW,2028699,Dynamix Corp
DYNCU,2028699,Dynamix Corp
DMAAU,2028614,Drugs Made In America Acquisition Corp.
DMAAR,2028614,Drugs Made In America Acquisition Corp.
POLEU,2025341,Andretti Acquisition Corp. II
POLEW,2025341,Andretti Acquisition Corp. II
SLXNW,2022416,Silexion Therapeutics Corp
LACHF,2023870,Lapco Holdings Limited/ADR
HSPUF,1946021,Horizon Space Acquisition I Corp.
HSPWF,1946021,Horizon Space Acquisition I Corp.
NELR,1941360,Neolara Corp.
NMHIW,1947861,Nature's Miracle Holding Inc.
ABLVW,1957489,Able View Global Inc.
COOTW,1959994,Australian Oilseeds Holdings Ltd
ATCHW,1963088,"AtlasClear Holdings, Inc."
INFQ-WT,2007825,"Infleqtion, Inc."
KWMWW,2000756,K Wave Media Ltd.
ZOOZW,1992818,ZOOZ Strategy Ltd.
MKDWW,1991332,MKDWELL Tech Inc.
PBMWW,1985062,PSYENCE BIOMEDICAL LTD.
QETAR,1978528,Quetta Acquisition Corp
QETAU,1978528,Quetta Acquisition Corp
BWAGF,1968385,BAWAG Group AG/ADR
TRAD-RI,2085485,APEX Tech Acquisition Inc.
TRAD-UN,2085485,APEX Tech Acquisition Inc.
BIII-UN,2087087,Black Spade Acquisition III Co
BIII-WT,2087087,Black Spade Acquisition III Co
HRIBF,2088827,"Horiba, Ltd./ADR"
OIMAW,2088325,OneIM Acquisition Corp.
OIMAU,2088325,OneIM Acquisition Corp.
RNKGF,2093907,RENK Group AG/ADR
CTAAU,2094073,Clearthink 1 Acquisition Corp.
CTAAR,2094073,Clearthink 1 Acquisition Corp.
MTLPF,2090231,Metlen Energy & Metals PLC/ADR
IACOU,2091176,Idea Acquisition Corp.
IACOW,2091176,Idea Acquisition Corp.
GLNDW,2093507,Greenland Energy Co
WLCOU,2101470,Wilco 63 Corp
APMCU,2101393,AmperCap Acquisition Co
APMCR,2101393,AmperCap Acquisition Co
BREZR,2095443,Breeze Acquisition Corp. II
FMACU,2099232,Future Money Acquisition Corp
FMACR,2099232,Future Money Acquisition Corp
CAQUU,2100125,Cambridge Acquisition Corp.
CAQUW,2100125,Cambridge Acquisition Corp.
NBRGR,1918414,Newbridge Acquisition Ltd
NBRGU,1918414,Newbridge Acquisition Ltd
SBCWW,1930313,SBC Medical Group Holdings Inc
PALX,1938569,Palomino Laboratories Inc.
SMXWW,1940674,SMX (Security Matters) Public Ltd Co
FBIOP,1429260,"Fortress Biotech, Inc."
SKPJF,1447108,SKY Perfect JSAT Holdings Inc
CYJBF,1436741,Cargotec Corp OYJ
GME-WT,1326380,GameStop Corp.
DSX-WT,1318885,DIANA SHIPPING INC.
GGN-PB,1313510,"GAMCO Global Gold, Natural Resources & Income Trust"
SNIRF,1329213,SENIOR PLC
ADAMM,1273685,"ADAMAS TRUST, INC."
ADAMH,1273685,"ADAMAS TRUST, INC."
ADAMZ,1273685,"ADAMAS TRUST, INC."
ADAMO,1273685,"ADAMAS TRUST, INC."
ADAMI,1273685,"ADAMAS TRUST, INC."
ADAMN,1273685,"ADAMAS TRUST, INC."
ADAMG,1273685,"ADAMAS TRUST, INC."
ADAML,1273685,"ADAMAS TRUST, INC."
SRJN,1126956,SPIRE INC
COPR-WT,1263364,Idaho Copper Corp
XAEIU,1023458,AEI INCOME & GROWTH FUND XXII LTD PARTNERSHIP
EPR-PC,1045450,EPR PROPERTIES
EPR-PE,1045450,EPR PROPERTIES
EPR-PG,1045450,EPR PROPERTIES
IPGLF,1029974,INTERPUMP GROUP SPA /FI
MFAN,1055160,"MFA FINANCIAL, INC."
MFAO,1055160,"MFA FINANCIAL, INC."
EPDU,1061219,ENTERPRISE PRODUCTS PARTNERS L.P.
MFA-PB,1055160,"MFA FINANCIAL, INC."
MFA-PC,1055160,"MFA FINANCIAL, INC."
SQFTP,1080657,"Presidio Property Trust, Inc."
SQFTW,1080657,"Presidio Property Trust, Inc."
APCXW,1070050,AppTech Payments Corp.
BBBY-WT,1130713,"BED BATH & BEYOND, INC."
TDS-PU,1051512,TELEPHONE & DATA SYSTEMS INC /DE/
TDS-PV,1051512,TELEPHONE & DATA SYSTEMS INC /DE/
BANC-PF,1169770,"BANC OF CALIFORNIA, INC."
TRNTF,1144800,TRANSALTA CORP
TSLTF,1144800,TRANSALTA CORP
TACPF,1144800,TRANSALTA CORP
DGP,1159508,DEUTSCHE BANK AKTIENGESELLSCHAFT
DGZ,1159508,DEUTSCHE BANK AKTIENGESELLSCHAFT
ADZCF,1159508,DEUTSCHE BANK AKTIENGESELLSCHAFT
DEENF,1159508,DEUTSCHE BANK AKTIENGESELLSCHAFT
DZZ,1159508,DEUTSCHE BANK AKTIENGESELLSCHAFT
OLOXF,1159508,DEUTSCHE BANK AKTIENGESELLSCHAFT
GGT-PG,921671,GABELLI MULTIMEDIA TRUST INC.
RHEPB,1004724,"REGIONAL HEALTH PROPERTIES, INC"
RHEPZ,1004724,"REGIONAL HEALTH PROPERTIES, INC"
RHEPA,1004724,"REGIONAL HEALTH PROPERTIES, INC"
UZE,821130,"ARRAY DIGITAL INFRASTRUCTURE, INC."
UZF,821130,"ARRAY DIGITAL INFRASTRUCTURE, INC."
UZD,821130,"ARRAY DIGITAL INFRASTRUCTURE, INC."
CFNBD,803016,CALIFORNIA FIRST LEASING CORP
CWLXF,831609,C21 Investments Inc.
WEXPF,842622,WESTERN EXPLORATION INC.
DCOM-P,846617,"Dime Commercial Bancshares, Inc. /NY/"
DCBG,846617,"Dime Commercial Bancshares, Inc. /NY/"
BANFP,760498,BANCFIRST CORP /OK/
OXY-WT,797468,OCCIDENTAL PETROLEUM CORP /DE/
LAWIL,750004,"Light & Wonder, Inc."
LNWO,750004,"Light & Wonder, Inc."
AIMDW,1014763,"Ainos, Inc."
PPLC,922224,PPL Corp
FIISO,862831,FINANCIAL INSTITUTIONS INC
FIISP,862831,FINANCIAL INSTITUTIONS INC
SOCGM,92108,SOUTHERN CALIFORNIA GAS CO
SOCGP,92108,SOUTHERN CALIFORNIA GAS CO
MOVAA,72573,MOVADO GROUP INC
NTRSO,73124,NORTHERN TRUST CORP
GAM-PB,40417,GENERAL AMERICAN INVESTORS CO INC
CFR-PB,39263,"CULLEN/FROST BANKERS, INC."
MSEXP,66004,MIDDLESEX WATER CO
DDT,28917,"DILLARD'S, INC."
BA-PA,12927,BOEING CO
VNO-PN,899689,VORNADO REALTY TRUST
VNO-PO,899689,VORNADO REALTY TRUST
EBGEF,895728,ENBRIDGE INC
EBRGF,895728,ENBRIDGE INC
EBRZF,895728,ENBRIDGE INC
ENBHF,895728,ENBRIDGE INC
ENBMF,895728,ENBRIDGE INC
ENBOF,895728,ENBRIDGE INC
ENBSF,895728,ENBRIDGE INC
ENBNF,895728,ENBRIDGE INC
ENFFF,895728,ENBRIDGE INC
ENBFF,895728,ENBRIDGE INC
ENBGF,895728,ENBRIDGE INC
ENBRF,895728,ENBRIDGE INC
ENNPF,895728,ENBRIDGE INC
EBBGF,895728,ENBRIDGE INC
GENVR,849399,Gen Digital Inc.
WOLTF,861967,WOLTERS KLUWER N V /FI
WBKCY,719245,WESTPAC BANKING CORP
DHTI,725394,"Dalrada Technology Group, Inc."
BPOPM,763901,"POPULAR, INC."
GAB-PG,794685,GABELLI EQUITY TRUST INC
GAB-PH,794685,GABELLI EQUITY TRUST INC
GAB-PK,794685,GABELLI EQUITY TRUST INC
FNMAJ,310522,FEDERAL NATIONAL MORTGAGE ASSOCIATION FANNIE MAE
FNMAP,310522,FEDERAL NATIONAL MORTGAGE ASSOCIATION FANNIE MAE
FNMAS,310522,FEDERAL NATIONAL MORTGAGE ASSOCIATION FANNIE MAE
FNMAH,310522,FEDERAL NATIONAL MORTGAGE ASSOCIATION FANNIE MAE
SCHW-PD,316709,SCHWAB CHARLES CORP
SCHW-PJ,316709,SCHWAB CHARLES CORP
GL-PD,320335,GLOBE LIFE INC.
AILIO,18654,Ameren Illinois Co
AILIP,18654,Ameren Illinois Co
KMPB,860748,KEMPER Corp
WBS-PG,801337,WEBSTER FINANCIAL CORP
TELFY,814052,TELEFONICA S A
CCNEP,736772,CNB FINANCIAL CORP/PA
T-PA,732717,AT&T INC.
T-PC,732717,AT&T INC.
HACBF,793742,HACHIJUNI BANK LTD
CTGG,68622,QWEST CORP
CTHH,68622,QWEST CORP
KYOAY,57083,KYOCERA CORP
MTB-PK,36270,M&T BANK CORP
MTB-PJ,36270,M&T BANK CORP
MTB-PH,36270,M&T BANK CORP
SRGBF,95666,SURUGA BANK LTD/ADR/
SOJD,92122,SOUTHERN CO
SOJF,92122,SOUTHERN CO
SOJE,92122,SOUTHERN CO
SOMN,92122,SOUTHERN CO
UMBFO,101382,UMB FINANCIAL CORP
FRMEP,712534,FIRST MERCHANTS CORP
HOVNP,357294,HOVNANIAN ENTERPRISES INC
AIRTP,353184,AIR T INC
ZIONP,109380,"ZIONS BANCORPORATION, NATIONAL ASSOCIATION /UT/"
WHR-PA,106640,WHIRLPOOL CORP /DE/
ATMP,312070,BARCLAYS BANK PLC
BWVTF,312070,BARCLAYS BANK PLC
DJP,312070,BARCLAYS BANK PLC
GBUG,312070,BARCLAYS BANK PLC
VXX,312070,BARCLAYS BANK PLC
VXZ,312070,BARCLAYS BANK PLC
TAPR,312070,BARCLAYS BANK PLC
GRN,312070,BARCLAYS BANK PLC
JJETF,312070,BARCLAYS BANK PLC
UEPCO,100826,UNION ELECTRIC CO
UEPEM,100826,UNION ELECTRIC CO
HIG-PG,874766,"HARTFORD INSURANCE GROUP, INC."
FITB-PI,35527,FIFTH THIRD BANCORP
FITB-PM,35527,FIFTH THIRD BANCORP
FITB-PA,35527,FIFTH THIRD BANCORP
FITB-PK,35527,FIFTH THIRD BANCORP
VYLD,19617,JPMORGAN CHASE & CO
AMJB,19617,JPMORGAN CHASE & CO
JPM-PD,19617,JPMORGAN CHASE & CO
JPM-PJ,19617,JPMORGAN CHASE & CO
JPM-PK,19617,JPMORGAN CHASE & CO
JPM-PL,19617,JPMORGAN CHASE & CO
JPM-PM,19617,JPMORGAN CHASE & CO
CTO-PA,23795,"CTO Realty Growth, Inc."
MIDDV,769520,MIDDLEBY Corp
PAASF,771992,PAN AMERICAN SILVER CORP
AEFC,769218,AEGON LTD.
NEE-PN,753308,NEXTERA ENERGY INC
NEE-PW,753308,NEXTERA ENERGY INC
NEE-PT,753308,NEXTERA ENERGY INC
NEE-PU,753308,NEXTERA ENERGY INC
NEE-PV,753308,NEXTERA ENERGY INC
NEE-PS,753308,NEXTERA ENERGY INC
VAL-WT,314808,Valaris Ltd
FULTP,700564,FULTON FINANCIAL CORP
XELLL,72903,XCEL ENERGY INC
PNMXO,81023,PUBLIC SERVICE CO OF NEW MEXICO
TFC-PI,92230,TRUIST FINANCIAL CORP
TFC-PO,92230,TRUIST FINANCIAL CORP
TFC-PR,92230,TRUIST FINANCIAL CORP
BOH-PA,46195,BANK OF HAWAII CORP
BOH-PB,46195,BANK OF HAWAII CORP
WRB-PF,11544,BERKLEY W R CORP
WRB-PG,11544,BERKLEY W R CORP
WRB-PH,11544,BERKLEY W R CORP
ASBA,7789,ASSOCIATED BANC-CORP
ASB-PE,7789,ASSOCIATED BANC-CORP
ASB-PF,7789,ASSOCIATED BANC-CORP
LGNZZ,886163,LIGAND PHARMACEUTICALS INC
LGNDZ,886163,LIGAND PHARMACEUTICALS INC
LGNXZ,886163,LIGAND PHARMACEUTICALS INC
LGNYZ,886163,LIGAND PHARMACEUTICALS INC
FHN-PH,36966,FIRST HORIZON CORP
FHN-PE,36966,FIRST HORIZON CORP
FHN-PF,36966,FIRST HORIZON CORP
CELG-RI,14272,BRISTOL MYERS SQUIBB CO
SF-PC,720672,STIFEL FINANCIAL CORP
SF-PD,720672,STIFEL FINANCIAL CORP
CDZIP,727273,CADIZ INC
BPPFF,313807,BP PLC
SFB,720672,STIFEL FINANCIAL CORP
BAC-PL,70858,BANK OF AMERICA CORP /DE/
MER-PK,70858,BANK OF AMERICA CORP /DE/
BACRP,70858,BANK OF AMERICA CORP /DE/
BAC-PE,70858,BANK OF AMERICA CORP /DE/
BML-PH,70858,BANK OF AMERICA CORP /DE/
BML-PJ,70858,BANK OF AMERICA CORP /DE/
BAC-PM,70858,BANK OF AMERICA CORP /DE/
BAC-PN,70858,BANK OF AMERICA CORP /DE/
BAC-PO,70858,BANK OF AMERICA CORP /DE/
BAC-PP,70858,BANK OF AMERICA CORP /DE/
BAC-PQ,70858,BANK OF AMERICA CORP /DE/
BAC-PS,70858,BANK OF AMERICA CORP /DE/
PBI-PB,78814,PITNEY BOWES INC /DE/
TCPA,99070,TRANSCANADA PIPELINES LTD
CMSC,811156,CMS ENERGY CORP
CMSD,811156,CMS ENERGY CORP
CMS-PC,811156,CMS ENERGY CORP
FCELB,886128,FUELCELL ENERGY INC
VSECU,102752,VSE CORP
TDDWW,98222,TIDEWATER INC
TDGMW,98222,TIDEWATER INC
NSARO,13372,NSTAR ELECTRIC CO
NSARP,13372,NSTAR ELECTRIC CO
LGLGR,61004,LGL GROUP INC
SIGIP,230557,SELECTIVE INSURANCE GROUP INC
BUSEP,314489,FIRST BUSEY CORP /NV/
MS-PQ,895421,MORGAN STANLEY
GSCE,886982,GOLDMAN SACHS GROUP INC
GS-PA,886982,GOLDMAN SACHS GROUP INC
GS-PC,886982,GOLDMAN SACHS GROUP INC
GS-PD,886982,GOLDMAN SACHS GROUP INC
KIM-PL,879101,KIMCO REALTY CORP
KIM-PM,879101,KIMCO REALTY CORP
AGM-PD,845877,FEDERAL AGRICULTURAL MORTGAGE CORP
AGM-PE,845877,FEDERAL AGRICULTURAL MORTGAGE CORP
AGM-PF,845877,FEDERAL AGRICULTURAL MORTGAGE CORP
AGM-PG,845877,FEDERAL AGRICULTURAL MORTGAGE CORP
AGM-PH,845877,FEDERAL AGRICULTURAL MORTGAGE CORP
AGM-PI,845877,FEDERAL AGRICULTURAL MORTGAGE CORP
RMTHF,876779,MAGIC SOFTWARE ENTERPRISES LTD
KIM-PN,879101,KIMCO REALTY CORP
GWLPF,850918,GREAT-WEST LIFECO INC.
GRWFF,850918,GREAT-WEST LIFECO INC.
GRWLF,850918,GREAT-WEST LIFECO INC.
GRWTF,850918,GREAT-WEST LIFECO INC.
VLYPN,714310,VALLEY NATIONAL BANCORP
BCEFF,718940,BCE INC
BCEPF,718940,BCE INC
BCEXF,718940,BCE INC
BCAEF,718940,BCE INC
BCENF,718940,BCE INC
BCEIF,718940,BCE INC
BCPPF,718940,BCE INC
ABAKF,790500,"ABRDN ASIA-PACIFIC INCOME FUND, INC."
NPPXF,769594,NIPPON TELEGRAPH & TELEPHONE CORP
ECF-PA,793040,ELLSWORTH GROWTH & INCOME FUND LTD
DX-PC,826675,DYNEX CAPITAL INC
MCHPP,827054,MICROCHIP TECHNOLOGY INC
ALL-PI,899051,ALLSTATE CORP
ALL-PJ,899051,ALLSTATE CORP
ALL-PB,899051,ALLSTATE CORP
INVUP,862651,"Investview, Inc."
AUB-PA,883948,Atlantic Union Bankshares Corp
WELPM,107815,WISCONSIN ELECTRIC POWER CO
KGCRF,701818,KINROSS GOLD CORP
CNOBP,712771,"ConnectOne Bancorp, Inc."
FCNCO,798941,FIRST CITIZENS BANCSHARES INC /DE/
FCNCP,798941,FIRST CITIZENS BANCSHARES INC /DE/
CHSCL,823277,CHS INC
CHSCM,823277,CHS INC
CHSCN,823277,CHS INC
CHSCO,823277,CHS INC
FCNCN,798941,FIRST CITIZENS BANCSHARES INC /DE/
HWCPZ,750577,HANCOCK WHITNEY CORP
CFG-PE,759944,CITIZENS FINANCIAL GROUP INC/RI
CFG-PH,759944,CITIZENS FINANCIAL GROUP INC/RI
CFG-PI,759944,CITIZENS FINANCIAL GROUP INC/RI
CDR-PB,761648,"CEDAR REALTY TRUST, INC."
CDR-PC,761648,"CEDAR REALTY TRUST, INC."
ONBPO,707179,OLD NATIONAL BANCORP /IN/
ONBPP,707179,OLD NATIONAL BANCORP /IN/
ERNAW,748592,Ernexa Therapeutics Inc.
WSBCO,203596,WESBANCO INC
C-PN,831001,CITIGROUP INC
C-PR,831001,CITIGROUP INC
CLSKW,827876,"CLEANSPARK, INC."
UBYHD,787496,UBUYHOLDINGS INC
XOMAO,791908,XOMA Royalty Corp
XOMAP,791908,XOMA Royalty Corp
BC-PC,14930,BRUNSWICK CORP
FRT-PC,34903,FEDERAL REALTY INVESTMENT TRUST
USB-PQ,36104,US BANCORP DE
USB-PR,36104,US BANCORP DE
USB-PS,36104,US BANCORP DE
SENEM,88948,Seneca Foods Corp
SENEL,88948,Seneca Foods Corp
WFC-PD,72971,WELLS FARGO & COMPANY/MN
WFCNP,72971,WELLS FARGO & COMPANY/MN
WFC-PA,72971,WELLS FARGO & COMPANY/MN
WFC-PZ,72971,WELLS FARGO & COMPANY/MN
MNESP,66570,MSA Safety Inc
NEMCL,1164727,NEWMONT Corp /DE/
ZNOGW,1131312,ZION OIL & GAS INC
F-PB,37996,FORD MOTOR CO
F-PC,37996,FORD MOTOR CO
F-PD,37996,FORD MOTOR CO
HBANL,49196,HUNTINGTON BANCSHARES INC /MD/
HBANM,49196,HUNTINGTON BANCSHARES INC /MD/
HBANP,49196,HUNTINGTON BANCSHARES INC /MD/
INPAP,51434,INTERNATIONAL PAPER CO /NEW/
HBANZ,49196,HUNTINGTON BANCSHARES INC /MD/
SLNHP,64463,"Soluna Holdings, Inc"
LNC-PD,59558,LINCOLN NATIONAL CORP
KEY-PJ,91576,KEYCORP /NEW/
SCE-PN,92103,SOUTHERN CALIFORNIA EDISON Co
SCE-PM,92103,SOUTHERN CALIFORNIA EDISON Co
SCE-PG,92103,SOUTHERN CALIFORNIA EDISON Co
SCE-PL,92103,SOUTHERN CALIFORNIA EDISON Co
KEY-PL,91576,KEYCORP /NEW/
TDBCP,947263,TORONTO DOMINION BANK
MBNKO,1000209,MEDALLION FINANCIAL CORP
RYLBF,1000275,ROYAL BANK OF CANADA
ADC-PA,917251,AGREE REALTY CORP
REGCP,910606,REGENCY CENTERS CORP
REGCO,910606,REGENCY CENTERS CORP
ALB-PA,915913,ALBEMARLE CORP
MS-PF,895421,MORGAN STANLEY
MS-PI,895421,MORGAN STANLEY
MS-PA,895421,MORGAN STANLEY
MS-PL,895421,MORGAN STANLEY
MS-PO,895421,MORGAN STANLEY
MS-PP,895421,MORGAN STANLEY
GPUS-PD,896493,"Hyperscale Data, Inc."
ANG-PD,1039828,American National Group Inc.
POWWP,1015383,Outdoor Holding Co
WTFCN,1015328,WINTRUST FINANCIAL CORP
TCBIO,1077428,TEXAS CAPITAL BANCSHARES INC/TX
TMSOF,1075124,THOMSON REUTERS CORP /CAN/
MNUPF,1086888,MANULIFE FINANCIAL CORP
MNLCF,1086888,MANULIFE FINANCIAL CORP
MNQFF,1086888,MANULIFE FINANCIAL CORP
MNUFF,1086888,MANULIFE FINANCIAL CORP
DHCNI,1075415,DIVERSIFIED HEALTHCARE TRUST
DHCNL,1075415,DIVERSIFIED HEALTHCARE TRUST
NOVTU,1076930,NOVANTA INC
FNFPA,1065823,FIRST NILES FINANCIAL INC
EQH-PA,1333986,"Equitable Holdings, Inc."
EQH-PC,1333986,"Equitable Holdings, Inc."
RDCT,1376804,"VNUE, Inc."
LNXSF,1311307,LANXESS AG
RCKTW,1281895,"ROCKET PHARMACEUTICALS, INC."
TEN-PE,1166663,TSAKOS ENERGY NAVIGATION LTD
TEN-PF,1166663,TSAKOS ENERGY NAVIGATION LTD
ABR-PD,1253986,ARBOR REALTY TRUST INC
ABR-PE,1253986,ARBOR REALTY TRUST INC
ABR-PF,1253986,ARBOR REALTY TRUST INC
YRAIF,1279956,YARA INTERNATIONAL ASA
MFICL,1278752,MidCap Financial Investment Corp
RF-PE,1281761,REGIONS FINANCIAL CORP
RF-PF,1281761,REGIONS FINANCIAL CORP
TMUSZ,1283699,"T-Mobile US, Inc."
TMUSI,1283699,"T-Mobile US, Inc."
TMUSL,1283699,"T-Mobile US, Inc."
AIZN,1267238,"ASSURANT, INC."
RZC,898174,REINSURANCE GROUP OF AMERICA INC
NMPWP,1004315,NATIONAL GRID PLC
NEWEN,1004315,NATIONAL GRID PLC
MGRE,1004434,"AFFILIATED MANAGERS GROUP, INC."
MGRD,1004434,"AFFILIATED MANAGERS GROUP, INC."
MGR,1004434,"AFFILIATED MANAGERS GROUP, INC."
MGRB,1004434,"AFFILIATED MANAGERS GROUP, INC."
NMKCP,1004315,NATIONAL GRID PLC
NMKBP,1004315,NATIONAL GRID PLC
ORANY,1038143,ORANGE
SREA,1032208,SEMPRA
BRKRP,1109354,BRUKER CORP
SNTUF,1087711,Santander UK plc
STNDF,1087711,Santander UK plc
BFH-PA,1101215,"BREAD FINANCIAL HOLDINGS, INC."
BFH-PB,1101215,"BREAD FINANCIAL HOLDINGS, INC."
MOBQW,1084267,"Mobiquity Technologies, Inc."
STRF,1050446,Strategy Inc
STRK,1050446,Strategy Inc
PLDGP,1045609,"Prologis, Inc."
STRD,1050446,Strategy Inc
NLY-PF,1043219,ANNALY CAPITAL MANAGEMENT INC
NLY-PG,1043219,ANNALY CAPITAL MANAGEMENT INC
NLY-PI,1043219,ANNALY CAPITAL MANAGEMENT INC
NLY-PJ,1043219,ANNALY CAPITAL MANAGEMENT INC
FMCCI,1026214,FEDERAL HOME LOAN MORTGAGE CORP
FMCCT,1026214,FEDERAL HOME LOAN MORTGAGE CORP
FMCKI,1026214,FEDERAL HOME LOAN MORTGAGE CORP
FREJP,1026214,FEDERAL HOME LOAN MORTGAGE CORP
FMCKK,1026214,FEDERAL HOME LOAN MORTGAGE CORP
AEBMF,1174511,ANADOLU EFES BIRACILIK VE MALT SANAYI A S/ADR
BGMSP,1130166,"Bio Green Med Solution, Inc."
RQI-RI,1157842,COHEN & STEERS QUALITY INCOME REALTY FUND INC
CNO-PA,1224608,"CNO Financial Group, Inc."
OXSQG,1259429,Oxford Square Capital Corp.
AERGP,879911,"APPLIED ENERGETICS, INC."
AHT-PD,1232582,ASHFORD HOSPITALITY TRUST INC
AHT-PF,1232582,ASHFORD HOSPITALITY TRUST INC
AHT-PG,1232582,ASHFORD HOSPITALITY TRUST INC
AHT-PH,1232582,ASHFORD HOSPITALITY TRUST INC
AHT-PI,1232582,ASHFORD HOSPITALITY TRUST INC
QVCCQ,1254699,QVC INC
QVCDQ,1254699,QVC INC
OXSQH,1259429,Oxford Square Capital Corp.
RWT-PA,930236,REDWOOD TRUST INC
RWTN,930236,REDWOOD TRUST INC
BERZ,927971,BANK OF MONTREAL /CAN/
FNGO,927971,BANK OF MONTREAL /CAN/
FNGS,927971,BANK OF MONTREAL /CAN/
FNGU,927971,BANK OF MONTREAL /CAN/
GDXD,927971,BANK OF MONTREAL /CAN/
DULL,927971,BANK OF MONTREAL /CAN/
FLYD,927971,BANK OF MONTREAL /CAN/
FLYU,927971,BANK OF MONTREAL /CAN/
RWTO,930236,REDWOOD TRUST INC
RWTP,930236,REDWOOD TRUST INC
RWTQ,930236,REDWOOD TRUST INC
RWTS,930236,REDWOOD TRUST INC
BNKD,927971,BANK OF MONTREAL /CAN/
BNKU,927971,BANK OF MONTREAL /CAN/
BULZ,927971,BANK OF MONTREAL /CAN/
AIQU,927971,BANK OF MONTREAL /CAN/
AIQD,927971,BANK OF MONTREAL /CAN/
JETU,927971,BANK OF MONTREAL /CAN/
JETD,927971,BANK OF MONTREAL /CAN/
CARD,927971,BANK OF MONTREAL /CAN/
CARU,927971,BANK OF MONTREAL /CAN/
WTID,927971,BANK OF MONTREAL /CAN/
WTIU,927971,BANK OF MONTREAL /CAN/
OILU,927971,BANK OF MONTREAL /CAN/
SHNY,927971,BANK OF MONTREAL /CAN/
GDXU,927971,BANK OF MONTREAL /CAN/
NRGD,927971,BANK OF MONTREAL /CAN/
NRGU,927971,BANK OF MONTREAL /CAN/
OILD,927971,BANK OF MONTREAL /CAN/
ACGLN,947484,ARCH CAPITAL GROUP LTD.
ACGLO,947484,ARCH CAPITAL GROUP LTD.
ARES-PB,1176948,Ares Management Corp
BFS-PE,907254,"SAUL CENTERS, INC."
TXEMF,909112,TEMPLETON EMERGING MARKETS INCOME FUND
FLG-PA,910073,"FLAGSTAR BANK, NATIONAL ASSOCIATION"
FLG-PU,910073,"FLAGSTAR BANK, NATIONAL ASSOCIATION"
COF-PI,927628,CAPITAL ONE FINANCIAL CORP
COF-PJ,927628,CAPITAL ONE FINANCIAL CORP
COF-PK,927628,CAPITAL ONE FINANCIAL CORP
COF-PL,927628,CAPITAL ONE FINANCIAL CORP
COF-PN,927628,CAPITAL ONE FINANCIAL CORP
MET-PF,1099219,METLIFE INC
PTCCY,1108329,PETROCHINA CO LTD
BSCL,1109262,"BILI Social International, Inc."
CSCID,1113423,COSCIENS Biopharma Inc.
PFH,1137774,PRUDENTIAL FINANCIAL INC
PRH,1137774,PRUDENTIAL FINANCIAL INC
PRS,1137774,PRUDENTIAL FINANCIAL INC
AFGB,1042046,AMERICAN FINANCIAL GROUP INC
AFGC,1042046,AMERICAN FINANCIAL GROUP INC
AFGD,1042046,AMERICAN FINANCIAL GROUP INC
AFGE,1042046,AMERICAN FINANCIAL GROUP INC
GLDI,1053092,CREDIT SUISSE AG
USOI,1053092,CREDIT SUISSE AG
SLVO,1053092,CREDIT SUISSE AG
SLFQF,1097362,SUN LIFE FINANCIAL INC
SLFIF,1097362,SUN LIFE FINANCIAL INC
SUNFF,1097362,SUN LIFE FINANCIAL INC
BESS-WT,1066764,Bimergen Energy Corp
SWZCF,1069336,SWISSCOM AG
BAMKF,1001085,BROOKFIELD Corp /ON/
BKAMF,1001085,BROOKFIELD Corp /ON/
BKFAF,1001085,BROOKFIELD Corp /ON/
BKFPF,1001085,BROOKFIELD Corp /ON/
BRPSF,1001085,BROOKFIELD Corp /ON/
BRFCF,1001085,BROOKFIELD Corp /ON/
BRFAF,1001085,BROOKFIELD Corp /ON/
BKPA,1001085,BROOKFIELD Corp /ON/
BRCFF,1001085,BROOKFIELD Corp /ON/
BKFDF,1001085,BROOKFIELD Corp /ON/
BKFOF,1001085,BROOKFIELD Corp /ON/
BNH,1001085,BROOKFIELD Corp /ON/
BNJ,1001085,BROOKFIELD Corp /ON/
BROXF,1001085,BROOKFIELD Corp /ON/
BXDIF,1001085,BROOKFIELD Corp /ON/
SPE-PC,897802,"SPECIAL OPPORTUNITIES FUND, INC."
GUT-PC,1080720,GABELLI UTILITY TRUST
PAAPU,1070423,PLAINS ALL AMERICAN PIPELINE LP
CMLSQ,1058623,CUMULUS MEDIA INC
LFMDP,948320,"LifeMD, Inc."
EFSCP,1025835,ENTERPRISE FINANCIAL SERVICES CORP
CNDIF,1045520,CANADIAN IMPERIAL BANK OF COMMERCE /CAN/
EMICF,1127248,EMERA INC
EMRJF,1127248,EMERA INC
SWKHL,1089907,SWK Holdings Corp
XAKJ,1128252,"SIPP International Industries, Inc."
LLOBF,1160106,Lloyds Banking Group plc
AGQPF,1174169,ALGONQUIN POWER & UTILITIES CORP.
AQNB,1174169,ALGONQUIN POWER & UTILITIES CORP.
QXO-PB,1236275,"QXO, Inc."
DTB,936340,DTE ENERGY CO
DTK,936340,DTE ENERGY CO
DTG,936340,DTE ENERGY CO
MLCMF,912958,MILLICOM INTERNATIONAL CELLULAR SA
RNR-PF,913144,RENAISSANCERE HOLDINGS LTD
RNR-PG,913144,RENAISSANCERE HOLDINGS LTD
PREJF,911421,PARTNERRE LTD
SHO-PH,1295810,"Sunstone Hotel Investors, Inc."
SHO-PI,1295810,"Sunstone Hotel Investors, Inc."
PCG-PA,1004980,PG&E Corp
PCG-PB,1004980,PG&E Corp
ELCPF,1039610,EDP ENERGIAS DE PORTUGAL SA
TGOPF,1078716,3i GROUP PLC
AMUB,1114446,UBS AG
BDCX,1114446,UBS AG
BDCZ,1114446,UBS AG
CEFD,1114446,UBS AG
UCIB,1114446,UBS AG
USML,1114446,UBS AG
SCDL,1114446,UBS AG
SMHB,1114446,UBS AG
MTUL,1114446,UBS AG
MVRL,1114446,UBS AG
PFFL,1114446,UBS AG
QULL,1114446,UBS AG
MLPB,1114446,UBS AG
MLPR,1114446,UBS AG
IWDL,1114446,UBS AG
IWFL,1114446,UBS AG
IWML,1114446,UBS AG
HDLB,1114446,UBS AG
IFED,1114446,UBS AG
MSBIP,1466026,"Midland States Bancorp, Inc."
NXGLW,1468929,"NEXGEL, INC."
NXPGF,1455632,Mobico Group PLC/ADR
ASPSZ,1462418,ALTISOURCE PORTFOLIO SOLUTIONS S.A.
ASPSW,1462418,ALTISOURCE PORTFOLIO SOLUTIONS S.A.
RILYG,1464790,"BRC Group Holdings, Inc."
RILYL,1464790,"BRC Group Holdings, Inc."
RILYN,1464790,"BRC Group Holdings, Inc."
RILYP,1464790,"BRC Group Holdings, Inc."
RILYT,1464790,"BRC Group Holdings, Inc."
RILYZ,1464790,"BRC Group Holdings, Inc."
WAFDP,936528,WAFD INC
PCG-PX,1004980,PG&E Corp
MHNC,1412100,"Maiden Holdings, Ltd."
BBLGW,1419554,Bone Biologics Corp
GNT-PA,1438893,"GAMCO Natural Resources, Gold & Income Trust"
SOHOB,1301236,Sotherly Hotels Inc.
SBBTF,1451561,Vend Marketplaces ASA/ADR
GIGGF,1336364,Giga Metals Corp
KPHMW,1372514,KIORA PHARMACEUTICALS INC
GMBLP,1451448,"ESPORTS ENTERTAINMENT GROUP, INC."
GMBLZ,1451448,"ESPORTS ENTERTAINMENT GROUP, INC."
SLOIF,1445214,Soitec SA
WCPRF,1472879,WHITECAP RESOURCES INC.
HSCSW,1468492,HeartSciences Inc.
MIMTF,1460447,Mitsubishi Materials Corp / ADR
PMTU,1464423,PennyMac Mortgage Investment Trust
PMTW,1464423,PennyMac Mortgage Investment Trust
PMTV,1464423,PennyMac Mortgage Investment Trust
PMT-PC,1464423,PennyMac Mortgage Investment Trust
LOMWF,1509397,Lion One Metals Ltd.
BAFBF,1506721,Balfour Beatty plc/ADR
EP-PC,1506307,"KINDER MORGAN, INC."
LTAFX,1496254,Alternative Strategies Income Fund
LTCFX,1496254,Alternative Strategies Income Fund
DUNNF,1533546,Duni AB/ADR
WHFCL,1552198,"WhiteHorse Finance, Inc."
LANDO,1495240,GLADSTONE LAND Corp
EDRVF,1516534,EDP Renewables S.A./ADR
PETVW,1512922,"PetVivo Holdings, Inc."
GGAZD,1515964,Goldgroup Mining Inc.
BCKIF,1516323,Babcock International Group PLC/ADR
CMCLF,1447960,"China Molybdenum Co., Ltd."
NZEOY,1445654,New Zealand Oil & Gas Ltd/ADR
KKRT,1404912,KKR & Co. Inc.
KKR-PD,1404912,KKR & Co. Inc.
KKRS,1404912,KKR & Co. Inc.
CUENW,1424657,Cuentas Inc.
OSDVF,1431852,Osisko Development Corp.
ODVWZ,1431852,Osisko Development Corp.
AGNCL,1423689,AGNC Investment Corp.
AGNCM,1423689,AGNC Investment Corp.
AGNCN,1423689,AGNC Investment Corp.
AGNCO,1423689,AGNC Investment Corp.
AGNCP,1423689,AGNC Investment Corp.
AGNCZ,1423689,AGNC Investment Corp.
NASC,1509957,Can B Corp
SMTGF,1516684,SMA Solar Technology AG/ADR
FPHOY,1490078,First Phosphate Corp.
FRSPF,1490078,First Phosphate Corp.
HWLDF,1483994,H World Group Ltd
RIV-PA,1501072,"RIVERNORTH OPPORTUNITIES FUND, INC."
GOODN,1234006,GLADSTONE COMMERCIAL CORP
GOODO,1234006,GLADSTONE COMMERCIAL CORP
TCEYF,1232384,TC ENERGY CORP
NCV-PA,1214935,Virtus Convertible & Income Fund
WAL-PA,1212545,WESTERN ALLIANCE BANCORPORATION
TRPPF,1232384,TC ENERGY CORP
TRPEF,1232384,TC ENERGY CORP
TCENF,1232384,TC ENERGY CORP
TCNCF,1232384,TC ENERGY CORP
TRPRF,1232384,TC ENERGY CORP
BWNB,1630805,"Babcock & Wilcox Enterprises, Inc."
BW-PA,1630805,"Babcock & Wilcox Enterprises, Inc."
AREBW,1648087,AMERICAN REBEL HOLDINGS INC
CFTR-PA,1666244,"Cantor Fitzgerald Income Trust, Inc."
NEWTH,1587987,"NewtekOne, Inc."
NEWTP,1587987,"NewtekOne, Inc."
NEWTG,1587987,"NewtekOne, Inc."
NEWTO,1587987,"NewtekOne, Inc."
ECCC,1604174,Eagle Point Credit Co
ECC-PD,1604174,Eagle Point Credit Co
ECCU,1604174,Eagle Point Credit Co
ECCV,1604174,Eagle Point Credit Co
IVDAW,1397183,"Iveda Solutions, Inc."
IHETW,1400891,"iHeartMedia, Inc."
SAT,1377936,SARATOGA INVESTMENT CORP.
SAY,1377936,SARATOGA INVESTMENT CORP.
SAJ,1377936,SARATOGA INVESTMENT CORP.
SAV,1377936,SARATOGA INVESTMENT CORP.
SAZ,1377936,SARATOGA INVESTMENT CORP.
DUKB,1326160,Duke Energy CORP
DUK-PA,1326160,Duke Energy CORP
CITAF,1317295,CHINA SHIPPING CONTAINER LINES CO LTD
GAINZ,1321741,GLADSTONE INVESTMENT CORPORATIONDE
GAING,1321741,GLADSTONE INVESTMENT CORPORATIONDE
GAINI,1321741,GLADSTONE INVESTMENT CORPORATIONDE
SCCF,1682220,Sachem Capital Corp.
SCCG,1682220,Sachem Capital Corp.
IIPR-PA,1677576,INNOVATIVE INDUSTRIAL PROPERTIES INC
SACH-PA,1682220,Sachem Capital Corp.
SCCD,1682220,Sachem Capital Corp.
SCCE,1682220,Sachem Capital Corp.
CFOR,1293818,CapForce Inc.
GLU-PA,1282957,GABELLI GLOBAL UTILITY & INCOME TRUST
ET-PI,1276187,Energy Transfer LP
OXLCN,1495222,Oxford Lane Capital Corp.
OXLCI,1495222,Oxford Lane Capital Corp.
OXLCG,1495222,Oxford Lane Capital Corp.
OXLCL,1495222,Oxford Lane Capital Corp.
OXLCZ,1495222,Oxford Lane Capital Corp.
PRHIZ,1502292,"Presurance Holdings, Inc."
GDV-PK,1260729,GABELLI DIVIDEND & INCOME TRUST
AHL-PD,1267395,ASPEN INSURANCE HOLDINGS LTD
AHL-PE,1267395,ASPEN INSURANCE HOLDINGS LTD
AHL-PF,1267395,ASPEN INSURANCE HOLDINGS LTD
STRRP,1210708,"Star Equity Holdings, Inc."
HCIIP,1400810,"HCI Group, Inc."
GRBK-PA,1373670,"Green Brick Partners, Inc."
NCPLW,1414767,Netcapital Inc.
EFC-PD,1411342,Ellington Financial Inc.
EFC-PB,1411342,Ellington Financial Inc.
EFC-PC,1411342,Ellington Financial Inc.
FGBIP,1408534,"First Guaranty Bancshares, Inc."
TOGIW,1349706,"TurnOnGreen, Inc."
ZARE,1327978,Ares Real Estate Income Trust Inc.
CODI-PC,1345126,Compass Diversified Holdings
CODI-PA,1345126,Compass Diversified Holdings
BWBBP,1341317,Bridgewater Bancshares Inc
AZUXY,1432364,AZUL SA
ARR-PC,1428205,"Armour Residential REIT, Inc."
SB-PD,1434754,"SAFE BULKERS, INC."
GRKZF,1437462,Greek Organisation of Football Prognostics S.A.
THRC,1409253,"Havana Roasters Coffee Companies, Inc."
PBATF,1489088,PT Bukit Asam Tbk/ADR
PEB-PH,1474098,Pebblebrook Hotel Trust
PEB-PG,1474098,Pebblebrook Hotel Trust
RGPX,1357878,"REGENEREX PHARMA, INC."
ISMCF,1332174,iShares S&P GSCI Commodity-Indexed Trust
DLR-PL,1297996,"DIGITAL REALTY TRUST, INC."
DLR-PJ,1297996,"DIGITAL REALTY TRUST, INC."
SEAL-PA,1308106,Seapeak LLC
SEAL-PB,1308106,Seapeak LLC
GLP-PB,1323468,GLOBAL PARTNERS LP
HCXY,1280784,"Hercules Capital, Inc."
PSEC-PA,1287032,PROSPECT CAPITAL CORP
ORCL-PD,1341439,ORACLE CORP
ACR-PC,1332551,ACRES Commercial Realty Corp.
ACR-PD,1332551,ACRES Commercial Realty Corp.
NXDT-PA,1356115,NEXPOINT DIVERSIFIED REAL ESTATE TRUST
SGBAF,1347408,SES S.A.
QVCAQ,1355096,"QVC Group, Inc."
QVCPQ,1355096,"QVC Group, Inc."
QVCGQ,1355096,"QVC Group, Inc."
BNY-PK,1390777,Bank of New York Mellon Corp
GFSAY,1389207,Gafisa S.A.
SMCIP,1375365,"Super Micro Computer, Inc."
SBFMW,1402328,Sunshine Biopharma Inc.
PSA-PI,1393311,Public Storage
PSA-PJ,1393311,Public Storage
PSA-PK,1393311,Public Storage
PSA-PL,1393311,Public Storage
PSA-PM,1393311,Public Storage
PSA-PF,1393311,Public Storage
PSA-PG,1393311,Public Storage
HTFC,1487428,Horizon Technology Finance Corp
BNCWZ,1482541,CEA Industries Inc.
BNCWW,1482541,CEA Industries Inc.
CPER,1479247,United States Commodity Index Funds Trust
BKZHF,1459334,Santander Bank Polska SA/ADR
LOIMF,1454147,Loomis AB / ADR
RWDMU,1448038,Redwood Mortgage Investors IX
BXCAP,1372612,BOX INC
PSA-PN,1393311,Public Storage
PSA-PO,1393311,Public Storage
PSA-PP,1393311,Public Storage
PSA-PQ,1393311,Public Storage
PSA-PR,1393311,Public Storage
PSA-PS,1393311,Public Storage
NMPRY,1333172,Navios Maritime Holdings Inc.
BYDIF,1447956,BYD Electronic (International) Co Ltd
NWSZF,1449664,CTF Services Ltd
GBCMD,1454475,Global Bio-chem Technology Group Co. Ltd / ADR
GBCYD,1454475,Global Bio-chem Technology Group Co. Ltd / ADR
TWOD,1465740,TWO HARBORS INVESTMENT CORP.
RSNHF,1447391,RESONA HOLDINGS INC
CILFY,1268896,CHINA LIFE INSURANCE CO LTD
EJTTF,1470419,easyJet plc
CANE,1471824,Teucrium Commodity Trust
BTCK,1471824,Teucrium Commodity Trust
SOYB,1471824,Teucrium Commodity Trust
TAGS,1471824,Teucrium Commodity Trust
WEAT,1471824,Teucrium Commodity Trust
CORN,1471824,Teucrium Commodity Trust
OYSER,2042182,Oyster Enterprises II Acquisition Corp
OYSEU,2042182,Oyster Enterprises II Acquisition Corp
HCACR,2079013,Hall Chadwick Acquisition Corp
IRHOR,2051985,Iron Horse Acquisition II Corp.
IRHOU,2051985,Iron Horse Acquisition II Corp.
QSEAR,2047455,Quartzsea Acquisition Corp
QSEAU,2047455,Quartzsea Acquisition Corp
KOYNW,2068454,"CSLM Digital Asset Acquisition Corp III, Ltd"
KOYNU,2068454,"CSLM Digital Asset Acquisition Corp III, Ltd"
FLNCF,2065932,Freelancer Ltd
FGRS,2064124,"Figure Technology Solutions, Inc."
MDDNF,2063417,Meridian Energy Ltd/ADR
VNMEW,2055879,Vendome Acquisition Corp I
VNMEU,2055879,Vendome Acquisition Corp I
SVACU,2074850,Spring Valley Acquisition Corp. III
SCIIU,2076739,SC II Acquisition Corp.
SCIIR,2076739,SC II Acquisition Corp.
GFUZW,2074850,Spring Valley Acquisition Corp. III
SVACW,2074850,Spring Valley Acquisition Corp. III
GFUZ,2074850,Spring Valley Acquisition Corp. III
SHAZW,2068385,SharonAI Holdings Inc.
MCGAW,2064658,Yorkville Acquisition Corp.
MCGAU,2064658,Yorkville Acquisition Corp.
DNACF,2065660,"DeNA Co., Ltd./ADR"
IDPUF,2062803,IDP Education Ltd./ADR
NGHLF,2060863,Nightingale Health Plc
YSHLF,2053843,Yangzijiang Shipbuilding Holdings Ltd/ADR
PCAPU,2056634,ProCap Acquisition Corp
PCAPW,2056634,ProCap Acquisition Corp
ARTCU,2086545,Art Technology Acquisition Corp.
ARTCW,2086545,Art Technology Acquisition Corp.
GHXIU,2086438,"Gores Holdings XI, Inc."
SVAQU,2085659,Silicon Valley Acquisition Corp.
SVAQW,2085659,Silicon Valley Acquisition Corp.
AIKCF,2087856,Aica Kogyo Co Limited/ADR
OTAI-UN,2094076,Starlink AI Acquisition Corp
OTAI-RI,2094076,Starlink AI Acquisition Corp
AACIU,2092897,Armada Acquisition Corp. III
AACIW,2092897,Armada Acquisition Corp. III
FHFLF,2082876,Foshan Haitian Flavouring & Food Co Ltd./ADR
SORNW,2086263,Soren Acquisition Corp.
SORNU,2086263,Soren Acquisition Corp.
AESPU,2082526,Aeon Acquisition I Corp.
AESPR,2082526,Aeon Acquisition I Corp.
AESPW,2082526,Aeon Acquisition I Corp.
SAC-UN,2082844,Safeguard Acquisition Corp.
SAC-WT,2082844,Safeguard Acquisition Corp.
VECA-UN,2081690,Vernal Capital Acquisition Corp.
VECA-RI,2081690,Vernal Capital Acquisition Corp.
GUACW,2081515,Berto Acquisition Corp. II
GUACU,2081515,Berto Acquisition Corp. II
PREKF,2071912,PrairieSky Royalty Ltd/ADR
TMTNF,2072098,Toromont Industries Ltd./ADR
PARXF,2073620,Parex Resources Inc./ADR
TNDEF,2075349,Top End Energy Ltd/ADR
SCXBF,2066600,SCB X Public Co Ltd
CRACR,2070887,Crown Reserve Acquisition Corp. I
CRACW,2070887,Crown Reserve Acquisition Corp. I
CRACU,2070887,Crown Reserve Acquisition Corp. I
WSTNR,2076192,Westin Acquisition Corp
OBIIF,2077146,"OBIC Co., Ltd./ADR"
CRANU,2081358,Crane Harbor Acquisition Corp. II
CRANR,2081358,Crane Harbor Acquisition Corp. II
GPTGF,2075474,GPT Group/ADR
WIPKF,2074059,Winpak Ltd./ADR
WSTNU,2076192,Westin Acquisition Corp
OTGAU,2077010,OTG Acquisition Corp. I
OTGAW,2077010,OTG Acquisition Corp. I
EMISR,2075816,Emmis Acquisition Corp.
SRBEF,2075141,VusionGroup
CCXIU,2074973,Churchill Capital Corp XI
CCXIW,2074973,Churchill Capital Corp XI
NWAX-WT,2074878,New America Acquisition I Corp.
NWAX-UN,2074878,New America Acquisition I Corp.
CSCCF,2075918,Capstone Copper Corp./ADR
TDWDU,2076616,Tailwind 2.0 Acquisition Corp.
TDWDR,2076616,Tailwind 2.0 Acquisition Corp.
EVOXW,2077954,Evolution Global Acquisition Corp
EVOXU,2077954,Evolution Global Acquisition Corp
TNEYF,2073901,Tamarack Valley Energy Ltd./ADR
HNSPF,2073669,Hansoh Pharmaceutical Group Co Limited/ADR
HVMCU,2070602,Highview Merger Corp.
HVMCW,2070602,Highview Merger Corp.
CTATF,2070829,"Contemporary Amperex Technology Co., Limited/ADR"
MKLYU,2067592,McKinley Acquisition Corp
MKLYR,2067592,McKinley Acquisition Corp
BPACR,2064177,Blueport Acquisition Ltd
REECF,2070570,Reece Limited/ADR
DPCDF,2094201,DPC DASH LTD/ADR
ORIQU,2044523,Origin Investment Corp I
ORIQW,2044523,Origin Investment Corp I
RAC-UN,2047497,Rithm Acquisition Corp.
RAC-WT,2047497,Rithm Acquisition Corp.
TGE-WT,2053456,Generation Essentials Group
TWLVR,2052243,Twelve Seas Investment Co III/Cayman
PCPPF,2053411,PC Partner Group Ltd/ADR
TWLVU,2052243,Twelve Seas Investment Co III/Cayman
LSHGF,2063675,Louis Hachette Group/ADR
INACR,2063816,Indigo Acquisition Corp.
INACU,2063816,Indigo Acquisition Corp.
BPACU,2064177,Blueport Acquisition Ltd
BCARW,2065779,D. Boral ARC Acquisition I Corp.
BCARU,2065779,D. Boral ARC Acquisition I Corp.
MGHTF,2062807,Mercury NZ Ltd./ADR
AXINU,2057030,Axiom Intelligence Acquisition Corp 1
AXINR,2057030,Axiom Intelligence Acquisition Corp 1
CRAQR,2058359,Cal Redwood Acquisition Corp.
CRAQU,2058359,Cal Redwood Acquisition Corp.
SVNHF,2089488,SUNEVISION HOLDINGS/ADR
CLBR-UN,2091024,Colombier Acquisition Corp. III
CLBR-WT,2091024,Colombier Acquisition Corp. III
DUTBF,2085208,Duality Biotherapeutics Inc/ADR
LFACU,2084563,Leapfrog Acquisition Corp
LFACW,2084563,Leapfrog Acquisition Corp
GPACU,2085408,General Purpose Acquisition Corp.
GPACW,2085408,General Purpose Acquisition Corp.
PAACW,2087446,Proem Acquisition Corp. I
ADACU,2083002,American Drive Acquisition Co
ADACW,2083002,American Drive Acquisition Co
BLRKW,2081532,Bluerock Acquisition Corp.
BLRKU,2081532,Bluerock Acquisition Corp.
DYORW,2079292,Insight Digital Partners II
DYORU,2079292,Insight Digital Partners II
GIWWU,2080019,GigCapital8 Corp.
GIWWR,2080019,GigCapital8 Corp.
MYXXU,2080087,Maywood Acquisition Corp. 2
MYXXW,2080087,Maywood Acquisition Corp. 2
MYXXR,2080087,Maywood Acquisition Corp. 2
ALEGF,2046098,ALLEGRO.EU SA/ADR
LKSPU,2043508,Lake Superior Acquisition Corp
LKSPR,2043508,Lake Superior Acquisition Corp
LTMGF,2041918,Lottomatica Group S.p.A./ADR
SMFRF,2048270,"Sumitomo Forestry Co., Ltd./ADR"
WENNW,2057043,WEN Acquisition Corp
WENNU,2057043,WEN Acquisition Corp
PFSEF,2120422,Pfisterer Holdings SE/ADR
PAACU,2087446,Proem Acquisition Corp. I
LKYRF,2091585,Locksley Resources Limited/ADR
KMRRF,2133892,Kongsberg Maritime ASA/ADR
PACHW,2040381,Pioneer Acquisition I Corp
PACHU,2040381,Pioneer Acquisition I Corp
PAII-WT,2069238,Pyrophyte Acquisition Corp. II
PAII-UN,2069238,Pyrophyte Acquisition Corp. II
MXUGF,2061911,Mixue Bingcheng Co Ltd/ADR
MXUBY,2061911,Mixue Bingcheng Co Ltd/ADR
GMWKF,2062522,GAMES WORKSHOP GROUP PLC/ADR
YSGL,2071489,Yellowstone Group Ltd.
SOCAW,2065948,Solarius Capital Acquisition Corp.
SOCAU,2065948,Solarius Capital Acquisition Corp.
HCMAU,2069856,HCM III ACQUISITION CORP.
HCMAW,2069856,HCM III ACQUISITION CORP.
OHACR,2090787,Oceanhawk Acquisition Corp.
OHACU,2090787,Oceanhawk Acquisition Corp.
FGIIW,2090452,FG Imperii Acquisition Corp.
FGIIU,2090452,FG Imperii Acquisition Corp.
EVAC-UN,2042902,EQV Ventures Acquisition Corp. II
EVAC-WT,2042902,EQV Ventures Acquisition Corp. II
RADC,2057381,Readvantage Corp.
TKMEF,2044863,"Tokyo Metro Co., Ltd./ADR"
RDAGU,2055459,Republic Digital Acquisition Co
RDAGW,2055459,Republic Digital Acquisition Co
AMVIF,2085236,AUMOVIO SE
OCTLF,2083632,Octave Intelligence plc
MSOKF,2087844,Mitsui-Soko Holdings Co Limited/ADR
NUCLW,2089283,Eagle Nuclear Energy Corp.
MEVOU,2087361,M Evo Global Acquisition Corp II
MEVOW,2087361,M Evo Global Acquisition Corp II
GGPSF,2087843,Greatland Resources Limited/ADR
LAFAU,2079106,LaFayette Acquisition Corp.
LAFAR,2079106,LaFayette Acquisition Corp.
MMTXU,2077033,Miluna Acquisition Corp
MMTXW,2077033,Miluna Acquisition Corp
MBGCF,2079706,"Mitsubishi Gas Chemical Company, Inc./ADR"
VACI-WT,2080023,Viking Acquisition Corp I
VACI-UN,2080023,Viking Acquisition Corp I
QADRW,2083217,QDRO Acquisition Corp.
QADRU,2083217,QDRO Acquisition Corp.
LLYVB,2078416,"Liberty Live Holdings, Inc."
LLYVK,2078416,"Liberty Live Holdings, Inc."
KRSP-WT,2074872,Rice Acquisition Corp 3
KRSP-UN,2074872,Rice Acquisition Corp 3
FCRS-UN,2074697,FutureCrest Acquisition Corp.
FCRS-WT,2074697,FutureCrest Acquisition Corp.
DLMAF,2073893,Dollarama Inc./ADR
NPIFF,2072389,Northland Power Inc./ADR
NPICF,2072389,Northland Power Inc./ADR
BIREF,2073268,Birchcliff Energy Ltd./ADR
TCLHF,2073804,TCL Electronics Holdings Limited/ADR
DSACU,2082149,Daedalus Special Acquisition Corp.
DSACW,2082149,Daedalus Special Acquisition Corp.
VRXAW,2079109,Veraxa Biotech Holding AG
BIXIW,2082542,Bitcoin Infrastructure Acquisition Corp Ltd
BIXIU,2082542,Bitcoin Infrastructure Acquisition Corp Ltd
SPIWF,2083221,SPIE SA/ADR
AEAQW,2083689,Activate Energy Acquisition Corp.
AEAQU,2083689,Activate Energy Acquisition Corp.
LPCVW,2083728,Launchpad Cadenza Acquisition Corp I
LPCVU,2083728,Launchpad Cadenza Acquisition Corp I
ZKPU,2087447,Lafayette Digital Acquisition Corp. I
ZKPW,2087447,Lafayette Digital Acquisition Corp. I
PECER,2088626,Peace Acquisition Corp.
PECEW,2088626,Peace Acquisition Corp.
PECEU,2088626,Peace Acquisition Corp.
WLIIU,2083946,Willow Lane Acquisition Corp. II
WLIIW,2083946,Willow Lane Acquisition Corp. II
ALOVW,2083989,"Aldabra 4 Liquidity Opportunity Vehicle, Inc."
ALOVU,2083989,"Aldabra 4 Liquidity Opportunity Vehicle, Inc."
IEAGR,2084396,Infinite Eagle Acquisition Corp.
IEAGU,2084396,Infinite Eagle Acquisition Corp.
VSRPF,2094692,Verisure plc/ADR
MICLF,2032399,Mycronic AB/ADR
APURR,2093524,Aperture AC
APXCF,2093856,APEX CRITICAL METALS CORP.
RNGOF,2092252,"Rengo Co., Ltd./ADR"
GLED-RI,2091484,GalaxyEdge Acquisition Corp
GLED-UN,2091484,GalaxyEdge Acquisition Corp
IDACW,2090441,Iron Dome Acquisition I Corp.
IDACU,2090441,Iron Dome Acquisition I Corp.
ZJLMF,2087840,"Zhejiang Leapmotor Technology Co., Ltd./ADR"
ZSHOF,2088776,"Zensho Holdings Co., Ltd./ADR"
GLIBK,2057463,Liberty Capital Corp/NV
KXHCF,2053383,Kioxia Holdings Corporation/ADR
EGHAR,2052547,EGH Acquisition Corp.
EGHAU,2052547,EGH Acquisition Corp.
PEW-WT,2051380,GrabAGun Digital Holdings Inc.
DAAQW,2052162,Digital Asset Acquisition Corp.
DAAQU,2052162,Digital Asset Acquisition Corp.
HACQW,2089982,HCM IV Acquisition Corp.
HACQU,2089982,HCM IV Acquisition Corp.
SAAQU,2091222,Space Asset Acquisition Corp.
SAAQW,2091222,Space Asset Acquisition Corp.
AWTRF,2092258,Air Water Inc./ADR
PTORU,2093912,Praetorian Acquisition Corp.
PTORW,2093912,Praetorian Acquisition Corp.
FKURF,2043424,Fujikura Ltd/ADR
XRPNW,2044009,Armada Acquisition Corp. II
XRPNU,2044009,Armada Acquisition Corp. II
KYIVW,2062440,Kyivstar Group Ltd.
HRZRF,2060217,"Horizon Robotics, Inc./ADR"
ONWRF,2059986,Onward Medical N.V./ADR
TOKCF,2066601,"Tokyo Ohka Kogyo Co., Ltd./ADR"
CCIIW,2064683,Cohen Circle Acquisition Corp. II
CCIIU,2064683,Cohen Circle Acquisition Corp. II
STHRF,2068441,Strathcona Resources Ltd.
ZSINF,2076398,"Zhejiang Sanhua Intelligent Controls Co., Ltd./ADR"
SVAUF,2074157,StorageVault Canada Inc./ADR
LWSCF,2073972,Sienna Senior Living Inc./ADR
TLNCU,2073340,Talon Capital Corp.
TLNCW,2073340,Talon Capital Corp.
GSRFR,2072404,GSR IV Acquisition Corp.
GSRFU,2072404,GSR IV Acquisition Corp.
QUMSU,2070900,Quantumsphere Acquisition Corp
QUMSR,2070900,Quantumsphere Acquisition Corp
JNGHF,2071868,"Jiangsu Hengrui Pharmaceuticals Co., Ltd./ADR"
JXADF,2065485,JX Advanced Metals Corporation/ADR
PMTRU,2061473,Perimeter Acquisition Corp. I
PMTRW,2061473,Perimeter Acquisition Corp. I
SPHXF,2063413,SM Prime Holdings Inc./ADR
SSEAU,2059165,STARRY SEA ACQUISITION CORP
JENA-RI,2060337,JENA ACQUISITION Corp II
JENA-UN,2060337,JENA ACQUISITION Corp II
FIGXW,2059033,FIGX Capital Acquisition Corp.
FIGXU,2059033,FIGX Capital Acquisition Corp.
SSEAR,2059165,STARRY SEA ACQUISITION CORP
TPZEF,2073655,Topaz Energy Corp./ADR
FINGF,2073638,Finning International Inc./ADR
LPUGF,2068440,Laopu Gold Co. Ltd./ADR
BKPKF,2075877,Bank Pekao S.A./ADR
BRRWW,2076163,"ProCap Financial, Inc."
BLZRW,2075310,Trailblazer Acquisition Corp.
BLZRU,2075310,Trailblazer Acquisition Corp.
MFPVV,2088281,"Midera Food Processing, Inc."
KTWOR,2086524,K2 Capital Acquisition Corp
KTWOU,2086524,K2 Capital Acquisition Corp
GLVHF,2089499,GLENVEAGH PROPERTIES PLC/ADR
BBCQU,2088295,Bleichroeder Acquisition Corp. II
BBCQW,2088295,Bleichroeder Acquisition Corp. II
KBONW,2088749,Karbon Capital Partners Corp.
KBONU,2088749,Karbon Capital Partners Corp.
APXTU,2079253,Apex Treasury Corp
APXTW,2079253,Apex Treasury Corp
RNGTU,2078653,Range Capital Acquisition Corp II
RNGTW,2078653,Range Capital Acquisition Corp II
IRAB-UN,2077785,Iris Acquisition Corp II
IRAB-WT,2077785,Iris Acquisition Corp II
DNMXU,2081125,Dynamix Corp III
DNMXW,2081125,Dynamix Corp III
BWIV-UN,2082847,Blue Water Acquisition Corp. IV
BWIV-WT,2082847,Blue Water Acquisition Corp. IV
PNFP-PC,2082866,"Pinnacle Financial Partners, Inc."
PNFP-PA,2082866,"Pinnacle Financial Partners, Inc."
PNFP-PB,2082866,"Pinnacle Financial Partners, Inc."
CCCTU,2123471,Columbus Circle Capital Corp III
KCAC-WT,2102713,Kensington Capital Acquisition Corp. VI
WENC-RI,2104260,West Enclave Merger Corp.
WENC-UN,2104260,West Enclave Merger Corp.
MCAHR,2109876,Mountain Crest Acquisition 6 Corp.
MCAHU,2109876,Mountain Crest Acquisition 6 Corp.
KCA-UN,2102713,Kensington Capital Acquisition Corp. VI
GIXXU,2098712,GigCapital9 Corp.
GIXXR,2098712,GigCapital9 Corp.
TRGSU,2098780,TRG Latin America Acquisitions Corp.
TRGSR,2098780,TRG Latin America Acquisitions Corp.
SVIVU,2098242,Spring Valley Acquisition Corp. IV
SVIVW,2098242,Spring Valley Acquisition Corp. IV
UAC-UN,2098669,United Acquisition Corp. I
UAC-WT,2098669,United Acquisition Corp. I
MZYX-WT,2097376,MOZAYYX Acquisition Corp.
MZYX-UN,2097376,MOZAYYX Acquisition Corp.
EXOSF,2109666,Exosens SAS/ADR
DGAC-UN,2111038,DISCIPLINED GROWTH ACQUISITION Corp
BLHWF,2109234,BELIMO Holding AG/ADR
NOFCF,2108180,NOF Corporation/ADR
SHOTU,2104879,RMG ML Sports Holdings
ERBGF,2123531,Eastroc Beverage Group Co. Ltd/ADR
IQMXW,2113060,IQM Quantum Computers Oyj
OBCKF,2094691,Ottobock SE & Co. KGaA/ADR
DBCAU,2095161,D. Boral Acquisition I Corp.
DBCAW,2095161,D. Boral Acquisition I Corp.
VII-UN,2139246,Viking Acquisition Corp. II
SAMO-UN,2125567,Samos Energy Acquisition Corp
OPPPF,2131812,Open House Group Co. Ltd/ADR
CRYAF,2094687,"Chery Automobile Co., Ltd./ADR"
NHIVU,2099767,NewHold Investment Corp IV
NHIVW,2099767,NewHold Investment Corp IV
IPFXW,2102041,Inflection Point Acquisition Corp. VI
IPFXU,2102041,Inflection Point Acquisition Corp. VI
MTPLF,2100603,Metaplanet Inc.
RREVU,2123969,RRE Ventures Acquisition Corp.
RREVW,2123969,RRE Ventures Acquisition Corp.
MRCOU,2106436,Mercator Acquisition Corp.
BCCQU,2128045,Bleichroeder Acquisition Corp. III
CGPCF,2138373,Carabao Group Public Co Limited/ADR
AAC-UN,2128115,Ares Acquisition Corp III
CGCFU,2126043,Cartesian Growth Corp IV
MLAAW,2094265,Mountain Lake Acquisition Corp. II
MLAAU,2094265,Mountain Lake Acquisition Corp. II
TVIVW,2096755,Texas Ventures Acquisition IV Corp
BIDWU,2094919,Tribeca Strategic Acquisition Corp.
ILLUU,2101135,Illumination Acquisition Corp. I
ILLUW,2101135,Illumination Acquisition Corp. I
KEYYU,2102771,Keystone Acquisition Corp.
KEYYW,2102771,Keystone Acquisition Corp.
AACOU,2099906,Abony Acquisition Corp. I
AACOW,2099906,Abony Acquisition Corp. I
TVIVU,2096755,Texas Ventures Acquisition IV Corp
PTACU,2099095,Patriot Acquisition Corp./CI
PTACW,2099095,Patriot Acquisition Corp./CI
FTW-WT,2083125,PRESIDIO PRODUCTION Co
MESHU,2081468,Meshflow Acquisition Corp
MESHW,2081468,Meshflow Acquisition Corp
ARCIU,2083910,Archimedes Tech SPAC Partners III Co.
ARCIW,2083910,Archimedes Tech SPAC Partners III Co.
XCBEU,2083493,X3 Acquisition Corp. Ltd.
XCBEW,2083493,X3 Acquisition Corp. Ltd.
RLMLF,2086869,RESOLUTION MINERALS LTD/ADR
LEGO-UN,2087450,Legato Merger Corp. IV
LEGO-WT,2087450,Legato Merger Corp. IV
URSB,2084261,"URSB Bancorp, Inc."
SBKLF,2087852,Sumitomo Bakelite Co Limited/ADR
JELLF,2089509,JEOL LTD/ADR
MTMCF,2091028,Metallium Limited/ADR
CMIIU,2088805,Columbus Circle Capital Corp II
CMIIW,2088805,Columbus Circle Capital Corp II
XSLLU,2088807,Xsolla SPAC 1
XSLLW,2088807,Xsolla SPAC 1
HQWWW,2088256,Horizon Quantum Holdings Ltd.
OBIBF,2088339,"OBIC Business Consultants Co., Ltd./ADR"
XFLH-RI,2088103,XFLH Capital Corp
XFLH-UN,2088103,XFLH Capital Corp
BEBE-UN,2079933,TGE Value Creative Solutions Corp
BEBE-WT,2079933,TGE Value Creative Solutions Corp
ETSS-WT,2085932,Energy Transition Special Opportunities
ETSS-UN,2085932,Energy Transition Special Opportunities
VHCPW,2086264,Vine Hill Capital Investment Corp. II
VHCPU,2086264,Vine Hill Capital Investment Corp. II
STLJF,2077242,Stella-Jones Inc./ADR
USDEW,2080215,StableCoinX Inc.
ITHAU,2080985,ITHAX Acquisition Corp III
ITHAW,2080985,ITHAX Acquisition Corp III
SSACU,2081300,SPACSphere Acquisition Corp.
SSACR,2081300,SPACSphere Acquisition Corp.
SSACW,2081300,SPACSphere Acquisition Corp.
WPAC-RI,2081536,White Pearl Acquisition Corp.
WPAC-UN,2081536,White Pearl Acquisition Corp.
KRAQU,2082119,KRAKacquisition Corp
KRAQW,2082119,KRAKacquisition Corp
QRED-UN,2085177,QuasarEdge Acquisition Corp
QRED-RI,2085177,QuasarEdge Acquisition Corp
NNWWF,2073913,North West Co Inc./ADR
BCSS-WT,2064355,Bain Capital GSS Investment Corp.
BCSS-UN,2064355,Bain Capital GSS Investment Corp.
IGACU,2075068,Invest Green Acquisition Corp
IGACR,2075068,Invest Green Acquisition Corp
YCY-UN,2075336,AA Mission Acquisition Corp. II
YCY-WT,2075336,AA Mission Acquisition Corp. II
PSBAF,2063685,PT Sumber Alfaria Trijaya Tbk/ADR
ARCLR,2073515,ARC Group Acquisition I Corp.
ARCLW,2073515,ARC Group Acquisition I Corp.
ARCLU,2073515,ARC Group Acquisition I Corp.
ELEEF,2073615,Element Fleet Management Corp./ADR
CPWPF,2071911,Capital Power Corp/ADR
CPRHF,2071911,Capital Power Corp/ADR
CPXWF,2071911,Capital Power Corp/ADR
WTGUU,2053927,Wintergreen Acquisition Corp.
WTGUR,2053927,Wintergreen Acquisition Corp.
RDSC,2056016,Radiant Strategies Corp
LWACU,2061379,LightWave Acquisition Corp.
LWACW,2061379,LightWave Acquisition Corp.
ALUB-WT,2041493,Alussa Energy Acquisition Corp. II
ALUB-UN,2041493,Alussa Energy Acquisition Corp. II
SDHIU,2034037,Siddhi Acquisition Corp (Cayman Islands)
SDHIR,2034037,Siddhi Acquisition Corp (Cayman Islands)
RMGL,2034288,Rocky Mountains Group Ltd
GSHRU,2044635,Gesher Acquisition Corp. II
GSHRW,2044635,Gesher Acquisition Corp. II
NHICU,2043699,NewHold Investment Corp. III
NHICW,2043699,NewHold Investment Corp. III
BSAAR,2051587,BEST SPAC I Acquisition Corp.
BSAAU,2051587,BEST SPAC I Acquisition Corp.
YICCW,2130386,Yorkville International Capital Corp.
YICCU,2130386,Yorkville International Capital Corp.
RGAKF,2141099,Rigaku Holdings Corporation/ADR
VUECF,2111453,Verdera Energy Corp.
ELSSF,2127861,ELIS S.A./ADR
CXIIW,2114227,Churchill Capital Corp XII
CXIIU,2114227,Churchill Capital Corp XII
MNMXF,2109556,Minimax Group Inc./ADR
EURBF,2106126,Eurobank SA/ADR
SWBGF,2098324,Shawbrook Group plc/ADR
KPET-UN,2095297,KPET Ultra Paceline Corp
KPET-WT,2095297,KPET Ultra Paceline Corp
BHAVU,2097288,BHAV Acquisition Corp
BHAVR,2097288,BHAV Acquisition Corp
GCGRW,2108962,General Catalyst Global Resilience Merger Corp.
GCGRU,2108962,General Catalyst Global Resilience Merger Corp.
KATJF,2109545,Knowledge Atlas Technology Joint Stock Co Limited/ADR
MTAL-UN,2107724,Metals Acquisition Corp. II
MTAL-WT,2107724,Metals Acquisition Corp. II
SWCPF,2107960,SWCC Corp/ADR
ODERF,2108124,"Odakyu Electric Railway Co., Ltd./ADR"
ZJNGF,2093654,Zijin Gold International Co Limited/ADR
MAWAF,2093667,"Maruwa Co., Ltd./ADR"
NGSCF,2092248,"Nagase & Co., Ltd./ADR"
MUZEW,2093484,Muzero Acquisition Corp
MUZEU,2093484,Muzero Acquisition Corp
TMTSU,2097364,Spartacus Acquisition Corp. II
TMTSW,2097364,Spartacus Acquisition Corp. II
DTREF,2127860,DATELINE RESOURCES LTD/ADR
ENRDW,2095096,Einride AB
IPVVU,2105274,"InterPrivate Investment Partners V, Inc."
YMATF,2108185,Azbil Corporation/ADR
GSRVR,2111762,GSR V Acquisition Corp.
GSRVU,2111762,GSR V Acquisition Corp.
HCICR,2099093,Hennessy Capital Investment Corp. VIII
HCICU,2099093,Hennessy Capital Investment Corp. VIII
BRKHU,2098707,Burtech Acquisition Corp II
BGTCF,2098425,"Beijing Geekplus Technology Co., Ltd./ADR"
RFAMR,2091712,RF Acquisition Corp III
RFAMU,2091712,RF Acquisition Corp III
CNDHF,2091663,CONDUIT HOLDINGS LTD/ADR
TOETF,2089506,TOSEI CORP/ADR
BRUNW,2090646,Boost Run Inc.
MIACU,2136530,Meridian3 Industrials Acquisition Corp
NHKGF,2087500,NHK Spring Co. Ltd/ADR
CSHRW,2087587,CoinShares PLC
PCCOF,2089174,Paltac Corporation/ADR
ITHLF,2134539,Ithaca Energy PLC/ADR
FDMMU,2129659,Freedom Metals Acquisition Corp.
FXACW,2121703,FortuneX Acquisition Corp
FXACU,2121703,FortuneX Acquisition Corp
ISNRU,2123475,Snow Rothschild Acquisition Corp.
FWACU,2116105,Futurewave Acquisition Corp
EULIF,2127859,EUROPEAN LITHIUM LTD/ADR
FTRA-UN,2131853,FutureCorp Space Acquisition 1
OSOPF,2137358,Osotspa Public Co Limited/ADR
SUMAU,2105838,SUMA Acquisition Corp
SUMAR,2105838,SUMA Acquisition Corp
YMTKF,2107946,Yamato Kogyo Co. Ltd/ADR
KELRF,2107989,Keisei Electric Railway Co. Ltd/ADR
PONOR,2108164,"Pono Capital Four, Inc."
LTGRU,2104177,Long Table Growth Corp.
AACPW,2102123,Apogee Acquisition Corp
AACPU,2102123,Apogee Acquisition Corp
AACPR,2102123,Apogee Acquisition Corp
QLEP-WT,2102155,Quantum Leap Acquisition Corp
CVCCF,2120046,CVC Capital Partners plc/ADR
SKHYV,2120882,SK hynix Inc.
PONOU,2108164,"Pono Capital Four, Inc."
TKMSF,2124215,TKMS AG & CO. KGAA/ADR
ALPXR,2125551,Alpex Acquisition Corp
ALPXW,2125551,Alpex Acquisition Corp
ALPXU,2125551,Alpex Acquisition Corp
CSGNF,2127852,CSG N.V./ADR
JABRU,2128739,JAB Acquisition Corp I
BELGF,2127839,Bellevue Gold Ltd./ADR
ATALF,2127653,American Tungsten & Antimony Ltd
ORGJF,2142762,Organo Corporation/ADR
ACAAW,2096900,Averin Capital Acquisition Corp.
ACAAU,2096900,Averin Capital Acquisition Corp.
PALOW,2101562,PALOMA ACQUISITION CORP I
PALOU,2101562,PALOMA ACQUISITION CORP I
FTHAU,2097986,Forefront Tech Holdings Acquisition Corp
FTHAW,2097986,Forefront Tech Holdings Acquisition Corp
OSPRU,2113481,Osprey Acquisition Corp. III
CAIIU,2115404,Collective Acquisition Corp. II
CAIIW,2115404,Collective Acquisition Corp. II
IACQW,2122505,Irenic Acquisition Corp.
IACQU,2122505,Irenic Acquisition Corp.
ACGCU,2111542,ACP Holdings Acquisition Corp.
ACGCW,2111542,ACP Holdings Acquisition Corp.
